PlotID,Block,BlockNum,Row,Col,Label,EW_pass_1_east_to_20_west,NS_range_1_north_to_24_south,FieldBook_X_start,FieldBook_Y_start,FieldBook_X_stop,FieldBook_Y_stop,UL_x_px,UL_y_px,UL_col_px_round,UL_row_px_round,UL_Easting_m,UL_Northing_m,UL_Latitude,UL_Longitude,UR_x_px,UR_y_px,UR_col_px_round,UR_row_px_round,UR_Easting_m,UR_Northing_m,UR_Latitude,UR_Longitude,LR_x_px,LR_y_px,LR_col_px_round,LR_row_px_round,LR_Easting_m,LR_Northing_m,LR_Latitude,LR_Longitude,LL_x_px,LL_y_px,LL_col_px_round,LL_row_px_round,LL_Easting_m,LL_Northing_m,LL_Latitude,LL_Longitude,Centroid_x_px,Centroid_y_px,Centroid_Easting_m,Centroid_Northing_m,Centroid_Latitude,Centroid_Longitude,Area_m2,PixelPolygon_WKT,UTMPolygon_WKT,EffectiveArea_m2,CanopyCoverFraction,CanopyArea_m2,GapFraction,MeanExG,MedianExG,StdExG,ExGP90,ExGThreshold,GreenComponentCount,GreenComponentDensity_m2,MeanGreenComponentArea_m2,GapComponentCount,GapComponentDensity_m2,LargeGapFraction,PlotMaskPixels,VegetationPixels,RelativeCanopyDensityIndex,CanopyCoverPercent,Date/Time,Range,Row_harvest,Weight (kg),Quick Note,Harvest Sequence,HarvestDirection,Weight_kg_raw,HarvestIssue,Weight_kg_analysis,Yield_kg_m2,Yield_kg_ha,CoverageReference,CoverageDeviation,X_spatial,Y_spatial,Yield_kg_ha_coverage_normalized,PredictedYield_observed_environment,PredictedYield_reference_environment,Yield_kg_ha_coverage_spatial_normalized,EnvironmentalAdjustment,Yield_kg_ha_interaction_normalized
B12_R7_C4,B12,12,7,4,AG29XF5,1,1,143.16,240.0,150.0,248.0,2951.9651267,2245.7697162,2952,2246,397074.79145993,4435696.00636357,40.06523941,-88.20691611,3005.78477121,2246.82825456,3006,2247,397076.72431349,4435695.96834928,40.0652393,-88.20689345,3004.56927828,2314.97563222,3005,2315,397076.68066085,4435693.52103663,40.06521725,-88.20689357,2950.74963377,2313.91709386,2951,2314,397074.74780728,4435693.55905092,40.06521736,-88.20691624,2978.26720249,2280.37267421,397075.73606039,4435694.7637001,40.06522833,-88.20690484,4.73193359,"POLYGON((2951.965 2245.770, 3005.785 2246.828, 3004.569 2314.976, 2950.750 2313.917, 2951.965 2245.770))","POLYGON((397074.791 4435696.006, 397076.724 4435695.968, 397076.681 4435693.521, 397074.748 4435693.559, 397074.791 4435696.006))",4.005108590576,0.2107412060301507,0.8440414146597034,0.7892587939698492,0.0217300150543451,0.015872985124588,0.0320066213607788,0.060791328549385,0.0329726934432983,9,2.2471300831085967,0.0961564554075106,1,0.2496811203453996,0.7873743718592965,3184,671,0.636601297555163,21.074120603015075,10/22/2025 10:19:36 AM,1,2,1.775,,49,N_to_S,1.775,,1.775,0.37511092796211454,3751.1092796211456,0.3306886702634084,-0.11994746423325772,1.6912002378749285,1.6421746866891858,3723.395493273697,2127.6685048447775,2157.017367309951,3780.458142086319,29.348862465173625,3708.128482339799
B12_R6_C4,B12,12,6,4,LD11-2170,1,2,143.16,230.0,150.0,238.0,2950.44576054,2330.95393827,2950,2331,397074.73689412,4435692.94722276,40.06521185,-88.20691627,3004.26540505,2332.01247663,3004,2332,397076.66974769,4435692.90920846,40.06521174,-88.2068936,3003.04991212,2400.1598543,3003,2400,397076.62609504,4435690.46189581,40.06518969,-88.20689372,2949.23026761,2399.10131594,2949,2399,397074.69324148,4435690.4999101,40.0651898,-88.20691639,2976.74783633,2365.55689629,397075.68149458,4435691.70455928,40.06520077,-88.206905,4.73242188,"POLYGON((2950.446 2330.954, 3004.265 2332.012, 3003.050 2400.160, 2949.230 2399.101, 2950.446 2330.954))","POLYGON((397074.737 4435692.947, 397076.670 4435692.909, 397076.626 4435690.462, 397074.693 4435690.500, 397074.737 4435692.947))",4.005521879232001,0.1970458830923947,0.789271595939178,0.8029541169076053,0.0077717900276184,0.0046511590480804,0.0221116803586483,0.0305828433483839,0.0161290094256401,5,1.2482767915772004,0.1617320053247638,1,0.24965535831544,0.8029541169076053,3182,627,0.5952308388923938,19.704588309239472,10/22/2025 10:18:54 AM,2,2,0.875,,48,N_to_S,0.875,,0.875,0.18489475836841493,1848.9475836841493,0.3306886702634084,-0.13364278717101372,1.6864622678828531,1.4978693238860448,1818.0695015653603,1813.9748579220063,1783.0921758570503,1818.0649016191933,-30.882682064956043,1581.94113777851
B12_R5_C4,B12,12,5,4,AG29XF4,1,3,143.16,220.0,150.0,228.0,2948.92639438,2416.13816035,2949,2416,397074.68232832,4435689.88808194,40.06518428,-88.20691642,3002.74603889,2417.19669871,3003,2417,397076.61518188,4435689.85006764,40.06518418,-88.20689376,3001.53054596,2485.34407637,3002,2485,397076.57152924,4435687.40275499,40.06516213,-88.20689388,2947.71090145,2484.28553801,2948,2484,397074.63867567,4435687.44076928,40.06516223,-88.20691654,2975.22847017,2450.74111836,397075.62692878,4435688.64541846,40.06517321,-88.20690515,4.73242188,"POLYGON((2948.926 2416.138, 3002.746 2417.197, 3001.531 2485.344, 2947.711 2484.286, 2948.926 2416.138))","POLYGON((397074.682 4435689.888, 397076.615 4435689.850, 397076.572 4435687.403, 397074.639 4435687.441, 397074.682 4435689.888))",4.005521879232001,0.2888064316635745,1.1568204808913694,0.7111935683364254,0.0111797545105218,0.0082987397909164,0.0282248295843601,0.0436597131192684,0.0179248331855325,8,1.9972428665235205,0.1505758502525213,3,0.7489660749463202,0.7028447742733457,3234,934,0.8724186057519475,28.88064316635745,10/22/2025 10:18:11 AM,3,2,0.845,,47,N_to_S,0.845,,0.845,0.17855550951006927,1785.5550951006926,0.3306886702634084,-0.04188223859983392,1.681724298760099,1.353563961082904,1775.8782301521226,2243.058503224397,2182.798000920842,1725.2945927971373,-60.26050230355531,1673.4642624616358
B12_R4_C4,B12,12,4,4,LD20-4471,1,4,143.16,210.0,150.0,218.0,2947.40702822,2501.32238243,2947,2501,397074.62776251,4435686.82894112,40.06515672,-88.20691657,3001.22667273,2502.38092079,3001,2502,397076.56061607,4435686.79092682,40.06515662,-88.20689391,3000.0111798,2570.52829845,3000,2571,397076.51696343,4435684.34361417,40.06513457,-88.20689403,2946.19153529,2569.46976009,2946,2569,397074.58410987,4435684.38162846,40.06513467,-88.2069167,2973.70910401,2535.92534044,397075.57236297,4435685.58627764,40.06514564,-88.2069053,4.73193359,"POLYGON((2947.407 2501.322, 3001.227 2502.381, 3000.011 2570.528, 2946.192 2569.470, 2947.407 2501.322))","POLYGON((397074.628 4435686.829, 397076.561 4435686.791, 397076.517 4435684.344, 397074.584 4435684.382, 397074.628 4435686.829))",4.005108590576,0.2957005876894525,1.1843129639933978,0.7042994123105475,0.0205555483698844,0.0163933932781219,0.0245794802904129,0.0519480109214782,0.0267889053447573,5,1.248405601726998,0.2465961676084118,2,0.4993622406907992,0.7024435508815342,3233,956,0.8932442845752612,29.57005876894525,10/22/2025 10:17:30 AM,4,2,0.775,,46,N_to_S,0.775,,0.775,0.16378082770176833,1637.8082770176832,0.3306886702634084,-0.034988082573955914,1.676986328768024,1.2092585983236952,1629.7243024930042,1872.640403397186,1769.881967652431,1535.0498412729282,-102.75843574475493,1575.28798012631
B12_R3_C4,B12,12,3,4,AG29XF4,1,5,143.16,200.0,150.0,208.0,2945.88766206,2586.50660451,2946,2587,397074.5731967,4435683.7698003,40.06512916,-88.20691673,2999.70730657,2587.56514287,3000,2588,397076.50605027,4435683.73178601,40.06512905,-88.20689406,2998.49181364,2655.71252053,2998,2656,397076.46239762,4435681.28447335,40.065107,-88.20689418,2944.67216913,2654.65398217,2945,2655,397074.52954406,4435681.32248764,40.06510711,-88.20691685,2972.18973785,2621.10956252,397075.51779716,4435682.52713682,40.06511808,-88.20690546,4.73193359,"POLYGON((2945.888 2586.507, 2999.707 2587.565, 2998.492 2655.713, 2944.672 2654.654, 2945.888 2586.507))","POLYGON((397074.573 4435683.770, 397076.506 4435683.732, 397076.462 4435681.284, 397074.530 4435681.322, 397074.573 4435683.770))",4.005108590576,0.2300556586270872,0.9213978946779664,0.7699443413729128,0.026607371866703,0.0146137773990631,0.0409165248274803,0.0864821374416351,0.0398026406764984,4,0.9987244813815984,0.2398895772759655,2,0.4993622406907992,0.7653061224489796,3234,744,0.6949458701064765,23.00556586270872,10/22/2025 10:16:56 AM,5,2,1.21,,45,N_to_S,1.21,,1.21,0.25570942131501895,2557.0942131501893,0.3306886702634084,-0.10063301163632121,1.6722483587810029,1.0649532355205544,2533.8430189559895,2338.326267782449,2182.798000920842,2401.565946288582,-155.52826686160734,2257.2667900052716
B12_R2_C4,B12,12,2,4,LD22-4283,1,6,143.16,190.0,150.0,198.0,2944.3682959,2671.69082658,2944,2672,397074.5186309,4435680.71065948,40.0651016,-88.20691688,2998.18794041,2672.74936494,2998,2673,397076.45148446,4435680.67264519,40.06510149,-88.20689422,2996.97244748,2740.89674261,2997,2741,397076.40783182,4435678.22533253,40.06507944,-88.20689434,2943.15280297,2739.83820425,2943,2740,397074.47497825,4435678.26334682,40.06507955,-88.206917,2970.67037169,2706.2937846,397075.46323136,4435679.467996,40.06509052,-88.20690561,4.73193359,"POLYGON((2944.368 2671.691, 2998.188 2672.749, 2996.972 2740.897, 2943.153 2739.838, 2944.368 2671.691))","POLYGON((397074.519 4435680.711, 397076.451 4435680.673, 397076.408 4435678.225, 397074.475 4435678.263, 397074.519 4435680.711))",4.005108590576,0.4113323124042879,1.6474305779919045,0.5886676875957121,0.0061086975038051,0.0058823227882385,0.0163853708654642,0.0263157580047845,0.0069915892189624,9,2.2471300831085967,0.1924562140272531,8,1.997448962763197,0.5837672281776417,3265,1343,1.2425414504151209,41.13323124042879,10/22/2025 10:15:20 AM,6,2,0.99,,44,N_to_S,0.99,,0.99,0.20921679925774275,2092.1679925774274,0.3306886702634084,0.08064364214087949,1.6675103896582488,0.9206478727174136,2110.8006554924705,1987.6034655099315,1842.8446556629262,1947.4091827304221,-144.7588098470053,1735.2034352796488
B12_R1_C4,B12,12,1,4,AG29XF4,1,7,143.16,180.0,150.0,188.0,2942.84892974,2756.87504866,2943,2757,397074.46406509,4435677.65151866,40.06507403,-88.20691704,2996.66857425,2757.93358702,2997,2758,397076.39691866,4435677.61350437,40.06507393,-88.20689437,2995.45308132,2826.08096468,2995,2826,397076.35326601,4435675.16619171,40.06505188,-88.20689449,2941.63343682,2825.02242632,2942,2825,397074.42041245,4435675.204206,40.06505198,-88.20691716,2969.15100553,2791.47800667,397075.40866555,4435676.40885518,40.06506296,-88.20690576,4.73242188,"POLYGON((2942.849 2756.875, 2996.669 2757.934, 2995.453 2826.081, 2941.633 2825.022, 2942.849 2756.875))","POLYGON((397074.464 4435677.652, 397076.397 4435677.614, 397076.353 4435675.166, 397074.420 4435675.204, 397074.464 4435677.652))",4.005521879232001,0.3960647413519517,1.5864459870776062,0.6039352586480482,0.0102582164108753,0.0090909004211425,0.0175166670233011,0.0318906307220459,0.0114305513746598,9,2.2468982248389606,0.1788424088652359,5,1.2482767915772004,0.5960012694382736,3151,1248,1.1964215874537107,39.60647413519517,10/22/2025 10:14:40 AM,7,2,1.185,,43,N_to_S,1.185,,1.185,0.2504003299046534,2504.003299046534,0.3306886702634084,0.06537607108854326,1.6627724196661735,0.7763425099142727,2519.108399249904,2355.7105600410514,2182.798000920842,2331.090739926324,-172.9125591202096,2401.75363644048
B12_R0_C4,B12,12,0,4,LD20-5413,1,8,143.16,170.0,150.0,178.0,2941.32956358,2842.05927074,2941,2842,397074.40949929,4435674.59237784,40.06504647,-88.20691719,2995.14920809,2843.1178091,2995,2843,397076.34235285,4435674.55436355,40.06504637,-88.20689452,2993.93371516,2911.26518676,2994,2911,397076.2987002,4435672.10705089,40.06502432,-88.20689464,2940.11407066,2910.2066484,2940,2910,397074.36584664,4435672.14506518,40.06502442,-88.20691731,2967.63163937,2876.66222875,397075.35409975,4435673.34971436,40.06503539,-88.20690592,4.73193359,"POLYGON((2941.330 2842.059, 2995.149 2843.118, 2993.934 2911.265, 2940.114 2910.207, 2941.330 2842.059))","POLYGON((397074.409 4435674.592, 397076.342 4435674.554, 397076.299 4435672.107, 397074.366 4435672.145, 397074.409 4435674.592))",4.005108590576,0.3127508490274776,1.252601112149888,0.6872491509725224,0.003249563043937,0.0018450319766998,0.0184187311679124,0.0249616056680679,0.0065171216048446,7,1.7477678424177974,0.186642197988136,4,0.9987244813815984,0.6847792528558196,3239,1013,0.9447492498163184,31.275084902747764,10/22/2025 10:14:01 AM,8,2,1.205,,42,N_to_S,1.205,,1.205,0.25465277081371723,2546.5277081371723,0.3306886702634084,-0.01793782123593085,1.6580344505434195,0.6320371471111318,2542.3831857960868,2123.692218914833,1913.3920620325637,2336.227551254903,-210.30015688226945,2117.28906495499
B8_R7_C4,B8,8,7,4,LG3216,1,9,143.16,160.0,150.0,168.0,2939.81019742,2927.24349282,2940,2927,397074.35493348,4435671.53323702,40.06501891,-88.20691734,2993.62984193,2928.30203118,2994,2928,397076.28778704,4435671.49522273,40.0650188,-88.20689468,2992.414349,2996.44940884,2992,2996,397076.2441344,4435669.04791007,40.06499675,-88.2068948,2938.5947045,2995.39087048,2939,2995,397074.31128083,4435669.08592436,40.06499686,-88.20691746,2966.11227321,2961.84645083,397075.29953394,4435670.29057355,40.06500783,-88.20690607,4.73193359,"POLYGON((2939.810 2927.243, 2993.630 2928.302, 2992.414 2996.449, 2938.595 2995.391, 2939.810 2927.243))","POLYGON((397074.355 4435671.533, 397076.288 4435671.495, 397076.244 4435669.048, 397074.311 4435669.086, 397074.355 4435671.533))",4.005108590576,0.2414870353014682,0.9671817995986404,0.7585129646985317,0.0091109238564968,0.0056818127632141,0.021850898861885,0.0372340381145477,0.0164509913500617,9,2.2471300831085967,0.1107733830551501,2,0.4993622406907992,0.7553889409559512,3201,773,0.7294774615348356,24.14870353014683,10/22/2025 10:13:24 AM,9,2,1.705,,41,N_to_S,1.705,,1.705,0.3603178209438903,3603.178209438903,0.3306886702634084,-0.08920163496194022,1.6532964805513444,0.48773178479124535,3582.568227652453,2981.9944675683246,1913.5895201347182,2534.7732620052966,-1068.4049474336064,2473.5743871533214
B8_R6_C4,B8,8,6,4,LD19-10244,1,10,143.16,150.0,150.0,158.0,2938.29083126,3012.42771489,2938,3012,397074.30036767,4435668.4740962,40.06499135,-88.2069175,2992.11047577,3013.48625325,2992,3013,397076.23322124,4435668.43608191,40.06499124,-88.20689483,2990.89498284,3081.63363092,2991,3082,397076.18956859,4435665.98876925,40.06496919,-88.20689495,2937.07533834,3080.57509256,2937,3081,397074.25671503,4435666.02678354,40.0649693,-88.20691762,2964.59290705,3047.03067291,397075.24496813,4435667.23143273,40.06498027,-88.20690622,4.73193359,"POLYGON((2938.291 3012.428, 2992.110 3013.486, 2990.895 3081.634, 2937.075 3080.575, 2938.291 3012.428))","POLYGON((397074.300 4435668.474, 397076.233 4435668.436, 397076.190 4435665.989, 397074.257 4435666.027, 397074.300 4435668.474))",4.005108590576,0.3393568147013782,1.3591608938309976,0.6606431852986218,0.0058078006841242,0.0033783912658691,0.0226486586034297,0.0297489892691373,0.0092043973184099,8,1.997448962763197,0.1786274540468883,4,0.9987244813815984,0.6535987748851455,3265,1108,1.02511982655246,33.93568147013782,10/22/2025 10:12:29 AM,10,2,1.27,,40,N_to_S,1.27,,1.27,0.2683892273306397,2683.892273306397,0.3306886702634084,0.00866814443796976,1.6485585105643232,0.3434264219881045,2685.895042639774,3408.8962302499535,2357.942484666332,1632.9385277227752,-1050.9537455836216,1564.4817885609648
B8_R5_C4,B8,8,5,4,LG3216,1,11,143.16,140.0,150.0,148.0,2936.77146511,3097.61193697,2937,3098,397074.24580187,4435665.41495538,40.06496378,-88.20691765,2990.59110961,3098.67047533,2991,3099,397076.17865543,4435665.37694109,40.06496368,-88.20689498,2989.37561669,3166.81785299,2989,3167,397076.13500279,4435662.92962843,40.06494163,-88.20689511,2935.55597218,3165.75931463,2936,3166,397074.20214922,4435662.96764273,40.06494173,-88.20691777,2963.0735409,3132.21489498,397075.19040233,4435664.17229191,40.06495271,-88.20690638,4.73144531,"POLYGON((2936.771 3097.612, 2990.591 3098.670, 2989.376 3166.818, 2935.556 3165.759, 2936.771 3097.612))","POLYGON((397074.246 4435665.415, 397076.179 4435665.377, 397076.135 4435662.930, 397074.202 4435662.968, 397074.246 4435665.415))",4.004695310384,0.3598875351452671,1.4412399242619085,0.6401124648547329,0.0025755439419299,2.9802322387695312e-08,0.017736142501235,0.0238531827926635,0.0045256877646726,8,1.997655097319476,0.1857209630523604,4,0.998827548659738,0.6323024054982818,3201,1152,1.0871384679018508,35.988753514526714,10/22/2025 10:11:47 AM,11,2,1.33,,39,N_to_S,1.33,,1.33,0.2810980393642128,2810.980393642128,0.3306886702634084,0.029198864881858688,1.6438205414415692,0.19912105918496364,2817.7267730516187,2958.4729935653836,1913.5895201347182,1766.0969202114627,-1044.8834734306654,1724.2737612280864
B8_R4_C4,B8,8,4,4,LD21-5944,1,12,143.16,130.0,150.0,138.0,2935.25209895,3182.79615905,2935,3183,397074.19123606,4435662.35581456,40.06493622,-88.2069178,2989.07174345,3183.85469741,2989,3184,397076.12408962,4435662.31780027,40.06493612,-88.20689514,2987.85625053,3252.00207507,2988,3252,397076.08043698,4435659.87048761,40.06491407,-88.20689526,2934.03660602,3250.94353671,2934,3251,397074.14758342,4435659.90850191,40.06491417,-88.20691792,2961.55417474,3217.39911706,397075.13583652,4435661.11315109,40.06492514,-88.20690653,4.73144531,"POLYGON((2935.252 3182.796, 2989.072 3183.855, 2987.856 3252.002, 2934.037 3250.944, 2935.252 3182.796))","POLYGON((397074.191 4435662.356, 397076.124 4435662.318, 397076.080 4435659.870, 397074.148 4435659.909, 397074.191 4435662.356))",4.004695310384,0.3226509023024269,1.2921185553416952,0.6773490976975731,0.0115654524415731,0.0083683431148529,0.0244658291339874,0.03571417927742,0.0156232810160692,10,2.497068871649345,0.1337448879759012,3,0.7491206614948036,0.6739265712507778,3214,1037,0.9746550612113442,32.26509023024269,10/22/2025 10:11:02 AM,12,2,0.86,,38,N_to_S,0.86,,0.86,0.18176264199490452,1817.6264199490452,0.3306886702634084,-0.008037767960981546,1.6390825714494939,0.054815696381822765,1815.7692987051328,2850.1187027542965,1804.4466042862205,771.9543214809692,-1045.672098468076,723.7381356654009
B8_R3_C4,B8,8,3,4,LG3216,1,13,143.16,120.0,150.0,128.0,2933.73273279,3267.98038113,2934,3268,397074.13667025,4435659.29667374,40.06490866,-88.20691796,2987.55237729,3269.03891949,2988,3269,397076.06952382,4435659.25865945,40.06490855,-88.20689529,2986.33688437,3337.18629715,2986,3337,397076.02587117,4435656.81134679,40.0648865,-88.20689541,2932.51723986,3336.12775879,2933,3336,397074.09301761,4435656.84936109,40.06488661,-88.20691808,2960.03480858,3302.58333914,397075.08127071,4435658.05401027,40.06489758,-88.20690668,4.73193359,"POLYGON((2933.733 3267.980, 2987.552 3269.039, 2986.337 3337.186, 2932.517 3336.128, 2933.733 3267.980))","POLYGON((397074.137 4435659.297, 397076.070 4435659.259, 397076.026 4435656.811, 397074.093 4435656.849, 397074.137 4435659.297))",4.005108590576,0.194858774992066,0.7804305536698393,0.805141225007934,0.0112398909404873,0.0053619146347045,0.033250231295824,0.0422960221767425,0.0191235095262527,7,1.7477678424177974,0.1131276501132433,2,0.4993622406907992,0.8026023484608061,3151,614,0.588624082288925,19.4858774992066,10/22/2025 10:10:26 AM,13,2,1.525,,37,N_to_S,1.525,,1.525,0.32227840289702797,3222.78402897028,0.3306886702634084,-0.13582989527134243,1.6343446014574188,-0.0894896664213181,3191.4006168972583,2974.4848213755813,1913.5895201347182,2161.888727729417,-1060.895301240863,2065.7856151678816
B8_R2_C4,B8,8,2,4,LD17-10473F,1,14,143.16,110.0,150.0,118.0,2932.21336663,3353.1646032,2932,3353,397074.08210445,4435656.23753292,40.0648811,-88.20691811,2986.03301113,3354.22314156,2986,3354,397076.01495801,4435656.19951863,40.06488099,-88.20689544,2984.81751821,3422.37051923,2985,3422,397075.97130537,4435653.75220597,40.06485894,-88.20689557,2930.9978737,3421.31198087,2931,3421,397074.0384518,4435653.79022027,40.06485905,-88.20691823,2958.51544242,3387.76756121,397075.02670491,4435654.99486945,40.06487002,-88.20690684,4.73242188,"POLYGON((2932.213 3353.165, 2986.033 3354.223, 2984.818 3422.371, 2930.998 3421.312, 2932.213 3353.165))","POLYGON((397074.082 4435656.238, 397076.015 4435656.200, 397075.971 4435653.752, 397074.038 4435653.790, 397074.082 4435656.238))",4.005521879232001,0.2140888208269525,0.857537455921338,0.7859111791730475,0.0142265409231185,0.0079999566078186,0.0275398027151823,0.0472547598183155,0.0234113335609436,8,1.9972428665235205,0.1126900635187499,1,0.24965535831544,0.7859111791730474,3265,699,0.6467136811914889,21.408882082695254,10/22/2025 10:09:11 AM,14,2,1.33,,36,N_to_S,1.33,,1.33,0.28104003271999073,2810.400327199907,0.3306886702634084,-0.11659984943645593,1.6296066323346647,-0.23379502922445897,2783.460005150726,3188.177080121221,2152.516168297201,1774.7394153758873,-1035.6609118240199,2008.1900925386299
B8_R1_C4,B8,8,1,4,LG3216,1,15,143.16,100.0,150.0,108.0,2930.69400047,3438.34882528,2931,3438,397074.02753864,4435653.1783921,40.06485353,-88.20691826,2984.51364498,3439.40736364,2985,3439,397075.96039221,4435653.14037781,40.06485343,-88.2068956,2983.29815205,3507.5547413,2983,3508,397075.91673956,4435650.69306516,40.06483138,-88.20689572,2929.47850754,3506.49620294,2929,3506,397073.983886,4435650.73107945,40.06483148,-88.20691838,2956.99607626,3472.95178329,397074.9721391,4435651.93572863,40.06484246,-88.20690699,4.73242188,"POLYGON((2930.694 3438.349, 2984.514 3439.407, 2983.298 3507.555, 2929.479 3506.496, 2930.694 3438.349))","POLYGON((397074.028 4435653.178, 397075.960 4435653.140, 397075.917 4435650.693, 397073.984 4435650.731, 397074.028 4435653.178))",4.005521879232001,0.2039987503905029,0.8171214580251474,0.796001249609497,0.0035649475175887,0.0,0.0229306984692811,0.0266666114330291,0.0107526779174804,9,2.2468982248389606,0.0935769975873389,2,0.4993107166308801,0.7935020306154327,3201,653,0.6162338711283929,20.399875039050297,10/22/2025 10:07:56 AM,15,2,1.58,,35,N_to_S,1.58,,1.58,0.33386710653953783,3338.6710653953783,0.3306886702634084,-0.12668991987290554,1.6248686623476436,-0.3781003920275998,3309.3994389030895,2924.302223472494,1913.5895201347182,2327.9583620576022,-1010.7127033377758,2223.2028030418724
B8_R0_C4,B8,8,0,4,LD20-5738,1,16,143.16,90.0,150.0,98.0,2929.17463431,3523.53304736,2929,3524,397073.97297284,4435650.11925128,40.06482597,-88.20691842,2982.99427882,3524.59158572,2983,3525,397075.9058264,4435650.08123699,40.06482587,-88.20689575,2981.77878589,3592.73896338,2982,3593,397075.86217375,4435647.63392434,40.06480382,-88.20689587,2927.95914138,3591.68042502,2928,3592,397073.92932019,4435647.67193863,40.06480392,-88.20691854,2955.4767101,3558.13600537,397074.9175733,4435648.87658781,40.06481489,-88.20690714,4.73193359,"POLYGON((2929.175 3523.533, 2982.994 3524.592, 2981.779 3592.739, 2927.959 3591.680, 2929.175 3523.533))","POLYGON((397073.973 4435650.119, 397075.906 4435650.081, 397075.862 4435647.634, 397073.929 4435647.672, 397073.973 4435650.119))",4.005108590576,0.2441041347626339,0.9776635671329468,0.755895865237366,0.0092677529901266,0.0060975551605224,0.0245671533048152,0.0346715450286865,0.0160888900429594,9,2.2471300831085967,0.1142126601487123,1,0.2496811203453996,0.749770290964778,3265,797,0.7373831243342155,24.4104134762634,10/22/2025 10:07:17 AM,16,2,1.33,,34,N_to_S,1.33,,1.33,0.2810690333462605,2810.690333462605,0.3306886702634084,-0.08658453550077452,1.6201306932248896,-0.5224057548307407,2790.685030864501,2617.9550048288825,1650.2763496553252,1843.0116782890477,-967.6786551735572,1834.381888739572
B4_R7_C4,B4,4,7,4,LD21-3090,1,17,143.16,80.0,150.0,88.0,2927.65526815,3608.71726944,2928,3609,397073.91840703,4435647.06011046,40.06479841,-88.20691857,2981.47491266,3609.7758078,2981,3610,397075.85126059,4435647.02209617,40.0647983,-88.2068959,2980.25941973,3677.92318546,2980,3678,397075.80760795,4435644.57478352,40.06477625,-88.20689603,2926.43977522,3676.8646471,2926,3677,397073.87475438,4435644.61279781,40.06477636,-88.20691869,2953.95734394,3643.32022745,397074.86300749,4435645.81744699,40.06478733,-88.2069073,4.73193359,"POLYGON((2927.655 3608.717, 2981.475 3609.776, 2980.259 3677.923, 2926.440 3676.865, 2927.655 3608.717))","POLYGON((397073.918 4435647.060, 397075.851 4435647.022, 397075.808 4435644.575, 397073.875 4435644.613, 397073.918 4435647.060))",4.005108590576,0.4745392064979694,1.9005810525101356,0.5254607935020306,0.0052465740591287,0.005540132522583,0.0192144140601158,0.0275590121746063,0.0046120781524508,4,0.9987244813815984,0.4897745536050962,8,1.997448962763197,0.5107778819119025,3201,1519,1.4334751152282217,47.453920649796935,10/22/2025 10:06:31 AM,17,2,1.62,,33,N_to_S,1.62,,1.62,0.34235476242176094,3423.5476242176096,0.3306886702634084,0.14385053623456096,1.6153927232328142,-0.6667111176338816,3456.784200352457,3041.431813709398,2130.1369400546714,2512.252750562883,-911.2948736547264,2369.678461131204
B4_R6_C4,B4,4,6,4,AG40XFF5,1,18,143.16,70.0,150.0,78.0,2926.13590199,3693.90149151,2926,3694,397073.86384122,4435644.00096964,40.06477085,-88.20691872,2979.9555465,3694.96002987,2980,3695,397075.79669479,4435643.96295535,40.06477074,-88.20689606,2978.74005357,3763.10740754,2979,3763,397075.75304214,4435641.5156427,40.06474869,-88.20689618,2924.92040906,3762.04886918,2925,3762,397073.82018858,4435641.55365699,40.0647488,-88.20691884,2952.43797778,3728.50444952,397074.80844168,4435642.75830617,40.06475977,-88.20690745,4.73193359,"POLYGON((2926.136 3693.901, 2979.956 3694.960, 2978.740 3763.107, 2924.920 3762.049, 2926.136 3693.901))","POLYGON((397073.864 4435644.001, 397075.797 4435643.963, 397075.753 4435641.516, 397073.820 4435641.554, 397073.864 4435644.001))",4.005108590576,0.2205973864343497,0.8835164874668275,0.7794026135656502,0.0328765101730823,0.016447365283966,0.0541939698159694,0.1032973900437355,0.042682871222496,5,1.248405601726998,0.1828835594501715,1,0.2496811203453996,0.7794026135656503,3214,709,0.6663745789767049,22.05973864343497,10/22/2025 10:05:50 AM,18,2,1.3,,32,N_to_S,1.3,,1.3,0.2747291303384501,2747.2913033845007,0.3306886702634084,-0.11009128382905872,1.6106547532407391,-0.8110164804370225,2721.8547813349674,2761.0267012703166,1837.8028796867611,1824.0674818009452,-923.2238215835555,1419.537451571657
B4_R5_C4,B4,4,5,4,LD20-11748,1,19,143.16,60.0,150.0,68.0,2924.61653583,3779.08571359,2925,3779,397073.80927542,4435640.94182883,40.06474328,-88.20691888,2978.43618034,3780.14425195,2978,3780,397075.74212898,4435640.90381453,40.06474318,-88.20689621,2977.22068741,3848.29162961,2977,3848,397075.69847634,4435638.45650188,40.06472113,-88.20689633,2923.4010429,3847.23309125,2923,3847,397073.76562277,4435638.49451617,40.06472123,-88.206919,2950.91861162,3813.6886716,397074.75387588,4435639.69916535,40.06473221,-88.2069076,4.73144531,"POLYGON((2924.617 3779.086, 2978.436 3780.144, 2977.221 3848.292, 2923.401 3847.233, 2924.617 3779.086))","POLYGON((397073.809 4435640.942, 397075.742 4435640.904, 397075.698 4435638.457, 397073.766 4435638.495, 397073.809 4435640.942))",4.004695310384,0.2664792252421118,1.0671681036418468,0.7335207747578882,0.0343380831182003,0.0265060365200042,0.0374416969716548,0.0844593346118927,0.0460715015144909,8,1.997655097319476,0.1375173450379022,2,0.499413774329869,0.7297719462667916,3201,853,0.8049731884724641,26.647922524211182,10/22/2025 10:05:08 AM,19,2,1.325,,31,N_to_S,1.325,,1.325,0.2800412798177308,2800.412798177308,0.3306886702634084,-0.06420944502129661,1.605916784117985,-0.9553218432401633,2785.5772461947504,2599.8190664126723,1740.4285764822844,1941.0223082469201,-859.390489930388,1941.2906414402403
B4_R4_C4,B4,4,4,4,AG35XF5,1,20,143.16,50.0,150.0,58.0,2923.09716967,3864.26993567,2923,3864,397073.75470961,4435637.88268801,40.06471572,-88.20691903,2976.91681418,3865.32847403,2977,3865,397075.68756317,4435637.84467371,40.06471562,-88.20689636,2975.70132125,3933.47585169,2976,3933,397075.64391053,4435635.39736106,40.06469357,-88.20689649,2921.88167674,3932.41731333,2922,3932,397073.71105697,4435635.43537535,40.06469367,-88.20691915,2949.39924546,3898.87289368,397074.69931007,4435636.64002453,40.06470464,-88.20690776,4.73193359,"POLYGON((2923.097 3864.270, 2976.917 3865.328, 2975.701 3933.476, 2921.882 3932.417, 2923.097 3864.270))","POLYGON((397073.755 4435637.883, 397075.688 4435637.845, 397075.644 4435635.397, 397073.711 4435635.435, 397073.755 4435637.883))",4.005108590576,0.3084226646248085,1.2352662636171612,0.6915773353751915,0.0901014804840087,0.081967145204544,0.0610522031784057,0.1741522252559662,0.1042564315281661,6,1.4980867220723977,0.2164595020760728,1,0.2496811203453996,0.6875957120980092,3265,1007,0.9316747882114867,30.84226646248085,10/22/2025 10:04:28 AM,20,2,1.455,,30,N_to_S,1.455,,1.455,0.3074852958788038,3074.852958788038,0.3306886702634084,-0.02226600563859993,1.601178814130964,-1.099627206043304,3069.708412156529,2671.564804740823,1881.5858952900314,2284.874049337246,-789.9789094507917,2237.3308648920865
B4_R3_C4,B4,4,3,4,LD21-5944,1,21,143.16,40.0,150.0,48.0,2921.57780351,3949.45415775,2922,3949,397073.7001438,4435634.82354719,40.06468816,-88.20691918,2975.39744802,3950.51269611,2975,3951,397075.63299737,4435634.78553289,40.06468805,-88.20689652,2974.18195509,4018.66007377,2974,4019,397075.58934472,4435632.33822024,40.064666,-88.20689664,2920.36231058,4017.60153541,2920,4018,397073.65649116,4435632.37623453,40.06466611,-88.20691931,2947.8798793,3984.05711576,397074.64474426,4435633.58088371,40.06467708,-88.20690791,4.73242188,"POLYGON((2921.578 3949.454, 2975.397 3950.513, 2974.182 4018.660, 2920.362 4017.602, 2921.578 3949.454))","POLYGON((397073.700 4435634.824, 397075.633 4435634.786, 397075.589 4435632.338, 397073.656 4435632.376, 397073.700 4435634.824))",4.005521879232001,0.4892221180880974,1.959589897806096,0.5107778819119025,0.1673379242420196,0.1682241708040237,0.0642925947904586,0.2483219355344772,0.1640820808270398,8,1.9972428665235205,0.2524644341493024,4,0.9986214332617602,0.4945329584504842,3201,1566,1.4778288548040783,48.92221180880975,10/22/2025 10:03:42 AM,21,2,1.26,,29,N_to_S,1.26,,1.26,0.2662484520505175,2662.484520505175,0.3306886702634084,0.15853344782468898,1.5964408441388886,-1.243932568846445,2699.1135741498097,2486.4431258855393,1804.4466042862205,1980.4879989058563,-681.9965215993188,1779.8656455029022
B4_R2_C4,B4,4,2,4,AG35XF5,1,22,143.16,30.0,150.0,38.0,2920.05843735,4034.63837982,2920,4035,397073.645578,4435631.76440637,40.0646606,-88.20691934,2973.87808186,4035.69691818,2974,4036,397075.57843156,4435631.72639208,40.06466049,-88.20689667,2972.66258893,4103.84429585,2973,4104,397075.53477892,4435629.27907942,40.06463844,-88.20689679,2918.84294443,4102.78575749,2919,4103,397073.60192535,4435629.31709371,40.06463855,-88.20691946,2946.36051314,4069.24133783,397074.59017846,4435630.52174289,40.06464952,-88.20690806,4.73242188,"POLYGON((2920.058 4034.638, 2973.878 4035.697, 2972.663 4103.844, 2918.843 4102.786, 2920.058 4034.638))","POLYGON((397073.646 4435631.764, 397075.578 4435631.726, 397075.535 4435629.279, 397073.602 4435629.317, 397073.646 4435631.764))",4.005521879232001,0.1586523736600306,0.6354855538873435,0.8413476263399694,0.3446242809295654,0.3095231652259826,0.1761359125375747,0.541928231716156,0.409395307302475,8,1.9972428665235205,0.0835099469280578,2,0.4993107166308801,0.8355283307810107,3265,518,0.4792527708972692,15.865237366003065,10/22/2025 10:03:00 AM,22,2,0.96,,28,N_to_S,0.96,,0.96,0.20285596346706095,2028.5596346706095,0.3306886702634084,-0.17203629660337783,1.5917028750161346,-1.3882379316495859,1988.8107562883154,2567.2633500139345,1881.5858952900314,1342.8821799467064,-685.6774547239031,1367.719342136595
B4_R1_C4,B4,4,1,4,LD21-5253,1,23,143.16,20.0,150.0,28.0,2918.53907119,4119.8226019,2919,4120,397073.59101219,4435628.70526555,40.06463303,-88.20691949,2972.3587157,4120.88114026,2972,4121,397075.52386576,4435628.66725126,40.06463293,-88.20689682,2971.14322277,4189.02851792,2971,4189,397075.48021311,4435626.2199386,40.06461088,-88.20689695,2917.32357827,4187.96997956,2917,4188,397073.54735955,4435626.25795289,40.06461098,-88.20691961,2944.84114698,4154.42555991,397074.53561265,4435627.46260207,40.06462196,-88.20690822,4.73144531,"POLYGON((2918.539 4119.823, 2972.359 4120.881, 2971.143 4189.029, 2917.324 4187.970, 2918.539 4119.823))","POLYGON((397073.591 4435628.705, 397075.524 4435628.667, 397075.480 4435626.220, 397073.547 4435626.258, 397073.591 4435628.705))",4.004695310384,0.1926372580133291,0.7714535237712117,0.8073627419866709,0.0475731939077377,0.0414847433567047,0.0523294992744922,0.1144577711820602,0.0689655095338821,11,2.74677575881428,0.0711695862201911,2,0.499413774329869,0.806093303713107,3151,607,0.5819133842823738,19.26372580133291,10/22/2025 10:02:15 AM,23,2,0.685,,27,N_to_S,0.685,,0.685,0.14477605786803444,1447.7605786803445,0.3306886702634084,-0.13805141225007933,1.5869649050240595,-1.5325432944527269,1415.863886503325,2421.406737476202,1822.7666814123568,849.1205226164991,-598.6400560638453,925.3393630168343
B4_R0_C4,B4,4,0,4,AG40XFF5,1,24,143.16,10.0,150.0,18.0,2917.01970503,4205.00682398,2917,4205,397073.53644639,4435625.64612473,40.06460547,-88.20691964,2970.83934954,4206.06536234,2971,4206,397075.46929995,4435625.60811044,40.06460537,-88.20689698,2969.62385661,4274.21274,2970,4274,397075.4256473,4435623.16079778,40.06458332,-88.2068971,2915.80421211,4273.15420164,2916,4273,397073.49279374,4435623.19881207,40.06458342,-88.20691977,2943.32178082,4239.60978199,397074.48104685,4435624.40346126,40.06459439,-88.20690837,4.73193359,"POLYGON((2917.020 4205.007, 2970.839 4206.065, 2969.624 4274.213, 2915.804 4273.154, 2917.020 4205.007))","POLYGON((397073.536 4435625.646, 397075.469 4435625.608, 397075.426 4435623.161, 397073.493 4435623.199, 397073.536 4435625.646))",4.005108590576,0.5420037336652147,2.1707838098268173,0.4579962663347853,0.024898337200284,0.0263810530304908,0.044420551508665,0.0744382366538047,0.0211908428341734,5,1.248405601726998,0.4493415522739052,10,2.496811203453996,0.4405724953329185,3214,1742,1.637270122112017,54.20037336652147,10/22/2025 10:01:32 AM,24,2,0.58,,26,N_to_S,0.58,,0.58,0.1225714581510008,1225.714581510008,0.3306886702634084,0.21131506340180628,1.5822269359013055,-1.6768486567726133,1274.5387943147625,2270.0486072668573,1837.8028796867611,793.4688539299118,-432.2457275800962,1395.1210312379806
B12_R7_C3,B12,12,7,3,LD20-4471,2,1,136.32,240.0,143.16,248.0,2898.14548219,2244.71117784,2898,2245,397072.85860637,4435696.04437787,40.06523952,-88.20693878,2951.9651267,2245.7697162,2952,2246,397074.79145993,4435696.00636357,40.06523941,-88.20691611,2950.74963377,2313.91709386,2951,2314,397074.74780728,4435693.55905092,40.06521736,-88.20691624,2896.92998926,2312.8585555,2897,2313,397072.81495372,4435693.59706521,40.06521747,-88.2069389,2924.44755798,2279.31413585,397073.80320683,4435694.80171439,40.06522844,-88.20692751,4.73193359,"POLYGON((2898.145 2244.711, 2951.965 2245.770, 2950.750 2313.917, 2896.930 2312.859, 2898.145 2244.711))","POLYGON((397072.859 4435696.044, 397074.791 4435696.006, 397074.748 4435693.559, 397072.815 4435693.597, 397072.859 4435696.044))",4.005108590576,0.2147013782542113,0.859902334454449,0.7852986217457887,0.020845927298069,0.0116278827190399,0.0524322763085365,0.0509121194481849,0.0277227461338043,11,2.746492323799396,0.0821909059972882,1,0.2496811203453996,0.7825421133231241,3265,701,0.64856407799032,21.470137825421133,10/22/2025 10:20:58 AM,1,3,0.115,,50,S_to_N,0.115,,0.115,0.024302961529939816,243.02961529939816,0.3306886702634084,-0.11598729200919713,1.523369829718005,1.6439678914553995,216.23082425942238,1537.2882789058694,1769.881967652431,475.6233040459598,232.5936887465616,643.5024484264965
B12_R6_C3,B12,12,6,3,AG29XF5,2,2,136.32,230.0,143.16,238.0,2896.62611603,2329.89539992,2897,2330,397072.80404056,4435692.98523705,40.06521195,-88.20693893,2950.44576054,2330.95393827,2950,2331,397074.73689412,4435692.94722276,40.06521185,-88.20691627,2949.23026761,2399.10131594,2949,2399,397074.69324148,4435690.4999101,40.0651898,-88.20691639,2895.41062311,2398.04277758,2895,2398,397072.76038791,4435690.53792439,40.0651899,-88.20693906,2922.92819182,2364.49835793,397073.74864102,4435691.74257357,40.06520087,-88.20692766,4.73242188,"POLYGON((2896.626 2329.895, 2950.446 2330.954, 2949.230 2399.101, 2895.411 2398.043, 2896.626 2329.895))","POLYGON((397072.804 4435692.985, 397074.737 4435692.947, 397074.693 4435690.500, 397072.760 4435690.538, 397072.804 4435692.985))",4.005521879232001,0.341161536020311,1.366529996881752,0.6588384639796889,0.0083579989150166,0.0060975551605224,0.021548131480813,0.0318470895290374,0.011463197072347,2,0.4993107166308801,0.6932292891711369,5,1.2482767915772004,0.6512218343383053,3151,1075,1.0305714795775154,34.116153602031105,10/22/2025 10:21:37 AM,2,3,0.745,,51,S_to_N,0.745,,0.745,0.15742467998225043,1574.2467998225043,0.3306886702634084,0.010472865756902594,1.5186318597259296,1.4996625286961909,1576.6665488842093,1952.1196810758454,2157.017367309951,1779.14448605661,204.89768623410578,1812.987905967661
B12_R5_C3,B12,12,5,3,LD21-7234,2,3,136.32,220.0,143.16,228.0,2895.10674987,2415.07962199,2895,2415,397072.74947475,4435689.92609623,40.06518439,-88.20693909,2948.92639438,2416.13816035,2949,2416,397074.68232832,4435689.88808194,40.06518428,-88.20691642,2947.71090145,2484.28553801,2948,2484,397074.63867567,4435687.44076928,40.06516223,-88.20691654,2893.89125695,2483.22699965,2894,2483,397072.70582211,4435687.47878357,40.06516234,-88.20693921,2921.40882566,2449.68258,397073.69407521,4435688.68343275,40.06517331,-88.20692782,4.73242188,"POLYGON((2895.107 2415.080, 2948.926 2416.138, 2947.711 2484.286, 2893.891 2483.227, 2895.107 2415.080))","POLYGON((397072.749 4435689.926, 397074.682 4435689.888, 397074.639 4435687.441, 397072.706 4435687.479, 397072.749 4435689.926))",4.005521879232001,0.3503828483920367,1.4034661653419322,0.6496171516079632,0.0074121132493019,0.0059880316257476,0.0178150683641433,0.0291392467916011,0.0094855845956241,9,2.2468982248389606,0.1639388747931329,3,0.7489660749463202,0.6419601837672282,3265,1144,1.058426968931421,35.03828483920368,10/22/2025 10:22:05 AM,3,3,0.4,,52,S_to_N,0.4,,0.4,0.0845233181112754,845.2331811127541,0.3306886702634084,0.01969417812862828,1.5138938897389085,1.3553571658930499,849.7835086118332,1779.9384901521457,1936.540424624022,1001.8351155846304,156.60193447187635,982.2003507767148
B12_R4_C3,B12,12,4,3,AG29XF4,2,4,136.32,210.0,143.16,218.0,2893.58738371,2500.26384407,2894,2500,397072.69490895,4435686.86695541,40.06515683,-88.20693924,2947.40702822,2501.32238243,2947,2501,397074.62776251,4435686.82894112,40.06515672,-88.20691657,2946.19153529,2569.46976009,2946,2569,397074.58410987,4435684.38162846,40.06513467,-88.2069167,2892.37189079,2568.41122173,2892,2568,397072.6512563,4435684.41964275,40.06513478,-88.20693936,2919.8894595,2534.86680208,397073.63950941,4435685.62429194,40.06514575,-88.20692797,4.73144531,"POLYGON((2893.587 2500.264, 2947.407 2501.322, 2946.192 2569.470, 2892.372 2568.411, 2893.587 2500.264))","POLYGON((397072.695 4435686.867, 397074.628 4435686.829, 397074.584 4435684.382, 397072.651 4435684.420, 397072.695 4435686.867))",4.004695310384,0.3364573570759138,1.3474092000261069,0.6635426429240863,0.0104759074747562,0.0092165470123291,0.0206379648298025,0.0318471193313598,0.013424277305603,10,2.497068871649345,0.1389038036162445,2,0.499413774329869,0.6579194001874414,3201,1077,1.016361223897824,33.64573570759138,10/22/2025 10:22:36 AM,4,3,0.7,,53,S_to_N,0.7,,0.7,0.1479463365074804,1479.463365074804,0.3306886702634084,0.005768686812505364,1.5091559206161544,1.2110518035292313,1480.7962165431454,2073.351661095857,2182.798000920842,1588.909704899789,109.44633982498499,1610.5319858806276
B12_R3_C3,B12,12,3,3,LD20-4542,2,5,136.32,200.0,143.16,208.0,2892.06801755,2585.44806615,2892,2585,397072.64034314,4435683.80781459,40.06512927,-88.20693939,2945.88766206,2586.50660451,2946,2587,397074.5731967,4435683.7698003,40.06512916,-88.20691673,2944.67216913,2654.65398217,2945,2655,397074.52954406,4435681.32248764,40.06510711,-88.20691685,2890.85252463,2653.59544381,2891,2654,397072.5966905,4435681.36050193,40.06510722,-88.20693952,2918.37009334,2620.05102416,397073.5849436,4435682.56515111,40.06511819,-88.20692812,4.73193359,"POLYGON((2892.068 2585.448, 2945.888 2586.507, 2944.672 2654.654, 2890.853 2653.595, 2892.068 2585.448))","POLYGON((397072.640 4435683.808, 397074.573 4435683.770, 397074.530 4435681.322, 397072.597 4435681.361, 397072.640 4435683.808))",4.005108590576,0.4088820826952526,1.637617141935363,0.5911179173047474,0.011065280996263,0.0105263292789459,0.0213652532547712,0.0352112650871276,0.012184612825805,10,2.496811203453996,0.1721788094964591,5,1.248405601726998,0.5807044410413477,3265,1335,1.2351398632197963,40.88820826952527,10/22/2025 10:23:05 AM,5,3,0.54,,54,S_to_N,0.54,,0.54,0.11411825414058697,1141.1825414058696,0.3306886702634084,0.07819341243184419,1.5044179506240793,1.0667464402867683,1159.2490802840898,1803.234485048953,1891.96460682895,1229.9126631858667,88.73012177999703,1145.6670283517096
B12_R2_C3,B12,12,2,3,AG29XF5,2,6,136.32,190.0,143.16,198.0,2890.5486514,2670.63228822,2891,2671,397072.58577733,4435680.74867377,40.0651017,-88.20693955,2944.3682959,2671.69082658,2944,2672,397074.5186309,4435680.71065948,40.0651016,-88.20691688,2943.15280297,2739.83820425,2943,2740,397074.47497825,4435678.26334682,40.06507955,-88.206917,2889.33315847,2738.77966589,2889,2739,397072.54212469,4435678.30136111,40.06507965,-88.20693967,2916.85072719,2705.23524624,397073.53037779,4435679.5060103,40.06509062,-88.20692828,4.73242188,"POLYGON((2890.549 2670.632, 2944.368 2671.691, 2943.153 2739.838, 2889.333 2738.780, 2890.549 2670.632))","POLYGON((397072.586 4435680.749, 397074.519 4435680.711, 397074.475 4435678.263, 397072.542 4435678.301, 397072.586 4435680.749))",4.005521879232001,0.4851608872227429,1.943322548718306,0.5148391127772571,0.0058954935520887,0.0062111914157867,0.0189341865479946,0.0280898511409759,0.0046881724806392,6,1.4979321498926403,0.3338248328938838,3,0.7489660749463202,0.5060918462980318,3201,1553,1.465560799176714,48.51608872227429,10/22/2025 10:23:33 AM,6,3,0.815,,55,S_to_N,0.815,,0.815,0.1722162606517236,1722.162606517236,0.3306886702634084,0.1544722169593345,1.499679980632004,0.9224410779229496,1757.853315318738,2081.624768379605,2157.017367309951,1797.5552054475822,75.39259893034614,1915.367002884292
B12_R1_C3,B12,12,1,3,LD20-4988,2,7,136.32,180.0,143.16,188.0,2889.02928524,2755.8165103,2889,2756,397072.53121153,4435677.68953295,40.06507414,-88.2069397,2942.84892974,2756.87504866,2943,2757,397074.46406509,4435677.65151866,40.06507403,-88.20691704,2941.63343682,2825.02242632,2942,2825,397074.42041245,4435675.204206,40.06505198,-88.20691716,2887.81379231,2823.96388796,2888,2824,397072.48755888,4435675.24222029,40.06505209,-88.20693982,2915.33136103,2790.41946831,397073.47581199,4435676.44686948,40.06506306,-88.20692843,4.73193359,"POLYGON((2889.029 2755.817, 2942.849 2756.875, 2941.633 2825.022, 2887.814 2823.964, 2889.029 2755.817))","POLYGON((397072.531 4435677.690, 397074.464 4435677.652, 397074.420 4435675.204, 397072.488 4435675.242, 397072.531 4435677.690))",4.005108590576,0.4965774735532047,1.9888467052144665,0.5034225264467953,0.0064792963676154,0.0067113935947418,0.0157422833144664,0.0261575188487768,0.0057225304970554,6,1.4980867220723977,0.3430678900828324,7,1.7477678424177974,0.4797759800871188,3214,1596,1.5000477123368423,49.65774735532048,10/22/2025 10:24:01 AM,7,3,0.625,,56,S_to_N,0.625,,0.625,0.1320813126627164,1320.813126627164,0.3306886702634084,0.16588880328979627,1.49494201150925,0.7781357151637409,1359.1416305367334,2016.2678703112408,2069.8247828975273,1374.3700392134504,53.556912586286444,968.1764717033459
B12_R0_C3,B12,12,0,3,AG29XF4,2,8,136.32,170.0,143.16,178.0,2887.50991908,2841.00073238,2888,2841,397072.47664572,4435674.63039213,40.06504658,-88.20693985,2941.32956358,2842.05927074,2941,2842,397074.40949929,4435674.59237784,40.06504647,-88.20691719,2940.11407066,2910.2066484,2940,2910,397074.36584664,4435672.14506518,40.06502442,-88.20691731,2886.29442615,2909.14811004,2886,2909,397072.43299308,4435672.18307948,40.06502453,-88.20693998,2913.81199487,2875.60369039,397073.42124618,4435673.38772866,40.0650355,-88.20692858,4.73144531,"POLYGON((2887.510 2841.001, 2941.330 2842.059, 2940.114 2910.207, 2886.294 2909.148, 2887.510 2841.001))","POLYGON((397072.477 4435674.630, 397074.409 4435674.592, 397074.366 4435672.145, 397072.433 4435672.183, 397072.477 4435674.630))",4.004695310384,0.3073538654934004,1.2308585837698154,0.6926461345065996,0.0030550702940672,2.9802322387695312e-08,0.0182271283119916,0.0248091779649257,0.0067467074183856,13,3.246189533144149,0.097027298004919,2,0.499413774329869,0.683218101822753,3182,978,0.928446188894356,30.73538654934004,10/22/2025 10:24:37 AM,8,3,1.51,,57,S_to_N,1.51,,1.51,0.3191413830375649,3191.413830375649,0.3306886702634084,-0.023334804770008044,1.4902040415222289,0.6338303523606,3186.0223383754696,2190.9463522664196,2182.798000920842,3183.265479030071,-8.148351345577794,3141.317021179947
B8_R7_C3,B8,8,7,3,LD00-2817P,2,9,136.32,160.0,143.16,168.0,2885.99055292,2926.18495446,2886,2926,397072.42207992,4435671.57125131,40.06501902,-88.20694001,2939.81019742,2927.24349282,2940,2927,397074.35493348,4435671.53323702,40.06501891,-88.20691734,2938.5947045,2995.39087048,2939,2995,397074.31128083,4435669.08592436,40.06499686,-88.20691746,2884.77505999,2994.33233212,2885,2994,397072.37842727,4435669.12393866,40.06499697,-88.20694013,2912.29262871,2960.78791247,397073.36668038,4435670.32858784,40.06500794,-88.20692874,4.73193359,"POLYGON((2885.991 2926.185, 2939.810 2927.243, 2938.595 2995.391, 2884.775 2994.332, 2885.991 2926.185))","POLYGON((397072.422 4435671.571, 397074.355 4435671.533, 397074.311 4435669.086, 397072.378 4435669.124, 397072.422 4435671.571))",4.005108590576,0.3033395176252319,1.2149077079019963,0.6966604823747681,0.0071452041156589,0.0057803392410278,0.0217380356043577,0.0328623205423355,0.0111928806819167,10,2.496811203453996,0.1265224060794205,2,0.4993622406907992,0.6914038342609771,3234,981,0.916319756148459,30.333951762523192,10/22/2025 10:25:08 AM,9,3,1.23,,58,S_to_N,1.23,,1.23,0.25993602332022586,2599.3602332022588,0.3306886702634084,-0.0273491526381765,1.4854660723994748,0.4895249895574592,2593.0412286460287,3266.1058124167457,2415.5433224578373,1748.7977432433504,-850.5624899589084,1904.9768308929201
B8_R6_C3,B8,8,6,3,LG3216,2,10,136.32,150.0,143.16,158.0,2884.47118676,3011.36917653,2884,3011,397072.36751411,4435668.51211049,40.06499145,-88.20694016,2938.29083126,3012.42771489,2938,3012,397074.30036767,4435668.4740962,40.06499135,-88.2069175,2937.07533834,3080.57509256,2937,3081,397074.25671503,4435666.02678354,40.0649693,-88.20691762,2883.25569383,3079.5165542,2883,3080,397072.32386146,4435666.06479784,40.0649694,-88.20694028,2910.77326255,3045.97213455,397073.31211457,4435667.26944702,40.06498037,-88.20692889,4.73242188,"POLYGON((2884.471 3011.369, 2938.291 3012.428, 2937.075 3080.575, 2883.256 3079.517, 2884.471 3011.369))","POLYGON((397072.368 4435668.512, 397074.300 4435668.474, 397074.257 4435666.027, 397072.324 4435666.065, 397072.368 4435668.512))",4.005521879232001,0.2137333745746984,0.8561137081810433,0.7862666254253016,0.0209825653582811,0.0088495314121246,0.0454859137535095,0.0788216814398765,0.0247524976730346,5,1.2482767915772004,0.1782405353738625,1,0.24965535831544,0.7862666254253016,3233,691,0.6456399588300267,21.373337457469844,10/22/2025 10:25:45 AM,10,3,1.325,,59,S_to_N,1.325,,1.325,0.2799834912435997,2799.8349124359975,0.3306886702634084,-0.11695529568871002,1.4807281024073997,0.34521962675431833,2772.812464753265,2789.8642963569373,1913.5895201347182,1923.5601362137784,-876.2747762222191,1863.9247958346461
B8_R5_C3,B8,8,5,3,LD11-2170,2,11,136.32,140.0,143.16,148.0,2882.9518206,3096.55339861,2883,3097,397072.3129483,4435665.45296967,40.06496389,-88.20694031,2936.77146511,3097.61193697,2937,3098,397074.24580187,4435665.41495538,40.06496378,-88.20691765,2935.55597218,3165.75931463,2936,3166,397074.20214922,4435662.96764273,40.06494173,-88.20691777,2881.73632767,3164.70077627,2882,3165,397072.26929566,4435663.00565702,40.06494184,-88.20694044,2909.25389639,3131.15635662,397073.25754876,4435664.2103062,40.06495281,-88.20692904,4.73193359,"POLYGON((2882.952 3096.553, 2936.771 3097.612, 2935.556 3165.759, 2881.736 3164.701, 2882.952 3096.553))","POLYGON((397072.313 4435665.453, 397074.246 4435665.415, 397074.202 4435662.968, 397072.269 4435663.006, 397072.313 4435665.453))",4.005108590576,0.186456400742115,0.7467781323801261,0.813543599257885,0.0091807004064321,0.0050956159830093,0.0276555940508842,0.0260222759097814,0.0153846144676208,10,2.496811203453996,0.0777706532781759,1,0.2496811203453996,0.813543599257885,3234,603,0.5632424189169426,18.645640074211503,10/22/2025 10:26:35 AM,11,3,1.265,,60,S_to_N,1.265,,1.265,0.267332576829338,2673.32576829338,0.3306886702634084,-0.14423226952129342,1.4759901324153244,0.20091426395117745,2640.0009929221596,2664.189910464234,1783.0921758570503,1792.2280336861963,-881.0977346071836,1490.0516736688005
B8_R4_C3,B8,8,4,3,LG3216,2,12,136.32,130.0,143.16,138.0,2881.43245444,3181.73762069,2881,3182,397072.2583825,4435662.39382885,40.06493633,-88.20694047,2935.25209895,3182.79615905,2935,3183,397074.19123606,4435662.35581456,40.06493622,-88.2069178,2934.03660602,3250.94353671,2934,3251,397074.14758342,4435659.90850191,40.06491417,-88.20691792,2880.21696151,3249.88499835,2880,3250,397072.21472985,4435659.9465162,40.06491428,-88.20694059,2907.73453023,3216.3405787,397073.20298296,4435661.15116538,40.06492525,-88.2069292,4.73242188,"POLYGON((2881.432 3181.738, 2935.252 3182.796, 2934.037 3250.944, 2880.217 3249.885, 2881.432 3181.738))","POLYGON((397072.258 4435662.394, 397074.191 4435662.356, 397074.148 4435659.909, 397072.215 4435659.947, 397072.258 4435662.394))",4.005521879232001,0.2073589024009978,0.8305806204207299,0.7926410975990021,0.0059880726039409,2.9802322387695312e-08,0.0275171641260385,0.03125,0.0135135054588317,12,2.9958642997852807,0.07147247710059,1,0.24965535831544,0.7923292797006548,3207,665,0.6263841268385058,20.73589024009978,10/22/2025 10:27:15 AM,12,3,0.98,,61,S_to_N,0.98,,0.98,0.2070821293726247,2070.821293726247,0.3306886702634084,-0.12332976786241062,1.4712521632925704,0.0566089011480366,2042.3260282475824,2781.8901641183916,1913.5895201347182,1202.5206497425736,-868.3006439836734,1129.894088128233
B8_R3_C3,B8,8,3,3,LD21-5665,2,13,136.32,120.0,143.16,128.0,2879.91308828,3266.92184277,2880,3267,397072.20381669,4435659.33468803,40.06490877,-88.20694062,2933.73273279,3267.98038113,2934,3268,397074.13667025,4435659.29667374,40.06490866,-88.20691796,2932.51723986,3336.12775879,2933,3336,397074.09301761,4435656.84936109,40.06488661,-88.20691808,2878.69759535,3335.06922043,2879,3335,397072.16016405,4435656.88737538,40.06488672,-88.20694074,2906.21516407,3301.52480078,397073.14841715,4435658.09202456,40.06489769,-88.20692935,4.73242188,"POLYGON((2879.913 3266.922, 2933.733 3267.980, 2932.517 3336.128, 2878.698 3335.069, 2879.913 3266.922))","POLYGON((397072.204 4435659.335, 397074.137 4435659.297, 397074.093 4435656.849, 397072.160 4435656.887, 397072.204 4435659.335))",4.005521879232001,0.2525125628140703,1.0114445951327038,0.7474874371859297,0.0031865385826677,2.9802322387695312e-08,0.0210331324487924,0.0280898511409759,0.0085369962103226,9,2.2468982248389606,0.1152157826343346,1,0.24965535831544,0.7474874371859297,3184,804,0.7627830748649047,25.25125628140704,10/22/2025 10:27:50 AM,13,3,1.145,,62,S_to_N,1.145,,1.145,0.24194799809352582,2419.479980935258,0.3306886702634084,-0.07817610744933812,1.4665141933055492,-0.08769646165510427,2401.4174403623874,2987.2405189724077,2143.828394071608,1576.0678560344581,-843.4121249007999,1741.164318369558
B8_R2_C3,B8,8,2,3,LG3216,2,14,136.32,110.0,143.16,118.0,2878.39372212,3352.10606484,2878,3352,397072.14925088,4435656.27554721,40.0648812,-88.20694077,2932.21336663,3353.1646032,2932,3353,397074.08210445,4435656.23753292,40.0648811,-88.20691811,2930.9978737,3421.31198087,2931,3421,397074.0384518,4435653.79022027,40.06485905,-88.20691823,2877.17822919,3420.25344251,2877,3420,397072.10559824,4435653.82823456,40.06485915,-88.2069409,2904.69579791,3386.70902286,397073.09385134,4435655.03288374,40.06487012,-88.2069295,4.73193359,"POLYGON((2878.394 3352.106, 2932.213 3353.165, 2930.998 3421.312, 2877.178 3420.253, 2878.394 3352.106))","POLYGON((397072.149 4435656.276, 397074.082 4435656.238, 397074.038 4435653.790, 397072.106 4435653.828, 397072.149 4435656.276))",4.005108590576,0.2137825421133231,0.8562222959332458,0.7862174578866769,0.0132412053644657,0.0068027377128601,0.0313517749309539,0.0478711426258087,0.0215516686439514,8,1.997448962763197,0.1125288474049892,1,0.2496811203453996,0.7862174578866769,3265,698,0.6457884827920732,21.37825421133231,10/22/2025 10:28:26 AM,14,3,1.01,,63,S_to_N,1.01,,1.01,0.2134434012629497,2134.434012629497,0.3306886702634084,-0.11690612815008533,1.4617762233134741,-0.23200182445824513,2107.4229250757126,2745.006185393132,1913.5895201347182,1303.0173473710831,-831.4166652584138,1220.962200864208
B8_R1_C3,B8,8,1,3,LD20-11748,2,15,136.32,100.0,143.16,108.0,2876.87435596,3437.29028692,2877,3437,397072.09468508,4435653.2164064,40.06485364,-88.20694093,2930.69400047,3438.34882528,2931,3438,397074.02753864,4435653.1783921,40.06485353,-88.20691826,2929.47850754,3506.49620294,2929,3506,397073.983886,4435650.73107945,40.06483148,-88.20691838,2875.65886303,3505.43766458,2876,3505,397072.05103243,4435650.76909374,40.06483159,-88.20694105,2903.17643175,3471.89324493,397073.03928554,4435651.97374292,40.06484256,-88.20692966,4.73193359,"POLYGON((2876.874 3437.290, 2930.694 3438.349, 2929.479 3506.496, 2875.659 3505.438, 2876.874 3437.290))","POLYGON((397072.095 4435653.216, 397074.028 4435653.178, 397073.984 4435650.731, 397072.051 4435650.769, 397072.095 4435653.216))",4.005108590576,0.2214932833489534,0.8871046518957775,0.7785067166510465,0.0131400665268301,0.0067114233970642,0.0315961055457592,0.0476189255714416,0.0199999809265136,7,1.7477678424177974,0.1306311138929796,1,0.2496811203453996,0.7760074976569822,3201,709,0.6690808799847329,22.149328334895348,10/22/2025 10:29:08 AM,15,3,1.135,,64,S_to_N,1.135,,1.135,0.23985966379549298,2398.59663795493,0.3306886702634084,-0.10919538691445502,1.45703825419072,-0.376307187261386,2373.3671123253657,2542.6314617693715,1740.4285764822844,1596.3937526678428,-802.2028852870872,1632.6907945008827
B8_R0_C3,B8,8,0,3,LG3216,2,16,136.32,90.0,143.16,98.0,2875.3549898,3522.474509,2875,3522,397072.04011927,4435650.15726558,40.06482608,-88.20694108,2929.17463431,3523.53304736,2929,3524,397073.97297284,4435650.11925128,40.06482597,-88.20691842,2927.95914138,3591.68042502,2928,3592,397073.92932019,4435647.67193863,40.06480392,-88.20691854,2874.13949687,3590.62188666,2874,3591,397071.99646663,4435647.70995292,40.06480403,-88.2069412,2901.65706559,3557.07746701,397072.98471973,4435648.9146021,40.064815,-88.20692981,4.73193359,"POLYGON((2875.355 3522.475, 2929.175 3523.533, 2927.959 3591.680, 2874.139 3590.622, 2875.355 3522.475))","POLYGON((397072.040 4435650.157, 397073.973 4435650.119, 397073.929 4435647.672, 397071.996 4435647.710, 397072.040 4435650.157))",4.005108590576,0.2278713629402756,0.9126495532583596,0.7721286370597243,0.0184790827333927,0.0085470080375671,0.0373663753271102,0.0636883974075317,0.0253163874149322,7,1.7477678424177974,0.1370797584434088,1,0.2496811203453996,0.7721286370597243,3265,744,0.6883476091651899,22.787136294027565,10/22/2025 10:29:42 AM,16,3,1.41,,65,S_to_N,1.41,,1.41,0.29797544136708815,2979.7544136708816,0.3306886702634084,-0.10281730732313282,1.4523002841986448,-0.5206125500645269,2955.9985393288275,2680.398322631542,1913.5895201347182,2212.9456111740574,-766.808802496824,2123.686502489667
B4_R7_C3,B4,4,7,3,AG36XF4,2,17,136.32,80.0,143.16,88.0,2873.83562364,3607.65873108,2874,3608,397071.98555347,4435647.09812476,40.06479852,-88.20694123,2927.65526815,3608.71726944,2928,3609,397073.91840703,4435647.06011046,40.06479841,-88.20691857,2926.43977522,3676.8646471,2926,3677,397073.87475438,4435644.61279781,40.06477636,-88.20691869,2872.62013072,3675.80610874,2873,3676,397071.94190082,4435644.6508121,40.06477647,-88.20694136,2900.13769943,3642.26168909,397072.93015393,4435645.85546128,40.06478744,-88.20692996,4.73242188,"POLYGON((2873.836 3607.659, 2927.655 3608.717, 2926.440 3676.865, 2872.620 3675.806, 2873.836 3607.659))","POLYGON((397071.986 4435647.098, 397073.918 4435647.060, 397073.875 4435644.613, 397071.942 4435644.651, 397071.986 4435647.098))",4.005521879232001,0.2870977819431428,1.1499764470522365,0.7129022180568572,0.0311795976012945,0.0217390954494476,0.0395650751888752,0.0851062536239624,0.043950477067162,5,1.2482767915772004,0.2370521736737766,3,0.7489660749463202,0.7094657919400188,3201,919,0.8672571631960078,28.70977819431428,10/22/2025 10:30:21 AM,17,3,1.035,,66,S_to_N,1.035,,1.035,0.21870408561292506,2187.0408561292506,0.3306886702634084,-0.04359088832026564,1.4475623150758907,-0.6649179128676678,2176.9692087349044,2594.2321887756384,1844.402221121324,1437.2108884749362,-749.8299676543145,1404.7841267276287
B4_R6_C3,B4,4,6,3,LD21-5253,2,18,136.32,70.0,143.16,78.0,2872.31625748,3692.84295315,2872,3693,397071.93098766,4435644.03898394,40.06477095,-88.20694139,2926.13590199,3693.90149151,2926,3694,397073.86384122,4435644.00096964,40.06477085,-88.20691872,2924.92040906,3762.04886918,2925,3762,397073.82018858,4435641.55365699,40.0647488,-88.20691884,2871.10076456,3760.99033082,2871,3761,397071.88733501,4435641.59167128,40.0647489,-88.20694151,2898.61833327,3727.44591116,397072.87558812,4435642.79632046,40.06475987,-88.20693012,4.73193359,"POLYGON((2872.316 3692.843, 2926.136 3693.901, 2924.920 3762.049, 2871.101 3760.990, 2872.316 3692.843))","POLYGON((397071.931 4435644.039, 397073.864 4435644.001, 397073.820 4435641.554, 397071.887 4435641.592, 397071.931 4435644.039))",4.005108590576,0.208462974486621,0.8349168499333913,0.7915370255133789,0.0204414892941713,0.0074213743209838,0.0497352741658687,0.0614441521465778,0.0250587537884712,9,2.2471300831085967,0.0960131521952789,3,0.7490433610361988,0.7800248911014313,3214,670,0.6297192777353912,20.846297448662103,10/22/2025 10:30:57 AM,18,3,1.005,,67,S_to_N,1.005,,1.005,0.21238675076164792,2123.867507616479,0.3306886702634084,-0.12222569577678744,1.4428243450888696,-0.8092232756708085,2095.6273373004237,2543.868315612105,1822.7666814123568,1402.7658734167308,-721.1016341997483,1502.1357592754068
B4_R5_C3,B4,4,5,3,AG38XF6,2,19,136.32,60.0,143.16,68.0,2870.79689132,3778.02717523,2871,3778,397071.87642185,4435640.97984312,40.06474339,-88.20694154,2924.61653583,3779.08571359,2925,3779,397073.80927542,4435640.94182883,40.06474328,-88.20691888,2923.4010429,3847.23309125,2923,3847,397073.76562277,4435638.49451617,40.06472123,-88.206919,2869.5813984,3846.17455289,2870,3846,397071.83276921,4435638.53253046,40.06472134,-88.20694166,2897.09896711,3812.63013324,397072.82102231,4435639.73717964,40.06473231,-88.20693027,4.73242188,"POLYGON((2870.797 3778.027, 2924.617 3779.086, 2923.401 3847.233, 2869.581 3846.175, 2870.797 3778.027))","POLYGON((397071.876 4435640.980, 397073.809 4435640.942, 397073.766 4435638.495, 397071.833 4435638.533, 397071.876 4435640.980))",4.005521879232001,0.2250079339892097,0.9012742025945696,0.7749920660107903,0.065938226878643,0.0469798445701599,0.0641177743673324,0.158031016588211,0.0936650297221015,4,0.9986214332617602,0.2286044493127144,2,0.4993107166308801,0.7699143129165344,3151,709,0.6796978409492636,22.500793398920976,10/22/2025 10:31:33 AM,19,3,1.295,,68,S_to_N,1.295,,1.295,0.2736442423852541,2736.4424238525407,0.3306886702634084,-0.10568073627419872,1.4380863750967945,-0.9535286384739494,2712.024956048064,2635.5927343412436,1971.6988714756033,2072.5485609869,-663.8938628656404,2129.720390591058
B4_R4_C3,B4,4,4,3,LD21-7234,2,20,136.32,50.0,143.16,58.0,2869.27752516,3863.21139731,2869,3863,397071.82185605,4435637.9207023,40.06471583,-88.20694169,2923.09716967,3864.26993567,2923,3864,397073.75470961,4435637.88268801,40.06471572,-88.20691903,2921.88167674,3932.41731333,2922,3932,397073.71105697,4435635.43537535,40.06469367,-88.20691915,2868.06203224,3931.35877497,2868,3931,397071.7782034,4435635.47338964,40.06469378,-88.20694182,2895.57960095,3897.81435532,397072.76645651,4435636.67803882,40.06470475,-88.20693042,4.73193359,"POLYGON((2869.278 3863.211, 2923.097 3864.270, 2921.882 3932.417, 2868.062 3931.359, 2869.278 3863.211))","POLYGON((397071.822 4435637.921, 397073.755 4435637.883, 397073.711 4435635.435, 397071.778 4435635.473, 397071.822 4435637.921))",4.005108590576,0.3947932618683001,1.5811898846102492,0.6052067381316999,0.0989563837647438,0.0871558785438537,0.0718909576535224,0.1964903026819229,0.108426767723233,5,1.248405601726998,0.3324921130201285,2,0.4993622406907992,0.5978560490045942,3265,1289,1.1925807368466796,39.479326186830015,10/22/2025 10:32:02 AM,20,3,1.475,,69,S_to_N,1.475,,1.475,0.3117118978840107,3117.118978840107,0.3306886702634084,0.06410459160489168,1.4333484059740405,-1.0978340012770904,3131.9303045065967,2501.3322137784,1936.540424624022,2552.3271896857295,-564.7917891543777,2378.848752221565
B4_R3_C3,B4,4,3,3,AG40XFF5,2,21,136.32,40.0,143.16,48.0,2867.75815901,3948.39561939,2868,3948,397071.76729024,4435634.86156148,40.06468827,-88.20694185,2921.57780351,3949.45415775,2922,3949,397073.7001438,4435634.82354719,40.06468816,-88.20691918,2920.36231058,4017.60153541,2920,4018,397073.65649116,4435632.37623453,40.06466611,-88.20691931,2866.54266608,4016.54299705,2867,4017,397071.7236376,4435632.41424882,40.06466622,-88.20694197,2894.0602348,3982.9985774,397072.7118907,4435633.61889801,40.06467719,-88.20693058,4.73193359,"POLYGON((2867.758 3948.396, 2921.578 3949.454, 2920.362 4017.602, 2866.543 4016.543, 2867.758 3948.396))","POLYGON((397071.767 4435634.862, 397073.700 4435634.824, 397073.656 4435632.376, 397071.724 4435632.414, 397071.767 4435634.862))",4.005108590576,0.3801936894720399,1.5227170117872513,0.6198063105279601,0.1556886881589889,0.1519336104393005,0.0505361072719097,0.2231757342815399,0.1615274324136622,5,1.248405601726998,0.3139200167148925,4,0.9987244813815984,0.6026241799437676,3201,1217,1.1484787460386738,38.01936894720399,10/22/2025 10:32:32 AM,21,3,1.355,,70,S_to_N,1.355,,1.355,0.2863522858527691,2863.5228585276914,0.3306886702634084,0.049505019208631484,1.4286104359819651,-1.2421393635969769,2874.960962152845,2339.606397394904,1837.8028796867611,2361.7193408195485,-501.80351770814286,2471.273690919962
B4_R2_C3,B4,4,2,3,LD20-11748,2,22,136.32,30.0,143.16,38.0,2866.23879285,4033.57984146,2866,4034,397071.71272443,4435631.80242066,40.0646607,-88.206942,2920.05843735,4034.63837982,2920,4035,397073.645578,4435631.76440637,40.0646606,-88.20691934,2918.84294443,4102.78575749,2919,4103,397073.60192535,4435629.31709371,40.06463855,-88.20691946,2865.02329992,4101.72721913,2865,4102,397071.66907179,4435629.355108,40.06463865,-88.20694212,2892.54086864,4068.18279947,397072.65732489,4435630.55975719,40.06464962,-88.20693073,4.73242188,"POLYGON((2866.239 4033.580, 2920.058 4034.638, 2918.843 4102.786, 2865.023 4101.727, 2866.239 4033.580))","POLYGON((397071.713 4435631.802, 397073.646 4435631.764, 397073.602 4435629.317, 397071.669 4435629.355, 397071.713 4435631.802))",4.005521879232001,0.2710566615620214,1.0857233883982609,0.7289433384379785,0.3236334025859833,0.2804869413375854,0.1817193925380706,0.5762686729431152,0.378084850732018,4,0.9986214332617602,0.2853525213564912,4,0.9986214332617602,0.7225114854517611,3265,885,0.8188005834827864,27.105666156202147,10/22/2025 10:33:02 AM,22,3,1.165,,71,S_to_N,1.165,,1.165,0.2461741639990896,2461.7416399908957,0.3306886702634084,-0.05963200870138702,1.423872465994944,-1.3864447264001176,2447.963701797841,2194.598429893986,1740.4285764822844,2007.571786579194,-454.16985341170175,2003.3206124498654
B4_R1_C3,B4,4,1,3,AG38XF6,2,23,136.32,20.0,143.16,28.0,2864.71942669,4118.76406354,2865,4119,397071.65815863,4435628.74327984,40.06463314,-88.20694216,2918.53907119,4119.8226019,2919,4120,397073.59101219,4435628.70526555,40.06463303,-88.20691949,2917.32357827,4187.96997956,2917,4188,397073.54735955,4435626.25795289,40.06461098,-88.20691961,2863.50393376,4186.9114412,2864,4187,397071.61450598,4435626.29596718,40.06461109,-88.20694228,2891.02150248,4153.36702155,397072.60275909,4435627.50061637,40.06462206,-88.20693088,4.73193359,"POLYGON((2864.719 4118.764, 2918.539 4119.823, 2917.324 4187.970, 2863.504 4186.911, 2864.719 4118.764))","POLYGON((397071.658 4435628.743, 397073.591 4435628.705, 397073.547 4435626.258, 397071.615 4435626.296, 397071.658 4435628.743))",4.005108590576,0.2351634401777213,0.941855114445197,0.7648365598222786,0.0643977224826812,0.053571343421936,0.0576333440840244,0.1420452743768692,0.0835891962051391,8,1.997448962763197,0.1194611402967005,2,0.4993622406907992,0.7635671215487146,3151,741,0.7103753175506409,23.516344017772138,10/22/2025 10:33:33 AM,23,3,1.15,,72,S_to_N,1.15,,1.15,0.24302961529939815,2430.2961529939817,0.3306886702634084,-0.09552523008568711,1.41913449687219,-1.5307500892032586,2408.225108522067,2354.8239136314232,1971.6988714756033,2047.1711108381617,-383.12504215582,2074.625918893935
B4_R0_C3,B4,4,0,3,LD21-3090,2,24,136.32,10.0,143.16,18.0,2863.20006053,4203.94828562,2863,4204,397071.60359282,4435625.68413902,40.06460558,-88.20694231,2917.01970503,4205.00682398,2917,4205,397073.53644639,4435625.64612473,40.06460547,-88.20691964,2915.80421211,4273.15420164,2916,4273,397073.49279374,4435623.19881207,40.06458342,-88.20691977,2861.9845676,4272.09566328,2862,4272,397071.55994018,4435623.23682636,40.06458353,-88.20694243,2889.50213632,4238.55124363,397072.54819328,4435624.44147555,40.0645945,-88.20693104,4.73144531,"POLYGON((2863.200 4203.948, 2917.020 4205.007, 2915.804 4273.154, 2861.985 4272.096, 2863.200 4203.948))","POLYGON((397071.604 4435625.684, 397073.536 4435625.646, 397073.493 4435623.199, 397071.560 4435623.237, 397071.604 4435625.684))",4.004695310384,0.2448662103298071,0.9806145641792808,0.7551337896701928,0.0430147908627986,0.0360592082142829,0.0429191663861274,0.0990097522735595,0.0558824650680315,17,4.245017081803887,0.0597068618963266,2,0.499413774329869,0.7501555693839452,3214,787,0.7396851814593326,24.48662103298071,10/22/2025 10:34:02 AM,24,3,0.525,,73,S_to_N,0.525,,0.525,0.11095975238061032,1109.5975238061033,0.3306886702634084,-0.08582245993360132,1.4143965268801149,-1.6750554520063994,1089.768298289614,2425.1940322550113,2130.1369400546714,814.5404316057634,-295.05709220033987,808.1302846739745
B12_R7_C2,B12,12,7,2,AG29XF4,3,1,129.49,240.0,136.33,248.0,2844.40452138,2243.65418705,2844,2244,397070.92857861,4435696.08233658,40.06523962,-88.20696141,2898.22416588,2244.71272541,2898,2245,397072.86143218,4435696.04432229,40.06523951,-88.20693875,2897.00867296,2312.86010307,2897,2313,397072.81777953,4435693.59700963,40.06521746,-88.20693887,2843.18902845,2311.80156471,2843,2312,397070.88492597,4435693.63502393,40.06521757,-88.20696154,2870.70659717,2278.25714506,397071.87317907,4435694.83967311,40.06522854,-88.20695014,4.73193359,"POLYGON((2844.405 2243.654, 2898.224 2244.713, 2897.009 2312.860, 2843.189 2311.802, 2844.405 2243.654))","POLYGON((397070.929 4435696.082, 397072.861 4435696.044, 397072.818 4435693.597, 397070.885 4435693.635, 397070.929 4435696.082))",4.005108590576,0.3826167646149087,1.532421690857566,0.6173832353850912,0.0116358110681176,0.0100502669811248,0.0292849298566579,0.0471697971224784,0.0151747288774041,9,2.2471300831085967,0.1772660735306866,4,0.9987244813815984,0.6145994432415713,3233,1237,1.1557983054598306,38.26167646149087,10/22/2025 10:46:40 AM,1,4,1.27,,97,N_to_S,1.27,,1.27,0.2683892273306397,2683.892273306397,0.3306886702634084,0.051928094351500254,1.3557847868508401,1.64575847491795,2695.890226922899,1726.3978892458833,2182.798000920842,3140.292384981355,456.40011167495845,3256.5406098389117
B12_R6_C2,B12,12,6,2,LD21-5253,3,2,129.49,230.0,136.33,238.0,2842.88515522,2328.83840913,2843,2329,397070.87401281,4435693.02319576,40.06521206,-88.20696157,2896.70479972,2329.89694749,2897,2330,397072.80686637,4435692.98518147,40.06521195,-88.2069389,2895.4893068,2398.04432515,2895,2398,397072.76321372,4435690.53786882,40.0651899,-88.20693902,2841.66966229,2396.98578679,2842,2397,397070.83036016,4435690.57588311,40.06519001,-88.20696169,2869.18723101,2363.44136714,397071.81861326,4435691.78053229,40.06520098,-88.2069503,4.73242188,"POLYGON((2842.885 2328.838, 2896.705 2329.897, 2895.489 2398.044, 2841.670 2396.986, 2842.885 2328.838))","POLYGON((397070.874 4435693.023, 397072.807 4435692.985, 397072.763 4435690.538, 397070.830 4435690.576, 397070.874 4435693.023))",4.005521879232001,0.2141959798994974,0.8579666839309751,0.7858040201005025,0.0194015018641948,0.0122698843479156,0.0365756005048751,0.0645160302519798,0.0308879986405372,8,1.9972428665235205,0.1099493895848175,2,0.4993107166308801,0.7829773869346733,3184,682,0.6470373844003297,21.41959798994975,10/22/2025 10:46:12 AM,2,4,1.01,,96,N_to_S,1.01,,1.01,0.21342137823097038,2134.2137823097037,0.3306886702634084,-0.11649269036391102,1.3510468168587648,1.501453112114809,2107.2982192969944,1462.0421461408498,1822.7666814123568,2494.938317581211,360.72453527150697,2661.722666342336
B12_R5_C2,B12,12,5,2,AG29XF5,3,3,129.49,220.0,136.33,228.0,2841.36578906,2414.0226312,2841,2414,397070.819447,4435689.96405494,40.0651845,-88.20696172,2895.18543356,2415.08116956,2895,2415,397072.75230056,4435689.92604065,40.06518439,-88.20693905,2893.96994064,2483.22854723,2894,2483,397072.70864792,4435687.478728,40.06516234,-88.20693918,2840.15029613,2482.17000887,2840,2482,397070.77579435,4435687.51674229,40.06516245,-88.20696184,2867.66786485,2448.62558921,397071.76404746,4435688.72139147,40.06517342,-88.20695045,4.73242188,"POLYGON((2841.366 2414.023, 2895.185 2415.081, 2893.970 2483.229, 2840.150 2482.170, 2841.366 2414.023))","POLYGON((397070.819 4435689.964, 397072.752 4435689.926, 397072.709 4435687.479, 397070.776 4435687.517, 397070.819 4435689.964))",4.005521879232001,0.574673304293715,2.3018664937590247,0.425326695706285,0.0076827933080494,0.0087970197200775,0.0202195513993501,0.0298063438385725,0.0043683401416329,3,0.7489660749463202,0.7940430989761798,11,2.7462089414698405,0.3873677660236465,3214,1847,1.7359574716078618,57.4673304293715,10/22/2025 10:45:43 AM,3,4,1.15,,95,N_to_S,1.15,,1.15,0.24300453956991674,2430.0453956991673,0.3306886702634084,0.24398463403030657,1.3463088477360108,1.3571477493116682,2486.4178922984042,1763.2786206742278,2157.017367309951,2823.784142334891,393.7387466357234,3040.103148521515
B12_R4_C2,B12,12,4,2,LD20-4988,3,4,129.49,210.0,136.33,218.0,2839.8464229,2499.20685328,2840,2499,397070.76488119,4435686.90491412,40.06515693,-88.20696187,2893.6660674,2500.26539164,2894,2500,397072.69773476,4435686.86689983,40.06515683,-88.20693921,2892.45057448,2568.4127693,2892,2568,397072.65408211,4435684.41958718,40.06513478,-88.20693933,2838.63092997,2567.35423094,2839,2567,397070.72122855,4435684.45760147,40.06513488,-88.206962,2866.14849869,2533.80981129,397071.70948165,4435685.66225065,40.06514586,-88.2069506,4.73193359,"POLYGON((2839.846 2499.207, 2893.666 2500.265, 2892.451 2568.413, 2838.631 2567.354, 2839.846 2499.207))","POLYGON((397070.765 4435686.905, 397072.698 4435686.867, 397072.654 4435684.420, 397070.721 4435684.458, 397070.765 4435686.905))",4.005108590576,0.4876601062168072,1.953131680690139,0.5123398937831928,0.0092309825122356,0.0096153318881988,0.0181869659572839,0.0299538671970367,0.0081763067666222,6,1.4980867220723977,0.335544471440665,10,2.496811203453996,0.5051546391752577,3201,1561,1.4731103718704766,48.76601062168072,10/22/2025 10:45:10 AM,4,4,1.095,,94,N_to_S,1.095,,1.095,0.23140645978507912,2314.0645978507914,0.3306886702634084,0.1569714359533988,1.3415708777439355,1.2128423865085274,2350.3327496326824,1739.976015973936,2069.8247828975273,2643.913364774383,329.84876692359126,2290.4222270027813
B12_R3_C2,B12,12,3,2,AG29XF5,3,5,129.49,200.0,136.33,208.0,2838.32705674,2584.39107536,2838,2584,397070.71031539,4435683.8457733,40.06512937,-88.20696203,2892.14670125,2585.44961372,2892,2585,397072.64316895,4435683.80775901,40.06512927,-88.20693936,2890.93120832,2653.59699138,2891,2654,397072.59951631,4435681.36044636,40.06510722,-88.20693948,2837.11156381,2652.53845302,2837,2653,397070.66666274,4435681.39846065,40.06510732,-88.20696215,2864.62913253,2618.99403337,397071.65491585,4435682.60310983,40.06511829,-88.20695076,4.73144531,"POLYGON((2838.327 2584.391, 2892.147 2585.450, 2890.931 2653.597, 2837.112 2652.538, 2838.327 2584.391))","POLYGON((397070.710 4435683.846, 397072.643 4435683.808, 397072.600 4435681.360, 397070.667 4435681.398, 397070.710 4435683.846))",4.004695310384,0.3531393568147014,1.4142155261478566,0.6468606431852986,0.0130211357027292,0.0112359225749969,0.0225666984915733,0.037837840616703,0.0158955294244429,8,1.997655097319476,0.1858821791661211,4,0.998827548659738,0.6336906584992343,3265,1153,1.0667537545261612,35.313935681470134,10/22/2025 10:44:40 AM,5,4,1.305,,93,N_to_S,1.305,,1.305,0.2758142416318028,2758.1424163180277,0.3306886702634084,0.022450686551292953,1.3368329086262358,1.0685370237053864,2763.329633358532,1895.5469585037665,2157.017367309951,3019.6128251242126,261.47040880618465,3057.375402878037
B12_R2_C2,B12,12,2,2,LD20-4542,3,6,129.49,190.0,136.33,198.0,2836.80769058,2669.57529744,2837,2670,397070.65574958,4435680.78663249,40.06510181,-88.20696218,2890.62733509,2670.6338358,2891,2671,397072.58860314,4435680.74861819,40.0651017,-88.20693951,2889.41184216,2738.78121346,2889,2739,397072.5449505,4435678.30130554,40.06507965,-88.20693964,2835.59219765,2737.7226751,2836,2738,397070.61209694,4435678.33931983,40.06507976,-88.2069623,2863.10976637,2704.17825545,397071.60035004,4435679.54396901,40.06509073,-88.20695091,4.73193359,"POLYGON((2836.808 2669.575, 2890.627 2670.634, 2889.412 2738.781, 2835.592 2737.723, 2836.808 2669.575))","POLYGON((397070.656 4435680.787, 397072.589 4435680.749, 397072.545 4435678.301, 397070.612 4435678.339, 397070.656 4435680.787))",4.005108590576,0.5251483911277726,2.103276332633007,0.4748516088722274,0.0075721973553299,0.0086655020713806,0.0200355891138315,0.0305755138397216,0.005300223827362,5,1.248405601726998,0.4336068595708581,5,1.248405601726998,0.4670415495157763,3201,1681,1.5863539622769194,52.51483911277725,10/22/2025 10:44:11 AM,6,4,0.845,,92,N_to_S,0.845,,0.845,0.17857393471999256,1785.7393471999255,0.3306886702634084,0.19445972086436414,1.3320949386341605,0.9242316609022455,1830.6691436876554,1621.5608285908806,1891.96460682895,2056.143125437995,270.40377823806944,1842.4088106110098
B12_R1_C2,B12,12,1,2,AG29XF4,3,7,129.49,180.0,136.33,188.0,2835.28832442,2754.75951951,2835,2755,397070.60118377,4435677.72749167,40.06507425,-88.20696233,2889.10796893,2755.81805787,2889,2756,397072.53403734,4435677.68947737,40.06507414,-88.20693967,2887.892476,2823.96543553,2888,2824,397072.49038469,4435675.24216472,40.06505209,-88.20693979,2834.07283149,2822.90689717,2834,2823,397070.55753113,4435675.28017901,40.0650522,-88.20696246,2861.59040021,2789.36247752,397071.54578423,4435676.48482819,40.06506317,-88.20695106,4.73193359,"POLYGON((2835.288 2754.760, 2889.108 2755.818, 2887.892 2823.965, 2834.073 2822.907, 2835.288 2754.760))","POLYGON((397070.601 4435677.727, 397072.534 4435677.689, 397072.490 4435675.242, 397070.558 4435675.280, 397070.601 4435677.727))",4.005108590576,0.5267579340385812,2.109722726771987,0.4732420659614188,0.0066591622307896,0.0074626803398132,0.0188882183283567,0.0293394196778535,0.0045617897019666,7,1.7477678424177974,0.3119301492536172,6,1.4980867220723977,0.4682638456751711,3214,1693,1.5912160256806227,52.67579340385812,10/22/2025 10:43:42 AM,7,4,0.975,,91,N_to_S,0.975,,0.975,0.20604684775383758,2060.4684775383757,0.3306886702634084,0.19606926377517275,1.3273569686420852,0.7799262980991047,2105.770157905705,1936.3433363781824,2182.798000920842,2306.923142081035,246.45466454265943,2583.953373991976
B12_R0_C2,B12,12,0,2,LD21-5253,3,8,129.49,170.0,136.33,178.0,2833.76895826,2839.94374159,2834,2840,397070.54661797,4435674.66835085,40.06504668,-88.20696249,2887.58860277,2841.00227995,2888,2841,397072.47947153,4435674.63033655,40.06504658,-88.20693982,2886.37310984,2909.14965761,2886,2909,397072.43581889,4435672.1830239,40.06502453,-88.20693994,2832.55346533,2908.09111925,2833,2908,397070.50296532,4435672.22103819,40.06502463,-88.20696261,2860.07103405,2874.5466996,397071.49121843,4435673.42568737,40.06503561,-88.20695122,4.73193359,"POLYGON((2833.769 2839.944, 2887.589 2841.002, 2886.373 2909.150, 2832.553 2908.091, 2833.769 2839.944))","POLYGON((397070.547 4435674.668, 397072.479 4435674.630, 397072.436 4435672.183, 397070.503 4435672.221, 397070.547 4435674.668))",4.005108590576,0.5772770549032054,2.3120572917352407,0.4227229450967946,0.0015861167339608,0.0031249821186065,0.0230149049311876,0.025640994310379,-0.0019400510133481,1,0.2496811203453996,2.346016887446136,12,2.996173444144796,0.4097112027927642,3151,1819,1.7438228105595357,57.72770549032054,10/22/2025 10:43:14 AM,8,4,0.57,,90,N_to_S,0.57,,0.57,0.12045815714839735,1204.5815714839734,0.3306886702634084,0.24658838463979693,1.3226189995193312,0.6356209352959639,1261.555663027753,1582.4723917477872,1822.7666814123568,1444.875861148543,240.29428966456953,1177.7806475402328
B8_R7_C2,B8,8,7,2,LG3216,3,9,129.49,160.0,136.33,168.0,2832.2495921,2925.12796367,2832,2925,397070.49205216,4435671.60921003,40.06501912,-88.20696264,2886.06923661,2926.18650203,2886,2926,397072.42490573,4435671.57119573,40.06501902,-88.20693997,2884.85374368,2994.33387969,2885,2994,397072.38125308,4435669.12388308,40.06499697,-88.2069401,2831.03409917,2993.27534133,2831,2993,397070.44839952,4435669.16189737,40.06499707,-88.20696276,2858.55166789,2959.73092168,397071.43665262,4435670.36654655,40.06500804,-88.20695137,4.73144531,"POLYGON((2832.250 2925.128, 2886.069 2926.187, 2884.854 2994.334, 2831.034 2993.275, 2832.250 2925.128))","POLYGON((397070.492 4435671.609, 397072.425 4435671.571, 397072.381 4435669.124, 397070.448 4435669.162, 397070.492 4435671.609))",4.004695310384,0.2186830015313935,0.8757587906934688,0.7813169984686065,0.0166762843728065,0.0106609761714935,0.0374267809092998,0.0686891451478004,0.0305342972278594,2,0.499413774329869,0.4604332209006435,5,1.2485344358246726,0.7644716692189892,3265,714,0.6605916571827225,21.868300153139355,10/22/2025 10:42:48 AM,9,4,1.105,,89,N_to_S,1.105,,1.105,0.23354385977252268,2335.438597725227,0.3306886702634084,-0.11200566873201492,1.3178810295272558,0.491315572492823,2309.559758245088,2597.4823036616995,1913.5895201347182,1651.5458141982456,-683.8927835269812,1612.2272582794
B8_R6_C2,B8,8,6,2,LD21-7234,3,10,129.49,150.0,136.33,158.0,2830.73022594,3010.31218575,2831,3010,397070.43748636,4435668.55006921,40.06499156,-88.20696279,2884.54987045,3011.37072411,2885,3011,397072.37033992,4435668.51205492,40.06499145,-88.20694013,2883.33437752,3079.51810177,2883,3080,397072.32668727,4435666.06474226,40.0649694,-88.20694025,2829.51473301,3078.45956341,2830,3078,397070.39383371,4435666.10275655,40.06496951,-88.20696292,2857.03230173,3044.91514376,397071.38208681,4435667.30740573,40.06498048,-88.20695152,4.73193359,"POLYGON((2830.730 3010.312, 2884.550 3011.371, 2883.334 3079.518, 2829.515 3078.460, 2830.730 3010.312))","POLYGON((397070.437 4435668.550, 397072.370 4435668.512, 397072.327 4435666.065, 397070.394 4435666.103, 397070.437 4435668.550))",4.005108590576,0.3598875351452671,1.4413886586515312,0.6401124648547329,0.0131020797416567,0.0121358931064605,0.0262290854007005,0.0429184138774871,0.0167921813095317,9,2.2471300831085967,0.165085300490987,2,0.4993622406907992,0.6369884411121525,3201,1152,1.0871384679018508,35.988753514526714,10/22/2025 10:42:17 AM,10,4,1.43,,88,N_to_S,1.43,,1.43,0.3022020433722951,3022.020433722951,0.3306886702634084,0.029198864881858688,1.313143059540235,0.3470102096896821,3028.7668131324417,2592.664349521962,1936.540424624022,2365.8965088250116,-656.1239248979398,2291.5408791890754
B8_R5_C2,B8,8,5,2,LG3216,3,11,129.49,140.0,136.33,148.0,2829.21085978,3095.49640782,2829,3095,397070.38292055,4435665.49092839,40.064964,-88.20696295,2883.03050429,3096.55494618,2883,3097,397072.31577411,4435665.4529141,40.06496389,-88.20694028,2881.81501136,3164.70232384,2882,3165,397072.27212147,4435663.00560144,40.06494184,-88.2069404,2827.99536686,3163.64378548,2828,3164,397070.3392679,4435663.04361573,40.06494195,-88.20696307,2855.51293557,3130.09936583,397071.32752101,4435664.24826491,40.06495292,-88.20695168,4.73193359,"POLYGON((2829.211 3095.496, 2883.031 3096.555, 2881.815 3164.702, 2827.995 3163.644, 2829.211 3095.496))","POLYGON((397070.383 4435665.491, 397072.316 4435665.453, 397072.272 4435663.006, 397070.339 4435663.044, 397070.383 4435665.491))",4.005108590576,0.2113323124042879,0.8464088598767043,0.7886676875957122,0.0187934581190347,0.0096852183341979,0.0339304506778717,0.0550691559910774,0.0263157486915588,8,1.997448962763197,0.1112391184949033,2,0.4993622406907992,0.7843797856049005,3265,690,0.6383868955967487,21.133231240428792,10/22/2025 10:41:45 AM,11,4,1.805,,87,N_to_S,1.805,,1.805,0.38145083096992494,3814.5083096992494,0.3306886702634084,-0.11935635785912052,1.3084050904174809,0.20270484688654122,3786.9310981086423,2602.4051847711435,1913.5895201347182,3125.6926450628243,-688.8156646364253,3073.060264282546
B8_R4_C2,B8,8,4,2,LD20-4542,3,12,129.49,130.0,136.33,138.0,2827.69149362,3180.6806299,2828,3181,397070.32835474,4435662.43178757,40.06493643,-88.2069631,2881.51113813,3181.73916826,2882,3182,397072.26120831,4435662.39377328,40.06493633,-88.20694043,2880.2956452,3249.88654592,2880,3250,397072.21755566,4435659.94646062,40.06491428,-88.20694056,2826.4760007,3248.82800756,2826,3249,397070.2847021,4435659.98447491,40.06491438,-88.20696322,2853.99356941,3215.28358791,397071.2729552,4435661.1891241,40.06492536,-88.20695183,4.73193359,"POLYGON((2827.691 3180.681, 2881.511 3181.739, 2880.296 3249.887, 2826.476 3248.828, 2827.691 3180.681))","POLYGON((397070.328 4435662.432, 397072.261 4435662.394, 397072.218 4435659.946, 397070.285 4435659.984, 397070.328 4435662.432))",4.005108590576,0.239925023430178,0.9609257724343542,0.7600749765698219,0.03351341933012,0.008403331041336,0.0715982392430305,0.1190474033355712,0.0384614467620849,5,1.248405601726998,0.1981023605891844,1,0.2496811203453996,0.7600749765698219,3201,768,0.7247589786012338,23.992502343017808,10/22/2025 10:41:20 AM,12,4,1.16,,86,N_to_S,1.16,,1.16,0.2451429163020016,2451.429163020016,0.3306886702634084,-0.09076364683323043,1.3036671204254056,0.058399484566654766,2430.4582793708223,2566.0538789209204,1891.96460682895,1777.3398909280456,-674.0892720919703,1856.938610980519
B8_R3_C2,B8,8,3,2,LG3216,3,13,129.49,120.0,136.33,128.0,2826.17212746,3265.86485198,2826,3266,397070.27378894,4435659.37264675,40.06490887,-88.20696325,2879.99177197,3266.92339034,2880,3267,397072.2066425,4435659.33463246,40.06490877,-88.20694059,2878.77627904,3335.070768,2879,3335,397072.16298986,4435656.8873198,40.06488672,-88.20694071,2824.95663454,3334.01222964,2825,3334,397070.23013629,4435656.92533409,40.06488682,-88.20696338,2852.47420325,3300.46780999,397071.2183894,4435658.12998328,40.06489779,-88.20695198,4.73193359,"POLYGON((2826.172 3265.865, 2879.992 3266.923, 2878.776 3335.071, 2824.957 3334.012, 2826.172 3265.865))","POLYGON((397070.274 4435659.373, 397072.207 4435659.335, 397072.163 4435656.887, 397070.230 4435656.925, 397070.274 4435659.373))",4.005108590576,0.2103298070939639,0.8423937172462276,0.7896701929060361,0.0260469745844602,0.0136752128601074,0.0440733321011066,0.083333246409893,0.0320677831768989,7,1.7477678424177974,0.1245509633168607,1,0.2496811203453996,0.7893590541381457,3214,676,0.6353585548494394,21.03298070939639,10/22/2025 10:40:53 AM,13,4,0.97,,85,N_to_S,0.97,,0.97,0.20499019725253584,2049.9019725253584,0.3306886702634084,-0.12035886316944452,1.2989291513026515,-0.0859058782364861,2022.0931327118449,2579.908472274066,1913.5895201347182,1383.5830203860107,-666.3189521393476,1319.5181326787626
B8_R2_C2,B8,8,2,2,LD21-5253,3,14,129.49,110.0,136.33,118.0,2824.6527613,3351.04907405,2825,3351,397070.21922313,4435656.31350593,40.06488131,-88.20696341,2878.47240581,3352.10761241,2878,3352,397072.15207669,4435656.27549164,40.0648812,-88.20694074,2877.25691288,3420.25499008,2877,3420,397072.10842405,4435653.82817898,40.06485915,-88.20694086,2823.43726838,3419.19645172,2823,3419,397070.17557049,4435653.86619327,40.06485926,-88.20696353,2850.95483709,3385.65203207,397071.16382359,4435655.07084246,40.06487023,-88.20695214,4.73193359,"POLYGON((2824.653 3351.049, 2878.472 3352.108, 2877.257 3420.255, 2823.437 3419.196, 2824.653 3351.049))","POLYGON((397070.219 4435656.314, 397072.152 4435656.275, 397072.108 4435653.828, 397070.176 4435653.866, 397070.219 4435656.314))",4.005108590576,0.2393700787401574,0.9587031586890582,0.7606299212598425,0.0426166206598281,0.0186046659946441,0.0628244280815124,0.1423882693052292,0.0578946843743324,4,0.9987244813815984,0.2450484929163088,2,0.4993622406907992,0.7606299212598425,3175,760,0.7230826167904928,23.937007874015748,10/22/2025 10:40:29 AM,14,4,1.245,,84,N_to_S,1.245,,1.245,0.26310597482413106,2631.0597482413104,0.3306886702634084,-0.09131859152325103,1.2941911813105762,-0.23021124103962695,2609.9606449697,2461.2794075278334,1822.7666814123568,1992.5470221258338,-638.5127261154767,2054.4536492806255
B8_R1_C2,B8,8,1,2,LG3216,3,15,129.49,100.0,136.33,108.0,2823.13339515,3436.23329613,2823,3436,397070.16465732,4435653.25436511,40.06485375,-88.20696356,2876.95303965,3437.29183449,2877,3437,397072.09751089,4435653.21635082,40.06485364,-88.2069409,2875.73754672,3505.43921215,2876,3505,397072.05385824,4435650.76903816,40.06483159,-88.20694102,2821.91790222,3504.38067379,2822,3504,397070.12100468,4435650.80705246,40.0648317,-88.20696368,2849.43547094,3470.83625414,397071.10925778,4435652.01170164,40.06484267,-88.20695229,4.73193359,"POLYGON((2823.133 3436.233, 2876.953 3437.292, 2875.738 3505.439, 2821.918 3504.381, 2823.133 3436.233))","POLYGON((397070.165 4435653.254, 397072.098 4435653.216, 397072.054 4435650.769, 397070.121 4435650.807, 397070.165 4435653.254))",4.005108590576,0.2790199081163859,1.1175050309386632,0.7209800918836141,0.0485384762287139,0.0365448296070098,0.044404711574316,0.1086954921483993,0.0630304253335092,8,1.997448962763197,0.1468678796360245,1,0.2496811203453996,0.7200612557427258,3265,911,0.8428557418675913,27.901990811638587,10/22/2025 10:39:57 AM,15,4,1.89,,83,N_to_S,1.89,,1.89,0.39941388949205436,3994.138894920544,0.3306886702634084,-0.05166876214702254,1.2894532113235553,-0.3745166038427678,3982.200859847163,2515.3564761350644,1913.5895201347182,3392.371938920198,-601.7669560003462,3335.2680061346955
B8_R0_C2,B8,8,0,2,LD20-4988,3,16,129.49,90.0,136.33,98.0,2821.61402899,3521.41751821,2822,3521,397070.11009152,4435650.19522429,40.06482618,-88.20696371,2875.43367349,3522.47605657,2875,3522,397072.04294508,4435650.15721,40.06482608,-88.20694105,2874.21818057,3590.62343423,2874,3591,397071.99929244,4435647.70989734,40.06480403,-88.20694117,2820.39853606,3589.56489587,2820,3590,397070.06643887,4435647.74791164,40.06480413,-88.20696384,2847.91610478,3556.02047622,397071.05469198,4435648.95256082,40.06481511,-88.20695244,4.73242188,"POLYGON((2821.614 3521.418, 2875.434 3522.476, 2874.218 3590.623, 2820.399 3589.565, 2821.614 3521.418))","POLYGON((397070.110 4435650.195, 397072.043 4435650.157, 397071.999 4435647.710, 397070.066 4435647.748, 397070.110 4435650.195))",4.005521879232001,0.2383630115588878,0.9547682579987556,0.7616369884411122,0.0513828955590724,0.0406503975391387,0.0463072210550308,0.1127271652221679,0.0691280598733939,10,2.496553583154401,0.0984063158395492,2,0.4993107166308801,0.7616369884411122,3201,763,0.7200404956676321,23.836301155888783,10/22/2025 10:39:29 AM,16,4,1.15,,82,N_to_S,1.15,,1.15,0.24300453956991674,2430.0453956991673,0.3306886702634084,-0.09232565870452061,1.2847152422008012,-0.5188219666459087,2408.7136101872306,2646.9125759033336,2069.8247828975273,1852.957602693361,-577.0877930058064,2027.6699264942583
B4_R7_C2,B4,4,7,2,LD21-7234,3,17,129.49,80.0,136.33,88.0,2820.09466283,3606.60174029,2820,3607,397070.05552571,4435647.13608347,40.06479862,-88.20696387,2873.91430733,3607.66027865,2874,3608,397071.98837928,4435647.09806918,40.06479852,-88.2069412,2872.69881441,3675.80765631,2873,3676,397071.94472663,4435644.65075652,40.06477647,-88.20694132,2818.8791699,3674.74911795,2819,3675,397070.01187307,4435644.68877082,40.06477657,-88.20696399,2846.39673862,3641.2046983,397071.00012617,4435645.89342,40.06478754,-88.2069526,4.73193359,"POLYGON((2820.095 3606.602, 2873.914 3607.660, 2872.699 3675.808, 2818.879 3674.749, 2820.095 3606.602))","POLYGON((397070.056 4435647.136, 397071.988 4435647.098, 397071.945 4435644.651, 397070.012 4435644.689, 397070.056 4435647.136))",4.005108590576,0.2248085758039816,0.9003827581876825,0.7751914241960184,0.0346866250038147,0.0290697216987609,0.033358410000801,0.0786515921354293,0.0476511732269735,12,2.996173444144796,0.0788884183335836,1,0.2496811203453996,0.7742725880551302,3265,734,0.6790956251710341,22.48085758039816,10/22/2025 10:38:58 AM,17,4,1.205,,81,N_to_S,1.205,,1.205,0.25465277081371723,2546.5277081371723,0.3306886702634084,-0.10588009445942684,1.279977272208726,-0.6631273294490495,2522.06417874909,2513.3128697335715,1936.540424624022,1969.755263027623,-576.7724451095494,2166.0580726946655
B4_R6_C2,B4,4,6,2,AG34XF6,3,18,129.49,70.0,136.33,78.0,2818.57529667,3691.78596236,2819,3692,397070.00095991,4435644.07694265,40.06477106,-88.20696402,2872.39494117,3692.84450072,2872,3693,397071.93381347,4435644.03892836,40.06477095,-88.20694136,2871.17944825,3760.99187839,2871,3761,397071.89016082,4435641.5916157,40.0647489,-88.20694148,2817.35980374,3759.93334003,2817,3760,397069.95730726,4435641.62963,40.06474901,-88.20696414,2844.87737246,3726.38892038,397070.94556036,4435642.83427918,40.06475998,-88.20695275,4.73193359,"POLYGON((2818.575 3691.786, 2872.395 3692.845, 2871.179 3760.992, 2817.360 3759.933, 2818.575 3691.786))","POLYGON((397070.001 4435644.077, 397071.934 4435644.039, 397071.890 4435641.592, 397069.957 4435641.630, 397070.001 4435644.077))",4.005108590576,0.3116470961599492,1.2481804620582773,0.6883529038400508,0.0316822081804275,0.0255590975284576,0.0332860648632049,0.0778441727161407,0.0400272028118956,3,0.7490433610361988,0.4221712632347636,3,0.7490433610361988,0.6807362741986671,3151,982,0.941415063204763,31.164709615994923,10/22/2025 10:38:30 AM,18,4,1.12,,80,N_to_S,1.12,,1.12,0.2366897122915878,2366.897122915878,0.3306886702634084,-0.019041574103459247,1.2752393022166506,-0.8074326922521904,2362.4975791673232,2441.7552351949416,1932.096114966995,1857.2380026879312,-509.6591202279467,1828.7466833084188
B4_R5_C2,B4,4,5,2,LD07-3395bf,3,19,129.49,60.0,136.33,68.0,2817.05593051,3776.97018444,2817,3777,397069.9463941,4435641.01780183,40.0647435,-88.20696417,2870.87557501,3778.0287228,2871,3778,397071.87924766,4435640.97978754,40.06474339,-88.20694151,2869.66008209,3846.17610046,2870,3846,397071.83559502,4435638.53247489,40.06472134,-88.20694163,2815.84043758,3845.1175621,2816,3845,397069.90274145,4435638.57048918,40.06472145,-88.2069643,2843.3580063,3811.57314245,397070.89099456,4435639.77513836,40.06473242,-88.2069529,4.73144531,"POLYGON((2817.056 3776.970, 2870.876 3778.029, 2869.660 3846.176, 2815.840 3845.118, 2817.056 3776.970))","POLYGON((397069.946 4435641.018, 397071.879 4435640.980, 397071.836 4435638.532, 397069.903 4435638.570, 397069.946 4435641.018))",4.004695310384,0.2230864965774735,0.8933934466538047,0.7769135034225264,0.0526419691741466,0.0398405939340591,0.0498924888670444,0.1223548203706741,0.0727921053767204,7,1.7479482101545418,0.1321050897902206,3,0.7491206614948036,0.769446172993155,3214,717,0.6738936151287693,22.30864965774736,10/22/2025 10:37:56 AM,19,4,1.41,,79,N_to_S,1.41,,1.41,0.29800619210792484,2980.0619210792483,0.3306886702634084,-0.10760217368593492,1.2705013330938966,-0.9517380550113991,2955.2005063664374,2464.5380185842246,1987.9545781255385,2503.4784806205626,-476.583440458686,1897.1162966715835
B4_R4_C2,B4,4,4,2,AG36XF4,3,20,129.49,50.0,136.33,58.0,2815.53656435,3862.15440652,2816,3862,397069.89182829,4435637.95866101,40.06471593,-88.20696433,2869.35620886,3863.21294488,2869,3863,397071.82468186,4435637.92064672,40.06471583,-88.20694166,2868.14071593,3931.36032254,2868,3931,397071.78102921,4435635.47333407,40.06469378,-88.20694178,2814.32107142,3930.30178418,2814,3930,397069.84817565,4435635.51134836,40.06469388,-88.20696445,2841.83864014,3896.75736453,397070.83642875,4435636.71599754,40.06470486,-88.20695306,4.73193359,"POLYGON((2815.537 3862.154, 2869.356 3863.213, 2868.141 3931.360, 2814.321 3930.302, 2815.537 3862.154))","POLYGON((397069.892 4435637.959, 397071.825 4435637.921, 397071.781 4435635.473, 397069.848 4435635.511, 397069.892 4435637.959))",4.005108590576,0.4945329584504842,1.9806582002129984,0.5054670415495157,0.1033237874507904,0.1027397215366363,0.05879433080554,0.1790391355752945,0.101670663672335,7,1.7477678424177974,0.291662980666554,5,1.248405601726998,0.4973445798188066,3201,1583,1.4938716967783243,49.45329584504842,10/22/2025 10:37:27 AM,20,4,1.01,,78,N_to_S,1.01,,1.01,0.2134434012629497,2134.434012629497,0.3306886702634084,0.16384428818707575,1.2657633631068756,-1.09604341781454,2172.2901326074584,2198.242362775115,1844.402221121324,1780.5938709757058,-353.8401416537911,1760.8043618629856
B4_R3_C2,B4,4,3,2,LD17-10473F,3,21,129.49,40.0,136.33,48.0,2814.01719819,3947.3386286,2814,3947,397069.83726249,4435634.8995202,40.06468837,-88.20696448,2867.8368427,3948.39716696,2868,3948,397071.77011605,4435634.8615059,40.06468827,-88.20694182,2866.62134977,4016.54454462,2867,4017,397071.72646341,4435632.41419325,40.06466622,-88.20694194,2812.80170526,4015.48600626,2813,4015,397069.79360984,4435632.45220754,40.06466632,-88.2069646,2840.31927398,3981.94158661,397070.78186295,4435633.65685672,40.06467729,-88.20695321,4.73193359,"POLYGON((2814.017 3947.339, 2867.837 3948.397, 2866.621 4016.545, 2812.802 4015.486, 2814.017 3947.339))","POLYGON((397069.837 4435634.900, 397071.770 4435634.862, 397071.726 4435632.414, 397069.794 4435632.452, 397069.837 4435634.900))",4.005108590576,0.4336906584992343,1.7369781820078456,0.5663093415007656,0.1675565391778946,0.1630432903766632,0.056617084890604,0.2413790673017501,0.1716517323325661,2,0.4993622406907992,0.913128068340772,4,0.9987244813815984,0.5586523736600306,3265,1416,1.310080933572458,43.36906584992343,10/22/2025 10:37:02 AM,21,4,1.595,,77,N_to_S,1.595,,1.595,0.33707150991525225,3370.7150991525227,0.3306886702634084,0.1030019882358259,1.2610253939841216,-1.2403487806176807,3394.5136439035723,2453.8999095535924,2152.516168297201,3069.3313578961315,-301.3837412563912,2767.979750346512
B4_R2_C2,B4,4,2,2,AG38XF6,3,22,129.49,30.0,136.33,38.0,2812.49783203,4032.52285067,2812,4033,397069.78269668,4435631.84037938,40.06466081,-88.20696463,2866.31747654,4033.58138903,2866,4034,397071.71555024,4435631.80236508,40.0646607,-88.20694197,2865.10198361,4101.7287667,2865,4102,397071.6718976,4435629.35505243,40.06463865,-88.20694209,2811.2823391,4100.67022834,2811,4101,397069.73904404,4435629.39306672,40.06463876,-88.20696476,2838.79990782,4067.12580869,397070.72729714,4435630.5977159,40.06464973,-88.20695336,4.73242188,"POLYGON((2812.498 4032.523, 2866.317 4033.581, 2865.102 4101.729, 2811.282 4100.670, 2812.498 4032.523))","POLYGON((397069.783 4435631.840, 397071.716 4435631.802, 397071.672 4435629.355, 397069.739 4435629.393, 397069.783 4435631.840))",4.005521879232001,0.2344571605320136,0.93912328625359,0.7655428394679864,0.2776163816452026,0.2403840124607086,0.1514087915420532,0.4999978542327881,0.3374091132388395,6,1.4979321498926403,0.1629357523075106,2,0.4993107166308801,0.7627590473244664,3233,758,0.7082418072259916,23.44571605320136,10/22/2025 10:36:32 AM,22,4,0.96,,76,N_to_S,0.96,,0.96,0.20285596346706095,2028.5596346706095,0.3306886702634084,-0.09623150973139483,1.2562874239920463,-1.3846541434208217,2006.3254047297246,2246.1131984249278,1971.6988714756033,1754.145307721285,-274.4143269493245,1800.8322070335105
B4_R1_C2,B4,4,1,2,LD21-5665,3,23,129.49,20.0,136.33,28.0,2810.97846587,4117.70707275,2811,4118,397069.72813087,4435628.78123856,40.06463325,-88.20696479,2864.79811038,4118.76561111,2865,4119,397071.66098444,4435628.74322426,40.06463314,-88.20694212,2863.58261745,4186.91298877,2864,4187,397071.61733179,4435626.29591161,40.06461109,-88.20694224,2809.76297294,4185.85445041,2810,4186,397069.68447823,4435626.3339259,40.0646112,-88.20696491,2837.28054166,4152.31003076,397070.67273133,4435627.53857508,40.06462217,-88.20695352,4.73193359,"POLYGON((2810.978 4117.707, 2864.798 4118.766, 2863.583 4186.913, 2809.763 4185.854, 2810.978 4117.707))","POLYGON((397069.728 4435628.781, 397071.661 4435628.743, 397071.617 4435626.296, 397069.684 4435626.334, 397069.728 4435628.781))",4.005108590576,0.1914038342609771,0.7665931408678243,0.8085961657390228,0.065872237086296,0.0548780560493469,0.0597128421068191,0.142856478691101,0.0874999165534973,11,2.746492323799396,0.072576563213012,1,0.2496811203453996,0.8064316635745207,3234,619,0.5781874913923507,19.140383426097717,10/22/2025 10:36:06 AM,23,4,1.19,,75,N_to_S,1.19,,1.19,0.251482819309812,2514.8281930981198,0.3306886702634084,-0.13928483600243133,1.251549453999971,-1.5289595062239625,2482.646519137058,2348.6997636017777,2143.828394071608,2309.95682356795,-204.8713695301699,2639.518313198928
B4_R0_C2,B4,4,0,2,AG35XF5,3,24,129.49,10.0,136.33,18.0,2809.45909971,4202.89129483,2809,4203,397069.67356507,4435625.72209774,40.06460568,-88.20696494,2863.27874422,4203.94983319,2863,4204,397071.60641863,4435625.68408344,40.06460558,-88.20694228,2862.06325129,4272.09721085,2862,4272,397071.56276599,4435623.23677079,40.06458353,-88.2069424,2808.24360678,4271.03867249,2808,4271,397069.62991242,4435623.27478508,40.06458363,-88.20696506,2835.7611755,4237.49425284,397070.61816553,4435624.47943426,40.06459461,-88.20695367,4.73242188,"POLYGON((2809.459 4202.891, 2863.279 4203.950, 2862.063 4272.097, 2808.244 4271.039, 2809.459 4202.891))","POLYGON((397069.674 4435625.722, 397071.606 4435625.684, 397071.563 4435623.237, 397069.630 4435623.275, 397069.674 4435625.722))",4.005521879232001,0.2991829038340666,1.1983836671995176,0.7008170961659334,0.1078220009803772,0.081395149230957,0.1212232410907745,0.2413788586854934,0.1344544627946965,5,1.2482767915772004,0.2455643844803432,4,0.9986214332617602,0.6835323695788812,3182,952,0.903763570375692,29.918290383406664,10/22/2025 10:35:39 AM,24,4,0.715,,74,N_to_S,0.715,,0.715,0.15108543112390477,1510.8543112390478,0.3306886702634084,-0.03150576642934183,1.246811484877217,-1.6732648690271035,1503.5749236745269,1975.5763654831894,1881.5858952900314,1416.8638410458898,-93.99047019315799,1382.6622234570277
B12_R7_C1,B12,12,7,1,LD20-4542,4,1,122.65,240.0,129.49,248.0,2790.58487687,2242.59564869,2791,2243,397068.99572505,4435696.12035087,40.06523973,-88.20698408,2844.40452138,2243.65418705,2844,2244,397070.92857861,4435696.08233658,40.06523962,-88.20696141,2843.18902845,2311.80156471,2843,2312,397070.88492597,4435693.63502393,40.06521757,-88.20696154,2789.36938394,2310.74302635,2789,2311,397068.9520724,4435693.67303822,40.06521768,-88.2069842,2816.88695266,2277.1986067,397069.94032551,4435694.8776874,40.06522865,-88.20697281,4.73193359,"POLYGON((2790.585 2242.596, 2844.405 2243.654, 2843.189 2311.802, 2789.369 2310.743, 2790.585 2242.596))","POLYGON((397068.996 4435696.120, 397070.929 4435696.082, 397070.885 4435693.635, 397068.952 4435693.673, 397068.996 4435696.120))",4.005108590576,0.2842861605748203,1.1385969439000811,0.7157138394251796,0.0655714571475982,0.0384614765644073,0.0765233933925628,0.1748248487710952,0.0922440793000015,2,0.4993622406907992,0.5868266540890554,3,0.7490433610361988,0.7072789753202124,3201,910,0.8587638939155244,28.42861605748204,10/22/2025 10:48:26 AM,1,5,0.435,,98,S_to_N,0.435,,0.435,0.0919285936132506,919.2859361325061,0.3306886702634084,-0.04640250968858811,1.1879543786939166,1.6475516796841636,908.5646653852218,1290.0524400142094,1891.96460682895,1521.1981029472468,601.9121668147407,1632.900576080966
B12_R6_C1,B12,12,6,1,AG29XF5,4,2,122.65,230.0,129.49,238.0,2789.06551071,2327.77987077,2789,2328,397068.94115924,4435693.06121005,40.06521217,-88.20698423,2842.88515522,2328.83840913,2843,2329,397070.87401281,4435693.02319576,40.06521206,-88.20696157,2841.66966229,2396.98578679,2842,2397,397070.83036016,4435690.57588311,40.06519001,-88.20696169,2787.85001778,2395.92724843,2788,2396,397068.8975066,4435690.6138974,40.06519012,-88.20698436,2815.3675865,2362.38282878,397069.8857597,4435691.81854658,40.06520109,-88.20697296,4.73242188,"POLYGON((2789.066 2327.780, 2842.885 2328.838, 2841.670 2396.986, 2787.850 2395.927, 2789.066 2327.780))","POLYGON((397068.941 4435693.061, 397070.874 4435693.023, 397070.830 4435690.576, 397068.898 4435690.614, 397068.941 4435693.061))",4.005521879232001,0.3382078406969508,1.3546989056394478,0.6617921593030491,0.0673613250255584,0.0495611429214477,0.0626053437590599,0.1584172844886779,0.0820711435243194,4,0.9986214332617602,0.3504838313158259,2,0.4993107166308801,0.6614810205351587,3214,1087,1.0216490371617466,33.82078406969509,10/22/2025 10:48:54 AM,2,5,0.535,,99,S_to_N,0.535,,0.535,0.11304993797383085,1130.4993797383086,0.3306886702634084,0.007519170433542388,1.1832164087018413,1.5032463168810228,1132.2366793489116,1599.2559837849103,2157.017367309951,1688.2607632633494,557.7613835250409,1744.889851040615
B12_R5_C1,B12,12,5,1,LD20-5413,4,3,122.65,220.0,129.49,228.0,2787.54614455,2412.96409284,2788,2413,397068.88659344,4435690.00206924,40.0651846,-88.20698439,2841.36578906,2414.0226312,2841,2414,397070.819447,4435689.96405494,40.0651845,-88.20696172,2840.15029613,2482.17000887,2840,2482,397070.77579435,4435687.51674229,40.06516245,-88.20696184,2786.33065162,2481.11147051,2786,2481,397068.84294079,4435687.55475658,40.06516255,-88.20698451,2813.84822034,2447.56705085,397069.83119389,4435688.75940576,40.06517352,-88.20697312,4.73193359,"POLYGON((2787.546 2412.964, 2841.366 2414.023, 2840.150 2482.170, 2786.331 2481.111, 2787.546 2412.964))","POLYGON((397068.887 4435690.002, 397070.819 4435689.964, 397070.776 4435687.517, 397068.843 4435687.555, 397068.887 4435690.002))",4.005108590576,0.243732148524278,0.9761737218541312,0.756267851475722,0.0657542645931243,0.0321100950241088,0.0845803469419479,0.1806448400020599,0.1016286257435293,2,0.4993622406907992,0.495255901472961,2,0.4993622406907992,0.7537289749285941,3151,768,0.7362594384330529,24.3732148524278,10/22/2025 10:49:27 AM,3,5,0.45,,100,S_to_N,0.45,,0.45,0.0950985451171558,950.9854511715581,0.3306886702634084,-0.08695652173913043,1.1784784387148202,1.358940954077882,930.894201386493,1427.5803691152457,1913.3920620325637,1436.797144088876,485.81169291731794,539.4875545589292
B12_R4_C1,B12,12,4,1,AG29XF5,4,4,122.65,210.0,129.49,218.0,2786.02677839,2498.14831492,2786,2498,397068.83202763,4435686.94292842,40.06515704,-88.20698454,2839.8464229,2499.20685328,2840,2499,397070.76488119,4435686.90491412,40.06515693,-88.20696187,2838.63092997,2567.35423094,2839,2567,397070.72122855,4435684.45760147,40.06513488,-88.206962,2784.81128546,2566.29569258,2785,2566,397068.78837498,4435684.49561576,40.06513499,-88.20698466,2812.32885418,2532.75127293,397069.77662809,4435685.70026494,40.06514596,-88.20697327,4.73193359,"POLYGON((2786.027 2498.148, 2839.846 2499.207, 2838.631 2567.354, 2784.811 2566.296, 2786.027 2498.148))","POLYGON((397068.832 4435686.943, 397070.765 4435686.905, 397070.721 4435684.458, 397068.788 4435684.496, 397068.832 4435686.943))",4.005108590576,0.2260336906584992,0.9052894762159532,0.7739663093415008,0.0567345768213272,0.0350877046585083,0.0686413943767547,0.1428569108247757,0.0762331187725067,5,1.248405601726998,0.1903639871286694,1,0.2496811203453996,0.7736600306278714,3265,738,0.6827964187686963,22.603369065849925,10/22/2025 10:49:56 AM,4,5,0.93,,101,S_to_N,0.93,,0.93,0.196536993242122,1965.36993242122,0.3306886702634084,-0.10465497960490922,1.1737404695920661,1.214635591274741,1941.1894650515492,1718.9278215708644,2157.017367309951,2403.459478160307,438.0895457390868,2363.6461832000423
B12_R3_C1,B12,12,3,1,LD20-4471,4,5,122.65,200.0,129.49,208.0,2784.50741223,2583.332537,2785,2583,397068.77746182,4435683.8837876,40.06512948,-88.20698469,2838.32705674,2584.39107536,2838,2584,397070.71031539,4435683.8457733,40.06512937,-88.20696203,2837.11156381,2652.53845302,2837,2653,397070.66666274,4435681.39846065,40.06510732,-88.20696215,2783.2919193,2651.47991466,2783,2651,397068.73380918,4435681.43647494,40.06510743,-88.20698482,2810.80948802,2617.93549501,397069.72206228,4435682.64112412,40.0651184,-88.20697342,4.73193359,"POLYGON((2784.507 2583.333, 2838.327 2584.391, 2837.112 2652.538, 2783.292 2651.480, 2784.507 2583.333))","POLYGON((397068.777 4435683.884, 397070.710 4435683.846, 397070.667 4435681.398, 397068.734 4435681.436, 397068.777 4435683.884))",4.005108590576,0.3018867924528302,1.209089385834264,0.6981132075471699,0.0712914988398552,0.0516128838062286,0.0723813027143478,0.1681196242570877,0.0914944398823907,4,0.9987244813815984,0.314693854060944,4,0.9987244813815984,0.6860501082585834,3233,976,0.9119314034994298,30.18867924528302,10/22/2025 10:50:27 AM,5,5,0.96,,102,S_to_N,0.96,,0.96,0.20287689624993238,2028.7689624993238,0.3306886702634084,-0.028801877810578247,1.1690024995999908,1.0703302284716003,2022.1143067035543,1351.4113266672518,1769.881967652431,2447.2396034845033,418.4706409851792,2513.782806391619
B12_R2_C1,B12,12,2,1,AG29XF5,4,6,122.65,190.0,129.49,198.0,2782.98804607,2668.51675908,2783,2669,397068.72289602,4435680.82464678,40.06510192,-88.20698485,2836.80769058,2669.57529744,2837,2670,397070.65574958,4435680.78663249,40.06510181,-88.20696218,2835.59219765,2737.7226751,2836,2738,397070.61209694,4435678.33931983,40.06507976,-88.2069623,2781.77255314,2736.66413674,2782,2737,397068.67924337,4435678.37733412,40.06507987,-88.20698497,2809.29012186,2703.11971709,397069.66749648,4435679.5819833,40.06509084,-88.20697358,4.73242188,"POLYGON((2782.988 2668.517, 2836.808 2669.575, 2835.592 2737.723, 2781.773 2736.664, 2782.988 2668.517))","POLYGON((397068.723 4435680.825, 397070.656 4435680.787, 397070.612 4435678.339, 397068.679 4435678.377, 397068.723 4435680.825))",4.005521879232001,0.2269635126777983,0.909107315818271,0.7730364873222016,0.056020338088274,0.0413902997970581,0.0580077655613422,0.1356647163629531,0.07943045347929,6,1.4979321498926403,0.1577768366671672,1,0.24965535831544,0.7721088435374149,3234,734,0.6856051998093463,22.69635126777984,10/22/2025 10:50:59 AM,6,5,0.91,,103,S_to_N,0.91,,0.91,0.19229054870315154,1922.9054870315153,0.3306886702634084,-0.10372515758561013,1.164264530477237,0.9260248656684594,1898.9398544559665,1786.5142078211404,2157.017367309951,2293.4086465203263,370.50315948881075,2242.3752870838275
B12_R1_C1,B12,12,1,1,LD21-7234,4,7,122.65,180.0,129.49,188.0,2781.46867991,2753.70098115,2781,2754,397068.66833021,4435677.76550596,40.06507435,-88.206985,2835.28832442,2754.75951951,2835,2755,397070.60118377,4435677.72749167,40.06507425,-88.20696233,2834.07283149,2822.90689717,2834,2823,397070.55753113,4435675.28017901,40.0650522,-88.20696246,2780.25318699,2821.84835882,2780,2822,397068.62467757,4435675.3181933,40.0650523,-88.20698512,2807.7707557,2788.30393916,397069.61293067,4435676.52284248,40.06506327,-88.20697373,4.73242188,"POLYGON((2781.469 2753.701, 2835.288 2754.760, 2834.073 2822.907, 2780.253 2821.848, 2781.469 2753.701))","POLYGON((397068.668 4435677.766, 397070.601 4435677.727, 397070.558 4435675.280, 397068.625 4435675.318, 397068.668 4435677.766))",4.005521879232001,0.2338385400556758,0.9366453884006782,0.7661614599443242,0.0808319076895713,0.0411764085292816,0.0967547222971916,0.2083330899477005,0.1149731874465942,1,0.24965535831544,0.975035056024892,1,0.24965535831544,0.7655428394679864,3233,756,0.7063730953335747,23.383854005567585,10/22/2025 10:51:24 AM,7,5,0.565,,104,S_to_N,0.565,,0.565,0.11938918683217649,1193.8918683217648,0.3306886702634084,-0.09685013020773262,1.1595265604851617,0.7817195028653185,1171.514706507989,1588.6170858217947,1936.540424624022,1541.8152071239922,347.92333880222736,1756.916849438564
B12_R0_C1,B12,12,0,1,AG29XF5,4,8,122.65,170.0,129.49,178.0,2779.94931375,2838.88520323,2780,2839,397068.6137644,4435674.70636514,40.06504679,-88.20698515,2833.76895826,2839.94374159,2834,2840,397070.54661797,4435674.66835085,40.06504668,-88.20696249,2832.55346533,2908.09111925,2833,2908,397070.50296532,4435672.22103819,40.06502463,-88.20696261,2778.73382083,2907.03258089,2779,2907,397068.57011176,4435672.25905248,40.06502474,-88.20698528,2806.25138954,2873.48816124,397069.55836486,4435673.46370167,40.06503571,-88.20697388,4.73193359,"POLYGON((2779.949 2838.885, 2833.769 2839.944, 2832.553 2908.091, 2778.734 2907.033, 2779.949 2838.885))","POLYGON((397068.614 4435674.706, 397070.547 4435674.668, 397070.503 4435672.221, 397068.570 4435672.259, 397068.614 4435674.706))",4.005108590576,0.2201633165829145,0.8817779905759345,0.7798366834170855,0.0524508506059646,0.0335468053817749,0.0680744051933288,0.1351349204778671,0.0714284181594848,5,1.248405601726998,0.1808199931940342,1,0.2496811203453996,0.7792085427135679,3184,701,0.6650633525874355,22.016331658291456,10/22/2025 10:51:52 AM,8,5,0.885,,105,S_to_N,0.885,,0.885,0.1870271387304064,1870.271387304064,0.3306886702634084,-0.11052535368049393,1.1547885904981405,0.6374141405454321,1844.7345736877232,1829.9337592596285,2157.017367309951,2197.354995354387,327.0836080503227,2129.519110017918
B8_R7_C1,B8,8,7,1,LD07-3395bf,4,9,122.65,160.0,129.49,168.0,2778.42994759,2924.06942531,2778,2924,397068.5591986,4435671.64722432,40.06501923,-88.20698531,2832.2495921,2925.12796367,2832,2925,397070.49205216,4435671.60921003,40.06501912,-88.20696264,2831.03409917,2993.27534133,2831,2993,397070.44839952,4435669.16189737,40.06499707,-88.20696276,2777.21445467,2992.21680297,2777,2992,397068.51554595,4435669.19991166,40.06499718,-88.20698543,2804.73202338,2958.67238332,397069.50379906,4435670.40456085,40.06500815,-88.20697404,4.73242188,"POLYGON((2778.430 2924.069, 2832.250 2925.128, 2831.034 2993.275, 2777.214 2992.217, 2778.430 2924.069))","POLYGON((397068.559 4435671.647, 397070.492 4435671.609, 397070.448 4435669.162, 397068.516 4435669.200, 397068.559 4435671.647))",4.005521879232001,0.2313640581503247,0.9267337969890308,0.7686359418496752,0.0561402663588523,0.0248446464538574,0.087184228003025,0.1825847327709198,0.0900620371103286,2,0.4993107166308801,0.4823586123721027,2,0.4993107166308801,0.7658521497061552,3233,748,0.6988982477639073,23.136405815032475,10/22/2025 10:52:22 AM,9,5,0.975,,106,S_to_N,0.975,,0.975,0.20602558789623376,2060.2558789623376,0.3306886702634084,-0.09932461211308372,1.1500506213753865,0.49310877774229117,2037.306989656998,2499.4644826584313,1987.9545781255385,1548.745974429445,-511.50990453289273,1015.2701042943156
B8_R6_C1,B8,8,6,1,LG3216,4,10,122.65,150.0,129.49,158.0,2776.91058143,3009.25364739,2777,3009,397068.50463279,4435668.5880835,40.06499167,-88.20698546,2830.73022594,3010.31218575,2831,3010,397070.43748636,4435668.55006921,40.06499156,-88.20696279,2829.51473301,3078.45956341,2830,3078,397070.39383371,4435666.10275655,40.06496951,-88.20696292,2775.69508851,3077.40102505,2776,3077,397068.46098015,4435666.14077084,40.06496962,-88.20698558,2803.21265722,3043.8566054,397069.44923325,4435667.34542003,40.06498059,-88.20697419,4.73144531,"POLYGON((2776.911 3009.254, 2830.730 3010.312, 2829.515 3078.460, 2775.695 3077.401, 2776.911 3009.254))","POLYGON((397068.505 4435668.588, 397070.437 4435668.550, 397070.394 4435666.103, 397068.461 4435666.141, 397068.505 4435668.588))",4.004695310384,0.2489177489177489,0.9968397417622512,0.751082251082251,0.0736942663788795,0.0518999248743057,0.0730301588773727,0.1653922945261001,0.0996487532667085,8,1.997655097319476,0.1297789715773872,2,0.499413774329869,0.7439703153988868,3234,805,0.7519239589189699,24.891774891774894,10/22/2025 10:52:52 AM,10,5,1.23,,107,S_to_N,1.23,,1.23,0.25996284843457274,2599.6284843457274,0.3306886702634084,-0.08177092134565953,1.1453126513833112,0.34880341493915035,2580.735364277756,2425.7473095805276,1913.5895201347182,2087.4706948999183,-512.1577894458094,2062.3735762905244
B8_R5_C1,B8,8,5,1,LD20-5413,4,11,122.65,140.0,129.49,148.0,2775.39121528,3094.43786946,2775,3094,397068.45006699,4435665.52894268,40.0649641,-88.20698561,2829.21085978,3095.49640782,2829,3095,397070.38292055,4435665.49092839,40.064964,-88.20696295,2827.99536686,3163.64378548,2828,3164,397070.3392679,4435663.04361573,40.06494195,-88.20696307,2774.17572235,3162.58524712,2774,3163,397068.40641434,4435663.08163003,40.06494205,-88.20698574,2801.69329107,3129.04082747,397069.39466744,4435664.28627921,40.06495302,-88.20697434,4.73193359,"POLYGON((2775.391 3094.438, 2829.211 3095.496, 2827.995 3163.644, 2774.176 3162.585, 2775.391 3094.438))","POLYGON((397068.450 4435665.529, 397070.383 4435665.491, 397070.339 4435663.044, 397068.406 4435663.082, 397068.450 4435665.529))",4.005108590576,0.3056661562021439,1.224226148053552,0.6943338437978561,0.1017026826739311,0.0785123109817504,0.0930303707718849,0.2425314337015152,0.1302636173005197,4,0.9987244813815984,0.3217873630664161,1,0.2496811203453996,0.692802450229709,3265,998,0.9233480026167464,30.566615620214392,10/22/2025 10:53:23 AM,11,5,1.485,,108,S_to_N,1.485,,1.485,0.31382519888661414,3138.2519888661413,0.3306886702634084,-0.025022514061264545,1.140574681391236,0.20449805213600947,3132.470552693207,2410.6536092932915,1913.3920620325637,2640.9904416054133,-497.26154726072787,2360.4380563954574
B8_R4_C1,B8,8,4,1,LG3216,4,12,122.65,130.0,129.49,138.0,2773.87184912,3179.62209154,2774,3180,397068.39550118,4435662.46980186,40.06493654,-88.20698577,2827.69149362,3180.6806299,2828,3181,397070.32835474,4435662.43178757,40.06493643,-88.2069631,2826.4760007,3248.82800756,2826,3249,397070.2847021,4435659.98447491,40.06491438,-88.20696322,2772.65635619,3247.7694692,2773,3248,397068.35184853,4435660.02248921,40.06491449,-88.20698589,2800.17392491,3214.22504955,397069.34010164,4435661.22713839,40.06492546,-88.2069745,4.73144531,"POLYGON((2773.872 3179.622, 2827.691 3180.681, 2826.476 3248.828, 2772.656 3247.769, 2773.872 3179.622))","POLYGON((397068.396 4435662.470, 397070.328 4435662.432, 397070.285 4435659.984, 397068.352 4435660.022, 397068.396 4435662.470))",4.004695310384,0.3270852858481724,1.3098769103317862,0.6729147141518276,0.1449431031942367,0.1249997615814209,0.1080654188990593,0.2987009882926941,0.1690503252487556,5,1.2485344358246726,0.270069233771974,1,0.2497068871649345,0.6722899094033115,3201,1047,0.9880503262962133,32.708528584817245,10/22/2025 10:54:00 AM,12,5,0.735,,109,S_to_N,0.735,,0.735,0.15534365333285444,1553.4365333285443,0.3306886702634084,-0.0036033844152359995,1.135836712268482,0.060192689332868594,1552.603973620426,2397.6294210366123,1913.5895201347182,1069.3966324266503,-484.03990090189404,1053.4363886306874
B8_R3_C1,B8,8,3,1,LD21-3090,4,13,122.65,120.0,129.49,128.0,2772.35248296,3264.80631362,2772,3265,397068.34093537,4435659.41066104,40.06490898,-88.20698592,2826.17212746,3265.86485198,2826,3266,397070.27378894,4435659.37264675,40.06490887,-88.20696325,2824.95663454,3334.01222964,2825,3334,397070.23013629,4435656.92533409,40.06488682,-88.20696338,2771.13699003,3332.95369128,2771,3333,397068.29728273,4435656.96334839,40.06488693,-88.20698604,2798.65455875,3299.40927163,397069.28553583,4435658.16799757,40.0648979,-88.20697465,4.73193359,"POLYGON((2772.352 3264.806, 2826.172 3265.865, 2824.957 3334.012, 2771.137 3332.954, 2772.352 3264.806))","POLYGON((397068.341 4435659.411, 397070.274 4435659.373, 397070.230 4435656.925, 397068.297 4435656.963, 397068.341 4435659.411))",4.005108590576,0.2629122588674549,1.0529921465577847,0.7370877411325452,0.141441524028778,0.1141602620482444,0.1061405539512634,0.2976992726325989,0.179489635081852,7,1.7477678424177974,0.1556887041460759,1,0.2496811203453996,0.7358431860609832,3214,845,0.7941981935617993,26.29122588674549,10/22/2025 10:54:28 AM,13,5,1.255,,110,S_to_N,1.255,,1.255,0.2652192758267345,2652.1927582673447,0.3306886702634084,-0.06777641139595353,1.131098742281461,-0.08411267347027226,2636.533060942093,2614.242995409069,2130.1369400546714,2168.086702912947,-484.10605535439754,2193.9570584319
B8_R2_C1,B8,8,2,1,LG3216,4,14,122.65,110.0,129.49,118.0,2770.8331168,3349.9905357,2771,3350,397068.28636957,4435656.35152022,40.06488142,-88.20698607,2824.6527613,3351.04907405,2825,3351,397070.21922313,4435656.31350593,40.06488131,-88.20696341,2823.43726838,3419.19645172,2823,3419,397070.17557049,4435653.86619327,40.06485926,-88.20696353,2769.61762387,3418.13791336,2770,3418,397068.24271692,4435653.90420757,40.06485937,-88.2069862,2797.13519259,3384.59349371,397069.23097003,4435655.10885675,40.06487034,-88.2069748,4.73193359,"POLYGON((2770.833 3349.991, 2824.653 3351.049, 2823.437 3419.196, 2769.618 3418.138, 2770.833 3349.991))","POLYGON((397068.286 4435656.352, 397070.219 4435656.314, 397070.176 4435653.866, 397068.243 4435653.904, 397068.286 4435656.352))",4.005108590576,0.317042208822596,1.2697884741305692,0.6829577911774041,0.0942456424236297,0.0688258409500122,0.0883357897400856,0.2153282612562179,0.1159311926832385,4,0.9987244813815984,0.3221097952939376,2,0.4993622406907992,0.6753411615360203,3151,999,0.9577124726492444,31.7042208822596,10/22/2025 10:54:59 AM,14,5,1.2,,111,S_to_N,1.2,,1.2,0.25359612031241546,2535.9612031241545,0.3306886702634084,-0.01364646144081244,1.1263607731587069,-0.22841803627341314,2532.8081967710236,2363.939689745948,1913.5895201347182,2085.611033512925,-450.3501696112296,2056.0201118293553
B8_R1_C1,B8,8,1,1,LD19-10076,4,15,122.65,100.0,129.49,108.0,2769.31375064,3435.17475777,2769,3435,397068.23180376,4435653.2923794,40.06485385,-88.20698623,2823.13339515,3436.23329613,2823,3436,397070.16465732,4435653.25436511,40.06485375,-88.20696356,2821.91790222,3504.38067379,2822,3504,397070.12100468,4435650.80705246,40.0648317,-88.20696368,2768.09825771,3503.32213543,2768,3503,397068.18815112,4435650.84506675,40.0648318,-88.20698635,2795.61582643,3469.77771578,397069.17640422,4435652.04971593,40.06484277,-88.20697496,4.73193359,"POLYGON((2769.314 3435.175, 2823.133 3436.233, 2821.918 3504.381, 2768.098 3503.322, 2769.314 3435.175))","POLYGON((397068.232 4435653.292, 397070.165 4435653.254, 397070.121 4435650.807, 397068.188 4435650.845, 397068.232 4435653.292))",4.005108590576,0.3136294027565084,1.256119815237312,0.6863705972434916,0.1606647223234176,0.1399998068809509,0.0984044671058654,0.2995724081993103,0.1818592867898003,5,1.248405601726998,0.2641364807855792,1,0.2496811203453996,0.6845329249617151,3265,1024,0.9474031610015516,31.362940275650843,10/22/2025 10:55:43 AM,15,5,1.42,,112,S_to_N,1.42,,1.42,0.30008874236969163,3000.8874236969164,0.3306886702634084,-0.01705926750690001,1.1216228031666315,-0.372723399076554,2996.9458906436557,2171.918737840249,1748.5174495778338,2577.486135434501,-423.40128826241516,2492.092687335943
B8_R0_C1,B8,8,0,1,LG3216,4,16,122.65,90.0,129.49,98.0,2767.79438448,3520.35897985,2768,3520,397068.17723795,4435650.23323858,40.06482629,-88.20698638,2821.61402899,3521.41751821,2822,3521,397070.11009152,4435650.19522429,40.06482618,-88.20696371,2820.39853606,3589.56489587,2820,3590,397070.06643887,4435647.74791164,40.06480413,-88.20696384,2766.57889155,3588.50635751,2767,3589,397068.13358531,4435647.78592593,40.06480424,-88.2069865,2794.09646027,3554.96193786,397069.12183841,4435648.99057511,40.06481521,-88.20697511,4.73144531,"POLYGON((2767.794 3520.359, 2821.614 3521.418, 2820.399 3589.565, 2766.579 3588.506, 2767.794 3520.359))","POLYGON((397068.177 4435650.233, 397070.110 4435650.195, 397070.066 4435647.748, 397068.134 4435647.786, 397068.177 4435650.233))",4.004695310384,0.2767885035926273,1.1084536223055996,0.7232114964073727,0.1283578723669052,0.1073823273181915,0.0923830568790435,0.2589279413223266,0.1558540746277454,8,1.997655097319476,0.1428374767920063,2,0.499413774329869,0.7172758512964699,3201,886,0.8361151758342359,27.67885035926273,10/22/2025 10:56:14 AM,16,5,0.965,,113,S_to_N,0.965,,0.965,0.20395459247102657,2039.5459247102656,0.3306886702634084,-0.053900166670781124,1.1168848331745564,-0.5170287618796948,2027.0923250218136,2311.2772545430494,1913.5895201347182,1641.8581903019344,-397.68773440833115,1590.9880347158132
B4_R7_C1,B4,4,7,1,AG35XF5,4,17,122.65,80.0,129.49,88.0,2766.27501832,3605.54320193,2766,3606,397068.12267215,4435647.17409776,40.06479873,-88.20698653,2820.09466283,3606.60174029,2820,3607,397070.05552571,4435647.13608347,40.06479862,-88.20696387,2818.8791699,3674.74911795,2819,3675,397070.01187307,4435644.68877082,40.06477657,-88.20696399,2765.05952539,3673.69057959,2765,3674,397068.0790195,4435644.72678511,40.06477668,-88.20698666,2792.57709411,3640.14615994,397069.06727261,4435645.93143429,40.06478765,-88.20697526,4.73242188,"POLYGON((2766.275 3605.543, 2820.095 3606.602, 2818.879 3674.749, 2765.060 3673.691, 2766.275 3605.543))","POLYGON((397068.123 4435647.174, 397070.056 4435647.136, 397070.012 4435644.689, 397068.079 4435644.727, 397068.123 4435647.174))",4.005521879232001,0.3381316998468606,1.354393921798508,0.6618683001531394,0.110578179359436,0.0958548486232757,0.0864833444356918,0.2311583012342453,0.1280815417860068,4,0.9986214332617602,0.3559651791836907,2,0.4993107166308801,0.6563552833078101,3265,1104,1.021419032954798,33.81316998468606,10/22/2025 10:56:47 AM,17,5,1.305,,114,S_to_N,1.305,,1.305,0.275757325338036,2757.57325338036,0.3306886702634084,0.007443029583452165,1.1121468640518024,-0.6613341246828357,2759.2929606953257,2261.5005256370796,1881.5858952900314,2377.6586230333114,-379.91463034704816,2369.9255064858226
B4_R6_C1,B4,4,6,1,LD21-5253,4,18,122.65,70.0,129.49,78.0,2764.75565216,3690.727424,2765,3691,397068.06810634,4435644.11495695,40.06477117,-88.20698669,2818.57529667,3691.78596236,2819,3692,397070.00095991,4435644.07694265,40.06477106,-88.20696402,2817.35980374,3759.93334003,2817,3760,397069.95730726,4435641.62963,40.06474901,-88.20696414,2763.54015923,3758.87480167,2764,3759,397068.0244537,4435641.66764429,40.06474912,-88.20698681,2791.05772795,3725.33038202,397069.0127068,4435642.87229347,40.06476009,-88.20697542,4.73193359,"POLYGON((2764.756 3690.727, 2818.575 3691.786, 2817.360 3759.933, 2763.540 3758.875, 2764.756 3690.727))","POLYGON((397068.068 4435644.115, 397070.001 4435644.077, 397069.957 4435641.630, 397068.024 4435641.668, 397068.068 4435644.115))",4.005108590576,0.3273976882224305,1.311263293634379,0.6726023117775695,0.0786970928311348,0.0687499195337295,0.0536215677857399,0.1499998569488525,0.0904811483972212,6,1.4980867220723977,0.225272649628326,3,0.7490433610361988,0.6663542642924086,3201,1048,0.9889940228829336,32.73976882224305,10/22/2025 10:57:20 AM,18,5,1.13,,115,S_to_N,1.13,,1.13,0.2388030132941912,2388.030132941912,0.3306886702634084,-0.003290982040977941,1.1074088940647813,-0.8056394874420444,2387.2697536063424,2157.959353060074,1822.7666814123568,2052.837461294195,-335.19267164771736,2047.5662278789894
B4_R5_C1,B4,4,5,1,AG34XF6,4,19,122.65,60.0,129.49,68.0,2763.236286,3775.91164608,2763,3776,397068.01354054,4435641.05581613,40.0647436,-88.20698684,2817.05593051,3776.97018444,2817,3777,397069.9463941,4435641.01780183,40.0647435,-88.20696417,2815.84043758,3845.1175621,2816,3845,397069.90274145,4435638.57048918,40.06472145,-88.2069643,2762.02079307,3844.05902374,2762,3844,397067.96988789,4435638.60850347,40.06472155,-88.20698696,2789.53836179,3810.51460409,397068.95814099,4435639.81315265,40.06473252,-88.20697557,4.73193359,"POLYGON((2763.236 3775.912, 2817.056 3776.970, 2815.840 3845.118, 2762.021 3844.059, 2763.236 3775.912))","POLYGON((397068.014 4435641.056, 397069.946 4435641.018, 397069.903 4435638.570, 397067.970 4435638.609, 397068.014 4435641.056))",4.005108590576,0.2560672059738643,1.025576966410718,0.7439327940261357,0.1225937083363533,0.1126372814178466,0.0751714631915092,0.2205711752176284,0.1437640815669413,6,1.4980867220723977,0.1769078155001071,1,0.2496811203453996,0.7420659614187928,3214,823,0.7735208441436222,25.606720597386435,10/22/2025 10:57:48 AM,19,5,0.84,,116,S_to_N,0.84,,0.84,0.1775172842186908,1775.1728421869082,0.3306886702634084,-0.07462146428954414,1.102670924072706,-0.9499448502451853,1757.9315996856699,2230.079391973302,1932.096114966995,1477.1895651806012,-297.98327700630693,1434.2548056548358
B4_R4_C1,B4,4,4,1,LD21-5665,4,20,122.65,50.0,129.49,58.0,2761.71691984,3861.09586816,2762,3861,397067.95897473,4435637.99667531,40.06471604,-88.20698699,2815.53656435,3862.15440652,2816,3862,397069.89182829,4435637.95866101,40.06471593,-88.20696433,2814.32107142,3930.30178418,2814,3930,397069.84817565,4435635.51134836,40.06469388,-88.20696445,2760.50142691,3929.24324582,2761,3929,397067.91532208,4435635.54936265,40.06469399,-88.20698712,2788.01899563,3895.69882617,397068.90357519,4435636.75401183,40.06470496,-88.20697572,4.73242188,"POLYGON((2761.717 3861.096, 2815.537 3862.154, 2814.321 3930.302, 2760.501 3929.243, 2761.717 3861.096))","POLYGON((397067.959 4435637.997, 397069.892 4435637.959, 397069.848 4435635.511, 397067.915 4435635.549, 397067.959 4435637.997))",4.005521879232001,0.3692596063730084,1.4790774324436815,0.6307403936269915,0.1569108814001083,0.1532845795154571,0.0657742097973823,0.2425370514392852,0.1625793597277472,11,2.7462089414698405,0.1385872337928598,2,0.4993107166308801,0.6298031865042174,3201,1182,1.1154493655034614,36.92596063730084,10/22/2025 10:58:13 AM,20,5,1.185,,117,S_to_N,1.185,,1.185,0.2504003299046534,2504.003299046534,0.3306886702634084,0.038570936109599996,1.097932954949952,-1.094250213048326,2512.915089632484,2355.4801685893403,2143.828394071608,2292.3515245288013,-211.65177451773252,2168.9593955936334
B4_R3_C1,B4,4,3,1,AG36XF4,4,21,122.65,40.0,129.49,48.0,2760.19755368,3946.28009024,2760,3946,397067.90440892,4435634.93753449,40.06468848,-88.20698715,2814.01719819,3947.3386286,2814,3947,397069.83726249,4435634.8995202,40.06468837,-88.20696448,2812.80170526,4015.48600626,2813,4015,397069.79360984,4435632.45220754,40.06466632,-88.2069646,2758.98206075,4014.4274679,2759,4014,397067.86075628,4435632.49022183,40.06466643,-88.20698727,2786.49962947,3980.88304825,397068.84900938,4435633.69487101,40.0646774,-88.20697588,4.73144531,"POLYGON((2760.198 3946.280, 2814.017 3947.339, 2812.802 4015.486, 2758.982 4014.427, 2760.198 3946.280))","POLYGON((397067.904 4435634.938, 397069.837 4435634.900, 397069.794 4435632.452, 397067.861 4435632.490, 397067.904 4435634.938))",4.004695310384,0.3108728943338438,1.2449512220642451,0.6891271056661562,0.1571178138256073,0.1433564722537994,0.0644251331686973,0.2472442388534546,0.173574807321324,3,0.7491206614948036,0.4363582812457078,2,0.499413774329869,0.6891271056661562,3265,1015,0.9390763754068114,31.08728943338438,10/22/2025 10:58:42 AM,21,5,1.16,,118,S_to_N,1.16,,1.16,0.2451682147838247,2451.682147838247,0.3306886702634084,-0.019815775929564627,1.0931949849578768,-1.238555575851467,2447.103725243561,2002.8775261331612,1844.402221121324,2293.20684282641,-158.47530501183724,2267.4965367696923
B4_R2_C1,B4,4,2,1,LD07-3395bf,4,22,122.65,30.0,129.49,38.0,2758.67818752,4031.46431231,2759,4031,397067.84984312,4435631.87839367,40.06466092,-88.2069873,2812.49783203,4032.52285067,2812,4033,397069.78269668,4435631.84037938,40.06466081,-88.20696463,2811.2823391,4100.67022834,2811,4101,397069.73904404,4435629.39306672,40.06463876,-88.20696476,2757.4626946,4099.61168998,2757,4100,397067.80619047,4435629.43108101,40.06463887,-88.20698742,2784.98026331,4066.06727033,397068.79444358,4435630.63573019,40.06464984,-88.20697603,4.73193359,"POLYGON((2758.678 4031.464, 2812.498 4032.523, 2811.282 4100.670, 2757.463 4099.612, 2758.678 4031.464))","POLYGON((397067.850 4435631.878, 397069.783 4435631.840, 397069.739 4435629.393, 397067.806 4435629.431, 397067.850 4435631.878))",4.005108590576,0.2517963136519837,1.0084715788829288,0.7482036863480163,0.2323157042264938,0.2018632143735885,0.1183617860078811,0.3999977111816406,0.2696258470123889,6,1.4980867220723977,0.1732535835881973,3,0.7490433610361988,0.7444548578569197,3201,806,0.7606194488966074,25.17963136519837,10/22/2025 10:59:14 AM,22,5,1.365,,119,S_to_N,1.365,,1.365,0.2884655868553726,2884.655868553726,0.3306886702634084,-0.07889235661142474,1.0884570158351228,-1.3828609386546078,2866.4278390613817,2086.9245957566104,1987.9545781255385,2785.685850922654,-98.97001763107187,2331.1065960330807
B4_R1_C1,B4,4,1,1,AG36XF4,4,23,122.65,20.0,129.49,28.0,2757.15882136,4116.64853439,2757,4117,397067.79527731,4435628.81925285,40.06463335,-88.20698745,2810.97846587,4117.70707275,2811,4118,397069.72813087,4435628.78123856,40.06463325,-88.20696479,2809.76297294,4185.85445041,2810,4186,397069.68447823,4435626.3339259,40.0646112,-88.20696491,2755.94332844,4184.79591205,2756,4185,397067.75162467,4435626.37194019,40.0646113,-88.20698758,2783.46089715,4151.2514924,397068.73987777,4435627.57658937,40.06462227,-88.20697618,4.73193359,"POLYGON((2757.159 4116.649, 2810.978 4117.707, 2809.763 4185.854, 2755.943 4184.796, 2757.159 4116.649))","POLYGON((397067.795 4435628.819, 397069.728 4435628.781, 397069.684 4435626.334, 397067.752 4435626.372, 397067.795 4435628.819))",4.005108590576,0.2349157733537519,0.9408631819209162,0.7650842266462481,0.0984769091010093,0.0851061344146728,0.0808882266283035,0.1911756992340088,0.1205724417368568,8,1.997448962763197,0.1236527592544795,2,0.4993622406907992,0.7555895865237366,3265,767,0.7096271723517481,23.49157733537519,10/22/2025 10:59:43 AM,23,5,1.11,,120,S_to_N,1.11,,1.11,0.23457641128898432,2345.764112889843,0.3306886702634084,-0.09577289690965651,1.0837190458481016,-1.5271663014577488,2323.6358451536544,1867.6293694351948,1844.402221121324,2322.536964575972,-23.227148313870885,2281.40206216429
B4_R0_C1,B4,4,0,1,LD17-10473F,4,24,122.65,10.0,129.49,18.0,2755.6394552,4201.83275647,2756,4202,397067.7407115,4435625.76011203,40.06460579,-88.20698761,2809.45909971,4202.89129483,2809,4203,397069.67356507,4435625.72209774,40.06460568,-88.20696494,2808.24360678,4271.03867249,2808,4271,397069.62991242,4435623.27478508,40.06458363,-88.20696506,2754.42396228,4269.98013413,2754,4270,397067.69705886,4435623.31279937,40.06458374,-88.20698773,2781.94153099,4236.43571448,397068.68531196,4435624.51744855,40.06459471,-88.20697634,4.73193359,"POLYGON((2755.639 4201.833, 2809.459 4202.891, 2808.244 4271.039, 2754.424 4269.980, 2755.639 4201.833))","POLYGON((397067.741 4435625.760, 397069.674 4435625.722, 397069.630 4435623.275, 397067.697 4435623.313, 397067.741 4435625.760))",4.005108590576,0.1973976515391939,0.7905990299391532,0.802602348460806,0.0505222044885158,0.0384615063667297,0.0552440136671066,0.116922989487648,0.0714281499385833,8,1.997448962763197,0.1002764227591737,2,0.4993622406907992,0.7962551570929863,3151,622,0.5962934514392694,19.739765153919397,10/22/2025 11:00:13 AM,24,5,0.965,,121,S_to_N,0.965,,0.965,0.2039335467512341,2039.335467512341,0.3306886702634084,-0.13329101872421453,1.0789810758560263,-1.6714716642608896,2008.53866127246,2098.2805351084544,2152.516168297201,2093.5711007010877,54.23563318874676,2396.965790881992
B12_R7_C0,B12,12,7,0,AG29XF4,5,1,115.81,240.0,122.65,248.0,2736.76523236,2241.53711033,2737,2242,397067.06287148,4435696.15836517,40.06523983,-88.20700675,2790.58487687,2242.59564869,2791,2243,397068.99572505,4435696.12035087,40.06523973,-88.20698408,2789.36938394,2310.74302635,2789,2311,397068.9520724,4435693.67303822,40.06521768,-88.2069842,2735.54973943,2309.68448799,2736,2310,397067.01921884,4435693.71105251,40.06521778,-88.20700687,2763.06730815,2276.14006834,397068.00747194,4435694.91570169,40.06522876,-88.20699547,4.73193359,"POLYGON((2736.765 2241.537, 2790.585 2242.596, 2789.369 2310.743, 2735.550 2309.684, 2736.765 2241.537))","POLYGON((397067.063 4435696.158, 397068.996 4435696.120, 397068.952 4435693.673, 397067.019 4435693.711, 397067.063 4435696.158))",4.005108590576,0.3655107778819119,1.4639103564429614,0.6344892221180881,0.2279003709554672,0.2244895547628402,0.0773473605513572,0.3217817842960357,0.2330832425285788,7,1.7477678424177974,0.2155689749714897,8,1.997448962763197,0.6263667603873789,3201,1170,1.1041250064628172,36.55107778819119,10/22/2025 11:11:56 AM,1,6,1.08,,145,N_to_S,1.08,,1.08,0.22823650828117395,2282.3650828117393,0.3306886702634084,0.03482210761850346,1.020123969672726,1.6493448844503775,2290.4107089271056,1410.9494047408084,2182.798000920842,3054.2136789917727,771.8485961800334,3169.5564234840467
B12_R6_C0,B12,12,6,0,LD20-5738,5,2,115.81,230.0,122.65,238.0,2735.2458662,2326.72133241,2735,2327,397067.00830568,4435693.09922435,40.06521227,-88.2070069,2789.06551071,2327.77987077,2789,2328,397068.94115924,4435693.06121005,40.06521217,-88.20698423,2787.85001778,2395.92724843,2788,2396,397068.8975066,4435690.6138974,40.06519012,-88.20698436,2734.03037328,2394.86871007,2734,2395,397066.96465303,4435690.65191169,40.06519022,-88.20700702,2761.54794199,2361.32429042,397067.95290614,4435691.85656087,40.06520119,-88.20699563,4.73193359,"POLYGON((2735.246 2326.721, 2789.066 2327.780, 2787.850 2395.927, 2734.030 2394.869, 2735.246 2326.721))","POLYGON((397067.008 4435693.099, 397068.941 4435693.061, 397068.898 4435690.614, 397066.965 4435690.652, 397067.008 4435693.099))",4.005108590576,0.4444104134762634,1.7799119647552146,0.5555895865237366,0.2204304635524749,0.2181206196546554,0.0706931874155998,0.3092291951179504,0.2214996091758501,2,0.4993622406907992,0.935698324267274,6,1.4980867220723977,0.5418070444104135,3265,1451,1.342462877552003,44.44104134762634,10/22/2025 11:11:11 AM,2,6,0.355,,144,N_to_S,0.355,,0.355,0.07502218559242291,750.2218559242291,0.3306886702634084,0.113721743212855,1.015386000549972,1.5050395216472368,776.4971933363779,916.6546904341826,1650.2763496553252,1483.8435151453718,733.6216592211426,1455.4424849616948
B12_R5_C0,B12,12,5,0,AG29XF4,5,3,115.81,220.0,122.65,228.0,2733.72650004,2411.90555448,2734,2412,397066.95373987,4435690.04008353,40.06518471,-88.20700705,2787.54614455,2412.96409284,2788,2413,397068.88659344,4435690.00206924,40.0651846,-88.20698439,2786.33065162,2481.11147051,2786,2481,397068.84294079,4435687.55475658,40.06516255,-88.20698451,2732.51100712,2480.05293215,2733,2480,397066.91008723,4435687.59277087,40.06516266,-88.20700718,2760.02857583,2446.50851249,397067.89834033,4435688.79742005,40.06517363,-88.20699578,4.73242188,"POLYGON((2733.727 2411.906, 2787.546 2412.964, 2786.331 2481.111, 2732.511 2480.053, 2733.727 2411.906))","POLYGON((397066.954 4435690.040, 397068.887 4435690.002, 397068.843 4435687.555, 397066.910 4435687.593, 397066.954 4435690.040))",4.005521879232001,0.3068867026340844,1.22924140184619,0.6931132973659155,0.250195175409317,0.2418601810932159,0.0749196857213974,0.3486230373382568,0.2608347380862517,7,1.7475875082080805,0.1781668365790004,3,0.7489660749463202,0.6747064423992384,3151,967,0.9270349960478672,30.68867026340844,10/22/2025 11:10:49 AM,3,6,0.59,,143,N_to_S,0.59,,0.59,0.1246718942141312,1246.718942141312,0.3306886702634084,-0.023801967629324017,1.0106480305578966,1.3607341588440958,1241.219512455619,1530.9195438781508,2182.798000920842,1898.597399184003,651.878457042691,1921.5986861886433
B12_R4_C0,B12,12,4,0,LD22-4283,5,4,115.81,210.0,122.65,218.0,2732.20713388,2497.08977656,2732,2497,397066.89917407,4435686.98094271,40.06515715,-88.20700721,2786.02677839,2498.14831492,2786,2498,397068.83202763,4435686.94292842,40.06515704,-88.20698454,2784.81128546,2566.29569258,2785,2566,397068.78837498,4435684.49561576,40.06513499,-88.20698466,2730.99164096,2565.23715422,2731,2565,397066.85552142,4435684.53363005,40.0651351,-88.20700733,2758.50920967,2531.69273457,397067.84377452,4435685.73827923,40.06514607,-88.20699593,4.73144531,"POLYGON((2732.207 2497.090, 2786.027 2498.148, 2784.811 2566.296, 2730.992 2565.237, 2732.207 2497.090))","POLYGON((397066.899 4435686.981, 397068.832 4435686.943, 397068.788 4435684.496, 397066.856 4435684.534, 397066.899 4435686.981))",4.004695310384,0.3313935681470137,1.3271302682497663,0.6686064318529863,0.2210883498191833,0.2162159532308578,0.058937095105648,0.2962239682674408,0.2283182101156196,10,2.497068871649345,0.1395486680712874,2,0.499413774329869,0.6633996937212864,3265,1082,1.0010646681676552,33.13935681470138,10/22/2025 11:10:25 AM,4,6,0.46,,142,N_to_S,0.46,,0.46,0.09722187827634428,972.2187827634427,0.3306886702634084,0.0007048978836052822,1.0059100605658213,1.216428796040955,972.3816489771463,1228.7841253611173,1842.8446556629262,1586.2793130652517,614.060530301809,1634.048242499773
B12_R3_C0,B12,12,3,0,AG29XF4,5,5,115.81,200.0,122.65,208.0,2730.68776772,2582.27399864,2731,2582,397066.84460826,4435683.92180189,40.06512958,-88.20700736,2784.50741223,2583.332537,2785,2583,397068.77746182,4435683.8837876,40.06512948,-88.20698469,2783.2919193,2651.47991466,2783,2651,397068.73380918,4435681.43647494,40.06510743,-88.20698482,2729.4722748,2650.4213763,2729,2650,397066.80095561,4435681.47448923,40.06510753,-88.20700748,2756.98984351,2616.87695665,397067.78920872,4435682.67913842,40.06511851,-88.20699609,4.73144531,"POLYGON((2730.688 2582.274, 2784.507 2583.333, 2783.292 2651.480, 2729.472 2650.421, 2730.688 2582.274))","POLYGON((397066.845 4435683.922, 397068.777 4435683.884, 397068.734 4435681.436, 397066.801 4435681.474, 397066.845 4435683.922))",4.004695310384,0.3717588253670728,1.4887808245413807,0.6282411746329273,0.2231716066598892,0.2162159085273742,0.0716234445571899,0.3186808228492737,0.2305667870184954,7,1.7479482101545418,0.2192539147145921,6,1.4982413229896072,0.6044985941893158,3201,1190,1.1229989381972243,37.17588253670728,10/22/2025 11:09:53 AM,5,6,0.95,,141,N_to_S,0.95,,0.95,0.20078431383158057,2007.8431383158058,0.3306886702634084,0.04107015510366435,1.0011720914430673,1.0721234337210686,2017.3323718821453,1596.4031140793961,2182.798000920842,2594.2380251572513,586.3948868414457,2693.9204007431226
B12_R2_C0,B12,12,2,0,LD20-5738,5,6,115.81,190.0,122.65,198.0,2729.16840157,2667.45822072,2729,2667,397066.79004245,4435680.86266107,40.06510202,-88.20700751,2782.98804607,2668.51675908,2783,2669,397068.72289602,4435680.82464678,40.06510192,-88.20698485,2781.77255314,2736.66413674,2782,2737,397068.67924337,4435678.37733412,40.06507987,-88.20698497,2727.95290864,2735.60559838,2728,2736,397066.74638981,4435678.41534841,40.06507997,-88.20700764,2755.47047736,2702.06117873,397067.73464291,4435679.6199976,40.06509094,-88.20699624,4.73144531,"POLYGON((2729.168 2667.458, 2782.988 2668.517, 2781.773 2736.664, 2727.953 2735.606, 2729.168 2667.458))","POLYGON((397066.790 4435680.863, 397068.723 4435680.825, 397068.679 4435678.377, 397066.746 4435678.415, 397066.790 4435680.863))",4.004695310384,0.2869831546707503,1.14928009366916,0.7130168453292496,0.2452432215213775,0.2359548360109329,0.0820745825767517,0.348416268825531,0.2596571596790762,8,1.997655097319476,0.1510594985938035,2,0.499413774329869,0.7032159264931087,3265,937,0.8669109002523963,28.69831546707504,10/22/2025 11:09:22 AM,6,6,0.215,,140,N_to_S,0.215,,0.215,0.04544066049872613,454.4066049872613,0.3306886702634084,-0.04370551559265812,0.9964341214560463,0.9278180709179277,444.30847303355404,1113.972626120764,1650.2763496553252,990.7103285218225,536.3037235345612,1062.9430215248756
B12_R1_C0,B12,12,1,0,AG29XF5,5,7,115.81,180.0,122.65,188.0,2727.64903541,2752.64244279,2728,2753,397066.73547665,4435677.80352025,40.06507446,-88.20700767,2781.46867991,2753.70098115,2781,2754,397068.66833021,4435677.76550596,40.06507435,-88.206985,2780.25318699,2821.84835882,2780,2822,397068.62467757,4435675.3181933,40.0650523,-88.20698512,2726.43354248,2820.78982046,2726,2821,397066.691824,4435675.3562076,40.06505241,-88.20700779,2753.9511112,2787.2454008,397067.68007711,4435676.56085678,40.06506338,-88.20699639,4.73193359,"POLYGON((2727.649 2752.642, 2781.469 2753.701, 2780.253 2821.848, 2726.434 2820.790, 2727.649 2752.642))","POLYGON((397066.735 4435677.804, 397068.668 4435677.766, 397068.625 4435675.318, 397066.692 4435675.356, 397066.735 4435677.804))",4.005108590576,0.2405498281786941,0.9634281833000686,0.7594501718213058,0.2512300014495849,0.2409088164567947,0.0729396194219589,0.3448269367218017,0.2666970415442597,11,2.746492323799396,0.0902810237060085,4,0.9987244813815984,0.7419556388628553,3201,770,0.7266463717746746,24.054982817869416,10/22/2025 11:08:58 AM,7,6,0.405,,139,N_to_S,0.405,,0.405,0.08558869060544023,855.8869060544024,0.3306886702634084,-0.09013884208471432,0.9916961523332922,0.7835127081147868,835.0603831503063,1655.4576208099702,2157.017367309951,1357.4466525543835,501.559746499981,1321.4956388209744
B12_R0_C0,B12,12,0,0,LD11-2170,5,8,115.81,170.0,122.65,178.0,2726.12966925,2837.82666487,2726,2838,397066.68091084,4435674.74437943,40.0650469,-88.20700782,2779.94931375,2838.88520323,2780,2839,397068.6137644,4435674.70636514,40.06504679,-88.20698515,2778.73382083,2907.03258089,2779,2907,397068.57011176,4435672.25905248,40.06502474,-88.20698528,2724.91417632,2905.97404253,2725,2906,397066.6372582,4435672.29706678,40.06502485,-88.20700794,2752.43174504,2872.42962288,397067.6255113,4435673.50171596,40.06503582,-88.20699655,4.73193359,"POLYGON((2726.130 2837.827, 2779.949 2838.885, 2778.734 2907.033, 2724.914 2905.974, 2726.130 2837.827))","POLYGON((397066.681 4435674.744, 397068.614 4435674.706, 397068.570 4435672.259, 397066.637 4435672.297, 397066.681 4435674.744))",4.005108590576,0.3382078406969508,1.3545591281755172,0.6617921593030491,0.2640918791294098,0.2588233053684234,0.0580063499510288,0.3401010632514953,0.2712154502798529,6,1.4980867220723977,0.2336558875438839,5,1.248405601726998,0.6555693839452396,3214,1087,1.0216490371617466,33.82078406969509,10/22/2025 11:08:33 AM,8,6,0.56,,138,N_to_S,0.56,,0.56,0.1183448561457939,1183.448561457939,0.3306886702634084,0.007519170433542388,0.986958182341217,0.6392073453116459,1185.185861068542,1276.495979745455,1783.0921758570503,1690.044757569534,506.5961961115952,1729.9731919877004
B8_R7_C0,B8,8,7,0,LG3216,5,9,115.81,160.0,122.65,168.0,2724.61030309,2923.01088695,2725,2923,397066.62634503,4435671.68523861,40.06501933,-88.20700797,2778.42994759,2924.06942531,2778,2924,397068.5591986,4435671.64722432,40.06501923,-88.20698531,2777.21445467,2992.21680297,2777,2992,397068.51554595,4435669.19991166,40.06499718,-88.20698543,2723.39481016,2991.15826461,2723,2991,397066.58269239,4435669.23792596,40.06499728,-88.2070081,2750.91237888,2957.61384496,397067.57094549,4435670.44257514,40.06500826,-88.2069967,4.73193359,"POLYGON((2724.610 2923.011, 2778.430 2924.069, 2777.214 2992.217, 2723.395 2991.158, 2724.610 2923.011))","POLYGON((397066.626 4435671.685, 397068.559 4435671.647, 397068.516 4435669.200, 397066.583 4435669.238, 397066.626 4435671.685))",4.005108590576,0.3376705807680101,1.3524073438187445,0.6623294192319898,0.2304629534482956,0.2242149859666824,0.0708525329828262,0.3205737471580505,0.2385827700297037,11,2.746492323799396,0.1247519600301208,3,0.7490433610361988,0.6540780704538242,3151,1064,1.020026096995792,33.767058076801014,10/22/2025 11:08:10 AM,9,6,0.435,,137,N_to_S,0.435,,0.435,0.0919285936132506,919.2859361325061,0.3306886702634084,0.006981910504601674,0.9822202123491417,0.49490198250850503,920.8991021736427,2248.1461875274185,1913.5895201347182,584.7292687398058,-334.5566673927003,599.2642403674777
B8_R6_C0,B8,8,6,0,LD22-4283,5,10,115.81,150.0,122.65,158.0,2723.09093693,3008.19510903,2723,3008,397066.57177923,4435668.62609779,40.06499177,-88.20700813,2776.91058143,3009.25364739,2777,3009,397068.50463279,4435668.5880835,40.06499167,-88.20698546,2775.69508851,3077.40102505,2776,3077,397068.46098015,4435666.14077084,40.06496962,-88.20698558,2721.875444,3076.34248669,2722,3076,397066.52812658,4435666.17878514,40.06496972,-88.20700825,2749.39301272,3042.79806704,397067.51637969,4435667.38343432,40.06498069,-88.20699685,4.73193359,"POLYGON((2723.091 3008.195, 2776.911 3009.254, 2775.695 3077.401, 2721.875 3076.342, 2723.091 3008.195))","POLYGON((397066.572 4435668.626, 397068.505 4435668.588, 397068.461 4435666.141, 397066.528 4435666.179, 397066.572 4435668.626))",4.005108590576,0.2719754977029096,1.0892914022761064,0.7280245022970904,0.2389150261878967,0.2282606959342956,0.0895903557538986,0.3564778864383697,0.2593182152439565,8,1.997448962763197,0.1431599090195278,2,0.4993622406907992,0.7203675344563553,3265,888,0.8215761786810329,27.19754977029096,10/22/2025 11:07:48 AM,10,6,1.125,,136,N_to_S,1.125,,1.125,0.23774636279288952,2377.463627928895,0.3306886702634084,-0.05871317256049885,0.9774822432263877,0.35059661970536415,2363.897986249649,2197.13107954404,1842.8446556629262,2023.1772040477815,-354.2864238811137,2175.4241768847955
B8_R5_C0,B8,8,5,0,LG3216,5,11,115.81,140.0,122.65,148.0,2721.57157077,3093.3793311,2722,3093,397066.51721342,4435665.56695697,40.06496421,-88.20700828,2775.39121528,3094.43786946,2775,3094,397068.45006699,4435665.52894268,40.0649641,-88.20698561,2774.17572235,3162.58524712,2774,3163,397068.40641434,4435663.08163003,40.06494205,-88.20698574,2720.35607784,3161.52670876,2720,3162,397066.47356078,4435663.11964432,40.06494216,-88.2070084,2747.87364656,3127.98228911,397067.46181388,4435664.3242935,40.06495313,-88.20699701,4.73242188,"POLYGON((2721.572 3093.379, 2775.391 3094.438, 2774.176 3162.585, 2720.356 3161.527, 2721.572 3093.379))","POLYGON((397066.517 4435665.567, 397068.450 4435665.529, 397068.406 4435663.082, 397066.474 4435663.120, 397066.517 4435665.567))",4.005521879232001,0.2611683848797251,1.0461156797994229,0.738831615120275,0.2805418670177459,0.2731704115867615,0.0681032165884971,0.3731338381767273,0.2916609813185299,11,2.7462089414698405,0.0980193971665235,1,0.24965535831544,0.7366447985004686,3201,836,0.7889303464982181,26.11683848797251,10/22/2025 11:07:22 AM,11,6,0.93,,135,N_to_S,0.93,,0.93,0.1965167146087153,1965.167146087153,0.3306886702634084,-0.06952028538368332,0.9727442732393666,0.2062912569022233,1949.1045277712683,2268.4356562401135,1913.5895201347182,1610.3210099817577,-354.8461361053953,1593.6066582068127
B8_R4_C0,B8,8,4,0,LD20-4471,5,12,115.81,130.0,122.65,138.0,2720.05220461,3178.56355318,2720,3179,397066.46264762,4435662.50781615,40.06493665,-88.20700843,2773.87184912,3179.62209154,2774,3180,397068.39550118,4435662.46980186,40.06493654,-88.20698577,2772.65635619,3247.7694692,2773,3248,397068.35184853,4435660.02248921,40.06491449,-88.20698589,2718.83671168,3246.71093084,2719,3247,397066.41899497,4435660.0605035,40.0649146,-88.20700856,2746.3542804,3213.16651119,397067.40724807,4435661.26515268,40.06492557,-88.20699716,4.73193359,"POLYGON((2720.052 3178.564, 2773.872 3179.622, 2772.656 3247.769, 2718.837 3246.711, 2720.052 3178.564))","POLYGON((397066.463 4435662.508, 397068.396 4435662.470, 397068.352 4435660.022, 397066.419 4435660.061, 397066.463 4435662.508))",4.005108590576,0.4091883614088821,1.6388438214424306,0.590811638591118,0.2613097727298736,0.2572611272335052,0.076089859008789,0.361962616443634,0.2650964345932006,5,1.248405601726998,0.3446155647749354,8,1.997448962763197,0.5635528330781011,3265,1336,1.236065061619212,40.91883614088821,10/22/2025 11:06:56 AM,12,6,1.27,,134,N_to_S,1.27,,1.27,0.2683892273306397,2683.892273306397,0.3306886702634084,0.07849969114547367,0.9680063032472914,0.06198589409908243,2702.02957768922,2082.1027042020964,1769.881967652431,2371.6715367567313,-312.2207365496654,2275.667206555393
B8_R3_C0,B8,8,3,0,LG3216,5,13,115.81,120.0,122.65,128.0,2718.53283845,3263.74777526,2719,3264,397066.40808181,4435659.44867533,40.06490908,-88.20700859,2772.35248296,3264.80631362,2772,3265,397068.34093537,4435659.41066104,40.06490898,-88.20698592,2771.13699003,3332.95369128,2771,3333,397068.29728273,4435656.96334839,40.06488693,-88.20698604,2717.31734552,3331.89515292,2717,3332,397066.36442916,4435657.00136268,40.06488703,-88.20700871,2744.83491424,3298.35073327,397067.35268227,4435658.20601186,40.06489801,-88.20699731,4.73242188,"POLYGON((2718.533 3263.748, 2772.352 3264.806, 2771.137 3332.954, 2717.317 3331.895, 2718.533 3263.748))","POLYGON((397066.408 4435659.449, 397068.341 4435659.411, 397068.297 4435656.963, 397066.364 4435657.001, 397066.408 4435659.449))",4.005521879232001,0.2008816120906801,0.8046356923646147,0.7991183879093199,0.293857216835022,0.2833329439163208,0.0712073221802711,0.3857500553131103,0.3119464987341095,12,2.9958642997852807,0.0685705870528969,2,0.4993107166308801,0.7915617128463476,3176,638,0.6068177046192089,20.08816120906801,10/22/2025 11:06:32 AM,13,6,1.305,,133,N_to_S,1.305,,1.305,0.275757325338036,2757.57325338036,0.3306886702634084,-0.12980705817272833,0.9632683341245374,-0.08231946870405844,2727.581414039813,2259.025711859631,1913.5895201347182,2412.137061655447,-345.43619172491276,2368.626821531626
B8_R2_C0,B8,8,2,0,LD21-5991,5,14,115.81,110.0,122.65,118.0,2717.01347229,3348.93199734,2717,3349,397066.353516,4435656.38953451,40.06488152,-88.20700874,2770.8331168,3349.9905357,2771,3350,397068.28636957,4435656.35152022,40.06488142,-88.20698607,2769.61762387,3418.13791336,2770,3418,397068.24271692,4435653.90420757,40.06485937,-88.2069862,2715.79797936,3417.079375,2716,3417,397066.30986336,4435653.94222186,40.06485947,-88.20700886,2743.31554808,3383.53495535,397067.29811646,4435655.14687104,40.06487044,-88.20699747,4.73242188,"POLYGON((2717.013 3348.932, 2770.833 3349.991, 2769.618 3418.138, 2715.798 3417.079, 2717.013 3348.932))","POLYGON((397066.354 4435656.390, 397068.286 4435656.352, 397068.243 4435653.904, 397066.310 4435653.942, 397066.354 4435656.390))",4.005521879232001,0.3005600497822028,1.203899855425673,0.6994399502177971,0.1932932883501052,0.1856285780668258,0.0763121768832206,0.2918057739734649,0.2043139320822323,9,2.2468982248389606,0.1384309030158797,1,0.24965535831544,0.6901057871810827,3214,966,0.9079236153617728,30.056004978220287,10/22/2025 11:06:07 AM,14,6,1.27,,132,N_to_S,1.27,,1.27,0.2683615350032994,2683.6153500329942,0.3306886702634084,-0.030128620481205626,0.9585303641324621,-0.2266248315071993,2676.65415117567,2273.472785986471,1972.4691364812563,2382.6117005277792,-301.00364950521475,2367.0040991576243
B8_R1_C0,B8,8,1,0,LG3216,5,15,115.81,100.0,122.65,108.0,2715.49410613,3434.11621941,2715,3434,397066.2989502,4435653.3303937,40.06485396,-88.20700889,2769.31375064,3435.17475777,2769,3435,397068.23180376,4435653.2923794,40.06485385,-88.20698623,2768.09825771,3503.32213543,2768,3503,397068.18815112,4435650.84506675,40.0648318,-88.20698635,2714.2786132,3502.26359707,2714,3502,397066.25529755,4435650.88308104,40.06483191,-88.20700902,2741.79618192,3468.71917742,397067.24355066,4435652.08773022,40.06484288,-88.20699762,4.73193359,"POLYGON((2715.494 3434.116, 2769.314 3435.175, 2768.098 3503.322, 2714.279 3502.264, 2715.494 3434.116))","POLYGON((397066.299 4435653.330, 397068.232 4435653.292, 397068.188 4435650.845, 397066.255 4435650.883, 397066.299 4435653.330))",4.005108590576,0.3637488400866068,1.4568536042429243,0.6362511599133931,0.283124715089798,0.2796205282211303,0.0787157490849495,0.3854426145553589,0.2883527507968978,13,3.245854564490195,0.1166708614046879,7,1.7477678424177974,0.6158366841942469,3233,1176,1.0988025927411162,36.374884008660686,10/22/2025 11:05:39 AM,15,6,1.135,,131,N_to_S,1.135,,1.135,0.23985966379549298,2398.59663795493,0.3306886702634084,0.03306016982319837,0.953792395009708,-0.3709301943103402,2406.2351694482572,2172.1033258641232,1913.5895201347182,2140.0828322255247,-258.513805729405,2128.173318571484
B8_R0_C0,B8,8,0,0,LD17-10473L,5,16,115.81,90.0,122.65,98.0,2713.97473997,3519.30044149,2714,3519,397066.24438439,4435650.27125288,40.0648264,-88.20700905,2767.79438448,3520.35897985,2768,3520,397068.17723795,4435650.23323858,40.06482629,-88.20698638,2766.57889155,3588.50635751,2767,3589,397068.13358531,4435647.78592593,40.06480424,-88.2069865,2712.75924704,3587.44781915,2713,3587,397066.20073175,4435647.82394022,40.06480435,-88.20700917,2740.27681576,3553.9033995,397067.18898485,4435649.0285894,40.06481532,-88.20699777,4.73242188,"POLYGON((2713.975 3519.300, 2767.794 3520.359, 2766.579 3588.506, 2712.759 3587.448, 2713.975 3519.300))","POLYGON((397066.244 4435650.271, 397068.177 4435650.233, 397068.134 4435647.786, 397066.201 4435647.824, 397066.244 4435650.271))",4.005521879232001,0.3605442176870748,1.4441677523761636,0.6394557823129252,0.2649385333061218,0.2615380883216858,0.0717183649539947,0.3581781685352325,0.2700866090082655,7,1.7475875082080805,0.2148319870228693,3,0.7489660749463202,0.6314162028447743,3234,1166,1.089122156645365,36.054421768707485,10/22/2025 11:05:11 AM,16,6,1.1,,130,N_to_S,1.1,,1.1,0.23243912480600737,2324.391248060074,0.3306886702634084,0.029855547423666362,0.949054425022687,-0.5152355570695488,2331.289353558799,1973.4366918455964,1748.5607867229373,2099.515342937415,-224.8759051226591,2154.4609853643037
B4_R7_C0,B4,4,7,0,LD20-11748,5,17,115.81,80.0,122.65,88.0,2712.45537381,3604.48466357,2712,3604,397066.18981858,4435647.21211206,40.06479883,-88.2070092,2766.27501832,3605.54320193,2766,3606,397068.12267215,4435647.17409776,40.06479873,-88.20698653,2765.05952539,3673.69057959,2765,3674,397068.0790195,4435644.72678511,40.06477668,-88.20698666,2711.23988089,3672.63204123,2711,3673,397066.14616594,4435644.7647994,40.06477678,-88.20700932,2738.7574496,3639.08762158,397067.13441904,4435645.96944858,40.06478776,-88.20699793,4.73242188,"POLYGON((2712.455 3604.485, 2766.275 3605.543, 2765.060 3673.691, 2711.240 3672.632, 2712.455 3604.485))","POLYGON((397066.190 4435647.212, 397068.123 4435647.174, 397068.079 4435644.727, 397066.146 4435644.765, 397066.190 4435647.212))",4.005521879232001,0.4240643365295391,1.698598978171071,0.5759356634704609,0.2182911932468414,0.2165352404117584,0.0697847753763198,0.3076919615268707,0.2194463650479036,8,1.9972428665235205,0.2210272919659601,3,0.7489660749463202,0.5706773894215899,3233,1371,1.2810020022517603,42.40643365295392,10/22/2025 11:04:43 AM,17,6,0.635,,129,N_to_S,0.635,,0.635,0.1341807675016497,1341.8076750164971,0.3306886702634084,0.0933756662661307,0.9443164550306118,-0.6595409198726897,1363.3820641166938,1946.8756939785346,1740.4285764822844,1135.3605575202469,-206.44711749625026,1062.885126613128
B4_R6_C0,B4,4,6,0,AG38XF6,5,18,115.81,70.0,122.65,78.0,2710.93600765,3689.66888564,2711,3690,397066.13525278,4435644.15297124,40.06477127,-88.20700935,2764.75565216,3690.727424,2765,3691,397068.06810634,4435644.11495695,40.06477117,-88.20698669,2763.54015923,3758.87480167,2764,3759,397068.0244537,4435641.66764429,40.06474912,-88.20698681,2709.72051473,3757.81626331,2710,3758,397066.09160013,4435641.70565858,40.06474922,-88.20700948,2737.23808344,3724.27184366,397067.07985324,4435642.91030776,40.06476019,-88.20699808,4.73193359,"POLYGON((2710.936 3689.669, 2764.756 3690.727, 2763.540 3758.875, 2709.721 3757.816, 2710.936 3689.669))","POLYGON((397066.135 4435644.153, 397068.068 4435644.115, 397068.024 4435641.668, 397066.092 4435641.706, 397066.135 4435644.153))",4.005108590576,0.4619666048237477,1.85022641753882,0.5380333951762524,0.1752334237098693,0.1752575188875198,0.0564820878207683,0.246515467762947,0.1735204398561926,6,1.4980867220723977,0.3211424986113732,6,1.4980867220723977,0.536178107606679,3234,1494,1.3954961423912309,46.19666048237477,10/22/2025 11:04:20 AM,18,6,0.66,,128,N_to_S,0.66,,0.66,0.13947786617182853,1394.7786617182853,0.3306886702634084,0.13127793456033926,0.9395784859078578,-0.8038462826758306,1425.1103461252562,2122.0339429257415,1971.6988714756033,1244.443590268147,-150.33507145013823,1126.0429643335035
B4_R5_C0,B4,4,5,0,LD21-3090,5,19,115.81,60.0,122.65,68.0,2709.41664149,3774.85310772,2709,3775,397066.08068697,4435641.09383042,40.06474371,-88.20700951,2763.236286,3775.91164608,2763,3776,397068.01354054,4435641.05581613,40.0647436,-88.20698684,2762.02079307,3844.05902374,2762,3844,397067.96988789,4435638.60850347,40.06472155,-88.20698696,2708.20114857,3843.00048538,2708,3843,397066.03703433,4435638.64651776,40.06472166,-88.20700963,2735.71871728,3809.45606573,397067.02528743,4435639.85116694,40.06473263,-88.20699823,4.73242188,"POLYGON((2709.417 3774.853, 2763.236 3775.912, 2762.021 3844.059, 2708.201 3843.000, 2709.417 3774.853))","POLYGON((397066.081 4435641.094, 397068.014 4435641.056, 397067.970 4435638.609, 397066.037 4435638.647, 397066.081 4435641.094))",4.005521879232001,0.3076681332495286,1.2323714392734533,0.6923318667504714,0.2262203991413116,0.2175322920083999,0.0671006813645362,0.3186598420143127,0.237123423335599,10,2.496553583154401,0.1262644602974033,1,0.24965535831544,0.6885606536769328,3182,979,0.9293955203758428,30.766813324952857,10/22/2025 11:03:58 AM,19,6,1.3,,127,N_to_S,1.3,,1.3,0.27470078386164504,2747.0078386164505,0.3306886702634084,-0.02302053701387985,0.9348405159157824,-0.9481516454789715,2741.6889579841304,2262.279612610368,2130.1369400546714,2614.865166060754,-132.14267255569666,2627.5785209513574
B4_R4_C0,B4,4,4,0,AG40XFF5,5,20,115.81,50.0,122.65,58.0,2707.89727533,3860.0373298,2708,3860,397066.02612117,4435638.0346896,40.06471615,-88.20700966,2761.71691984,3861.09586816,2762,3861,397067.95897473,4435637.99667531,40.06471604,-88.20698699,2760.50142691,3929.24324582,2761,3929,397067.91532208,4435635.54936265,40.06469399,-88.20698712,2706.68178241,3928.18470746,2707,3928,397065.98246852,4435635.58737694,40.0646941,-88.20700978,2734.19935112,3894.64028781,397066.97072162,4435636.79202612,40.06470507,-88.20699839,4.73242188,"POLYGON((2707.897 3860.037, 2761.717 3861.096, 2760.501 3929.243, 2706.682 3928.185, 2707.897 3860.037))","POLYGON((397066.026 4435638.035, 397067.959 4435637.997, 397067.915 4435635.549, 397065.982 4435635.587, 397066.026 4435638.035))",4.005521879232001,0.3110972568578554,1.246106868913197,0.6889027431421446,0.2082110792398452,0.204047292470932,0.0508779361844062,0.2749996185302734,0.2150506774046842,7,1.7475875082080805,0.1838784931808092,1,0.24965535831544,0.6845386533665836,3208,998,0.9397541236108722,31.109725685785538,10/22/2025 11:03:33 AM,20,6,0.795,,126,N_to_S,0.795,,0.795,0.16799009474615986,1679.9009474615987,0.3306886702634084,-0.019591413405553038,0.9301025459287614,-1.0924570082821123,1675.3743636873041,1908.8220790147739,1837.8028796867611,1608.881748133586,-71.01919932801275,1537.5056050901999
B4_R3_C0,B4,4,3,0,LD21-5944,5,21,115.81,40.0,122.65,48.0,2706.37790918,3945.22155188,2706,3945,397065.97155536,4435634.97554878,40.06468858,-88.20700981,2760.19755368,3946.28009024,2760,3946,397067.90440892,4435634.93753449,40.06468848,-88.20698715,2758.98206075,4014.4274679,2759,4014,397067.86075628,4435632.49022183,40.06466643,-88.20698727,2705.16241625,4013.36892954,2705,4013,397065.92790271,4435632.52823612,40.06466653,-88.20700994,2732.67998497,3979.82450989,397066.91615582,4435633.7328853,40.06467751,-88.20699854,4.73144531,"POLYGON((2706.378 3945.222, 2760.198 3946.280, 2758.982 4014.427, 2705.162 4013.369, 2706.378 3945.222))","POLYGON((397065.972 4435634.976, 397067.904 4435634.938, 397067.861 4435632.490, 397065.928 4435632.528, 397065.972 4435634.976))",4.004695310384,0.4358346094946401,1.7453848167462274,0.5641653905053599,0.1531321555376052,0.1508619040250778,0.0501749441027641,0.2175001949071884,0.1561999218183404,7,1.7479482101545418,0.2621834627217349,4,0.998827548659738,0.552833078101072,3265,1423,1.3165573223683673,43.58346094946401,10/22/2025 11:03:06 AM,21,6,0.98,,125,N_to_S,0.98,,0.98,0.2071248711104726,2071.2487111047258,0.3306886702634084,0.10514593923123167,0.9253645768060074,-1.236762371085253,2095.5426143879954,1779.8259285011795,1804.4466042862205,2095.8693868897667,24.62067578504093,1992.6729130917568
B4_R2_C0,B4,4,2,0,AG34XF6,5,22,115.81,30.0,122.65,38.0,2704.85854302,4030.40577395,2705,4030,397065.91698955,4435631.91640796,40.06466102,-88.20700997,2758.67818752,4031.46431231,2759,4031,397067.84984312,4435631.87839367,40.06466092,-88.2069873,2757.4626946,4099.61168998,2757,4100,397067.80619047,4435629.43108101,40.06463887,-88.20698742,2703.64305009,4098.55315162,2704,4099,397065.87333691,4435629.4690953,40.06463897,-88.20701009,2731.16061881,4065.00873197,397066.86159001,4435630.67374449,40.06464994,-88.20699869,4.73193359,"POLYGON((2704.859 4030.406, 2758.678 4031.464, 2757.463 4099.612, 2703.643 4098.553, 2704.859 4030.406))","POLYGON((397065.917 4435631.916, 397067.850 4435631.878, 397067.806 4435629.431, 397065.873 4435629.469, 397065.917 4435631.916))",4.005108590576,0.3658231802561699,1.4651615618758187,0.63417681974383,0.2065301388502121,0.1962021589279174,0.0843130871653556,0.3136090338230133,0.2196569568970624,2,0.4993622406907992,0.7551362768552571,8,1.997448962763197,0.6123086535457669,3201,1171,1.1050687030495376,36.58231802561699,10/22/2025 11:02:41 AM,22,6,1.065,,124,N_to_S,1.065,,1.065,0.22506655677726872,2250.665567772687,0.3306886702634084,0.035134509992761465,0.9206266068139322,-1.3810677334051396,2258.783374260602,1850.3439349662842,1932.096114966995,2332.417747773398,81.75218000071072,2327.7741526478194
B4_R1_C0,B4,4,1,0,LD21-7234,5,23,115.81,20.0,122.65,28.0,2703.33917686,4115.58999603,2703,4116,397065.86242375,4435628.85726714,40.06463346,-88.20701012,2757.15882136,4116.64853439,2757,4117,397067.79527731,4435628.81925285,40.06463335,-88.20698745,2755.94332844,4184.79591205,2756,4185,397067.75162467,4435626.37194019,40.0646113,-88.20698758,2702.12368393,4183.73737369,2702,4184,397065.8187711,4435626.40995448,40.06461141,-88.20701024,2729.64125265,4150.19295404,397066.80702421,4435627.61460367,40.06462238,-88.20699885,4.73193359,"POLYGON((2703.339 4115.590, 2757.159 4116.649, 2755.943 4184.796, 2702.124 4183.737, 2703.339 4115.590))","POLYGON((397065.862 4435628.857, 397067.795 4435628.819, 397067.752 4435626.372, 397065.819 4435626.410, 397065.862 4435628.857))",4.005108590576,0.2603369065849923,1.0426775810075344,0.7396630934150077,0.2073954492807388,0.1963187456130981,0.0777886509895324,0.3064484894275665,0.2245954034889445,9,2.2471300831085967,0.1218077303969956,3,0.7490433610361988,0.7277182235834609,3265,850,0.7864186395032412,26.03369065849924,10/22/2025 11:02:14 AM,23,6,0.895,,123,N_to_S,0.895,,0.895,0.18914043973300987,1891.4043973300986,0.3306886702634084,-0.07035176367841611,0.9158886376911781,-1.5253730962082805,1875.149666475945,1799.3649690545592,1936.540424624022,2028.5798528995615,137.17545556946288,2146.3676193674896
B4_R0_C0,B4,4,0,0,AG34XF6,5,24,115.81,10.0,122.65,18.0,2701.8198107,4200.77421811,2702,4201,397065.80785794,4435625.79812632,40.0646059,-88.20701027,2755.6394552,4201.83275647,2756,4202,397067.7407115,4435625.76011203,40.06460579,-88.20698761,2754.42396228,4269.98013413,2754,4270,397067.69705886,4435623.31279937,40.06458374,-88.20698773,2700.60431777,4268.92159577,2701,4269,397065.7642053,4435623.35081367,40.06458385,-88.2070104,2728.12188649,4235.37717612,397066.7524584,4435624.55546285,40.06459482,-88.206999,4.73144531,"POLYGON((2701.820 4200.774, 2755.639 4201.833, 2754.424 4269.980, 2700.604 4268.922, 2701.820 4200.774))","POLYGON((397065.808 4435625.798, 397067.741 4435625.760, 397067.697 4435623.313, 397065.764 4435623.351, 397065.808 4435625.798))",4.004695310384,0.4227229450967946,1.6928765958208467,0.5772770549032054,0.1565103679895401,0.1531790792942047,0.0866163969039917,0.2631575465202331,0.1632476540172801,5,1.2485344358246726,0.3435837816468667,3,0.7491206614948036,0.5687083465566487,3151,1332,1.276949963532326,42.27229450967946,10/22/2025 11:01:50 AM,24,6,0.49,,122,N_to_S,0.49,,0.49,0.1035624355552363,1035.6243555523629,0.3306886702634084,0.09203427483338616,0.9111506676991028,-1.6696784590114213,1056.8888170037092,1671.1174409807747,1932.096114966995,1296.603029538583,260.9786739862202,1304.1315675898898
B11_R7_C4,B11,11,7,4,LG3216,6,1,107.72,240.0,114.56,248.0,2673.11012651,2240.28512563,2673,2240,397064.77679176,4435696.20332651,40.06523996,-88.20703355,2726.92977101,2241.34366399,2727,2241,397066.70964532,4435696.16531222,40.06523985,-88.20701089,2725.71427808,2309.49104165,2726,2309,397066.66599268,4435693.71799957,40.0652178,-88.20701101,2671.89463358,2308.43250329,2672,2308,397064.73313911,4435693.75601386,40.06521791,-88.20703368,2699.41220229,2274.88808364,397065.72139222,4435694.96066304,40.06522888,-88.20702228,4.73193359,"POLYGON((2673.110 2240.285, 2726.930 2241.344, 2725.714 2309.491, 2671.895 2308.433, 2673.110 2240.285))","POLYGON((397064.777 4435696.203, 397066.710 4435696.165, 397066.666 4435693.718, 397064.733 4435693.756, 397064.777 4435696.203))",4.005108590576,0.5849923430321593,2.3429578584992834,0.4150076569678407,0.161480575799942,0.1660375893115997,0.070808820426464,0.2435628771781921,0.1506455831667955,2,0.4993622406907992,1.2316911091319735,4,0.9987244813815984,0.4094946401225114,3265,1910,1.7671289428837536,58.49923430321593,10/22/2025 11:13:32 AM,1,7,1.09,,146,S_to_N,1.09,,1.09,0.2303498092837774,2303.498092837774,0.3306886702634084,0.2543036727687509,0.8216227999904377,1.6514657949645024,2362.254796862623,1742.5065269374861,1913.5895201347182,2474.581086035006,171.0829931972321,2534.6491265353516
B11_R6_C4,B11,11,6,4,AG40XFF5,6,2,107.72,230.0,114.56,238.0,2671.59076035,2325.46934771,2672,2325,397064.72222595,4435693.1441857,40.0652124,-88.20703371,2725.41040485,2326.52788607,2725,2327,397066.65507952,4435693.1061714,40.06521229,-88.20701104,2724.19491193,2394.67526373,2724,2395,397066.61142687,4435690.65885875,40.06519024,-88.20701116,2670.37526742,2393.61672537,2670,2394,397064.67857331,4435690.69687304,40.06519035,-88.20703383,2697.89283614,2360.07230572,397065.66682641,4435691.90152222,40.06520132,-88.20702244,4.73144531,"POLYGON((2671.591 2325.469, 2725.410 2326.528, 2724.195 2394.675, 2670.375 2393.617, 2671.591 2325.469))","POLYGON((397064.722 4435693.144, 397066.655 4435693.106, 397066.611 4435690.659, 397064.679 4435690.697, 397064.722 4435693.144))",4.004695310384,0.2774133083411434,1.1109557749518877,0.7225866916588566,0.2075269222259521,0.1981422901153564,0.0650373846292495,0.295153796672821,0.2228705830433789,4,0.998827548659738,0.2863198180390556,3,0.7491206614948036,0.7200874726647922,3201,888,0.8380025690076767,27.741330834114343,10/22/2025 11:13:58 AM,2,7,1.185,,147,S_to_N,1.185,,1.185,0.2504520125162347,2504.520125162347,0.3306886702634084,-0.05327536192226501,0.8168848299983625,1.5071604321613616,2492.2108862189925,1794.0618640386137,1837.8028796867611,2548.2611408104945,43.74101564814737,2364.056035757644
B11_R5_C4,B11,11,5,4,LG3216,6,3,107.72,220.0,114.56,228.0,2670.07139419,2410.65356979,2670,2411,397064.66766015,4435690.08504488,40.06518483,-88.20703386,2723.89103869,2411.71210815,2724,2412,397066.60051371,4435690.04703058,40.06518473,-88.2070112,2722.67554577,2479.85948581,2723,2480,397066.55686106,4435687.59971793,40.06516268,-88.20701132,2668.85590126,2478.80094745,2669,2479,397064.6240075,4435687.63773222,40.06516278,-88.20703398,2696.37346998,2445.2565278,397065.6122606,4435688.8423814,40.06517376,-88.20702259,4.73144531,"POLYGON((2670.071 2410.654, 2723.891 2411.712, 2722.676 2479.859, 2668.856 2478.801, 2670.071 2410.654))","POLYGON((397064.668 4435690.085, 397066.601 4435690.047, 397066.557 4435687.600, 397064.624 4435687.638, 397064.668 4435690.085))",4.004695310384,0.2924961715160796,1.1713580463757185,0.7075038284839203,0.2109527289867401,0.2061853855848312,0.045804426074028,0.2695176899433136,0.2166356860329122,11,2.74677575881428,0.1119719190119975,3,0.7491206614948036,0.69739663093415,3265,955,0.8835644714418768,29.249617151607964,10/22/2025 11:14:25 AM,3,7,1.47,,148,S_to_N,1.47,,1.47,0.3106873066657089,3106.8730666570887,0.3306886702634084,-0.03819249874732883,0.8121468600113415,1.3628550693582209,3098.0487137862324,1916.1514405583007,1913.5895201347182,3104.3111462335064,-2.561920423582478,3075.9735607355797
B11_R4_C4,B11,11,4,4,AG29XF5,6,4,107.72,210.0,114.56,218.0,2668.55202803,2495.83779186,2669,2496,397064.61309434,4435687.02590406,40.06515727,-88.20703401,2722.37167253,2496.89633022,2722,2497,397066.5459479,4435686.98788976,40.06515717,-88.20701135,2721.15617961,2565.04370789,2721,2565,397066.50229526,4435684.54057711,40.06513512,-88.20701147,2667.3365351,2563.98516953,2667,2564,397064.56944169,4435684.5785914,40.06513522,-88.20703414,2694.85410382,2530.44074987,397065.5576948,4435685.78324058,40.06514619,-88.20702274,4.73193359,"POLYGON((2668.552 2495.838, 2722.372 2496.896, 2721.156 2565.044, 2667.337 2563.985, 2668.552 2495.838))","POLYGON((397064.613 4435687.026, 397066.546 4435686.988, 397066.502 4435684.541, 397064.569 4435684.579, 397064.613 4435687.026))",4.005108590576,0.2834020945731513,1.1350561635621603,0.7165979054268486,0.2302086651325225,0.2238265126943588,0.0535288751125335,0.3015869259834289,0.2403310698621413,12,2.996173444144796,0.0959773263922209,2,0.4993622406907992,0.7153284671532847,3151,893,0.8560933314071825,28.340209457315137,10/22/2025 11:14:50 AM,4,7,1.17,,149,S_to_N,1.17,,1.17,0.24725621730460506,2472.5621730460507,0.3306886702634084,-0.04728657569025713,0.8074088908885875,1.2185497065550799,2461.6366394038073,2204.980078839028,2157.017367309951,2424.599461516974,-47.96271152907684,2364.6874888685657
B11_R3_C4,B11,11,3,4,LG3216,6,5,107.72,200.0,114.56,208.0,2667.03266187,2581.02201394,2667,2581,397064.55852853,4435683.96676324,40.06512971,-88.20703417,2720.85230637,2582.0805523,2721,2582,397066.4913821,4435683.92874895,40.0651296,-88.2070115,2719.63681345,2650.22792996,2720,2650,397066.44772945,4435681.48143629,40.06510755,-88.20701162,2665.81716894,2649.1693916,2666,2649,397064.51487589,4435681.51945058,40.06510766,-88.20703429,2693.33473766,2615.62497195,397065.50312899,4435682.72409976,40.06511863,-88.2070229,4.73242188,"POLYGON((2667.033 2581.022, 2720.852 2582.081, 2719.637 2650.228, 2665.817 2649.169, 2667.033 2581.022))","POLYGON((397064.559 4435683.967, 397066.491 4435683.929, 397066.448 4435681.481, 397064.515 4435681.519, 397064.559 4435683.967))",4.005521879232001,0.4390168014934661,1.7584914037325308,0.5609831985065339,0.1744972467422485,0.1732670962810516,0.0553101748228073,0.2429763674736023,0.1755196275243572,2,0.4993107166308801,0.9099037460655574,6,1.4979321498926403,0.5423148724331052,3214,1411,1.3261700013203537,43.90168014934661,10/22/2025 11:15:16 AM,5,7,1.185,,150,S_to_N,1.185,,1.185,0.2504003299046534,2504.003299046534,0.3306886702634084,0.10832813123005769,0.8026709208965122,1.0742443437519391,2529.0324457943966,1962.4089485347927,1913.5895201347182,2455.1838706464596,-48.81942840007446,2453.1067524996342
B11_R2_C4,B11,11,2,4,AG38XF6,6,6,107.72,190.0,114.56,198.0,2665.51329571,2666.20623602,2666,2666,397064.50396273,4435680.90762242,40.06510215,-88.20703432,2719.33294022,2667.26477438,2719,2667,397066.43681629,4435680.86960813,40.06510204,-88.20701166,2718.11744729,2735.41215204,2718,2735,397066.39316365,4435678.42229547,40.06507999,-88.20701178,2664.29780278,2734.35361368,2664,2734,397064.46031008,4435678.46030976,40.0650801,-88.20703444,2691.8153715,2700.80919403,397065.44856319,4435679.66495894,40.06509107,-88.20702305,4.73144531,"POLYGON((2665.513 2666.206, 2719.333 2667.265, 2718.117 2735.412, 2664.298 2734.354, 2665.513 2666.206))","POLYGON((397064.504 4435680.908, 397066.437 4435680.870, 397066.393 4435678.422, 397064.460 4435678.460, 397064.504 4435680.908))",4.004695310384,0.3145685122177544,1.259751045672913,0.6854314877822456,0.2065640240907669,0.1999998092651367,0.063733123242855,0.2857139110565185,0.2151032360020806,5,1.2485344358246726,0.2623308603114591,2,0.499413774329869,0.6795545932570368,3233,1017,0.9502399972939756,31.45685122177544,10/22/2025 11:15:44 AM,6,7,1.295,,151,S_to_N,1.295,,1.295,0.27370072253883876,2737.0072253883877,0.3306886702634084,-0.01612015804565403,0.7979329517737582,0.9299389809487982,2733.282672986883,2079.5951844821143,1971.6988714756033,2629.110912381877,-107.89631300651104,2607.7127143908497
B11_R1_C4,B11,11,1,4,LG3216,6,7,107.72,180.0,114.56,188.0,2663.99392955,2751.3904581,2664,2751,397064.44939692,4435677.8484816,40.06507458,-88.20703447,2717.81357406,2752.44899646,2718,2752,397066.38225048,4435677.81046731,40.06507448,-88.20701181,2716.59808113,2820.59637412,2717,2821,397066.33859784,4435675.36315465,40.06505243,-88.20701193,2662.77843662,2819.53783576,2663,2820,397064.40574428,4435675.40116894,40.06505253,-88.2070346,2690.29600534,2785.99341611,397065.39399738,4435676.60581813,40.06506351,-88.2070232,4.73193359,"POLYGON((2663.994 2751.390, 2717.814 2752.449, 2716.598 2820.596, 2662.778 2819.538, 2663.994 2751.390))","POLYGON((397064.449 4435677.848, 397066.382 4435677.810, 397066.339 4435675.363, 397064.406 4435675.401, 397064.449 4435677.848))",4.005108590576,0.3327149041434756,1.3325593207977044,0.6672850958565244,0.1907076835632324,0.1855976730585098,0.0584281682968139,0.2638708353042602,0.1975627804807588,9,2.2471300831085967,0.1541942563613733,4,0.9987244813815984,0.6617192331478046,3234,1076,1.0050561239711946,33.27149041434756,10/22/2025 11:16:10 AM,7,7,1.225,,152,S_to_N,1.225,,1.225,0.25887937281892415,2588.7937281892414,0.3306886702634084,0.002026233880067174,0.7931949817816829,0.7856336186289117,2589.2618882558263,2041.1280929742,1913.5895201347182,2461.2551553497597,-127.53857283948173,2419.7611661110777
B11_R0_C4,B11,11,0,4,AG36XF4,6,8,107.72,170.0,114.56,178.0,2662.47456339,2836.57468017,2662,2837,397064.39483111,4435674.78934078,40.06504702,-88.20703463,2716.2942079,2837.63321853,2716,2838,397066.32768468,4435674.75132649,40.06504692,-88.20701196,2715.07871497,2905.78059619,2715,2906,397066.28403203,4435672.30401383,40.06502487,-88.20701208,2661.25907046,2904.72205784,2661,2905,397064.35117847,4435672.34202812,40.06502497,-88.20703475,2688.77663918,2871.17763818,397065.33943157,4435673.54667731,40.06503594,-88.20702336,4.73144531,"POLYGON((2662.475 2836.575, 2716.294 2837.633, 2715.079 2905.781, 2661.259 2904.722, 2662.475 2836.575))","POLYGON((397064.395 4435674.789, 397066.328 4435674.751, 397066.284 4435672.304, 397064.351 4435672.342, 397064.395 4435674.789))",4.004695310384,0.3352922981750696,1.342743494109575,0.6647077018249303,0.1955133527517318,0.1904760599136352,0.0625330880284309,0.2765954136848449,0.204497997676625,8,1.997655097319476,0.1747582673166308,2,0.499413774329869,0.6625425301577482,3233,1084,1.0128418456899406,33.52922981750696,10/22/2025 11:16:37 AM,8,7,1.2,,153,S_to_N,1.2,,1.2,0.2536222911556807,2536.222911556807,0.3306886702634084,0.00460362791166119,0.7884570117946619,0.6413282558257708,2537.28657689715,1988.6920486537867,1844.402221121324,2391.933084024344,-144.28982753246282,2344.4715845336723
B7_R7_C4,B7,7,7,4,AG29XF4,6,9,107.72,160.0,114.56,168.0,2660.95519723,2921.75890225,2661,2922,397064.34026531,4435671.73019996,40.06501946,-88.20703478,2714.77484174,2922.81744061,2715,2923,397066.27311887,4435671.69218567,40.06501935,-88.20701212,2713.55934881,2990.96481827,2714,2991,397066.22946623,4435669.24487301,40.0649973,-88.20701224,2659.7397043,2989.90627991,2660,2990,397064.29661266,4435669.2828873,40.06499741,-88.2070349,2687.25727302,2956.36186026,397065.28486577,4435670.48753649,40.06500838,-88.20702351,4.73242188,"POLYGON((2660.955 2921.759, 2714.775 2922.817, 2713.559 2990.965, 2659.740 2989.906, 2660.955 2921.759))","POLYGON((397064.340 4435671.730, 397066.273 4435671.692, 397066.229 4435669.245, 397064.297 4435669.283, 397064.340 4435671.730))",4.005521879232001,0.3319723618090452,1.3297225585264525,0.6680276381909548,0.1789495199918747,0.1739128530025482,0.0571293085813522,0.2511653900146484,0.1859868410428365,6,1.4979321498926403,0.2272072429934547,3,0.7489660749463202,0.6604899497487438,3184,1057,1.0028130723037365,33.19723618090452,10/22/2025 11:17:04 AM,9,7,1.825,,154,S_to_N,1.825,,1.825,0.385637638882694,3856.37638882694,0.3306886702634084,0.0012836915456367892,0.7837190426719078,0.49702289302263,3856.6729849530793,2735.2634177666423,2182.798000920842,3303.9109719811395,-552.4654168458005,3299.9169962684446
B7_R6_C4,B7,7,6,4,LD21-7234,6,10,107.72,150.0,114.56,158.0,2659.43583107,3006.94312433,2659,3007,397064.2856995,4435668.67105914,40.0649919,-88.20703493,2713.25547558,3008.00166269,2713,3008,397066.21855307,4435668.63304485,40.06499179,-88.20701227,2712.03998265,3076.14904035,2712,3076,397066.17490042,4435666.18573219,40.06496974,-88.20701239,2658.22033814,3075.09050199,2658,3075,397064.24204686,4435666.22374649,40.06496985,-88.20703506,2685.73790686,3041.54608234,397065.23029996,4435667.42839567,40.06498082,-88.20702366,4.73193359,"POLYGON((2659.436 3006.943, 2713.255 3008.002, 2712.040 3076.149, 2658.220 3075.091, 2659.436 3006.943))","POLYGON((397064.286 4435668.671, 397066.219 4435668.633, 397066.175 4435666.186, 397064.242 4435666.224, 397064.286 4435668.671))",4.005108590576,0.3331238214959145,1.3341970791987932,0.6668761785040855,0.224918782711029,0.2206894755363464,0.0663760975003242,0.310003399848938,0.2322815125935218,11,2.746492323799396,0.1242829676991805,1,0.2496811203453996,0.6640477686989315,3182,1060,1.0062913703762957,33.31238214959145,10/22/2025 11:17:29 AM,10,7,1.44,,155,S_to_N,1.44,,1.44,0.30431534437489854,3043.1534437489854,0.3306886702634084,0.0024351512325060942,0.7789810726798325,0.35271753021948915,3043.7160839132675,2493.1101325152604,1936.540424624022,2486.5837358577473,-556.5697078912383,2470.300562822479
B7_R5_C4,B7,7,5,4,AG29XF5,6,11,107.72,140.0,114.56,148.0,2657.91646491,3092.12734641,2658,3092,397064.2311337,4435665.61191832,40.06496433,-88.20703509,2711.73610942,3093.18588477,2712,3093,397066.16398726,4435665.57390403,40.06496423,-88.20701242,2710.52061649,3161.33326243,2711,3161,397066.12033461,4435663.12659137,40.06494218,-88.20701254,2656.70097198,3160.27472407,2657,3160,397064.18748105,4435663.16460567,40.06494228,-88.20703521,2684.2185407,3126.73030442,397065.17573415,4435664.36925485,40.06495326,-88.20702382,4.73193359,"POLYGON((2657.916 3092.127, 2711.736 3093.186, 2710.521 3161.333, 2656.701 3160.275, 2657.916 3092.127))","POLYGON((397064.231 4435665.612, 397066.164 4435665.574, 397066.120 4435663.127, 397064.187 4435663.165, 397064.231 4435665.612))",4.005108590576,0.3401360544217687,1.3622818335292517,0.6598639455782314,0.2598012685775757,0.2535711526870727,0.0644697248935699,0.3389005362987518,0.266715324457954,9,2.2471300831085967,0.1576335334549355,3,0.7490433610361988,0.6484230055658627,3234,1100,1.0274737326843066,34.01360544217687,10/22/2025 11:17:55 AM,11,7,2.02,,156,S_to_N,2.02,,2.02,0.4268868025258994,4268.868025258994,0.3306886702634084,0.009447384158360272,0.7742431026877573,0.20841216741634827,4271.050837440816,2709.8490258268976,2157.017367309951,3716.0363667420474,-552.8316585169464,3706.1335269893484
B7_R4_C4,B7,7,4,4,LD20-5413,6,12,107.72,130.0,114.56,138.0,2656.39709875,3177.31156848,2656,3177,397064.17656789,4435662.5527775,40.06493677,-88.20703524,2710.21674326,3178.37010684,2710,3178,397066.10942145,4435662.51476321,40.06493667,-88.20701258,2709.00125033,3246.5174845,2709,3247,397066.06576881,4435660.06745055,40.06491462,-88.2070127,2655.18160582,3245.45894614,2655,3245,397064.13291524,4435660.10546485,40.06491472,-88.20703536,2682.69917454,3211.91452649,397065.12116835,4435661.31011403,40.06492569,-88.20702397,4.73193359,"POLYGON((2656.397 3177.312, 2710.217 3178.370, 2709.001 3246.517, 2655.182 3245.459, 2656.397 3177.312))","POLYGON((397064.177 4435662.553, 397066.109 4435662.515, 397066.066 4435660.067, 397064.133 4435660.105, 397064.177 4435662.553))",4.005108590576,0.2749768017321373,1.1013119508264966,0.7250231982678627,0.2316261976957321,0.2217739671468734,0.0646450147032737,0.3212145268917084,0.2474154526766609,6,1.4980867220723977,0.1910948335110513,3,0.7490433610361988,0.7104856170739251,3233,889,0.8306424361792962,27.49768017321373,10/22/2025 11:18:23 AM,12,7,1.545,,157,S_to_N,1.545,,1.545,0.3265050049022349,3265.050049022349,0.3306886702634084,-0.055711868531271136,0.7695051335650033,0.06410680461320739,3252.1778567558226,2472.6726358443225,1913.3920620325637,2705.76947521059,-559.2805738117588,2079.578513867602
B7_R3_C4,B7,7,3,4,AG29XF5,6,13,107.72,120.0,114.56,128.0,2654.87773259,3262.49579056,2655,3262,397064.12200208,4435659.49363668,40.06490921,-88.20703539,2708.6973771,3263.55432892,2709,3264,397066.05485565,4435659.45562239,40.0649091,-88.20701273,2707.48188417,3331.70170658,2707,3332,397066.011203,4435657.00830973,40.06488705,-88.20701285,2653.66223967,3330.64316822,2654,3331,397064.07834944,4435657.04632403,40.06488716,-88.20703552,2681.17980838,3297.09874857,397065.06660254,4435658.25097321,40.06489813,-88.20702412,4.73242188,"POLYGON((2654.878 3262.496, 2708.697 3263.554, 2707.482 3331.702, 2653.662 3330.643, 2654.878 3262.496))","POLYGON((397064.122 4435659.494, 397066.055 4435659.456, 397066.011 4435657.008, 397064.078 4435657.046, 397064.122 4435659.494))",4.005521879232001,0.3676975945017182,1.4728207597176086,0.6323024054982818,0.2591263353824615,0.2545451521873474,0.0664326176047325,0.3448271751403808,0.2642728858134325,8,1.9972428665235205,0.1897513658963786,5,1.2482767915772004,0.6151202749140894,3201,1177,1.11073088256986,36.76975945017183,10/22/2025 11:18:50 AM,13,7,2.025,,158,S_to_N,2.025,,2.025,0.4278992979383317,4278.992979383317,0.3306886702634084,0.03700892423830976,0.7647671635779822,-0.08019855818993347,4287.543868106524,2679.780557899521,2157.017367309951,3756.229788793747,-522.7631905895701,3756.011664586961
B7_R2_C4,B7,7,2,4,LD21-5253,6,14,107.72,110.0,114.56,118.0,2653.35836643,3347.68001264,2653,3348,397064.06743628,4435656.43449586,40.06488165,-88.20703555,2707.17801094,3348.738551,2707,3349,397066.00028984,4435656.39648157,40.06488154,-88.20701288,2705.96251801,3416.88592866,2706,3417,397065.95663719,4435653.94916892,40.06485949,-88.207013,2652.14287351,3415.8273903,2652,3416,397064.02378363,4435653.98718321,40.0648596,-88.20703567,2679.66044222,3382.28297065,397065.01203674,4435655.19183239,40.06487057,-88.20702428,4.73242188,"POLYGON((2653.358 3347.680, 2707.178 3348.739, 2705.963 3416.886, 2652.143 3415.827, 2653.358 3347.680))","POLYGON((397064.067 4435656.434, 397066.000 4435656.396, 397065.957 4435653.949, 397064.024 4435653.987, 397064.067 4435656.434))",4.005521879232001,0.3182235834609495,1.2746515260404438,0.6817764165390505,0.1941076517105102,0.1825724244117736,0.0703637301921844,0.2829687595367431,0.2091395811473622,4,0.9986214332617602,0.3350070843947959,4,0.9986214332617602,0.664624808575804,3265,1039,0.9612811369927852,31.822358346094948,10/22/2025 11:19:21 AM,14,7,1.62,,159,S_to_N,1.62,,1.62,0.34231943835066536,3423.1943835066536,0.3306886702634084,-0.012465086802458947,0.7600291944552282,-0.22450392099307434,3420.314333022435,2335.3782971787855,1822.7666814123568,2910.582767740225,-512.6116157664287,2890.787792243851
B7_R1_C4,B7,7,1,4,AG29XF5,6,15,107.72,100.0,114.56,108.0,2651.83900027,3432.86423472,2652,3433,397064.01287047,4435653.37535504,40.06485408,-88.2070357,2705.65864478,3433.92277307,2706,3434,397065.94572403,4435653.33734075,40.06485398,-88.20701304,2704.44315185,3502.07015074,2704,3502,397065.90207139,4435650.8900281,40.06483193,-88.20701316,2650.62350735,3501.01161238,2651,3501,397063.96921782,4435650.92804239,40.06483203,-88.20703582,2678.14107606,3467.46719273,397064.95747093,4435652.13269157,40.06484301,-88.20702443,4.73193359,"POLYGON((2651.839 3432.864, 2705.659 3433.923, 2704.443 3502.070, 2650.624 3501.012, 2651.839 3432.864))","POLYGON((397064.013 4435653.375, 397065.946 4435653.337, 397065.902 4435650.890, 397063.969 4435650.928, 397064.013 4435653.375))",4.005108590576,0.3697238971754998,1.480784356718832,0.6302761028245001,0.2379972040653228,0.2317070811986923,0.0636047571897506,0.3199996054172516,0.2437607483536589,7,1.7477678424177974,0.2146477400357141,7,1.7477678424177974,0.609330371310695,3151,1165,1.116851882518889,36.97238971754999,10/22/2025 11:19:54 AM,15,7,1.79,,160,S_to_N,1.79,,1.79,0.37828087946601974,3782.8087946601972,0.3306886702634084,0.03903522691209138,0.7552912244631529,-0.3688092837962152,3791.827859344734,2629.659140791975,2157.017367309951,3310.1670211781734,-472.64177348202384,3300.6708180959317
B7_R0_C4,B7,7,0,4,LD20-5413,6,16,107.72,90.0,114.56,98.0,2650.31963412,3518.04845679,2650,3518,397063.95830466,4435650.31621422,40.06482652,-88.20703585,2704.13927862,3519.10699515,2704,3519,397065.89115823,4435650.27819993,40.06482642,-88.20701319,2702.92378569,3587.25437281,2703,3587,397065.84750558,4435647.83088728,40.06480437,-88.20701331,2649.10414119,3586.19583445,2649,3586,397063.91465202,4435647.86890157,40.06480447,-88.20703598,2676.6217099,3552.6514148,397064.90290512,4435649.07355075,40.06481544,-88.20702458,4.73144531,"POLYGON((2650.320 3518.048, 2704.139 3519.107, 2702.924 3587.254, 2649.104 3586.196, 2650.320 3518.048))","POLYGON((397063.958 4435650.316, 397065.891 4435650.278, 397065.848 4435647.831, 397063.915 4435647.869, 397063.958 4435650.316))",4.004695310384,0.259339302253782,1.0385748875339798,0.740660697746218,0.2011307626962661,0.1924684345722198,0.0539906173944473,0.2727267444133758,0.212897177023046,9,2.2473619844844106,0.120374698274678,2,0.499413774329869,0.7384995368941031,3239,840,0.7834051035002049,25.933930225378205,10/22/2025 11:20:20 AM,16,7,1.245,,161,S_to_N,1.245,,1.245,0.26313312707401876,2631.3312707401874,0.3306886702634084,-0.07134936800962643,0.7505532544710777,-0.513114646599356,2614.846044031276,2376.979187352054,1913.3920620325637,2167.7441454206974,-463.58712531949027,1350.516869942093
B3_R7_C4,B3,3,7,4,LG3216,6,17,107.72,80.0,114.56,88.0,2648.80026796,3603.23267887,2649,3603,397063.90373886,4435647.25707341,40.06479896,-88.20703601,2702.61991246,3604.29121723,2703,3604,397065.83659242,4435647.21905911,40.06479885,-88.20701334,2701.40441954,3672.43859489,2701,3672,397065.79293978,4435644.77174646,40.0647768,-88.20701346,2647.58477503,3671.38005653,2648,3671,397063.86008621,4435644.80976075,40.06477691,-88.20703613,2675.10234375,3637.83563688,397064.84833932,4435646.01440993,40.06478788,-88.20702474,4.73193359,"POLYGON((2648.800 3603.233, 2702.620 3604.291, 2701.404 3672.439, 2647.585 3671.380, 2648.800 3603.233))","POLYGON((397063.904 4435647.257, 397065.837 4435647.219, 397065.793 4435644.772, 397063.860 4435644.810, 397063.904 4435647.257))",4.005108590576,0.3161512027491409,1.266219898051519,0.6838487972508591,0.2406857758760452,0.2333331257104873,0.0667472034692764,0.3276592195034027,0.2506623864173889,10,2.496811203453996,0.1305205657006866,2,0.4993622406907992,0.6816619806310528,3201,1012,0.9550209457610008,31.615120274914087,10/22/2025 11:20:47 AM,17,7,1.535,,162,S_to_N,1.535,,1.535,0.32439170389963146,3243.9170389963147,0.3306886702634084,-0.014537467514267544,0.7458152853483236,-0.6574200093585647,3240.5581662489935,3147.3281169879588,1913.5895201347182,2010.178442143074,-1233.7385968532406,1930.3704823331575
B3_R6_C4,B3,3,6,4,LD21-5991,6,18,107.72,70.0,114.56,78.0,2647.2809018,3688.41690095,2647,3688,397063.84917305,4435644.19793259,40.0647714,-88.20703616,2701.1005463,3689.47543931,2701,3689,397065.78202661,4435644.15991829,40.06477129,-88.2070135,2699.88505338,3757.62281697,2700,3758,397065.73837397,4435641.71260564,40.06474924,-88.20701362,2646.06540887,3756.56427861,2646,3757,397063.80552041,4435641.75061993,40.06474935,-88.20703628,2673.58297759,3723.01985896,397064.79377351,4435642.95526911,40.06476032,-88.20702489,4.73193359,"POLYGON((2647.281 3688.417, 2701.101 3689.475, 2699.885 3757.623, 2646.065 3756.564, 2647.281 3688.417))","POLYGON((397063.849 4435644.198, 397065.782 4435644.160, 397065.738 4435641.713, 397063.806 4435641.751, 397063.849 4435644.198))",4.005108590576,0.4309341500765696,1.725938066444236,0.5690658499234303,0.1037004962563514,0.0983605980873107,0.055145688354969,0.177609845995903,0.1073596674554488,4,0.9987244813815984,0.4536621441226928,5,1.248405601726998,0.554364471669219,3265,1407,1.301754147977718,43.093415007656965,10/22/2025 11:21:12 AM,18,7,1.555,,163,S_to_N,1.555,,1.555,0.32861830590483837,3286.1830590483837,0.3306886702634084,0.10024547981316118,0.7410773153613026,-0.8017253721617056,3309.344714258008,3132.151840947874,1972.4691364812563,2126.5003545817663,-1159.6827044666177,2046.8735715851249
B3_R5_C4,B3,3,5,4,LG3216,6,19,107.72,60.0,114.56,68.0,2645.76153564,3773.60112302,2646,3774,397063.79460724,4435641.13879177,40.06474383,-88.20703631,2699.58118014,3774.65966138,2700,3775,397065.72746081,4435641.10077747,40.06474373,-88.20701365,2698.36568722,3842.80703905,2698,3843,397065.68380816,4435638.65346482,40.06472168,-88.20701377,2644.54604271,3841.74850069,2645,3842,397063.7509546,4435638.69147911,40.06472179,-88.20703644,2672.06361143,3808.20408104,397064.7392077,4435639.89612829,40.06473276,-88.20702504,4.73242188,"POLYGON((2645.762 3773.601, 2699.581 3774.660, 2698.366 3842.807, 2644.546 3841.749, 2645.762 3773.601))","POLYGON((397063.795 4435641.139, 397065.727 4435641.101, 397065.684 4435638.653, 397063.751 4435638.691, 397063.795 4435641.139))",4.005521879232001,0.4479850046860356,1.7944137378377665,0.5520149953139644,0.1100051999092102,0.1052630692720413,0.062689334154129,0.1909545361995697,0.1120209673456117,4,0.9986214332617602,0.4623678142657722,3,0.7489660749463202,0.5417057169634489,3201,1434,1.3532609053569913,44.79850046860357,10/22/2025 11:21:40 AM,19,7,2.165,,164,S_to_N,2.165,,2.165,0.4574824592772781,4574.824592772781,0.3306886702634084,0.11729633442262716,0.7363393453692273,-0.9460307349648465,4601.925837240993,3015.3090584689635,1913.5895201347182,3473.105054438536,-1101.7195383342453,3417.314761371772
B3_R4_C4,B3,3,4,4,LD20-4988,6,20,107.72,50.0,114.56,58.0,2644.24216948,3858.7853451,2644,3859,397063.74004144,4435638.07965095,40.06471627,-88.20703647,2698.06181398,3859.84388346,2698,3860,397065.672895,4435638.04163666,40.06471617,-88.2070138,2696.84632106,3927.99126112,2697,3928,397065.62924236,4435635.594324,40.06469412,-88.20701392,2643.02667655,3926.93272276,2643,3927,397063.69638879,4435635.63233829,40.06469422,-88.20703659,2670.54424527,3893.38830311,397064.6846419,4435636.83698747,40.06470519,-88.2070252,4.73193359,"POLYGON((2644.242 3858.785, 2698.062 3859.844, 2696.846 3927.991, 2643.027 3926.933, 2644.242 3858.785))","POLYGON((397063.740 4435638.080, 397065.673 4435638.042, 397065.629 4435635.594, 397063.696 4435635.632, 397063.740 4435638.080))",4.005108590576,0.3102053515868077,1.242406118482972,0.6897946484131923,0.1901594549417495,0.1862743645906448,0.0398801825940609,0.2418030202388763,0.1960846969193103,12,2.996173444144796,0.1071549769462982,6,1.4980867220723977,0.6782825140012445,3214,997,0.9370598804510224,31.02053515868077,10/22/2025 11:22:07 AM,20,7,1.83,,165,S_to_N,1.83,,1.83,0.3867340834764336,3867.3408347643363,0.3306886702634084,-0.020483318676600748,0.7316013762464733,-1.0903360977679872,3862.6081768368117,3142.866434966604,2069.8247828975273,2794.2991826952593,-1073.041652069077,2752.481756696564
B3_R3_C4,B3,3,3,4,LG3216,6,21,107.72,40.0,114.56,48.0,2642.72280332,3943.96956718,2643,3944,397063.68547563,4435635.02051013,40.06468871,-88.20703662,2696.54244783,3945.02810554,2697,3945,397065.6183292,4435634.98249584,40.0646886,-88.20701396,2695.3269549,4013.1754832,2695,4013,397065.57467655,4435632.53518318,40.06466655,-88.20701408,2641.50731039,4012.11694484,2642,4012,397063.64182299,4435632.57319747,40.06466666,-88.20703674,2669.02487911,3978.57252519,397064.63007609,4435633.77784665,40.06467763,-88.20702535,4.73193359,"POLYGON((2642.723 3943.970, 2696.542 3945.028, 2695.327 4013.175, 2641.507 4012.117, 2642.723 3943.970))","POLYGON((397063.685 4435635.021, 397065.618 4435634.982, 397065.575 4435632.535, 397063.642 4435632.573, 397063.685 4435635.021))",4.005108590576,0.4547762615042843,1.8214283117408463,0.5452237384957157,0.1886578649282455,0.1874998211860656,0.058935772627592,0.2602736353874206,0.1893482612628562,4,0.9987244813815984,0.4620453820382508,4,0.9987244813815984,0.5445890193589337,3151,1433,1.3737757490554228,45.47762615042844,10/22/2025 11:22:36 AM,21,7,2.045,,166,S_to_N,2.045,,2.045,0.432170055032408,4321.70055032408,0.3306886702634084,0.12408759124087587,0.726863406254398,-1.2346414605711282,4350.370910418826,2886.228152428286,1913.5895201347182,3349.061918030512,-972.638632293568,3284.9206703441887
B3_R2_C4,B3,3,2,4,LD00-2817P,6,22,107.72,30.0,114.56,38.0,2641.20343716,4029.15378926,2641,4029,397063.63090983,4435631.96136931,40.06466115,-88.20703677,2695.02308167,4030.21232762,2695,4030,397065.56376339,4435631.92335502,40.06466104,-88.20701411,2693.80758874,4098.35970528,2694,4098,397065.52011074,4435629.47604236,40.06463899,-88.20701423,2639.98794423,4097.30116692,2640,4097,397063.58725718,4435629.51405665,40.0646391,-88.2070369,2667.50551295,4063.75674727,397064.57551029,4435630.71870583,40.06465007,-88.2070255,4.73193359,"POLYGON((2641.203 4029.154, 2695.023 4030.212, 2693.808 4098.360, 2639.988 4097.301, 2641.203 4029.154))","POLYGON((397063.631 4435631.961, 397065.564 4435631.923, 397065.520 4435629.476, 397063.587 4435629.514, 397063.631 4435631.961))",4.005108590576,0.3620214395099541,1.4499351773540066,0.6379785604900459,0.2014468610286712,0.1999997943639755,0.0430899150669574,0.2554312944412231,0.2049571759467031,9,2.2471300831085967,0.1693843968579398,5,1.248405601726998,0.6266462480857581,3265,1182,1.093584508109213,36.202143950995406,10/22/2025 11:23:08 AM,22,7,1.755,,167,S_to_N,1.755,,1.755,0.3708843259569076,3708.843259569076,0.3306886702634084,0.031332769246545655,0.722125437131644,-1.378946823374269,3716.082676243063,3336.1246846342233,2415.5433224578373,2788.26189739269,-920.5813621763859,2481.0641980208334
B3_R1_C4,B3,3,1,4,LG3216,6,23,107.72,20.0,114.56,28.0,2639.684071,4114.33801133,2640,4114,397063.57634402,4435628.90222849,40.06463359,-88.20703693,2693.50371551,4115.39654969,2694,4115,397065.50919758,4435628.8642142,40.06463348,-88.20701426,2692.28822258,4183.54392736,2692,4184,397065.46554494,4435626.41690154,40.06461143,-88.20701438,2638.46857807,4182.485389,2638,4182,397063.53269137,4435626.45491583,40.06461154,-88.20703705,2665.98614679,4148.94096935,397064.52094448,4435627.65956501,40.06462251,-88.20702566,4.73242188,"POLYGON((2639.684 4114.338, 2693.504 4115.397, 2692.288 4183.544, 2638.469 4182.485, 2639.684 4114.338))","POLYGON((397063.576 4435628.902, 397065.509 4435628.864, 397065.466 4435626.417, 397063.533 4435626.455, 397063.576 4435628.902))",4.005521879232001,0.3017806935332708,1.2087891706773235,0.6982193064667291,0.2467523068189621,0.240837350487709,0.0521119832992553,0.3086416721343994,0.2517805204671972,13,3.245519658100721,0.0958367790109936,2,0.4993107166308801,0.6935332708528584,3201,966,0.9116109027718644,30.17806935332709,10/22/2025 11:23:33 AM,23,7,2.075,,168,S_to_N,2.075,,2.075,0.4384647127022412,4384.647127022412,0.3306886702634084,-0.02890797673013762,0.717387467144623,-1.52325218617741,4377.967957137853,2768.113042240778,1913.5895201347182,3530.1236049163517,-854.52352210606,3416.2059058418954
B3_R0_C4,B3,3,0,4,LD20-11748,6,24,107.72,10.0,114.56,18.0,2638.16470484,4199.52223341,2638,4200,397063.52177821,4435625.84308767,40.06460602,-88.20703708,2691.98434935,4200.58077177,2692,4201,397065.45463178,4435625.80507338,40.06460592,-88.20701442,2690.76885642,4268.72814943,2691,4269,397065.41097913,4435623.35776072,40.06458387,-88.20701454,2636.94921191,4267.66961107,2637,4268,397063.47812557,4435623.39577501,40.06458397,-88.2070372,2664.46678063,4234.12519142,397064.46637867,4435624.6004242,40.06459494,-88.20702581,4.73242188,"POLYGON((2638.165 4199.522, 2691.984 4200.581, 2690.769 4268.728, 2636.949 4267.670, 2638.165 4199.522))","POLYGON((397063.522 4435625.843, 397065.455 4435625.805, 397065.411 4435623.358, 397063.478 4435623.396, 397063.522 4435625.843))",4.005521879232001,0.2918836140888208,1.1691462024220818,0.7081163859111792,0.2060668915510177,0.1980829089879989,0.0558389462530612,0.2770339250564575,0.2179345291011473,8,1.9972428665235205,0.1536389564139752,2,0.4993107166308801,0.7053598774885146,3265,953,0.8817140746430456,29.188361408882084,10/22/2025 11:24:04 AM,24,7,1.35,,169,S_to_N,1.35,,1.35,0.28526619862555447,2852.661986255545,0.3306886702634084,-0.03880505617458763,0.7126494971525477,-1.6675575484972964,2843.696102375483,2510.77417379924,1740.4285764822844,2082.316388938589,-770.3455973169557,2004.243891679105
B11_R7_C3,B11,11,7,3,AG38XF6,7,1,100.89,240.0,107.73,248.0,2619.36916569,2239.22813484,2619,2239,397062.846764,4435696.24128523,40.06524007,-88.20705619,2673.1888102,2240.2866732,2673,2240,397064.77961757,4435696.20327094,40.06523996,-88.20703352,2671.97331727,2308.43405086,2672,2308,397064.73596492,4435693.75595828,40.06521791,-88.20703364,2618.15367276,2307.3755125,2618,2307,397062.80311136,4435693.79397258,40.06521802,-88.20705631,2645.67124148,2273.83109285,397063.79136446,4435694.99862176,40.06522899,-88.20704492,4.73193359,"POLYGON((2619.369 2239.228, 2673.189 2240.287, 2671.973 2308.434, 2618.154 2307.376, 2619.369 2239.228))","POLYGON((397062.847 4435696.241, 397064.780 4435696.203, 397064.736 4435693.756, 397062.803 4435693.794, 397062.847 4435696.241))",4.005108590576,0.6762633996937213,2.708508351605454,0.3237366003062787,0.1894952207803726,0.2019865810871124,0.0819512084126472,0.2857139110565185,0.1627351076556187,2,0.4993622406907992,1.423860716734763,2,0.4993622406907992,0.3225114854517611,3265,2208,2.042838065909596,67.62633996937213,10/22/2025 11:37:52 AM,1,8,0.89,,193,N_to_S,0.89,,0.89,0.18808378923170815,1880.8378923170815,0.3306886702634084,0.34557472943031287,0.654037757123273,1.6532563783831207,1960.6827167135746,1665.753838128917,1971.6988714756033,2186.782925663768,305.94503334668616,1871.1786814921106
B11_R6_C3,B11,11,6,3,LG3216,7,2,100.89,230.0,107.73,238.0,2617.84979953,2324.41235692,2618,2324,397062.7921982,4435693.18214441,40.0652125,-88.20705634,2671.66944404,2325.47089528,2672,2325,397064.72505176,4435693.14413012,40.0652124,-88.20703368,2670.45395111,2393.61827294,2670,2394,397064.68139912,4435690.69681746,40.06519035,-88.2070338,2616.6343066,2392.55973458,2617,2393,397062.74854555,4435690.73483176,40.06519045,-88.20705646,2644.15187532,2359.01531493,397063.73679866,4435691.93948094,40.06520143,-88.20704507,4.73242188,"POLYGON((2617.850 2324.412, 2671.669 2325.471, 2670.454 2393.618, 2616.634 2392.560, 2617.850 2324.412))","POLYGON((397062.792 4435693.182, 397064.725 4435693.144, 397064.681 4435690.697, 397062.749 4435690.735, 397062.792 4435693.182))",4.005521879232001,0.3408309903155264,1.3652059888291512,0.6591690096844736,0.2252122312784195,0.2201490104198455,0.0530854910612106,0.2957743108272552,0.2327390101026086,10,2.496553583154401,0.1407094240903647,4,0.9986214332617602,0.6466729147141518,3201,1091,1.029572976111909,34.083099031552635,10/22/2025 11:36:59 AM,2,8,1.055,,192,N_to_S,1.055,,1.055,0.22293025151848886,2229.3025151848888,0.3306886702634084,0.010142320052117959,0.649299788000519,1.50895101557998,2231.6458918689113,1741.2694867647722,1913.5895201347182,2401.622548554835,172.32003336994603,2399.8254883977534
B11_R5_C3,B11,11,5,3,AG29XF5,7,3,100.89,220.0,107.73,228.0,2616.33043337,2409.596579,2616,2410,397062.73763239,4435690.12300359,40.06518494,-88.20705649,2670.15007788,2410.65511736,2670,2411,397064.67048595,4435690.0849893,40.06518483,-88.20703383,2668.93458495,2478.80249502,2669,2479,397064.62683331,4435687.63767664,40.06516278,-88.20703395,2615.11494044,2477.74395666,2615,2478,397062.69397975,4435687.67569094,40.06516289,-88.20705662,2642.63250916,2444.19953701,397063.68223285,4435688.88034012,40.06517386,-88.20704522,4.73144531,"POLYGON((2616.330 2409.597, 2670.150 2410.655, 2668.935 2478.802, 2615.115 2477.744, 2616.330 2409.597))","POLYGON((397062.738 4435690.123, 397064.670 4435690.085, 397064.627 4435687.638, 397062.694 4435687.676, 397062.738 4435690.123))",4.004695310384,0.3050535987748851,1.2216467164295448,0.6949464012251149,0.2081259042024612,0.2020546346902847,0.0549756661057472,0.2803612053394317,0.2144371088813333,10,2.497068871649345,0.1284569994445492,5,1.2485344358246726,0.6796324655436448,3265,996,0.9214976058179154,30.505359877488512,10/22/2025 11:36:27 AM,3,8,0.39,,191,N_to_S,0.39,,0.39,0.08242724462559624,824.2724462559623,0.3306886702634084,-0.025635071488523342,0.6445618180084437,1.364645652776839,818.3494790738222,2042.5990170880575,2157.017367309951,938.690796477856,114.41835022189366,908.9564831626086
B11_R4_C3,B11,11,4,3,LG3216,7,4,100.89,210.0,107.73,218.0,2614.81106721,2494.78080107,2615,2495,397062.68306658,4435687.06386277,40.06515738,-88.20705665,2668.63071172,2495.83933943,2669,2496,397064.61592015,4435687.02584848,40.06515727,-88.20703398,2667.41521879,2563.9867171,2667,2564,397064.5722675,4435684.57853583,40.06513522,-88.2070341,2613.59557428,2562.92817874,2614,2563,397062.63941394,4435684.61655012,40.06513533,-88.20705677,2641.113143,2529.38375909,397063.62766704,4435685.8211993,40.0651463,-88.20704538,4.73193359,"POLYGON((2614.811 2494.781, 2668.631 2495.839, 2667.415 2563.987, 2613.596 2562.928, 2614.811 2494.781))","POLYGON((397062.683 4435687.064, 397064.616 4435687.026, 397064.572 4435684.579, 397062.639 4435684.617, 397062.683 4435687.064))",4.005108590576,0.2240558552840368,0.8973680307669488,0.7759441447159632,0.24056176841259,0.2334492653608322,0.0571432933211326,0.3133043348789215,0.2536486281483781,8,1.997448962763197,0.113818576315075,4,0.9987244813815984,0.756267851475722,3151,706,0.6768218275178846,22.405585528403684,10/22/2025 11:36:03 AM,4,8,0.53,,190,N_to_S,0.53,,0.53,0.1120049531379835,1120.0495313798351,0.3306886702634084,-0.10663281497937163,0.6398238480163685,1.2203402899736981,1095.4120863879305,1861.0327745641475,1913.5895201347182,1172.6062769504058,52.55674557057068,1128.3676092411713
B11_R3_C3,B11,11,3,3,AG40XFF5,7,5,100.89,200.0,107.73,208.0,2613.29170105,2579.96502315,2613,2580,397062.62850078,4435684.00472195,40.06512982,-88.2070568,2667.11134556,2581.02356151,2667,2581,397064.56135434,4435683.96670766,40.06512971,-88.20703414,2665.89585263,2649.17093917,2666,2649,397064.5177017,4435681.51939501,40.06510766,-88.20703426,2612.07620812,2648.11240081,2612,2648,397062.58484813,4435681.5574093,40.06510777,-88.20705692,2639.59377684,2614.56798116,397063.57310124,4435682.76205848,40.06511874,-88.20704553,4.73193359,"POLYGON((2613.292 2579.965, 2667.111 2581.024, 2665.896 2649.171, 2612.076 2648.112, 2613.292 2579.965))","POLYGON((397062.629 4435684.005, 397064.561 4435683.967, 397064.518 4435681.519, 397062.585 4435681.557, 397062.629 4435684.005))",4.005108590576,0.3543870566272558,1.4193586448867654,0.6456129433727442,0.1489585191011428,0.1438125669956207,0.0542296916246414,0.2211460769176483,0.1563887226581573,4,0.9987244813815984,0.3672503071469418,3,0.7490433610361988,0.635034225264468,3214,1139,1.0705227721501651,35.43870566272558,10/22/2025 11:35:40 AM,5,8,0.54,,189,N_to_S,0.54,,0.54,0.11411825414058697,1141.1825414058696,0.3306886702634084,0.023698386363847357,0.6350858788936145,1.0760349271705572,1146.6580387051686,1791.7921067730972,1837.8028796867611,1187.1933143195336,46.010772913663914,1241.2898655589997
B11_R2_C3,B11,11,2,3,LG3216,7,6,100.89,190.0,107.73,198.0,2611.77233489,2665.14924523,2612,2665,397062.57393497,4435680.94558113,40.06510225,-88.20705695,2665.5919794,2666.20778359,2666,2666,397064.50678854,4435680.90756684,40.06510215,-88.20703429,2664.37648647,2734.35516125,2664,2734,397064.46313589,4435678.46025419,40.0650801,-88.20703441,2610.55684196,2733.29662289,2611,2733,397062.53028233,4435678.49826848,40.0650802,-88.20705708,2638.07441068,2699.75220324,397063.51853543,4435679.70291766,40.06509118,-88.20704568,4.73193359,"POLYGON((2611.772 2665.149, 2665.592 2666.208, 2664.376 2734.355, 2610.557 2733.297, 2611.772 2665.149))","POLYGON((397062.574 4435680.946, 397064.507 4435680.908, 397064.463 4435678.460, 397062.530 4435678.498, 397062.574 4435680.946))",4.005108590576,0.4661043423930022,1.86679850582299,0.5338956576069978,0.2146317064762115,0.2149997502565384,0.0639173611998558,0.2918656468391418,0.2118393147692961,4,0.9987244813815984,0.4810688834620168,6,1.4980867220723977,0.5267104029990628,3201,1492,1.407995307386772,46.61043423930022,10/22/2025 11:35:16 AM,6,8,0.39,,188,N_to_S,0.39,,0.39,0.08241873910153504,824.1873910153504,0.3306886702634084,0.13541567212959377,0.6303479089065933,0.9317295643674164,855.4750970913841,1871.9372404096116,1913.5895201347182,865.839670740457,41.65227972510661,872.9213387325774
B11_R1_C3,B11,11,1,3,AG29XF5,7,7,100.89,180.0,107.73,188.0,2610.25296873,2750.33346731,2610,2750,397062.51936917,4435677.88644031,40.06507469,-88.20705711,2664.07261324,2751.39200567,2664,2751,397064.45222273,4435677.84842602,40.06507458,-88.20703444,2662.85712031,2819.53938333,2663,2820,397064.40857008,4435675.40111337,40.06505253,-88.20703456,2609.03747581,2818.48084497,2609,2818,397062.47571652,4435675.43912766,40.06505264,-88.20705723,2636.55504452,2784.93642532,397063.46396963,4435676.64377684,40.06506361,-88.20704584,4.73193359,"POLYGON((2610.253 2750.333, 2664.073 2751.392, 2662.857 2819.539, 2609.037 2818.481, 2610.253 2750.333))","POLYGON((397062.519 4435677.886, 397064.452 4435677.848, 397064.409 4435675.401, 397062.476 4435675.439, 397062.519 4435677.886))",4.005108590576,0.6067381316998468,2.4300521035010885,0.3932618683001532,0.1704272776842117,0.1778521537780761,0.0797957405447959,0.2663931548595428,0.1542376009436214,1,0.2496811203453996,2.5549529708800414,6,1.4980867220723977,0.3776416539050536,3265,1981,1.8328180292422596,60.67381316998468,10/22/2025 11:34:53 AM,7,8,0.495,,187,N_to_S,0.495,,0.495,0.10460839962887138,1046.0839962887137,0.3306886702634084,0.2760494614364384,0.6256099397838394,0.7874242015642755,1109.865051140364,2106.5542288803094,2157.017367309951,1096.5471347183554,50.46313842964173,1269.973786563332
B11_R0_C3,B11,11,0,3,LG3216,7,8,100.89,170.0,107.73,178.0,2608.73360257,2835.51768938,2609,2836,397062.46480336,4435674.8272995,40.06504713,-88.20705726,2662.55324708,2836.57622774,2663,2837,397064.39765692,4435674.7892852,40.06504702,-88.2070346,2661.33775415,2904.72360541,2661,2905,397064.35400428,4435672.34197255,40.06502497,-88.20703472,2607.51810965,2903.66506705,2608,2904,397062.42115071,4435672.37998684,40.06502508,-88.20705738,2635.03567836,2870.12064739,397063.40940382,4435673.58463602,40.06503605,-88.20704599,4.73242188,"POLYGON((2608.734 2835.518, 2662.553 2836.576, 2661.338 2904.724, 2607.518 2903.665, 2608.734 2835.518))","POLYGON((397062.465 4435674.827, 397064.398 4435674.789, 397064.354 4435672.342, 397062.421 4435672.380, 397062.465 4435674.827))",4.005521879232001,0.415495157763199,1.6642749451354455,0.584504842236801,0.20486581325531,0.2039470076560974,0.0543077178299427,0.2724135518074035,0.2064561393915438,5,1.2482767915772004,0.3430678900828324,6,1.4979321498926403,0.5751327710090597,3201,1330,1.2551164603380742,41.5495157763199,10/22/2025 11:34:27 AM,8,8,0.34,,186,N_to_S,0.34,,0.34,0.07184482039458409,718.4482039458409,0.3306886702634084,0.08480648749979058,0.6208719697917641,0.6431188387611346,738.0426896689922,1924.507227916234,1913.5895201347182,707.5304961643252,-10.917707781515674,689.8712379138318
B7_R7_C3,B7,7,7,3,LD20-5413,7,9,100.89,160.0,107.73,168.0,2607.21423641,2920.70191146,2607,2921,397062.41023755,4435671.76815868,40.06501957,-88.20705741,2661.03388092,2921.76044982,2661,2922,397064.34309112,4435671.73014438,40.06501946,-88.20703475,2659.81838799,2989.90782748,2660,2990,397064.29943847,4435669.28283173,40.06499741,-88.20703487,2605.99874349,2988.84928912,2606,2989,397062.36658491,4435669.32084602,40.06499752,-88.20705754,2633.5163122,2955.30486947,397063.35483801,4435670.5254952,40.06500849,-88.20704614,4.73242188,"POLYGON((2607.214 2920.702, 2661.034 2921.760, 2659.818 2989.908, 2605.999 2988.849, 2607.214 2920.702))","POLYGON((397062.410 4435671.768, 397064.343 4435671.730, 397064.299 4435669.283, 397062.367 4435669.321, 397062.410 4435671.768))",4.005521879232001,0.360490045941807,1.443950766265257,0.639509954058193,0.1832280606031417,0.1782476156949997,0.0557890981435775,0.2545451819896698,0.1895498798641504,8,1.9972428665235205,0.1897513658963786,7,1.7475875082080805,0.6300153139356814,3265,1177,1.0889585161121351,36.04900459418071,10/22/2025 11:33:59 AM,9,8,0.66,,185,N_to_S,0.66,,0.66,0.13946347488360442,1394.634748836044,0.3306886702634084,0.02980137567839858,0.6161339997996889,0.498813476001926,1401.5203379870168,2344.2747029619104,1913.3920620325637,963.7521079066973,-430.88264092934673,1288.953284403713
B7_R6_C3,B7,7,6,3,AG29XF5,7,10,100.89,150.0,107.73,158.0,2605.69487025,3005.88613354,2606,3006,397062.35567175,4435668.70901786,40.064992,-88.20705757,2659.51451476,3006.9446719,2660,3007,397064.28852531,4435668.67100356,40.0649919,-88.2070349,2658.29902183,3075.09204956,2658,3075,397064.24487267,4435666.22369091,40.06496985,-88.20703502,2604.47937733,3074.0335112,2604,3074,397062.3120191,4435666.2617052,40.06496995,-88.20705769,2631.99694604,3040.48909155,397063.30027221,4435667.46635438,40.06498093,-88.2070463,4.73193359,"POLYGON((2605.695 3005.886, 2659.515 3006.945, 2658.299 3075.092, 2604.479 3074.034, 2605.695 3005.886))","POLYGON((397062.356 4435668.709, 397064.289 4435668.671, 397064.245 4435666.224, 397062.312 4435666.262, 397062.356 4435668.709))",4.005108590576,0.3979688987622977,1.5939086552149486,0.6020311012377023,0.2313851416110992,0.2251906245946884,0.0732631906867027,0.3227269053459167,0.2356700044052273,5,1.248405601726998,0.3234640106495277,7,1.7477678424177974,0.5934623928911457,3151,1254,1.2021736143164692,39.79688987622977,10/22/2025 11:33:36 AM,10,8,1.05,,184,N_to_S,1.05,,1.05,0.22189660527336355,2218.9660527336355,0.3306886702634084,0.06728022849888926,0.6113960306769348,0.3545081131987851,2234.511107311861,2583.4583955689404,2157.017367309951,1792.5250244746462,-426.44102825898926,1839.7510752994403
B7_R5_C3,B7,7,5,3,LD21-5253,7,11,100.89,140.0,107.73,148.0,2604.1755041,3091.07035562,2604,3091,397062.30110594,4435665.64987704,40.06496444,-88.20705772,2657.9951486,3092.12889398,2658,3092,397064.2339595,4435665.61186275,40.06496433,-88.20703506,2656.77965568,3160.27627164,2657,3160,397064.19030686,4435663.16455009,40.06494228,-88.20703518,2602.96001117,3159.21773328,2603,3159,397062.2574533,4435663.20256438,40.06494239,-88.20705784,2630.47757989,3125.67331363,397063.2457064,4435664.40721356,40.06495336,-88.20704645,4.73144531,"POLYGON((2604.176 3091.070, 2657.995 3092.129, 2656.780 3160.276, 2602.960 3159.218, 2604.176 3091.070))","POLYGON((397062.301 4435665.650, 397064.234 4435665.612, 397064.190 4435663.165, 397062.257 4435663.203, 397062.301 4435665.650))",4.004695310384,0.2649310872894334,1.060968282842928,0.7350689127105666,0.2552729547023773,0.2499997466802597,0.058308832347393,0.3299878239631653,0.2647141679221508,16,3.995310194638952,0.0697259692015155,4,0.998827548659738,0.716385911179173,3265,865,0.8002966154944747,26.493108728943337,10/22/2025 11:33:12 AM,11,8,0.62,,183,N_to_S,0.62,,0.62,0.13103818376376838,1310.381837637684,0.3306886702634084,-0.06575758297397505,0.6066580606899137,0.21020275039564423,1295.1885893525728,2277.675652302752,1822.7666814123568,855.4728667472887,-454.90897089039527,918.6423621842052
B7_R4_C3,B7,7,4,3,AG29XF5,7,12,100.89,130.0,107.73,138.0,2602.65613794,3176.25457769,2603,3176,397062.24654013,4435662.59073622,40.06493688,-88.20705787,2656.47578244,3177.31311605,2656,3177,397064.1793937,4435662.55272193,40.06493677,-88.20703521,2655.26028952,3245.46049372,2655,3245,397064.13574105,4435660.10540927,40.06491472,-88.20703533,2601.44064501,3244.40195536,2601,3244,397062.20288749,4435660.14342356,40.06491483,-88.207058,2628.95821373,3210.8575357,397063.19114059,4435661.34807274,40.0649258,-88.2070466,4.73193359,"POLYGON((2602.656 3176.255, 2656.476 3177.313, 2655.260 3245.460, 2601.441 3244.402, 2602.656 3176.255))","POLYGON((397062.247 4435662.591, 397064.179 4435662.553, 397064.136 4435660.105, 397062.203 4435660.143, 397062.247 4435662.591))",4.005108590576,0.3114651671352702,1.2474518165586603,0.6885348328647298,0.2196599543094635,0.2153282612562179,0.0580461621284484,0.2933329939842224,0.2274801847981471,12,2.996173444144796,0.1071549769462982,1,0.2496811203453996,0.6825991877538269,3201,997,0.9408654969601956,31.146516713527024,10/22/2025 11:32:50 AM,12,8,1.005,,182,N_to_S,1.005,,1.005,0.21238675076164792,2123.867507616479,0.3306886702634084,-0.019223503128138197,0.6019200906978385,0.06589738759250338,2119.425929280928,2592.4160955753123,2157.017367309951,1688.468779351118,-435.3987282653611,1659.5932171241593
B7_R3_C3,B7,7,3,3,LD22-4283,7,13,100.89,120.0,107.73,128.0,2601.13677178,3261.43879977,2601,3261,397062.19197433,4435659.5315954,40.06490932,-88.20705803,2654.95641628,3262.49733813,2655,3262,397064.12482789,4435659.49358111,40.06490921,-88.20703536,2653.74092336,3330.64471579,2654,3331,397064.08117525,4435657.04626845,40.06488716,-88.20703548,2599.92127885,3329.58617743,2600,3330,397062.14832168,4435657.08428274,40.06488727,-88.20705815,2627.43884757,3296.04175778,397063.13657479,4435658.28893192,40.06489824,-88.20704676,4.73193359,"POLYGON((2601.137 3261.439, 2654.956 3262.497, 2653.741 3330.645, 2599.921 3329.586, 2601.137 3261.439))","POLYGON((397062.192 4435659.532, 397064.125 4435659.494, 397064.081 4435657.046, 397062.148 4435657.084, 397062.192 4435659.532))",4.005108590576,0.4505359877488514,1.8044455548965683,0.5494640122511485,0.2226629853248596,0.2218541204929351,0.0548996031284332,0.2951831519603729,0.2225814201831817,5,1.248405601726998,0.3794382453472529,7,1.7477678424177974,0.5215926493108729,3265,1471,1.3609668455403148,45.053598774885145,10/22/2025 11:32:24 AM,13,8,0.675,,181,N_to_S,0.675,,0.675,0.1426478176757337,1426.478176757337,0.3306886702634084,0.11984731748544297,0.5971821215750844,-0.07840797521063748,1454.1688242615423,2230.864373529272,1842.8446556629262,1038.458458890991,-388.0197178663459,722.1505970333296
B7_R2_C3,B7,7,2,3,AG29XF4,7,14,100.89,110.0,107.73,118.0,2599.61740562,3346.62302185,2600,3347,397062.13740852,4435656.47245458,40.06488175,-88.20705818,2653.43705012,3347.68156021,2653,3348,397064.07026209,4435656.43444029,40.06488165,-88.20703552,2652.2215572,3415.82893787,2652,3416,397064.02660944,4435653.98712763,40.0648596,-88.20703564,2598.40191269,3414.77039951,2598,3415,397062.09375588,4435654.02514192,40.0648597,-88.2070583,2625.91948141,3381.22597986,397063.08200898,4435655.2297911,40.06487068,-88.20704691,4.73242188,"POLYGON((2599.617 3346.623, 2653.437 3347.682, 2652.222 3415.829, 2598.402 3414.770, 2599.617 3346.623))","POLYGON((397062.137 4435656.472, 397064.070 4435656.434, 397064.027 4435653.987, 397062.094 4435654.025, 397062.137 4435656.472))",4.005521879232001,0.3217744454857857,1.2888745815710594,0.6782255545142143,0.1034281849861145,0.0945945084095001,0.0502557829022407,0.1766783148050308,0.116195855771794,8,1.9972428665235205,0.1660525971735514,2,0.4993107166308801,0.6729147141518276,3201,1030,0.9720074843219674,32.17744454857857,10/22/2025 11:31:59 AM,14,8,1.385,,180,N_to_S,1.385,,1.385,0.29266198896029105,2926.6198896029105,0.3306886702634084,-0.008914224777622715,0.5924441515830092,-0.22271333801377835,2924.560263561465,2578.8329947779102,2182.798000920842,2530.584895745842,-396.03499385706846,2493.102475488209
B7_R1_C3,B7,7,1,3,LD20-5738,7,15,100.89,100.0,107.73,108.0,2598.09803946,3431.80724393,2598,3432,397062.08284272,4435653.41331376,40.06485419,-88.20705833,2651.91768397,3432.86578229,2652,3433,397064.01569628,4435653.37529947,40.06485408,-88.20703567,2650.70219104,3501.01315995,2651,3501,397063.97204363,4435650.92798681,40.06483203,-88.20703579,2596.88254653,3499.95462159,2597,3500,397062.03919007,4435650.9660011,40.06483214,-88.20705846,2624.40011525,3466.41020194,397063.02744317,4435652.17065029,40.06484311,-88.20704706,4.73193359,"POLYGON((2598.098 3431.807, 2651.918 3432.866, 2650.702 3501.013, 2596.883 3499.955, 2598.098 3431.807))","POLYGON((397062.083 4435653.413, 397064.016 4435653.375, 397063.972 4435650.928, 397062.039 4435650.966, 397062.083 4435653.413))",4.005108590576,0.290292470441817,1.162652867146051,0.709707529558183,0.1948219388723373,0.1894502937793731,0.0487457737326622,0.2564099431037903,0.2025553583046968,13,3.245854564490195,0.0925628517776988,2,0.4993622406907992,0.6985065339141256,3214,933,0.8769075912345073,29.029247044181705,10/22/2025 11:31:32 AM,15,8,0.635,,179,N_to_S,0.635,,0.635,0.13419461366531985,1341.9461366531984,0.3306886702634084,-0.04039619982159143,0.5877061815959881,-0.3670187003336648,1332.612620031894,2025.3620241954197,1650.2763496553252,966.860462113104,-375.0856745400945,968.1871477032514
B7_R0_C3,B7,7,0,3,AG29XF4,7,16,100.89,90.0,107.73,98.0,2596.5786733,3516.991466,2597,3517,397062.02827691,4435650.35417294,40.06482663,-88.20705849,2650.39831781,3518.05000436,2650,3518,397063.96113047,4435650.31615865,40.06482652,-88.20703582,2649.18282488,3586.19738203,2649,3586,397063.91747783,4435647.86884599,40.06480447,-88.20703594,2595.36318037,3585.13884367,2595,3585,397061.98462426,4435647.90686028,40.06480458,-88.20705861,2622.88074909,3551.59442401,397062.97287737,4435649.11150947,40.06481555,-88.20704722,4.73193359,"POLYGON((2596.579 3516.991, 2650.398 3518.050, 2649.183 3586.197, 2595.363 3585.139, 2596.579 3516.991))","POLYGON((397062.028 4435650.354, 397063.961 4435650.316, 397063.917 4435647.869, 397061.985 4435647.907, 397062.028 4435650.354))",4.005108590576,0.2868930498254522,1.149037818432467,0.7131069501745477,0.22682686150074,0.2187497615814209,0.0577394738793373,0.2969428896903991,0.2364674191848904,7,1.7477678424177974,0.1665592763882279,1,0.2496811203453996,0.7131069501745477,3151,904,0.8666387139889059,28.68930498254522,10/22/2025 11:31:09 AM,16,8,0.87,,178,N_to_S,0.87,,0.87,0.1838571872265012,1838.5718722650122,0.3306886702634084,-0.043795620437956206,0.582968212473234,-0.5113240631368057,1828.452921643337,2523.9576876076035,2182.798000920842,1497.4121855782505,-341.1596866867617,1401.6110506276282
B3_R7_C3,B3,3,7,3,LD20-5413,7,17,100.89,80.0,107.73,88.0,2595.05930714,3602.17568808,2595,3602,397061.9737111,4435647.29503212,40.06479907,-88.20705864,2648.87895165,3603.23422644,2649,3603,397063.90656467,4435647.25701783,40.06479896,-88.20703598,2647.66345872,3671.3816041,2648,3671,397063.86291202,4435644.80970517,40.06477691,-88.2070361,2593.84381421,3670.32306574,2594,3670,397061.93005846,4435644.84771947,40.06477702,-88.20705876,2621.36138293,3636.77864609,397062.91831156,4435646.05236865,40.06478799,-88.20704737,4.73193359,"POLYGON((2595.059 3602.176, 2648.879 3603.234, 2647.663 3671.382, 2593.844 3670.323, 2595.059 3602.176))","POLYGON((397061.974 4435647.295, 397063.907 4435647.257, 397063.863 4435644.810, 397061.930 4435644.848, 397061.974 4435647.295))",4.005108590576,0.3356814701378254,1.3444407397461853,0.6643185298621745,0.209171637892723,0.2037035524845123,0.0537099242210388,0.2789218425750732,0.2167299250013687,6,1.4980867220723977,0.2355904809090127,3,0.7490433610361988,0.6517611026033691,3265,1096,1.014017445759473,33.56814701378254,10/22/2025 11:30:43 AM,17,8,1.165,,177,N_to_S,1.165,,1.165,0.24619956680330338,2461.995668033034,0.3306886702634084,0.0049927998744169755,0.5782302424811588,-0.6556294259399466,2463.149251311177,3026.404556796167,1913.3920620325637,1348.9831732694304,-1113.0124947636034,1335.2902680157174
B3_R6_C3,B3,3,6,3,LG3216,7,18,100.89,70.0,107.73,78.0,2593.53994098,3687.35991016,2594,3687,397061.9191453,4435644.2358913,40.0647715,-88.20705879,2647.35958549,3688.41844852,2647,3688,397063.85199886,4435644.19787701,40.0647714,-88.20703613,2646.14409256,3756.56582618,2646,3757,397063.80834622,4435641.75056435,40.06474935,-88.20703625,2592.32444805,3755.50728782,2592,3756,397061.87549265,4435641.78857865,40.06474945,-88.20705892,2619.84201677,3721.96286817,397062.86374576,4435642.99322783,40.06476043,-88.20704752,4.73193359,"POLYGON((2593.540 3687.360, 2647.360 3688.418, 2646.144 3756.566, 2592.324 3755.507, 2593.540 3687.360))","POLYGON((397061.919 4435644.236, 397063.852 4435644.198, 397063.808 4435641.751, 397061.875 4435641.789, 397061.919 4435644.236))",4.005108590576,0.528272414870353,2.1157883869615794,0.4717275851296469,0.0863633528351783,0.0874035954475402,0.0481350757181644,0.1450380533933639,0.0827288890586179,4,0.9987244813815984,0.5452328967387872,5,1.248405601726998,0.4604810996563573,3201,1691,1.595790928144123,52.8272414870353,10/22/2025 11:30:13 AM,18,8,0.925,,176,N_to_S,0.925,,0.925,0.19548034274082027,1954.8034274082027,0.3306886702634084,0.1975837446069446,0.5734922733584048,-0.7999347887430874,2000.455027621419,2934.416151232507,1913.5895201347182,933.9767963104136,-1020.826631097789,912.5111415530728
B3_R5_C3,B3,3,5,3,LD21-5665,7,19,100.89,60.0,107.73,68.0,2592.02057482,3772.54413224,2592,3773,397061.86457949,4435641.17675048,40.06474394,-88.20705895,2645.84021933,3773.6026706,2646,3774,397063.79743305,4435641.13873619,40.06474383,-88.20703628,2644.6247264,3841.75004826,2645,3842,397063.75378041,4435638.69142353,40.06472178,-88.2070364,2590.80508189,3840.6915099,2591,3841,397061.82092685,4435638.72943783,40.06472189,-88.20705907,2618.32265061,3807.14709025,397062.80917995,4435639.93408701,40.06473286,-88.20704768,4.73242188,"POLYGON((2592.021 3772.544, 2645.840 3773.603, 2644.625 3841.750, 2590.805 3840.692, 2592.021 3772.544))","POLYGON((397061.865 4435641.177, 397063.797 4435641.139, 397063.754 4435638.691, 397061.821 4435638.729, 397061.865 4435641.177))",4.005521879232001,0.406125574272588,1.6267448734645125,0.593874425727412,0.111668474972248,0.1016165316104888,0.0754384472966194,0.2157896757125854,0.1204441691146177,2,0.4993107166308801,0.8550902673869093,4,0.9986214332617602,0.5883614088820827,3265,1326,1.226813077625056,40.61255742725881,10/22/2025 11:29:46 AM,19,8,1.28,,175,N_to_S,1.28,,1.28,0.2704746179560813,2704.746179560813,0.3306886702634084,0.07543690400917957,0.5687543033663296,-0.9442401515462283,2722.1758288976075,3138.700916313366,2143.828394071608,1709.8736573190545,-994.8725222417584,1428.0247768312072
B3_R4_C3,B3,3,4,3,LG3216,7,20,100.89,50.0,107.73,58.0,2590.50120866,3857.72835431,2591,3858,397061.81001368,4435638.11760966,40.06471638,-88.2070591,2644.32085317,3858.78689267,2644,3859,397063.74286725,4435638.07959537,40.06471627,-88.20703644,2643.10536024,3926.93427033,2643,3927,397063.6992146,4435635.63228272,40.06469422,-88.20703656,2589.28571573,3925.87573197,2589,3926,397061.76636104,4435635.67029701,40.06469433,-88.20705922,2616.80328445,3892.33131232,397062.75461414,4435636.87494619,40.0647053,-88.20704783,4.73193359,"POLYGON((2590.501 3857.728, 2644.321 3858.787, 2643.105 3926.934, 2589.286 3925.876, 2590.501 3857.728))","POLYGON((397061.810 4435638.118, 397063.743 4435638.080, 397063.699 4435635.632, 397061.766 4435635.670, 397061.810 4435638.118))",4.005108590576,0.2585833591091865,1.0356544329482016,0.7414166408908135,0.1965419650077819,0.1906612962484359,0.0500925332307815,0.260222852230072,0.20705036221766,11,2.746492323799396,0.0980193971665235,3,0.7490433610361988,0.7355397463656047,3233,836,0.7811215710302493,25.85833591091865,10/22/2025 11:29:14 AM,20,8,0.425,,174,N_to_S,0.425,,0.425,0.08981529261064715,898.1529261064715,0.3306886702634084,-0.07210531115422192,0.5640163333793085,-1.0885455143493692,881.4930392083344,2881.88730644191,1913.5895201347182,-70.14486020072025,-968.2977863071917,-172.10039239643663
B3_R3_C3,B3,3,3,3,LD07-3395bf,7,21,100.89,40.0,107.73,48.0,2588.9818425,3942.91257639,2589,3943,397061.75544788,4435635.05846884,40.06468882,-88.20705925,2642.80148701,3943.97111475,2643,3944,397063.68830144,4435635.02045455,40.06468871,-88.20703659,2641.58599408,4012.11849241,2642,4012,397063.6446488,4435632.5731419,40.06466666,-88.20703671,2587.76634957,4011.05995405,2588,4011,397061.71179523,4435632.61115619,40.06466677,-88.20705938,2615.28391829,3977.5155344,397062.70004834,4435633.81580537,40.06467774,-88.20704798,4.73193359,"POLYGON((2588.982 3942.913, 2642.801 3943.971, 2641.586 4012.118, 2587.766 4011.060, 2588.982 3942.913))","POLYGON((397061.755 4435635.058, 397063.688 4435635.020, 397063.645 4435632.573, 397061.712 4435632.611, 397061.755 4435635.058))",4.005108590576,0.4899497487437186,1.96230194764402,0.5100502512562815,0.1811096221208572,0.1808043718338012,0.0629764124751091,0.2606412768363952,0.179271501992263,3,0.7490433610361988,0.6706590332446347,3,0.7490433610361988,0.5025125628140703,3184,1560,1.480026861678173,48.99497487437186,10/22/2025 11:28:47 AM,21,8,0.97,,173,N_to_S,0.97,,0.97,0.20499019725253584,2049.9019725253584,0.3306886702634084,0.15926107848031018,0.5592783642565544,-1.23285087715251,2086.6991447764062,2835.6428212366513,1987.9545781255385,1202.2137294142456,-847.6882431111128,1972.5242024107508
B3_R2_C3,B3,3,2,3,LG3216,7,22,100.89,30.0,107.73,38.0,2587.46247634,4028.09679847,2587,4028,397061.70088207,4435631.99932802,40.06466125,-88.20705941,2641.28212085,4029.15533683,2641,4029,397063.63373564,4435631.96131373,40.06466115,-88.20703674,2640.06662792,4097.30271449,2640,4097,397063.59008299,4435629.51400108,40.0646391,-88.20703686,2586.24698342,4096.24417613,2586,4096,397061.65722943,4435629.55201537,40.0646392,-88.20705953,2613.76455213,4062.69975648,397062.64548253,4435630.75666455,40.06465018,-88.20704814,4.73144531,"POLYGON((2587.462 4028.097, 2641.282 4029.155, 2640.067 4097.303, 2586.247 4096.244, 2587.462 4028.097))","POLYGON((397061.701 4435631.999, 397063.634 4435631.961, 397063.590 4435629.514, 397061.657 4435629.552, 397061.701 4435631.999))",4.004695310384,0.3306526446025363,1.3241630952058447,0.6693473553974636,0.2376693934202194,0.2332013100385666,0.0566667839884758,0.3088686466217041,0.2421372175450419,10,2.497068871649345,0.1378720204881758,4,0.998827548659738,0.6541911537271884,3233,1069,0.998826506496814,33.06526446025364,10/22/2025 11:28:15 AM,22,8,1.19,,172,N_to_S,1.19,,1.19,0.2515087720627167,2515.087720627167,0.3306886702634084,-3.602566087212988e-05,0.5545403942644792,-1.377156239955651,2515.0793969208275,2724.442562150989,1913.5895201347182,1704.2346786108963,-810.8530420162708,1611.102764168207
B3_R1_C3,B3,3,1,3,LD17-10473F,7,23,100.89,20.0,107.73,28.0,2585.94311018,4113.28102055,2586,4113,397061.64631627,4435628.9401872,40.06463369,-88.20705956,2639.76275469,4114.33955891,2640,4114,397063.57916983,4435628.90217291,40.06463358,-88.2070369,2638.54726176,4182.48693657,2639,4182,397063.53551718,4435626.45486026,40.06461153,-88.20703702,2584.72761726,4181.42839821,2585,4181,397061.60266362,4435626.49287455,40.06461164,-88.20705968,2612.24518597,4147.88397856,397062.59091672,4435627.69752373,40.06462261,-88.20704829,4.73193359,"POLYGON((2585.943 4113.281, 2639.763 4114.340, 2638.547 4182.487, 2584.728 4181.428, 2585.943 4113.281))","POLYGON((397061.646 4435628.940, 397063.579 4435628.902, 397063.536 4435626.455, 397061.603 4435626.493, 397061.646 4435628.940))",4.005108590576,0.2891156462585034,1.1579395584998635,0.7108843537414966,0.2222896218299865,0.2159466445446014,0.0455280728638172,0.2831814289093017,0.2308739888177198,8,1.997448962763197,0.1507370663662821,6,1.4980867220723977,0.696969696969697,3234,935,0.8733526727816606,28.91156462585034,10/22/2025 11:27:51 AM,23,8,1.19,,171,N_to_S,1.19,,1.19,0.251482819309812,2514.8281930981198,0.3306886702634084,-0.041573024004905035,0.5498024242724039,-1.5214616027587917,2505.2227719876846,2892.837398225007,2152.516168297201,1774.506963170314,-740.3212299278057,1783.3416374200233
B3_R0_C3,B3,3,0,3,LG3216,7,24,100.89,10.0,107.73,18.0,2584.42374402,4198.46524262,2584,4198,397061.59175046,4435625.88104639,40.06460613,-88.20705971,2638.24338853,4199.52378098,2638,4200,397063.52460402,4435625.84303209,40.06460602,-88.20703705,2637.0278956,4267.67115864,2637,4268,397063.48095138,4435623.39571944,40.06458397,-88.20703717,2583.2082511,4266.61262028,2583,4267,397061.54809781,4435623.43373373,40.06458408,-88.20705984,2610.72581981,4233.06820063,397062.53635092,4435624.63838291,40.06459505,-88.20704844,4.73193359,"POLYGON((2584.424 4198.465, 2638.243 4199.524, 2637.028 4267.671, 2583.208 4266.613, 2584.424 4198.465))","POLYGON((397061.592 4435625.881, 397063.525 4435625.843, 397063.481 4435623.396, 397061.548 4435623.434, 397061.592 4435625.881))",4.005108590576,0.4877822455923291,1.9536208621522893,0.5122177544076709,0.1984482705593109,0.1981422901153564,0.0612935870885849,0.2755902409553528,0.1955248690492966,2,0.4993622406907992,1.0169512456026817,10,2.496811203453996,0.4856170739251469,3233,1577,1.4734793271706976,48.77822455923291,10/22/2025 11:27:27 AM,24,8,0.41,,170,N_to_S,0.41,,0.41,0.08664534110674195,866.4534110674194,0.3306886702634084,0.15709357532892065,0.54506445514965,-1.6657669655619327,902.7497830753857,2521.3918355810697,1913.5895201347182,258.65109562106795,-607.8023154463515,196.74219866688168
B11_R7_C2,B11,11,7,2,LG3216,8,1,94.05,240.0,100.89,248.0,2565.54952118,2238.16959648,2566,2238,397060.91391044,4435696.27929952,40.06524017,-88.20707885,2619.36916569,2239.22813484,2619,2239,397062.846764,4435696.24128523,40.06524007,-88.20705619,2618.15367276,2307.3755125,2618,2307,397062.80311136,4435693.79397258,40.06521802,-88.20705631,2564.33402825,2306.31697414,2564,2306,397060.87025779,4435693.83198687,40.06521812,-88.20707898,2591.85159697,2272.77255449,397061.8585109,4435695.03663605,40.06522909,-88.20706758,4.73193359,"POLYGON((2565.550 2238.170, 2619.369 2239.228, 2618.154 2307.376, 2564.334 2306.317, 2565.550 2238.170))","POLYGON((397060.914 4435696.279, 397062.847 4435696.241, 397062.803 4435693.794, 397060.870 4435693.832, 397060.914 4435696.279))",4.005108590576,0.5932521087160263,2.376039116995884,0.4067478912839737,0.1623333990573883,0.1656049489974975,0.0705628395080566,0.2473116368055343,0.1491377651691436,6,1.4980867220723977,0.4081992000421671,4,0.9987244813815984,0.3973758200562324,3201,1899,1.7920798181819573,59.32521087160263,10/22/2025 11:39:09 AM,1,9,0.36,,194,S_to_N,0.36,,0.36,0.07607883609372464,760.7883609372464,0.3306886702634084,0.26256343845261787,0.48620734896634943,1.6550495831493346,821.4534786405832,1529.9329704328356,1913.5895201347182,1144.444910639129,383.65654970188257,1221.1594443372037
B11_R6_C2,B11,11,6,2,AG36XF4,8,2,94.05,230.0,100.89,238.0,2564.03015502,2323.35381856,2564,2323,397060.85934463,4435693.2201587,40.06521261,-88.20707901,2617.84979953,2324.41235692,2618,2324,397062.7921982,4435693.18214441,40.0652125,-88.20705634,2616.6343066,2392.55973458,2617,2393,397062.74854555,4435690.73483176,40.06519045,-88.20705646,2562.8146621,2391.50119622,2563,2392,397060.81569199,4435690.77284605,40.06519056,-88.20707913,2590.33223081,2357.95677657,397061.80394509,4435691.97749523,40.06520153,-88.20706774,4.73193359,"POLYGON((2564.030 2323.354, 2617.850 2324.412, 2616.634 2392.560, 2562.815 2391.501, 2564.030 2323.354))","POLYGON((397060.859 4435693.220, 397062.792 4435693.182, 397062.749 4435690.735, 397060.816 4435690.773, 397060.859 4435693.220))",4.005108590576,0.2480857580398162,0.9936104007248268,0.7519142419601837,0.1733946353197097,0.1656049489974975,0.0457479804754257,0.2330505698919296,0.1852598640497992,9,2.2471300831085967,0.1160756019077252,1,0.2496811203453996,0.7467075038284839,3265,810,0.749410703526618,24.808575803981626,10/22/2025 11:39:38 AM,2,9,0.76,,195,S_to_N,0.76,,0.76,0.16061087619786313,1606.1087619786313,0.3306886702634084,-0.08260291222359223,0.48146937897427416,1.5107442203461936,1587.0234109403643,1596.4669857554036,1844.402221121324,1854.0439973445516,247.93523536592033,1850.3459441630696
B11_R5_C2,B11,11,5,2,LG3216,8,3,94.05,220.0,100.89,228.0,2562.51078886,2408.53804064,2563,2409,397060.80477883,4435690.16101788,40.06518505,-88.20707916,2616.33043337,2409.596579,2616,2410,397062.73763239,4435690.12300359,40.06518494,-88.20705649,2615.11494044,2477.74395666,2615,2478,397062.69397975,4435687.67569094,40.06516289,-88.20705662,2561.29529594,2476.6854183,2561,2477,397060.76112618,4435687.71370523,40.065163,-88.20707928,2588.81286465,2443.14099865,397061.74937929,4435688.91835441,40.06517397,-88.20706789,4.73193359,"POLYGON((2562.511 2408.538, 2616.330 2409.597, 2615.115 2477.744, 2561.295 2476.685, 2562.511 2408.538))","POLYGON((397060.805 4435690.161, 397062.738 4435690.123, 397062.694 4435687.676, 397060.761 4435687.714, 397060.805 4435690.161))",4.005108590576,0.2273430250541293,0.910533502651828,0.7726569749458707,0.1765182018280029,0.1694914400577545,0.0478804036974906,0.238887220621109,0.1898642935472376,5,1.248405601726998,0.1895901497826179,3,0.7490433610361988,0.7633776678008042,3233,735,0.6867516204631977,22.734302505412927,10/22/2025 11:40:06 AM,3,9,0.91,,196,S_to_N,0.91,,0.91,0.19231039123691507,1923.1039123691507,0.3306886702634084,-0.10334564520927914,0.4767314098515201,1.3664388575430528,1899.2259658900198,1719.9295138198206,1913.5895201347182,2116.7639186840483,193.6600063148976,2086.0264308702954
B11_R4_C2,B11,11,4,2,AG35XF5,8,4,94.05,210.0,100.89,218.0,2560.9914227,2493.72226271,2561,2494,397060.75021302,4435687.10187706,40.06515748,-88.20707931,2614.81106721,2494.78080107,2615,2495,397062.68306658,4435687.06386277,40.06515738,-88.20705665,2613.59557428,2562.92817874,2614,2563,397062.63941394,4435684.61655012,40.06513533,-88.20705677,2559.77592978,2561.86964038,2560,2562,397060.70656038,4435684.65456441,40.06513543,-88.20707944,2587.29349849,2528.32522073,397061.69481348,4435685.85921359,40.06514641,-88.20706804,4.73144531,"POLYGON((2560.991 2493.722, 2614.811 2494.781, 2613.596 2562.928, 2559.776 2561.870, 2560.991 2493.722))","POLYGON((397060.750 4435687.102, 397062.683 4435687.064, 397062.639 4435684.617, 397060.707 4435684.655, 397060.750 4435687.102))",4.004695310384,0.3388991960420532,1.3571880210825185,0.6611008039579468,0.1914956718683242,0.1874054670333862,0.0424203835427761,0.2481749355792999,0.1960907273619783,11,2.74677575881428,0.1285038986776433,2,0.499413774329869,0.6576994434137291,3234,1096,1.023737464565455,33.88991960420532,10/22/2025 11:40:32 AM,4,9,0.575,,197,S_to_N,0.575,,0.575,0.12152734784543034,1215.2734784543034,0.3306886702634084,0.008210525778644784,0.4719934398644991,1.2221334947399118,1217.1705152835862,1705.145326384284,1881.5858952900314,1391.7140473600507,176.44056890574734,1377.4366256747355
B11_R3_C2,B11,11,3,2,LG3216,8,5,94.05,200.0,100.89,208.0,2559.47205654,2578.90648479,2559,2579,397060.69564721,4435684.04273625,40.06512992,-88.20707947,2613.29170105,2579.96502315,2613,2580,397062.62850078,4435684.00472195,40.06512982,-88.2070568,2612.07620812,2648.11240081,2612,2648,397062.58484813,4435681.5574093,40.06510777,-88.20705692,2558.25656362,2647.05386245,2558,2647,397060.65199457,4435681.59542359,40.06510787,-88.20707959,2585.77413233,2613.5094428,397061.64024767,4435682.80007277,40.06511884,-88.2070682,4.73193359,"POLYGON((2559.472 2578.906, 2613.292 2579.965, 2612.076 2648.112, 2558.257 2647.054, 2559.472 2578.906))","POLYGON((397060.696 4435684.043, 397062.629 4435684.005, 397062.585 4435681.557, 397060.652 4435681.595, 397060.696 4435684.043))",4.005108590576,0.3236957888120679,1.2964367845044875,0.676304211187932,0.1826667189598083,0.1762916892766952,0.05308772996068,0.2547526359558105,0.1913050138950348,6,1.4980867220723977,0.2214034628980685,2,0.4993622406907992,0.6744186046511628,3182,1030,0.9778114259316836,32.36957888120679,10/22/2025 11:40:59 AM,5,9,0.7,,198,S_to_N,0.7,,0.7,0.14793107018224236,1479.3107018224237,0.3306886702634084,-0.006992881451340527,0.46725546987242383,1.077828131936771,1477.695000950927,1777.1678972043321,1913.5895201347182,1615.7323247528097,136.4216229303861,1598.268251217571
B11_R2_C2,B11,11,2,2,AG29XF4,8,6,94.05,190.0,100.89,198.0,2557.95269039,2664.09070687,2558,2664,397060.64108141,4435680.98359543,40.06510236,-88.20707962,2611.77233489,2665.14924523,2612,2665,397062.57393497,4435680.94558113,40.06510225,-88.20705695,2610.55684196,2733.29662289,2611,2733,397062.53028233,4435678.49826848,40.0650802,-88.20705708,2556.73719746,2732.23808453,2557,2732,397060.59742876,4435678.53628277,40.06508031,-88.20707974,2584.25476618,2698.69366488,397061.58568187,4435679.74093195,40.06509128,-88.20706835,4.73193359,"POLYGON((2557.953 2664.091, 2611.772 2665.149, 2610.557 2733.297, 2556.737 2732.238, 2557.953 2664.091))","POLYGON((397060.641 4435680.984, 397062.574 4435680.946, 397062.530 4435678.498, 397060.597 4435678.536, 397060.641 4435680.984))",4.005108590576,0.2619047619047619,1.0489570118175238,0.7380952380952381,0.1633283197879791,0.156862586736679,0.0410057678818702,0.2183905988931656,0.1738740933315427,14,3.4955356848355947,0.078028599060193,5,1.248405601726998,0.720160791589363,3234,847,0.7911547741669162,26.190476190476197,10/22/2025 11:41:37 AM,6,9,0.885,,199,S_to_N,0.885,,0.885,0.1870271387304064,1870.271387304064,0.3306886702634084,-0.0687839083586465,0.4625175007496698,0.9335227691336302,1854.3789084377581,2090.6711522792707,2182.798000920842,1962.3982359456352,92.12684864157109,1846.9057748707507
B11_R1_C2,B11,11,1,2,LG3216,8,7,94.05,180.0,100.89,188.0,2556.43332423,2749.27492895,2556,2749,397060.5865156,4435677.92445461,40.0650748,-88.20707977,2610.25296873,2750.33346731,2610,2750,397062.51936917,4435677.88644031,40.06507469,-88.20705711,2609.03747581,2818.48084497,2609,2818,397062.47571652,4435675.43912766,40.06505264,-88.20705723,2555.2178313,2817.42230661,2555,2817,397060.54286296,4435675.47714195,40.06505275,-88.2070799,2582.73540002,2783.87788696,397061.53111606,4435676.68179113,40.06506372,-88.2070685,4.73193359,"POLYGON((2556.433 2749.275, 2610.253 2750.333, 2609.037 2818.481, 2555.218 2817.422, 2556.433 2749.275))","POLYGON((397060.587 4435677.924, 397062.519 4435677.886, 397062.476 4435675.439, 397060.543 4435675.477, 397060.587 4435677.924))",4.005108590576,0.2984843798329725,1.1954623538217877,0.7015156201670275,0.162203848361969,0.1561460494995117,0.0433967001736164,0.2201191335916519,0.1692622032820009,12,2.996173444144796,0.1037156998527359,3,0.7490433610361988,0.6965666563563254,3233,965,0.9016534880911372,29.84843798329725,10/22/2025 11:42:07 AM,7,9,1.08,,200,S_to_N,1.08,,1.08,0.22823650828117395,2282.3650828117393,0.3306886702634084,-0.03220429043043593,0.45777953075759453,0.7892174063744215,2274.9243017150698,1836.540757111699,1913.5895201347182,2359.413845834759,77.04876302301932,2323.7612809768625
B11_R0_C2,B11,11,0,2,AG34XF6,8,8,94.05,170.0,100.89,178.0,2554.91395807,2834.45915102,2555,2834,397060.5319498,4435674.86531379,40.06504723,-88.20707993,2608.73360257,2835.51768938,2609,2836,397062.46480336,4435674.8272995,40.06504713,-88.20705726,2607.51810965,2903.66506705,2608,2904,397062.42115071,4435672.37998684,40.06502508,-88.20705738,2553.69846514,2902.60652869,2554,2903,397060.48829715,4435672.41800113,40.06502518,-88.20708005,2581.21603386,2869.06210903,397061.47655026,4435673.62265031,40.06503616,-88.20706866,4.73144531,"POLYGON((2554.914 2834.459, 2608.734 2835.518, 2607.518 2903.665, 2553.698 2902.607, 2554.914 2834.459))","POLYGON((397060.532 4435674.865, 397062.465 4435674.827, 397062.421 4435672.380, 397060.488 4435672.418, 397060.532 4435674.865))",4.004695310384,0.3274582560296846,1.311370542268601,0.6725417439703154,0.1665311455726623,0.1618496179580688,0.0422418788075447,0.2208846658468246,0.1737068052712608,9,2.2473619844844106,0.1517581017534333,2,0.499413774329869,0.6620284477427335,3234,1059,0.9891769844660732,32.74582560296846,10/22/2025 11:42:31 AM,8,9,0.565,,201,S_to_N,0.565,,0.565,0.11941382875246633,1194.1382875246632,0.3306886702634084,-0.003230414233723833,0.4530415616348405,0.6449120435712806,1193.3919023429548,1865.394527447957,1932.096114966995,1260.839875043701,66.70158751903796,1226.6093163868215
B7_R7_C2,B7,7,7,2,AG29XF5,8,9,94.05,160.0,100.89,168.0,2553.39459191,2919.6433731,2553,2920,397060.47738399,4435671.80617297,40.06501967,-88.20708008,2607.21423641,2920.70191146,2607,2921,397062.41023755,4435671.76815868,40.06501957,-88.20705741,2605.99874349,2988.84928912,2606,2989,397062.36658491,4435669.32084602,40.06499752,-88.20705754,2552.17909898,2987.79075076,2552,2988,397060.43373134,4435669.35886031,40.06499762,-88.2070802,2579.6966677,2954.24633111,397061.42198445,4435670.56350949,40.06500859,-88.20706881,4.73242188,"POLYGON((2553.395 2919.643, 2607.214 2920.702, 2605.999 2988.849, 2552.179 2987.791, 2553.395 2919.643))","POLYGON((397060.477 4435671.806, 397062.410 4435671.768, 397062.367 4435669.321, 397060.434 4435669.359, 397060.477 4435671.806))",4.005521879232001,0.3056661562021439,1.224352476408434,0.6943338437978561,0.1891065835952758,0.1844658702611923,0.0524451956152915,0.2572611570358276,0.1969671606550029,12,2.9958642997852807,0.107262454355472,5,1.2482767915772004,0.6768759571209801,3265,998,0.9233480026167464,30.566615620214392,10/22/2025 11:43:07 AM,9,9,0.77,,202,S_to_N,0.77,,0.77,0.16270738736420515,1627.0738736420515,0.3306886702634084,-0.025022514061264545,0.44830359164781947,0.5006066807681399,1621.292437469117,2502.454161238993,2157.017367309951,1281.6370797130096,-345.43679392904187,1271.9392309361576
B7_R6_C2,B7,7,6,2,LD20-4471,8,10,94.05,150.0,100.89,158.0,2551.87522575,3004.82759518,2552,3005,397060.42281818,4435668.74703215,40.06499211,-88.20708023,2605.69487025,3005.88613354,2606,3006,397062.35567175,4435668.70901786,40.064992,-88.20705757,2604.47937733,3074.0335112,2604,3074,397062.3120191,4435666.2617052,40.06496995,-88.20705769,2550.65973282,3072.97497284,2551,3073,397060.37916554,4435666.29971949,40.06497006,-88.20708036,2578.17730154,3039.43055319,397061.36741864,4435667.50436867,40.06498103,-88.20706896,4.73144531,"POLYGON((2551.875 3004.828, 2605.695 3005.886, 2604.479 3074.034, 2550.660 3072.975, 2551.875 3004.828))","POLYGON((397060.423 4435668.747, 397062.356 4435668.709, 397062.312 4435666.262, 397060.379 4435666.300, 397060.423 4435668.747))",4.004695310384,0.3402094573151381,1.3624352182582191,0.6597905426848619,0.2451002597808838,0.2376678735017776,0.075512520968914,0.342465341091156,0.2546547076281379,8,1.997655097319476,0.172823673951502,5,1.2485344358246726,0.6467788003808315,3151,1072,1.0276954661461364,34.020945731513805,10/22/2025 11:43:33 AM,10,9,1.065,,203,S_to_N,1.065,,1.065,0.22508978340066663,2250.8978340066665,0.3306886702634084,0.009520787051729651,0.4435656216557442,0.3563013179649989,2253.097605880944,2111.4026996115854,1769.881967652431,1909.3771020475122,-341.5207319591543,1901.7340288189828
B7_R5_C2,B7,7,5,2,AG29XF4,8,11,94.05,140.0,100.89,148.0,2550.35585959,3090.01181726,2550,3090,397060.36825238,4435665.68789133,40.06496455,-88.20708039,2604.1755041,3091.07035562,2604,3091,397062.30110594,4435665.64987704,40.06496444,-88.20705772,2602.96001117,3159.21773328,2603,3159,397062.2574533,4435663.20256438,40.06494239,-88.20705784,2549.14036666,3158.15919492,2549,3158,397060.32459973,4435663.24057867,40.0649425,-88.20708051,2576.65793538,3124.61477527,397061.31285284,4435664.44522786,40.06495347,-88.20706912,4.73144531,"POLYGON((2550.356 3090.012, 2604.176 3091.070, 2602.960 3159.218, 2549.140 3158.159, 2550.356 3090.012))","POLYGON((397060.368 4435665.688, 397062.301 4435665.650, 397062.257 4435663.203, 397060.325 4435663.241, 397060.368 4435665.688))",4.004695310384,0.3416303671437461,1.3681255291853245,0.6583696328562538,0.2103746682405471,0.2042251229286193,0.0611757822334766,0.2913040816783905,0.2178869903788847,8,1.997655097319476,0.177015292909281,3,0.7491206614948036,0.6490354698195395,3214,1098,1.0319877118708352,34.16303671437461,10/22/2025 11:44:04 AM,11,9,0.755,,204,S_to_N,0.755,,0.755,0.15957069151878245,1595.7069151878245,0.3306886702634084,0.010941696880337692,0.43882765253299016,0.21199595560118026,1598.234987386421,2521.567366667992,2182.798000920842,1256.9375494406745,-338.76936574715,1269.835421145312
B7_R4_C2,B7,7,4,2,LD11-2170,8,12,94.05,130.0,100.89,138.0,2548.83649343,3175.19603933,2549,3175,397060.31368657,4435662.62875051,40.06493698,-88.20708054,2602.65613794,3176.25457769,2603,3176,397062.24654013,4435662.59073622,40.06493688,-88.20705787,2601.44064501,3244.40195536,2601,3244,397062.20288749,4435660.14342356,40.06491483,-88.207058,2547.6210005,3243.343417,2548,3243,397060.27003393,4435660.18143785,40.06491493,-88.20708066,2575.13856922,3209.79899734,397061.25828703,4435661.38608704,40.06492591,-88.20706927,4.73242188,"POLYGON((2548.836 3175.196, 2602.656 3176.255, 2601.441 3244.402, 2547.621 3243.343, 2548.836 3175.196))","POLYGON((397060.314 4435662.629, 397062.247 4435662.591, 397062.203 4435660.143, 397060.270 4435660.181, 397060.314 4435662.629))",4.005521879232001,0.3980006248047485,1.5942002106034268,0.6019993751952515,0.1547482460737228,0.1489360481500625,0.053890723735094,0.2236840277910232,0.1604138390690672,8,1.9972428665235205,0.2053893289311694,5,1.2482767915772004,0.584504842236801,3201,1274,1.2022694514817345,39.80006248047485,10/22/2025 11:44:34 AM,12,9,0.865,,205,S_to_N,0.865,,0.865,0.18278167541563303,1827.8167541563303,0.3306886702634084,0.06731195454134009,0.4340896825409149,0.06769059284197161,1843.369139016757,2099.9259501629003,1783.0921758570503,1510.9829798504802,-316.83377430585006,1628.191702137919
B7_R3_C2,B7,7,3,2,AG29XF4,8,13,94.05,120.0,100.89,128.0,2547.31712727,3260.38026141,2547,3260,397060.25912076,4435659.56960969,40.06490942,-88.20708069,2601.13677178,3261.43879977,2601,3261,397062.19197433,4435659.5315954,40.06490932,-88.20705803,2599.92127885,3329.58617743,2600,3330,397062.14832168,4435657.08428274,40.06488727,-88.20705815,2546.10163434,3328.52763907,2546,3329,397060.21546812,4435657.12229703,40.06488737,-88.20708082,2573.61920306,3294.98321942,397061.20372122,4435658.32694622,40.06489834,-88.20706942,4.73144531,"POLYGON((2547.317 3260.380, 2601.137 3261.439, 2599.921 3329.586, 2546.102 3328.528, 2547.317 3260.380))","POLYGON((397060.259 4435659.570, 397062.192 4435659.532, 397062.148 4435657.084, 397060.215 4435657.122, 397060.259 4435659.570))",4.004695310384,0.3090352220520674,1.2375919044953925,0.6909647779479327,0.1688558757305145,0.1627217829227447,0.0443772077560424,0.2242989391088485,0.1772910365871354,14,3.495896420309084,0.0929526050197577,3,0.7491206614948036,0.6808575803981624,3265,1009,0.933525185010318,30.90352220520674,10/22/2025 11:45:04 AM,13,9,1.115,,206,S_to_N,1.115,,1.115,0.23565737886548668,2356.573788654867,0.3306886702634084,-0.02165344821134102,0.4293517125538938,-0.07661476996116925,2351.5707730325635,2504.7876844913894,2182.798000920842,2034.5841050843192,-321.98968357054764,1991.9935495048621
B7_R2_C2,B7,7,2,2,LD11-2170,8,14,94.05,110.0,100.89,118.0,2545.79776111,3345.56448349,2546,3346,397060.20455496,4435656.51046887,40.06488186,-88.20708085,2599.61740562,3346.62302185,2600,3347,397062.13740852,4435656.47245458,40.06488175,-88.20705818,2598.40191269,3414.77039951,2598,3415,397062.09375588,4435654.02514192,40.0648597,-88.2070583,2544.58226818,3413.71186115,2545,3414,397060.16090231,4435654.06315622,40.06485981,-88.20708097,2572.0998369,3380.1674415,397061.14915542,4435655.2678054,40.06487078,-88.20706958,4.73193359,"POLYGON((2545.798 3345.564, 2599.617 3346.623, 2598.402 3414.770, 2544.582 3413.712, 2545.798 3345.564))","POLYGON((397060.205 4435656.510, 397062.137 4435656.472, 397062.094 4435654.025, 397060.161 4435654.063, 397060.205 4435656.510))",4.005108590576,0.4798500468603561,1.9218515448687084,0.5201499531396439,0.1477291584014892,0.1460672914981842,0.0710605457425117,0.2385318279266357,0.1473477500326493,5,1.248405601726998,0.3962047211783688,6,1.4980867220723977,0.5007810059356451,3201,1536,1.4495179572024677,47.985004686035616,10/22/2025 11:45:27 AM,14,9,0.78,,207,S_to_N,0.78,,0.78,0.16483747820307007,1648.3747820307008,0.3306886702634084,0.14916137659694767,0.42461374343113983,-0.2209201327643101,1682.8384244988754,2043.7274981454643,1783.0921758570503,1387.7394597422867,-260.63532228841405,1645.832580828871
B7_R1_C2,B7,7,1,2,AG29XF5,8,15,94.05,100.0,100.89,108.0,2544.27839495,3430.74870557,2544,3431,397060.14998915,4435653.45132805,40.0648543,-88.207081,2598.09803946,3431.80724393,2598,3432,397062.08284272,4435653.41331376,40.06485419,-88.20705833,2596.88254653,3499.95462159,2597,3500,397062.03919007,4435650.9660011,40.06483214,-88.20705846,2543.06290202,3498.89608323,2543,3499,397060.10633651,4435651.0040154,40.06483225,-88.20708112,2570.58047074,3465.35166358,397061.09458961,4435652.20866458,40.06484322,-88.20706973,4.73193359,"POLYGON((2544.278 3430.749, 2598.098 3431.807, 2596.883 3499.955, 2543.063 3498.896, 2544.278 3430.749))","POLYGON((397060.150 4435653.451, 397062.083 4435653.413, 397062.039 4435650.966, 397060.106 4435651.004, 397060.150 4435653.451))",4.005108590576,0.3640012349490583,1.4578644730747463,0.6359987650509417,0.1678051352500915,0.162866324186325,0.051108993589878,0.2347842007875442,0.1725139873168046,6,1.4980867220723977,0.2534317308318667,5,1.248405601726998,0.6279715961716579,3239,1179,1.0995650202699303,36.40012349490584,10/22/2025 11:46:00 AM,15,9,1.305,,208,S_to_N,1.305,,1.305,0.2757857808397518,2757.857808397518,0.3306886702634084,0.03331256468564986,0.41987577343906457,-0.365225495567451,2765.554655565444,2416.043568798414,2157.017367309951,2498.831606909055,-259.0262014884629,2500.1605980488002
B7_R0_C2,B7,7,0,2,LD20-4542,8,16,94.05,90.0,100.89,98.0,2542.75902879,3515.93292764,2543,3516,397060.09542335,4435650.39218723,40.06482673,-88.20708115,2596.5786733,3516.991466,2597,3517,397062.02827691,4435650.35417294,40.06482663,-88.20705849,2595.36318037,3585.13884367,2595,3585,397061.98462426,4435647.90686028,40.06480458,-88.20705861,2541.54353586,3584.08030531,2542,3584,397060.0517707,4435647.94487458,40.06480468,-88.20708128,2569.06110458,3550.53588565,397061.0400238,4435649.14952376,40.06481566,-88.20706988,4.73193359,"POLYGON((2542.759 3515.933, 2596.579 3516.991, 2595.363 3585.139, 2541.544 3584.080, 2542.759 3515.933))","POLYGON((397060.095 4435650.392, 397062.028 4435650.354, 397061.985 4435647.907, 397060.052 4435647.945, 397060.095 4435650.392))",4.005108590576,0.3859092351634401,1.5456083929357078,0.6140907648365599,0.1804794818162918,0.1778521537780761,0.0467229969799518,0.23934406042099,0.1846267318024355,5,1.248405601726998,0.3136620709328753,6,1.4980867220723977,0.5867978419549349,3151,1216,1.1657441108523336,38.59092351634402,10/22/2025 11:46:29 AM,16,9,0.705,,209,S_to_N,0.705,,0.705,0.14898772068354407,1489.8772068354408,0.3306886702634084,0.05522056490003169,0.4151378034469893,-0.5095308583705919,1502.6358837062485,2111.0648500740012,1891.96460682895,1270.7769635903896,-219.10024324505116,1176.8660433637351
B3_R7_C2,B3,3,7,2,LG3216,8,17,94.05,80.0,100.89,88.0,2541.23966263,3601.11714972,2541,3601,397060.04085754,4435647.33304641,40.06479917,-88.20708131,2595.05930714,3602.17568808,2595,3602,397061.9737111,4435647.29503212,40.06479907,-88.20705864,2593.84381421,3670.32306574,2594,3670,397061.93005846,4435644.84771947,40.06477702,-88.20705876,2540.02416971,3669.26452738,2540,3669,397059.99720489,4435644.88573376,40.06477712,-88.20708143,2567.54173842,3635.72010773,397060.985458,4435646.09038294,40.06478809,-88.20707004,4.73193359,"POLYGON((2541.240 3601.117, 2595.059 3602.176, 2593.844 3670.323, 2540.024 3669.265, 2541.240 3601.117))","POLYGON((397060.041 4435647.333, 397061.974 4435647.295, 397061.930 4435644.848, 397059.997 4435644.886, 397060.041 4435647.333))",4.005108590576,0.2716692189892802,1.0880647227690388,0.7283307810107198,0.2175285816192627,0.1999997943639755,0.0874265730381012,0.339434802532196,0.2410309778475292,2,0.4993622406907992,0.5719947716230683,3,0.7490433610361988,0.7176110260336906,3265,887,0.8206509802816175,27.166921898928027,10/22/2025 11:46:55 AM,17,9,1.1,,210,S_to_N,1.1,,1.1,0.23246311028638086,2324.631102863809,0.3306886702634084,-0.05901945127412822,0.41039983432423527,-0.6538362211737327,2310.99469567996,2942.05748375627,1913.5895201347182,1296.163139242257,-1028.4679636215517,1219.975960943689
B3_R6_C2,B3,3,6,2,LD19-10076,8,18,94.05,70.0,100.89,78.0,2539.72029647,3686.3013718,2540,3686,397059.98629173,4435644.27390559,40.06477161,-88.20708146,2593.53994098,3687.35991016,2594,3687,397061.9191453,4435644.2358913,40.0647715,-88.20705879,2592.32444805,3755.50728782,2592,3756,397061.87549265,4435641.78857865,40.06474945,-88.20705892,2538.50480355,3754.44874946,2539,3754,397059.94263909,4435641.82659294,40.06474956,-88.20708158,2566.02237226,3720.90432981,397060.93089219,4435643.03124212,40.06476053,-88.20707019,4.73193359,"POLYGON((2539.720 3686.301, 2593.540 3687.360, 2592.324 3755.507, 2538.505 3754.449, 2539.720 3686.301))","POLYGON((397059.986 4435644.274, 397061.919 4435644.236, 397061.875 4435641.789, 397059.943 4435641.827, 397059.986 4435644.274))",4.005108590576,0.5760699781318338,2.307222818188736,0.4239300218681662,0.1100717261433601,0.1147540509700775,0.0555246360599994,0.177358329296112,0.1006295416869369,2,0.4993622406907992,1.1891300550991408,8,1.997448962763197,0.4108091221493283,3201,1844,1.7401765059123375,57.60699781318338,10/22/2025 11:47:33 AM,18,9,1.06,,211,S_to_N,1.06,,1.06,0.224009906275967,2240.0990627596702,0.3306886702634084,0.24538130786842538,0.4056618643372142,-0.7981415839768736,2296.794259972831,2658.8132553851488,1748.5174495778338,1329.8032569523552,-910.295805807315,2039.6957804659048
B3_R5_C2,B3,3,5,2,LG3216,8,19,94.05,60.0,100.89,68.0,2538.20093031,3771.48559388,2538,3771,397059.93172593,4435641.21476477,40.06474405,-88.20708161,2592.02057482,3772.54413224,2592,3773,397061.86457949,4435641.17675048,40.06474394,-88.20705895,2590.80508189,3840.6915099,2591,3841,397061.82092685,4435638.72943783,40.06472189,-88.20705907,2536.98543739,3839.63297154,2537,3840,397059.88807328,4435638.76745212,40.064722,-88.20708174,2564.5030061,3806.08855189,397060.87632639,4435639.9721013,40.06473297,-88.20707034,4.73193359,"POLYGON((2538.201 3771.486, 2592.021 3772.544, 2590.805 3840.692, 2536.985 3839.633, 2538.201 3771.486))","POLYGON((397059.932 4435641.215, 397061.865 4435641.177, 397061.821 4435638.729, 397059.888 4435638.767, 397059.932 4435641.215))",4.005108590576,0.3568147013782542,1.429081625733856,0.6431852986217458,0.1364041864871978,0.1294963657855987,0.0469056442379951,0.1976558119058609,0.144368291976405,4,0.9987244813815984,0.3756335450624997,5,1.248405601726998,0.6346094946401225,3265,1165,1.077856135319148,35.68147013782542,10/22/2025 11:48:06 AM,19,9,1.495,,212,S_to_N,1.495,,1.495,0.3159384998892176,3159.384998892176,0.3306886702634084,0.026126031114845794,0.4009238952144602,-0.9424469467800144,3165.4214019879146,2820.2153546746104,1913.5895201347182,2252.7591643522837,-906.6258345398921,2188.5096214979776
B3_R4_C2,B3,3,4,2,LD20-4471,8,20,94.05,50.0,100.89,58.0,2536.68156415,3856.66981595,2537,3857,397059.87716012,4435638.15562395,40.06471648,-88.20708177,2590.50120866,3857.72835431,2591,3858,397061.81001368,4435638.11760966,40.06471638,-88.2070591,2589.28571573,3925.87573197,2589,3926,397061.76636104,4435635.67029701,40.06469433,-88.20705922,2535.46607123,3924.81719361,2535,3925,397059.83350748,4435635.7083113,40.06469443,-88.20708189,2562.98363994,3891.27277396,397060.82176058,4435636.91296048,40.06470541,-88.2070705,4.73144531,"POLYGON((2536.682 3856.670, 2590.501 3857.728, 2589.286 3925.876, 2535.466 3924.817, 2536.682 3856.670))","POLYGON((397059.877 4435638.156, 397061.810 4435638.118, 397061.766 4435635.670, 397059.834 4435635.708, 397059.877 4435638.156))",4.004695310384,0.3042799125273352,1.218548338742273,0.6957200874726648,0.1860126703977584,0.1759257912635803,0.0639147385954856,0.2625479996204376,0.1991842148350734,3,0.7491206614948036,0.4187319861412015,5,1.2485344358246726,0.6879100281162137,3201,974,0.9191604754656272,30.42799125273352,10/22/2025 11:48:39 AM,20,9,1.095,,213,S_to_N,1.095,,1.095,0.23143034067955864,2314.3034067955864,0.3306886702634084,-0.026408757736073207,0.39618592522238494,-1.0867523095831553,2308.201679891416,2627.8289538928025,1769.881967652431,1456.356420555215,-857.9469862403714,1411.1505584869076
B3_R3_C2,B3,3,3,2,LG3216,8,21,94.05,40.0,100.89,48.0,2535.162198,3941.85403803,2535,3942,397059.82259431,4435635.09648314,40.06468892,-88.20708192,2588.9818425,3942.91257639,2589,3943,397061.75544788,4435635.05846884,40.06468882,-88.20705925,2587.76634957,4011.05995405,2588,4011,397061.71179523,4435632.61115619,40.06466677,-88.20705938,2533.94670507,4010.00141569,2534,4010,397059.77894167,4435632.64917048,40.06466687,-88.20708204,2561.46427379,3976.45699604,397060.76719477,4435633.85381966,40.06467784,-88.20707065,4.73193359,"POLYGON((2535.162 3941.854, 2588.982 3942.913, 2587.766 4011.060, 2533.947 4010.001, 2535.162 3941.854))","POLYGON((397059.823 4435635.096, 397061.755 4435635.058, 397061.712 4435632.611, 397059.779 4435632.649, 397059.823 4435635.096))",4.005108590576,0.4464841319228376,1.7882174323200246,0.5535158680771624,0.1757104843854904,0.1735153496265411,0.0596194677054882,0.2518794536590576,0.1769083903396829,3,0.7490433610361988,0.616920328657725,7,1.7477678424177974,0.5345364032358432,3214,1435,1.3487271097765468,44.64841319228376,10/22/2025 11:49:07 AM,21,9,1.73,,214,S_to_N,1.73,,1.73,0.365601073450399,3656.01073450399,0.3306886702634084,0.11579546165942917,0.3914479552303097,-1.2310576723862963,3682.76520326202,2671.375119973128,1913.5895201347182,2898.2251346655803,-757.78559983841,2847.3190172793666
B3_R2_C2,B3,3,2,2,LD21-3090,8,22,94.05,30.0,100.89,38.0,2533.64283184,4027.03826011,2534,4027,397059.76802851,4435632.03734232,40.06466136,-88.20708207,2587.46247634,4028.09679847,2587,4028,397061.70088207,4435631.99932802,40.06466125,-88.20705941,2586.24698342,4096.24417613,2586,4096,397061.65722943,4435629.55201537,40.0646392,-88.20705953,2532.42733891,4095.18563777,2532,4095,397059.72437586,4435629.59002966,40.06463931,-88.2070822,2559.94490763,4061.64121812,397060.71262897,4435630.79467884,40.06465028,-88.2070708,4.73144531,"POLYGON((2533.643 4027.038, 2587.462 4028.097, 2586.247 4096.244, 2532.427 4095.186, 2533.643 4027.038))","POLYGON((397059.768 4435632.037, 397061.701 4435631.999, 397061.657 4435629.552, 397059.724 4435629.590, 397059.768 4435632.037))",4.004695310384,0.2916535433070866,1.1679835771387663,0.7083464566929134,0.1945997029542923,0.1844379305839538,0.0671617239713668,0.2797661125659942,0.2108490837321562,7,1.7479482101545418,0.1706127101056405,1,0.2497068871649345,0.7033070866141732,3175,926,0.8810190830894687,29.16535433070866,10/22/2025 11:49:33 AM,22,9,1.21,,215,S_to_N,1.21,,1.21,0.2557358102486447,2557.358102486447,0.3306886702634084,-0.03903512695632183,0.38670998610755564,-1.375363035189437,2548.3390608966283,2849.9026475399255,2130.1369400546714,1837.592395001193,-719.7657074852541,1778.3096410749044
B3_R1_C2,B3,3,1,2,LG3216,8,23,94.05,20.0,100.89,28.0,2532.12346568,4112.22248219,2532,4112,397059.7134627,4435628.9782015,40.0646338,-88.20708223,2585.94311018,4113.28102055,2586,4113,397061.64631627,4435628.9401872,40.06463369,-88.20705956,2584.72761726,4181.42839821,2585,4181,397061.60266362,4435626.49287455,40.06461164,-88.20705968,2530.90797275,4180.36985985,2531,4180,397059.66981006,4435626.53088884,40.06461175,-88.20708235,2558.42554147,4146.8254402,397060.65806316,4435627.73553802,40.06462272,-88.20707096,4.73144531,"POLYGON((2532.123 4112.222, 2585.943 4113.281, 2584.728 4181.428, 2530.908 4180.370, 2532.123 4112.222))","POLYGON((397059.713 4435628.978, 397061.646 4435628.940, 397061.603 4435626.493, 397059.670 4435626.531, 397059.713 4435628.978))",4.004695310384,0.3194486983154671,1.2792947040522242,0.6805513016845329,0.1697153598070144,0.1589039862155914,0.0580133832991123,0.2443989813327789,0.1809867558292313,2,0.499413774329869,0.6725936266097635,4,0.998827548659738,0.6704441041347626,3265,1043,0.9649819305904476,31.944869831546708,10/22/2025 11:50:03 AM,23,9,1.18,,216,S_to_N,1.18,,1.18,0.2493952529697527,2493.952529697527,0.3306886702634084,-0.011239971947941352,0.38197201612053455,-1.5196683979925778,2491.35554123172,2546.651558879539,1913.5895201347182,1860.8904909527062,-633.0620387448209,1767.0653391905691
B3_R0_C2,B3,3,0,2,LD11-2170,8,24,94.05,10.0,100.89,18.0,2530.60409952,4197.40670426,2531,4197,397059.6588969,4435625.91906068,40.06460624,-88.20708238,2584.42374402,4198.46524262,2584,4198,397061.59175046,4435625.88104639,40.06460613,-88.20705971,2583.2082511,4266.61262028,2583,4267,397061.54809781,4435623.43373373,40.06458408,-88.20705984,2529.38860659,4265.55408192,2529,4266,397059.61524425,4435623.47174802,40.06458419,-88.2070825,2556.90617531,4232.00966227,397060.60349735,4435624.6763972,40.06459516,-88.20707111,4.73242188,"POLYGON((2530.604 4197.407, 2584.424 4198.465, 2583.208 4266.613, 2529.389 4265.554, 2530.604 4197.407))","POLYGON((397059.659 4435625.919, 397061.592 4435625.881, 397061.548 4435623.434, 397059.615 4435623.472, 397059.659 4435625.919))",4.005521879232001,0.3739456419868791,1.4978474506219008,0.6260543580131209,0.1861484348773956,0.1749047338962555,0.0822510719299316,0.294736385345459,0.1989373514465257,2,0.4993107166308801,0.7719027526863729,1,0.24965535831544,0.6219931271477663,3201,1197,1.1296048143042667,37.39456419868791,10/22/2025 11:50:32 AM,24,9,1.075,,217,S_to_N,1.075,,1.075,0.22715641742405263,2271.5641742405264,0.3306886702634084,0.04325697172347065,0.3772340461284593,-1.6639737607957188,2281.5586704147067,2316.7929019023472,1783.0921758570503,1737.8634481952295,-533.700726045297,1722.327917515529
B11_R7_C1,B11,11,7,1,AG34XF6,9,1,87.21,240.0,94.05,248.0,2511.72987668,2237.11105812,2512,2237,397058.98105688,4435696.31731382,40.06524028,-88.20710152,2565.54952118,2238.16959648,2566,2238,397060.91391044,4435696.27929952,40.06524017,-88.20707885,2564.33402825,2306.31697414,2564,2306,397060.87025779,4435693.83198687,40.06521812,-88.20707898,2510.51438375,2305.25843578,2511,2305,397058.93740423,4435693.87000116,40.06521823,-88.20710164,2538.03195246,2271.71401613,397059.92565734,4435695.07465034,40.0652292,-88.20709025,4.73193359,"POLYGON((2511.730 2237.111, 2565.550 2238.170, 2564.334 2306.317, 2510.514 2305.258, 2511.730 2237.111))","POLYGON((397058.981 4435696.317, 397060.914 4435696.279, 397060.870 4435693.832, 397058.937 4435693.870, 397058.981 4435696.317))",4.005108590576,0.4701655732583568,1.883064176450134,0.5298344267416433,0.1349408328533172,0.1335226595401764,0.0784995481371879,0.2337659299373626,0.1354187406745611,3,0.7490433610361988,0.6470140032263945,5,1.248405601726998,0.5120274914089347,3201,1505,1.4202633630141368,47.01655732583568,10/22/2025 12:06:04 PM,1,10,1.115,,241,N_to_S,1.115,,1.115,0.23563306179028604,2356.3306179028605,0.3306886702634084,0.13947690299494836,0.31837694080942586,1.6568427879155483,2388.556668822027,1497.0491567323195,1932.096114966995,2791.377576137536,435.04695823467546,2858.9684933953176
B11_R6_C1,B11,11,6,1,LG3216,9,2,87.21,230.0,94.05,238.0,2510.21051052,2322.2952802,2510,2322,397058.92649107,4435693.258173,40.06521272,-88.20710167,2564.03015502,2323.35381856,2564,2323,397060.85934463,4435693.2201587,40.06521261,-88.20707901,2562.8146621,2391.50119622,2563,2392,397060.81569199,4435690.77284605,40.06519056,-88.20707913,2508.99501759,2390.44265786,2509,2390,397058.88283842,4435690.81086034,40.06519067,-88.2071018,2536.51258631,2356.89823821,397059.87109153,4435692.01550952,40.06520164,-88.2070904,4.73193359,"POLYGON((2510.211 2322.295, 2564.030 2323.354, 2562.815 2391.501, 2508.995 2390.443, 2510.211 2322.295))","POLYGON((397058.926 4435693.258, 397060.859 4435693.220, 397060.816 4435690.773, 397058.883 4435690.811, 397058.926 4435693.258))",4.005108590576,0.1960183767228177,0.78507488452332,0.8039816232771823,0.1404795944690704,0.128526508808136,0.0697677880525589,0.2328166663646698,0.1691841781139373,8,1.997448962763197,0.1031783128068668,3,0.7490433610361988,0.796937212863706,3265,640,0.5921269756259698,19.60183767228178,10/22/2025 12:05:19 PM,2,10,0.785,,240,N_to_S,0.785,,0.785,0.16589412870437178,1658.941287043718,0.3306886702634084,-0.13467029354059074,0.3136389708224048,1.5125374251124075,1627.8258002229693,1597.7022391097942,1913.5895201347182,1974.828568068642,315.88728102492405,1947.3288131510199
B11_R5_C1,B11,11,5,1,AG36XF4,9,3,87.21,220.0,94.05,228.0,2508.69114436,2407.47950228,2509,2407,397058.87192526,4435690.19903218,40.06518515,-88.20710183,2562.51078886,2408.53804064,2563,2409,397060.80477883,4435690.16101788,40.06518505,-88.20707916,2561.29529594,2476.6854183,2561,2477,397060.76112618,4435687.71370523,40.065163,-88.20707928,2507.47565143,2475.62687994,2507,2476,397058.82827262,4435687.75171952,40.0651631,-88.20710195,2534.99322015,2442.08246029,397059.81652572,4435688.9563687,40.06517408,-88.20709056,4.73193359,"POLYGON((2508.691 2407.480, 2562.511 2408.538, 2561.295 2476.685, 2507.476 2475.627, 2508.691 2407.480))","POLYGON((397058.872 4435690.199, 397060.805 4435690.161, 397060.761 4435687.714, 397058.828 4435687.752, 397058.872 4435690.199))",4.005108590576,0.2286785379568884,0.9158823768514938,0.7713214620431115,0.1583883017301559,0.1363635063171386,0.0808563455939292,0.2837834656238556,0.1930500119924545,4,0.9987244813815984,0.236020390545708,2,0.4993622406907992,0.7697594501718213,3201,732,0.690785901479301,22.86785379568885,10/22/2025 12:04:44 PM,3,10,1.16,,239,N_to_S,1.16,,1.16,0.2451429163020016,2451.429163020016,0.3306886702634084,-0.10201013230652003,0.3089010008303295,1.3682320623092665,2427.859785959071,1570.298757363977,1844.402221121324,2725.5326267773626,274.10346375734684,2719.859702606667
B11_R4_C1,B11,11,4,1,LG3216,9,4,87.21,210.0,94.05,218.0,2507.1717782,2492.66372435,2507,2493,397058.81735946,4435687.13989136,40.06515759,-88.20710198,2560.9914227,2493.72226271,2561,2494,397060.75021302,4435687.10187706,40.06515748,-88.20707931,2559.77592978,2561.86964038,2560,2562,397060.70656038,4435684.65456441,40.06513543,-88.20707944,2505.95628527,2560.81110202,2506,2561,397058.77370681,4435684.6925787,40.06513554,-88.2071021,2533.47385399,2527.26668237,397059.76195992,4435685.89722788,40.06514651,-88.20709071,4.73193359,"POLYGON((2507.172 2492.664, 2560.991 2493.722, 2559.776 2561.870, 2505.956 2560.811, 2507.172 2492.664))","POLYGON((397058.817 4435687.140, 397060.750 4435687.102, 397060.707 4435684.655, 397058.774 4435684.693, 397058.817 4435687.140))",4.005108590576,0.2918836140888208,1.1690255702355064,0.7081163859111792,0.1925649642944336,0.184210404753685,0.0590650662779808,0.2708920538425445,0.2051679638647565,11,2.746492323799396,0.1117374228465274,3,0.7490433610361988,0.7047473200612557,3265,953,0.8817140746430456,29.188361408882084,10/22/2025 12:04:11 PM,4,10,1.39,,238,N_to_S,1.39,,1.39,0.29374883936188123,2937.488393618812,0.3306886702634084,-0.03880505617458763,0.3041630317075755,1.2239266995061258,2928.52250973875,1667.7242781525426,1913.5895201347182,3183.3536356009877,245.86524198217558,3168.932145532107
B11_R3_C1,B11,11,3,1,AG29XF4,9,5,87.21,200.0,94.05,208.0,2505.65241204,2577.84794643,2506,2578,397058.76279365,4435684.08075054,40.06513003,-88.20710213,2559.47205654,2578.90648479,2559,2579,397060.69564721,4435684.04273625,40.06512992,-88.20707947,2558.25656362,2647.05386245,2558,2647,397060.65199457,4435681.59542359,40.06510787,-88.20707959,2504.43691911,2645.99532409,2504,2646,397058.71914101,4435681.63343788,40.06510798,-88.20710226,2531.95448783,2612.45090444,397059.70739411,4435682.83808706,40.06511895,-88.20709086,4.73242188,"POLYGON((2505.652 2577.848, 2559.472 2578.906, 2558.257 2647.054, 2504.437 2645.995, 2505.652 2577.848))","POLYGON((397058.763 4435684.081, 397060.696 4435684.043, 397060.652 4435681.595, 397058.719 4435681.633, 397058.763 4435684.081))",4.005521879232001,0.4839733417962552,1.9385658095299276,0.5160266582037448,0.1736849248409271,0.1739128679037094,0.0631851181387901,0.2517983019351959,0.1707424657017577,4,0.9986214332617602,0.491709146970225,6,1.4979321498926403,0.4969850841002856,3151,1525,1.4619734942843825,48.39733417962552,10/22/2025 12:00:49 PM,5,10,0.795,,237,N_to_S,0.795,,0.795,0.16799009474615986,1679.9009474615987,0.3306886702634084,0.15328467153284675,0.29942506171550026,1.0796213367029848,1715.3172746374617,1928.9040500306692,2182.798000920842,1933.7948983517713,253.89395089017262,2133.1294354896822
B11_R2_C1,B11,11,2,1,LG3216,9,6,87.21,190.0,94.05,198.0,2504.13304588,2663.03216851,2504,2663,397058.70822784,4435681.02160972,40.06510247,-88.20710229,2557.95269039,2664.09070687,2558,2664,397060.64108141,4435680.98359543,40.06510236,-88.20707962,2556.73719746,2732.23808453,2557,2732,397060.59742876,4435678.53628277,40.06508031,-88.20707974,2502.91755295,2731.17954617,2503,2731,397058.6645752,4435678.57429706,40.06508042,-88.20710241,2530.43512167,2697.63512652,397059.6528283,4435679.77894624,40.06509139,-88.20709102,4.73242188,"POLYGON((2504.133 2663.032, 2557.953 2664.091, 2556.737 2732.238, 2502.918 2731.180, 2504.133 2663.032))","POLYGON((397058.708 4435681.022, 397060.641 4435680.984, 397060.597 4435678.536, 397058.665 4435678.574, 397058.708 4435681.022))",4.005521879232001,0.2131300560049782,0.853697102449882,0.7868699439950217,0.209148958325386,0.1925074458122253,0.0787144005298614,0.3181244432926178,0.2372839509739595,7,1.7475875082080805,0.1262091862012568,2,0.4993107166308801,0.7862476664592408,3214,685,0.6438174705205119,21.31300560049782,10/22/2025 12:00:18 PM,6,10,0.775,,236,N_to_S,0.775,,0.775,0.1637639288405961,1637.639288405961,0.3306886702634084,-0.11755861425843023,0.2946870917284792,0.9353159739437762,1610.4774443462602,1752.1390301811455,1913.5895201347182,1799.0897783595337,161.45048995357274,1752.454770717205
B11_R1_C1,B11,11,1,1,AG40XFF5,9,7,87.21,180.0,94.05,188.0,2502.61367972,2748.21639059,2503,2748,397058.65366204,4435677.9624689,40.0650749,-88.20710244,2556.43332423,2749.27492895,2556,2749,397060.5865156,4435677.92445461,40.0650748,-88.20707977,2555.2178313,2817.42230661,2555,2817,397060.54286296,4435675.47714195,40.06505275,-88.2070799,2501.39818679,2816.36376825,2501,2816,397058.61000939,4435675.51515624,40.06505285,-88.20710256,2528.91575551,2782.8193486,397059.5982625,4435676.71980543,40.06506383,-88.20709117,4.73242188,"POLYGON((2502.614 2748.216, 2556.433 2749.275, 2555.218 2817.422, 2501.398 2816.364, 2502.614 2748.216))","POLYGON((397058.654 4435677.962, 397060.587 4435677.924, 397060.543 4435675.477, 397058.610 4435675.515, 397058.654 4435677.962))",4.005521879232001,0.2955326460481099,1.1837624797730313,0.70446735395189,0.1244730129837989,0.1151831746101379,0.0551557131111621,0.1966289430856704,0.1377177227945888,11,2.7462089414698405,0.1109166862673819,2,0.4993107166308801,0.7007185254607935,3201,946,0.8927369710374573,29.553264604811,10/22/2025 11:59:50 AM,7,10,0.9,,235,N_to_S,0.9,,0.9,0.19017746575036965,1901.7746575036965,0.3306886702634084,-0.03515602421529851,0.28994912260572514,0.7910106115799576,1893.6518801681639,1680.69040058342,1837.8028796867611,2058.887136607038,157.11247910334123,1923.720042828439
B11_R0_C1,B11,11,0,1,LG3216,9,8,87.21,170.0,94.05,178.0,2501.09431356,2833.40061266,2501,2833,397058.59909623,4435674.90332808,40.06504734,-88.20710259,2554.91395807,2834.45915102,2555,2834,397060.5319498,4435674.86531379,40.06504723,-88.20707993,2553.69846514,2902.60652869,2554,2903,397060.48829715,4435672.41800113,40.06502518,-88.20708005,2499.87882063,2901.54799033,2500,2902,397058.55544359,4435672.45601542,40.06502529,-88.20710272,2527.39638935,2868.00357068,397059.54369669,4435673.66066461,40.06503626,-88.20709132,4.73193359,"POLYGON((2501.094 2833.401, 2554.914 2834.459, 2553.698 2902.607, 2499.879 2901.548, 2501.094 2833.401))","POLYGON((397058.599 4435674.903, 397060.532 4435674.865, 397060.488 4435672.418, 397058.555 4435672.456, 397058.599 4435674.903))",4.005108590576,0.2891271056661562,1.1579854546718968,0.7108728943338438,0.127384677529335,0.117095947265625,0.0537167824804782,0.1979726701974868,0.1421182423105426,7,1.7477678424177974,0.1739291558744327,3,0.7490433610361988,0.7062787136294028,3265,944,0.8733872890483053,28.91271056661562,10/22/2025 11:59:26 AM,8,10,1.085,,234,N_to_S,1.085,,1.085,0.22929315878247566,2292.9315878247567,0.3306886702634084,-0.04156156459725224,0.2852111526136499,0.6467052487768167,2283.3288144032695,1774.8459019671886,1913.5895201347182,2431.6752059922865,138.74361816752958,2393.392417610291
B7_R7_C1,B7,7,7,1,LD11-2170,9,9,87.21,160.0,94.05,168.0,2499.5749474,2918.58483474,2500,2919,397058.54453043,4435671.84418726,40.06501978,-88.20710275,2553.39459191,2919.6433731,2553,2920,397060.47738399,4435671.80617297,40.06501967,-88.20708008,2552.17909898,2987.79075076,2552,2988,397060.43373134,4435669.35886031,40.06499762,-88.2070802,2498.35945447,2986.7322124,2498,2987,397058.50087778,4435669.3968746,40.06499773,-88.20710287,2525.87702319,2953.18779275,397059.48913089,4435670.60152379,40.0650087,-88.20709148,4.73193359,"POLYGON((2499.575 2918.585, 2553.395 2919.643, 2552.179 2987.791, 2498.359 2986.732, 2499.575 2918.585))","POLYGON((397058.545 4435671.844, 397060.477 4435671.806, 397060.434 4435669.359, 397058.501 4435669.397, 397058.545 4435671.844))",4.005108590576,0.2886597938144329,1.1561138199600822,0.711340206185567,0.1286979019641876,0.1156249344348907,0.0548037700355052,0.2043793797492981,0.1431951314795251,6,1.4980867220723977,0.1986182521532187,2,0.4993622406907992,0.6954076850984068,3201,924,0.8719756461296094,28.865979381443296,10/22/2025 11:58:57 AM,9,10,0.645,,233,N_to_S,0.645,,0.645,0.13630791466792333,1363.0791466792332,0.3306886702634084,-0.042028876448975516,0.2804731834908959,0.5023998859736758,1353.36840114763,2051.4071545207184,1783.0921758570503,1094.764168015565,-268.31497866366817,1031.5245834099458
B7_R6_C1,B7,7,6,1,AG29XF4,9,10,87.21,150.0,94.05,158.0,2498.05558124,3003.76905682,2498,3004,397058.48996462,4435668.78504644,40.06499222,-88.2071029,2551.87522575,3004.82759518,2552,3005,397060.42281818,4435668.74703215,40.06499211,-88.20708023,2550.65973282,3072.97497284,2551,3073,397060.37916554,4435666.29971949,40.06497006,-88.20708036,2496.84008831,3071.91643448,2497,3072,397058.44631197,4435666.33773379,40.06497017,-88.20710302,2524.35765703,3038.37201483,397059.43456508,4435667.54238297,40.06498114,-88.20709163,4.73193359,"POLYGON((2498.056 3003.769, 2551.875 3004.828, 2550.660 3072.975, 2496.840 3071.916, 2498.056 3003.769))","POLYGON((397058.490 4435668.785, 397060.423 4435668.747, 397060.379 4435666.300, 397058.446 4435666.338, 397058.490 4435668.785))",4.005108590576,0.2952706907280647,1.182591179980281,0.7047293092719353,0.1883329600095749,0.1570105552673339,0.110748142004013,0.3517569005489349,0.2231753844934351,3,0.7490433610361988,0.4079842452238194,2,0.4993622406907992,0.7009956440572496,3214,949,0.8919456635386361,29.527069072806476,10/22/2025 11:58:25 AM,10,10,1.76,,232,N_to_S,1.76,,1.76,0.37194097645820934,3719.4097645820934,0.3306886702634084,-0.0354179795353437,0.27573521349882063,0.35809452321446716,3711.226462634234,2453.4979759703424,2182.798000920842,3448.709789532593,-270.6999750495006,3409.373667923019
B7_R5_C1,B7,7,5,1,LD20-4988,9,11,87.21,140.0,94.05,148.0,2496.53621508,3088.9532789,2497,3089,397058.43539881,4435665.72590562,40.06496465,-88.20710305,2550.35585959,3090.01181726,2550,3090,397060.36825238,4435665.68789133,40.06496455,-88.20708039,2549.14036666,3158.15919492,2549,3158,397060.32459973,4435663.24057867,40.0649425,-88.20708051,2495.32072215,3157.10065656,2495,3157,397058.39174617,4435663.27859297,40.0649426,-88.20710318,2522.83829087,3123.55623691,397059.37999927,4435664.48324215,40.06495358,-88.20709178,4.73242188,"POLYGON((2496.536 3088.953, 2550.356 3090.012, 2549.140 3158.159, 2495.321 3157.101, 2496.536 3088.953))","POLYGON((397058.435 4435665.726, 397060.368 4435665.688, 397060.325 4435663.241, 397058.392 4435663.279, 397058.435 4435665.726))",4.005521879232001,0.2951443986036179,1.1822073461395624,0.704855601396382,0.1157454028725624,0.1096938252449035,0.0353486500680446,0.1612901836633682,0.1237287977162529,12,2.9958642997852807,0.0999539905316523,3,0.7489660749463202,0.6950174547762615,3151,930,0.891564163727525,29.51443986036179,10/22/2025 11:57:55 AM,11,10,0.74,,231,N_to_S,0.74,,0.74,0.15636813850585948,1563.6813850585947,0.3306886702634084,-0.035544271659790516,0.27099724351179955,0.2137891604113263,1555.4689033946265,2337.978165197377,2069.8247828975273,1295.5280027587448,-268.1533822998499,1385.2060318251074
B7_R4_C1,B7,7,4,1,AG29XF4,9,12,87.21,130.0,94.05,138.0,2495.01684892,3174.13750097,2495,3174,397058.38083301,4435662.6667648,40.06493709,-88.20710321,2548.83649343,3175.19603933,2549,3175,397060.31368657,4435662.62875051,40.06493698,-88.20708054,2547.6210005,3243.343417,2548,3243,397060.27003393,4435660.18143785,40.06491493,-88.20708066,2493.80135599,3242.28487864,2494,3242,397058.33718036,4435660.21945215,40.06491504,-88.20710333,2521.31892471,3208.74045898,397059.32543347,4435661.42410133,40.06492601,-88.20709194,4.73242188,"POLYGON((2495.017 3174.138, 2548.836 3175.196, 2547.621 3243.343, 2493.801 3242.285, 2495.017 3174.138))","POLYGON((397058.381 4435662.667, 397060.314 4435662.629, 397060.270 4435660.181, 397058.337 4435660.219, 397058.381 4435662.667))",4.005521879232001,0.3206738131699846,1.2844659747491285,0.6793261868300153,0.1107311397790908,0.1056700348854065,0.0385234542191028,0.1626736670732498,0.1185143659886191,14,3.495175016416161,0.096453297775705,2,0.4993107166308801,0.6707503828483921,3265,1047,0.96868272418811,32.067381316998464,10/22/2025 11:57:30 AM,12,10,1.165,,230,N_to_S,1.165,,1.165,0.2461741639990896,2461.7416399908957,0.3306886702634084,-0.010014857093423812,0.2662592743890455,0.06948379760818545,2459.4277135435,2435.988843474511,2182.798000920842,2208.5507974372263,-253.19084255366943,2192.930883292503
B7_R3_C1,B7,7,3,1,LD20-4988,9,13,87.21,120.0,94.05,128.0,2493.49748276,3259.32172305,2493,3259,397058.3262672,4435659.60762398,40.06490953,-88.20710336,2547.31712727,3260.38026141,2547,3260,397060.25912076,4435659.56960969,40.06490942,-88.20708069,2546.10163434,3328.52763907,2546,3329,397060.21546812,4435657.12229703,40.06488737,-88.20708082,2492.28198984,3327.46910071,2492,3327,397058.28261456,4435657.16031133,40.06488748,-88.20710348,2519.79955855,3293.92468106,397059.27086766,4435658.36496051,40.06489845,-88.20709209,4.73144531,"POLYGON((2493.497 3259.322, 2547.317 3260.380, 2546.102 3328.528, 2492.282 3327.469, 2493.497 3259.322))","POLYGON((397058.326 4435659.608, 397060.259 4435659.570, 397060.215 4435657.122, 397058.283 4435657.160, 397058.326 4435659.608))",4.004695310384,0.2291988864831426,0.917871705844276,0.7708011135168574,0.0941222533583641,0.0844326913356781,0.0434325598180294,0.1459477692842483,0.1092950564856622,10,2.497068871649345,0.0955689122373604,1,0.2497068871649345,0.7683266316115064,3233,741,0.6923577561404483,22.91988864831426,10/22/2025 11:56:55 AM,13,10,0.9,,229,N_to_S,0.9,,0.9,0.19021671836676055,1902.1671836676055,0.3306886702634084,-0.10148978378026582,0.26152130439697024,-0.07482156519495542,1878.7180328071474,2328.598652516859,2069.8247828975273,1643.3933140482736,-258.7738696193319,1881.9868986252422
B7_R2_C1,B7,7,2,1,AG29XF4,9,14,87.21,110.0,94.05,118.0,2491.9781166,3344.50594513,2492,3345,397058.27170139,4435656.54848316,40.06488197,-88.20710351,2545.79776111,3345.56448349,2546,3346,397060.20455496,4435656.51046887,40.06488186,-88.20708085,2544.58226818,3413.71186115,2545,3414,397060.16090231,4435654.06315622,40.06485981,-88.20708097,2490.76262368,3412.65332279,2491,3413,397058.22804875,4435654.10117051,40.06485992,-88.20710364,2518.28019239,3379.10890314,397059.21630185,4435655.30581969,40.06487089,-88.20709224,4.73144531,"POLYGON((2491.978 3344.506, 2545.798 3345.564, 2544.582 3413.712, 2490.763 3412.653, 2491.978 3344.506))","POLYGON((397058.272 4435656.548, 397060.205 4435656.510, 397060.161 4435654.063, 397058.228 4435654.101, 397058.272 4435656.548))",4.004695310384,0.3778602350030921,1.5132151110974792,0.6221397649969078,0.2122020423412323,0.1999998092651367,0.1130632609128952,0.3714281320571899,0.2294036265798644,2,0.499413774329869,0.7880243640624458,5,1.2485344358246726,0.6103896103896104,3234,1222,1.1414299103092933,37.78602350030921,10/22/2025 11:56:30 AM,14,10,0.375,,228,N_to_S,0.375,,0.375,0.07925696598615023,792.5696598615023,0.3306886702634084,0.0471715647396837,0.256783334404895,-0.2191269279980963,803.4686202957819,2385.1833494577054,2182.798000920842,590.1843113246387,-202.3853485368636,641.9489055128079
B7_R1_C1,B7,7,1,1,LD21-7234,9,15,87.21,100.0,94.05,108.0,2490.45875044,3429.69016721,2490,3430,397058.21713559,4435653.48934234,40.0648544,-88.20710367,2544.27839495,3430.74870557,2544,3431,397060.14998915,4435653.45132805,40.0648543,-88.207081,2543.06290202,3498.89608323,2543,3499,397060.10633651,4435651.0040154,40.06483225,-88.20708112,2489.24325752,3497.83754487,2489,3498,397058.17348294,4435651.04202969,40.06483235,-88.20710379,2516.76082623,3464.29312522,397059.16173605,4435652.24667887,40.06484333,-88.20709239,4.73193359,"POLYGON((2490.459 3429.690, 2544.278 3430.749, 2543.063 3498.896, 2489.243 3497.838, 2490.459 3429.690))","POLYGON((397058.217 4435653.489, 397060.150 4435653.451, 397060.106 4435651.004, 397058.173 4435651.042, 397058.217 4435653.489))",4.005108590576,0.3996288277141973,1.600556850919948,0.6003711722858027,0.1314204186201095,0.1273883879184723,0.047957394272089,0.1935482174158096,0.1355463629844142,9,2.2471300831085967,0.1851477502034333,6,1.4980867220723977,0.5852149706155274,3233,1292,1.2071878825012945,39.962882771419736,10/22/2025 11:56:06 AM,15,10,0.78,,227,N_to_S,0.78,,0.78,0.16483747820307007,1648.3747820307008,0.3306886702634084,0.06894015745078885,0.252045365282141,-0.3634322908012372,1664.3033621517043,2105.3675316283948,1936.540424624022,1479.547675026328,-168.8271070043727,1323.3957118850285
B7_R0_C1,B7,7,0,1,AG29XF5,9,16,87.21,90.0,94.05,98.0,2488.93938429,3514.87438928,2489,3515,397058.16256978,4435650.43020152,40.06482684,-88.20710382,2542.75902879,3515.93292764,2543,3516,397060.09542335,4435650.39218723,40.06482673,-88.20708115,2541.54353586,3584.08030531,2542,3584,397060.0517707,4435647.94487458,40.06480468,-88.20708128,2487.72389136,3583.02176695,2488,3583,397058.11891714,4435647.98288887,40.06480479,-88.20710394,2515.24146007,3549.47734729,397059.10717024,4435649.18753805,40.06481576,-88.20709255,4.73144531,"POLYGON((2488.939 3514.874, 2542.759 3515.933, 2541.544 3584.080, 2487.724 3583.022, 2488.939 3514.874))","POLYGON((397058.163 4435650.430, 397060.095 4435650.392, 397060.052 4435647.945, 397058.119 4435647.983, 397058.163 4435650.430))",4.004695310384,0.376570351758794,1.5080495217180956,0.6234296482412061,0.1363832056522369,0.1331520676612854,0.0423027016222476,0.1925230473279953,0.1406950394032048,11,2.74677575881428,0.1405804511993561,4,0.998827548659738,0.6130653266331658,3184,1199,1.1375334661231602,37.6570351758794,10/22/2025 11:55:43 AM,16,10,0.735,,226,N_to_S,0.735,,0.735,0.15534365333285444,1553.4365333285443,0.3306886702634084,0.04588168149538557,0.24730739529511991,-0.5077376536043781,1564.0374670485942,2296.155286050323,2157.017367309951,1414.2986145881725,-139.1379187403718,1425.5158795367167
B3_R7_C1,B3,3,7,1,LD17-10473L,9,17,87.21,80.0,94.05,88.0,2487.42001813,3600.05861136,2487,3600,397058.10800398,4435647.3710607,40.06479928,-88.20710397,2541.23966263,3601.11714972,2541,3601,397060.04085754,4435647.33304641,40.06479917,-88.20708131,2540.02416971,3669.26452738,2540,3669,397059.99720489,4435644.88573376,40.06477712,-88.20708143,2486.2045252,3668.20598902,2486,3668,397058.06435133,4435644.92374805,40.06477723,-88.2071041,2513.72209392,3634.66156937,397059.05260443,4435646.12839723,40.0647882,-88.2070927,4.73193359,"POLYGON((2487.420 3600.059, 2541.240 3601.117, 2540.024 3669.265, 2486.205 3668.206, 2487.420 3600.059))","POLYGON((397058.108 4435647.371, 397060.041 4435647.333, 397059.997 4435644.886, 397058.064 4435644.924, 397058.108 4435647.371))",4.005108590576,0.3507951356407858,1.404972611287184,0.6492048643592142,0.1251830607652664,0.1159029006958007,0.0564146488904953,0.2022222280502319,0.1352428119322833,8,1.997448962763197,0.1813681279808207,5,1.248405601726998,0.6248830682881198,3207,1125,1.0596723950275473,35.07951356407858,10/22/2025 11:55:19 AM,17,10,1.275,,225,N_to_S,1.275,,1.275,0.2694458778319414,2694.4587783194143,0.3306886702634084,0.02010646537737737,0.24256942530304465,-0.6520430164075189,2699.104364528618,2676.4739826963064,1748.5607867229373,1766.5455823460452,-927.913195973369,1765.9045073988386
B3_R6_C1,B3,3,6,1,LG3216,9,18,87.21,70.0,94.05,78.0,2485.90065197,3685.24283344,2486,3685,397058.05343817,4435644.31191989,40.06477172,-88.20710413,2539.72029647,3686.3013718,2540,3686,397059.98629173,4435644.27390559,40.06477161,-88.20708146,2538.50480355,3754.44874946,2539,3754,397059.94263909,4435641.82659294,40.06474956,-88.20708158,2484.68515904,3753.3902111,2485,3753,397058.00978552,4435641.86460723,40.06474967,-88.20710425,2512.20272776,3719.84579145,397058.99803863,4435643.06925641,40.06476064,-88.20709285,4.73193359,"POLYGON((2485.901 3685.243, 2539.720 3686.301, 2538.505 3754.449, 2484.685 3753.390, 2485.901 3685.243))","POLYGON((397058.053 4435644.312, 397059.986 4435644.274, 397059.943 4435641.827, 397058.010 4435641.865, 397058.053 4435644.312))",4.005108590576,0.4285714285714285,1.716475110246857,0.5714285714285714,0.1386107355356216,0.1337208449840545,0.0663722082972526,0.2222219854593277,0.1416372305014554,5,1.248405601726998,0.3575128538757937,3,0.7490433610361988,0.5677179962894249,3234,1386,1.2946169031822263,42.85714285714285,10/22/2025 11:54:49 AM,18,10,1.035,,224,N_to_S,1.035,,1.035,0.21872665376945832,2187.2665376945833,0.3306886702634084,0.09788275830802007,0.23783145618029064,-0.7963483792106597,2209.8822875829856,2775.5392932669697,1913.5895201347182,1325.3167645623319,-861.9497731322515,1290.6309084540387
B3_R5_C1,B3,3,5,1,LD21-7234,9,19,87.21,60.0,94.05,68.0,2484.38128581,3770.42705552,2484,3770,397057.99887236,4435641.25277907,40.06474415,-88.20710428,2538.20093031,3771.48559388,2538,3771,397059.93172593,4435641.21476477,40.06474405,-88.20708161,2536.98543739,3839.63297154,2537,3840,397059.88807328,4435638.76745212,40.064722,-88.20708174,2483.16579288,3838.57443318,2483,3839,397057.95521972,4435638.80546641,40.0647221,-88.2071044,2510.6833616,3805.03001353,397058.94347282,4435640.01011559,40.06473308,-88.20709301,4.73193359,"POLYGON((2484.381 3770.427, 2538.201 3771.486, 2536.985 3839.633, 2483.166 3838.574, 2484.381 3770.427))","POLYGON((397057.999 4435641.253, 397059.932 4435641.215, 397059.888 4435638.767, 397057.955 4435638.805, 397057.999 4435641.253))",4.005108590576,0.2937212863705972,1.1763856472779122,0.7062787136294028,0.1268213391304016,0.1181817054748535,0.0487003326416015,0.1926453411579132,0.1378895538507722,10,2.496811203453996,0.1236850024772316,3,0.7490433610361988,0.69739663093415,3265,959,0.8872652650395391,29.372128637059724,10/22/2025 11:54:24 AM,19,10,0.555,,223,N_to_S,0.555,,0.555,0.11728820564449216,1172.8820564449215,0.3306886702634084,-0.036967383892811234,0.23309348618821538,-0.9406537420138006,1164.3407655924766,2775.16576651016,1936.540424624022,334.2567145587834,-838.6253418861381,343.05043928267287
B3_R4_C1,B3,3,4,1,LG3216,9,20,87.21,50.0,94.05,58.0,2482.86191965,3855.61127759,2483,3856,397057.94430656,4435638.19363825,40.06471659,-88.20710443,2536.68156415,3856.66981595,2537,3857,397059.87716012,4435638.15562395,40.06471648,-88.20708177,2535.46607123,3924.81719361,2535,3925,397059.83350748,4435635.7083113,40.06469443,-88.20708189,2481.64642672,3923.75865526,2482,3924,397057.90065391,4435635.74632559,40.06469454,-88.20710456,2509.16399544,3890.2142356,397058.88890702,4435636.95097477,40.06470551,-88.20709316,4.73193359,"POLYGON((2482.862 3855.611, 2536.682 3856.670, 2535.466 3924.817, 2481.646 3923.759, 2482.862 3855.611))","POLYGON((397057.944 4435638.194, 397059.877 4435638.156, 397059.834 4435635.708, 397057.901 4435635.746, 397057.944 4435638.194))",4.005108590576,0.4023742580443611,1.6115525975201146,0.5976257419556389,0.1259473711252212,0.1240104734897613,0.0360985435545444,0.1721852719783783,0.1286123590142119,5,1.248405601726998,0.3322341672381114,3,0.7490433610361988,0.5910652920962199,3201,1288,1.2154812036958191,40.237425804436114,10/22/2025 11:53:58 AM,20,10,0.8,,222,N_to_S,0.8,,0.8,0.16906408020827698,1690.6408020827698,0.3306886702634084,0.07168558778095269,0.22835551706546134,-1.0849591048169416,1707.2037121588776,2666.1409770533473,1913.5895201347182,938.0893451641407,-752.5514569186291,886.4756225177891
B3_R3_C1,B3,3,3,1,LD21-5253,9,21,87.21,40.0,94.05,48.0,2481.34255349,3940.79549967,2481,3941,397057.88974075,4435635.13449743,40.06468903,-88.20710459,2535.162198,3941.85403803,2535,3942,397059.82259431,4435635.09648314,40.06468892,-88.20708192,2533.94670507,4010.00141569,2534,4010,397059.77894167,4435632.64917048,40.06466687,-88.20708204,2480.12706056,4008.94287733,2480,4009,397057.84608811,4435632.68718477,40.06466698,-88.20710471,2507.64462928,3975.39845768,397058.83434121,4435633.89183395,40.06467795,-88.20709331,4.73144531,"POLYGON((2481.343 3940.795, 2535.162 3941.854, 2533.947 4010.001, 2480.127 4008.943, 2481.343 3940.795))","POLYGON((397057.890 4435635.134, 397059.823 4435635.096, 397059.779 4435632.649, 397057.846 4435632.687, 397057.890 4435635.134))",4.004695310384,0.3375855631611699,1.3519273216448788,0.6624144368388301,0.1153366789221763,0.1103962361812591,0.0364995673298835,0.1625709980726242,0.1210822477340697,9,2.2473619844844106,0.1554839852714591,4,0.998827548659738,0.6518357187305538,3214,1085,1.0197692781237304,33.75855631611699,10/22/2025 11:53:32 AM,21,10,1.56,,221,N_to_S,1.56,,1.56,0.32970897850238495,3297.0897850238493,0.3306886702634084,0.006896892897761464,0.22361754707844028,-1.2292644676200823,3298.6833078002715,2522.8296287665216,1822.7666814123568,2597.0268376696845,-700.0629473541649,2514.2021542285174
B3_R2_C1,B3,3,2,1,LG3216,9,22,87.21,30.0,94.05,38.0,2479.82318733,4025.97972175,2480,4026,397057.83517494,4435632.07535661,40.06466147,-88.20710474,2533.64283184,4027.03826011,2534,4027,397059.76802851,4435632.03734232,40.06466136,-88.20708207,2532.42733891,4095.18563777,2532,4095,397059.72437586,4435629.59002966,40.06463931,-88.2070822,2478.6076944,4094.12709941,2479,4094,397057.7915223,4435629.62804395,40.06463942,-88.20710486,2506.12526312,4060.58267976,397058.7797754,4435630.83269313,40.06465039,-88.20709347,4.73242188,"POLYGON((2479.823 4025.980, 2533.643 4027.038, 2532.427 4095.186, 2478.608 4094.127, 2479.823 4025.980))","POLYGON((397057.835 4435632.075, 397059.768 4435632.037, 397059.724 4435629.590, 397057.792 4435629.628, 397057.835 4435632.075))",4.005521879232001,0.3595683909869883,1.4402590571786282,0.6404316090130118,0.1000886708498001,0.0975608825683593,0.030484914779663,0.1379309892654419,0.1035801061228209,12,2.9958642997852807,0.1217719045939376,2,0.4993107166308801,0.6391621707394478,3151,1133,1.0861744059175116,35.95683909869883,10/22/2025 11:53:01 AM,22,10,0.98,,220,N_to_S,0.98,,0.98,0.2070821293726247,2070.821293726247,0.3306886702634084,0.02887972072357986,0.21887957708636502,-1.3735698304232231,2077.493935078221,2534.627239606593,1913.5895201347182,1449.7835742543723,-621.0377194718747,1377.1390774631047
B3_R1_C1,B3,3,1,1,LD22-4283,9,23,87.21,20.0,94.05,28.0,2478.30382117,4111.16394383,2478,4111,397057.78060914,4435629.01621579,40.0646339,-88.20710489,2532.12346568,4112.22248219,2532,4112,397059.7134627,4435628.9782015,40.0646338,-88.20708223,2530.90797275,4180.36985985,2531,4180,397059.66981006,4435626.53088884,40.06461175,-88.20708235,2477.08832824,4179.31132149,2477,4179,397057.73695649,4435626.56890313,40.06461185,-88.20710502,2504.60589696,4145.76690184,397058.7252096,4435627.77355232,40.06462283,-88.20709362,4.73242188,"POLYGON((2478.304 4111.164, 2532.123 4112.222, 2530.908 4180.370, 2477.088 4179.311, 2478.304 4111.164))","POLYGON((397057.781 4435629.016, 397059.713 4435628.978, 397059.670 4435626.531, 397057.737 4435626.569, 397057.781 4435629.016))",4.005521879232001,0.2900459418070444,1.161785365890568,0.7099540581929555,0.1138849258422851,0.1080401539802551,0.0354226306080818,0.1621192842721939,0.1224987664152593,9,2.2468982248389606,0.1357081419834763,1,0.24965535831544,0.7056661562021439,3265,947,0.8761628842465521,29.00459418070444,10/22/2025 11:52:34 AM,23,10,0.985,,219,N_to_S,0.985,,0.985,0.20813867084901566,2081.3867084901567,0.3306886702634084,-0.04064272845636402,0.214141607963611,-1.5178751927431098,2071.996231582478,2399.5111723124164,1842.8446556629262,1524.7201918406665,-556.6665166494902,1540.2170034892804
B3_R0_C1,B3,3,0,1,LG3216,9,24,87.21,10.0,94.05,18.0,2476.78445501,4196.3481659,2477,4196,397057.72604333,4435625.95707497,40.06460634,-88.20710505,2530.60409952,4197.40670426,2531,4197,397059.6588969,4435625.91906068,40.06460624,-88.20708238,2529.38860659,4265.55408192,2529,4266,397059.61524425,4435623.47174802,40.06458419,-88.2070825,2475.56896208,4264.49554356,2476,4264,397057.68239069,4435623.50976231,40.06458429,-88.20710517,2503.0865308,4230.95112391,397058.67064379,4435624.7144115,40.06459526,-88.20709377,4.73144531,"POLYGON((2476.784 4196.348, 2530.604 4197.407, 2529.389 4265.554, 2475.569 4264.496, 2476.784 4196.348))","POLYGON((397057.726 4435625.957, 397059.659 4435625.919, 397059.615 4435623.472, 397057.682 4435623.510, 397057.726 4435625.957))",4.004695310384,0.3161512027491409,1.2660892390217455,0.6838487972508591,0.126315027475357,0.1183878481388092,0.0464651584625244,0.1927709579467773,0.1364744489683824,7,1.7479482101545418,0.1864579510009809,2,0.499413774329869,0.682911590128085,3201,1012,0.9550209457610008,31.615120274914087,10/22/2025 11:52:10 AM,24,10,0.545,,218,N_to_S,0.545,,0.545,0.11518679056653834,1151.8679056653834,0.3306886702634084,-0.014537467514267544,0.20940363797153574,-1.6621805555462505,1148.509032918062,2377.301898459366,1913.5895201347182,688.1555273407357,-463.7123783246477,594.5474233018099
B11_R7_C0,B11,11,7,0,LG3216,10,1,80.37,240.0,87.21,248.0,2457.91023217,2236.05251976,2458,2236,397057.04820331,4435696.35532811,40.06524038,-88.20712419,2511.72987668,2237.11105812,2512,2237,397058.98105688,4435696.31731382,40.06524028,-88.20710152,2510.51438375,2305.25843578,2511,2305,397058.93740423,4435693.87000116,40.06521823,-88.20710164,2456.69473924,2304.19989742,2457,2304,397057.00455067,4435693.90801545,40.06521833,-88.20712431,2484.21230796,2270.65547777,397057.99280377,4435695.11266463,40.06522931,-88.20711291,4.73193359,"POLYGON((2457.910 2236.053, 2511.730 2237.111, 2510.514 2305.258, 2456.695 2304.200, 2457.910 2236.053))","POLYGON((397057.048 4435696.355, 397058.981 4435696.317, 397058.937 4435693.870, 397057.005 4435693.908, 397057.048 4435696.355))",4.005108590576,0.7150872817955112,2.864002215330842,0.2849127182044888,0.2487743347883224,0.2786882221698761,0.1331852227449417,0.395348310470581,0.1927650782430873,1,0.2496811203453996,2.958638119736908,1,0.2496811203453996,0.2811720698254364,3208,2294,2.160116191947235,71.50872817955111,10/22/2025 12:08:08 PM,1,11,0.64,,242,S_to_N,0.64,,0.64,0.1352512641666216,1352.5126416662158,0.3306886702634084,0.38439861153210275,0.15054653178823524,1.6586359926817622,1441.3276996614384,1359.185826962978,1913.5895201347182,1906.9163348379561,554.4036931717403,2024.8856314811567
B11_R6_C0,B11,11,6,0,AG29XF4,10,2,80.37,230.0,87.21,238.0,2456.39086601,2321.23674184,2456,2321,397056.99363751,4435693.29618729,40.06521282,-88.20712434,2510.21051052,2322.2952802,2510,2322,397058.92649107,4435693.258173,40.06521272,-88.20710167,2508.99501759,2390.44265786,2509,2390,397058.88283842,4435690.81086034,40.06519067,-88.2071018,2455.17537308,2389.3841195,2455,2389,397056.94998486,4435690.84887463,40.06519077,-88.20712446,2482.6929418,2355.83969985,397057.93823797,4435692.05352381,40.06520174,-88.20711307,4.73193359,"POLYGON((2456.391 2321.237, 2510.211 2322.295, 2508.995 2390.443, 2455.175 2389.384, 2456.391 2321.237))","POLYGON((397056.994 4435693.296, 397058.926 4435693.258, 397058.883 4435690.811, 397056.950 4435690.849, 397056.994 4435693.296))",4.005108590576,0.396937212863706,1.589776641159723,0.603062787136294,0.1472468823194503,0.1249999105930328,0.1253337413072586,0.3199996054172516,0.1630316160706912,5,1.248405601726998,0.3342977334942487,2,0.4993622406907992,0.5969372128637059,3265,1296,1.1990571256425888,39.6937212863706,10/22/2025 12:08:32 PM,2,11,0.4,,243,S_to_N,0.4,,0.4,0.08453204010413849,845.3204010413849,0.3306886702634084,0.06624854260029756,0.14580856266548123,1.5143306298786212,860.6270852400946,1757.568115163717,2182.798000920842,1270.5502867985097,425.22988575712475,1372.8488108436657
B11_R5_C0,B11,11,5,0,LG3216,10,3,80.37,220.0,87.21,228.0,2454.87149985,2406.42096392,2455,2406,397056.9390717,4435690.23704647,40.06518526,-88.20712449,2508.69114436,2407.47950228,2509,2407,397058.87192526,4435690.19903218,40.06518515,-88.20710183,2507.47565143,2475.62687994,2507,2476,397058.82827262,4435687.75171952,40.0651631,-88.20710195,2453.65600692,2474.56834158,2454,2475,397056.89541905,4435687.78973381,40.06516321,-88.20712462,2481.17357564,2441.02392193,397057.88367216,4435688.994383,40.06517418,-88.20711322,4.73242188,"POLYGON((2454.871 2406.421, 2508.691 2407.480, 2507.476 2475.627, 2453.656 2474.568, 2454.871 2406.421))","POLYGON((397056.939 4435690.237, 397058.872 4435690.199, 397058.828 4435687.752, 397056.895 4435687.790, 397056.939 4435690.237))",4.005521879232001,0.5198375507653858,2.082220683237129,0.4801624492346141,0.2522207200527191,0.2552298307418823,0.0983832329511642,0.3743837773799896,0.2433371464411417,3,0.7489660749463202,0.7153696354609437,12,2.9958642997852807,0.4501718213058419,3201,1664,1.5703111203026734,51.983755076538586,10/22/2025 12:08:57 PM,3,11,0.25,,244,S_to_N,0.25,,0.25,0.05282707381954713,528.2707381954713,0.3306886702634084,0.18914888050197742,0.14107059267340596,1.3700252675587348,571.9734683498739,1509.1408091637052,1913.5895201347182,932.7194491664843,404.44871097101304,987.8133027545741
B11_R4_C0,B11,11,4,0,AG34XF6,10,4,80.37,210.0,87.21,218.0,2453.35213369,2491.60518599,2453,2492,397056.88450589,4435687.17790565,40.0651577,-88.20712465,2507.1717782,2492.66372435,2507,2493,397058.81735946,4435687.13989136,40.06515759,-88.20710198,2505.95628527,2560.81110202,2506,2561,397058.77370681,4435684.6925787,40.06513554,-88.2071021,2452.13664076,2559.75256366,2452,2560,397056.84085325,4435684.73059299,40.06513565,-88.20712477,2479.65420948,2526.20814401,397057.82910635,4435685.93524218,40.06514662,-88.20711337,4.73144531,"POLYGON((2453.352 2491.605, 2507.172 2492.664, 2505.956 2560.811, 2452.137 2559.753, 2453.352 2491.605))","POLYGON((397056.885 4435687.178, 397058.817 4435687.140, 397058.774 4435684.693, 397056.841 4435684.731, 397056.885 4435687.178))",4.004695310384,0.3837672281776416,1.536870818962068,0.6162327718223584,0.2236744463443756,0.2153843343257904,0.1054889112710952,0.3613439500331878,0.2346024991951735,6,1.4982413229896072,0.2693383873895921,3,0.7491206614948036,0.6107197549770291,3265,1253,1.1592735944677188,38.37672281776416,10/22/2025 12:09:22 PM,4,11,0.72,,245,S_to_N,0.72,,0.72,0.15217337469340844,1521.7337469340844,0.3306886702634084,0.05307855791423316,0.13633262268638488,1.225719904755594,1533.9975144348723,1601.775375133331,1932.096114966995,1852.0544867677484,330.320739833664,1872.4669087326772
B11_R3_C0,B11,11,3,0,LG3216,10,5,80.37,200.0,87.21,208.0,2451.83276753,2576.78940807,2452,2577,397056.82994009,4435684.11876483,40.06513013,-88.2071248,2505.65241204,2577.84794643,2506,2578,397058.76279365,4435684.08075054,40.06513003,-88.20710213,2504.43691911,2645.99532409,2504,2646,397058.71914101,4435681.63343788,40.06510798,-88.20710226,2450.6172746,2644.93678573,2451,2645,397056.78628744,4435681.67145217,40.06510808,-88.20712492,2478.13484332,2611.39236608,397057.77454055,4435682.87610136,40.06511906,-88.20711353,4.73242188,"POLYGON((2451.833 2576.789, 2505.652 2577.848, 2504.437 2645.995, 2450.617 2644.937, 2451.833 2576.789))","POLYGON((397056.830 4435684.119, 397058.763 4435684.081, 397058.719 4435681.633, 397056.786 4435681.671, 397056.830 4435684.119))",4.005521879232001,0.4087591240875912,1.637293614868555,0.5912408759124088,0.2095781117677688,0.2026429176330566,0.0910083726048469,0.3266327679157257,0.214958388782015,6,1.4979321498926403,0.2768618060317594,3,0.7489660749463202,0.5823548079974611,3151,1288,1.2347684332054325,40.87591240875913,10/22/2025 12:09:43 PM,5,11,0.13,,246,S_to_N,0.13,,0.13,0.027470078386164505,274.70078386164505,0.3306886702634084,0.07807045382418276,0.13159465356363087,1.081414541952453,292.73891323071814,1613.695214756426,1913.5895201347182,574.5950892399374,299.8943053782923,588.9811588016805
B11_R2_C0,B11,11,2,0,AG38XF6,10,6,80.37,190.0,87.21,198.0,2450.31340137,2661.97363015,2450,2662,397056.77537428,4435681.05962401,40.06510257,-88.20712495,2504.13304588,2663.03216851,2504,2663,397058.70822784,4435681.02160972,40.06510247,-88.20710229,2502.91755295,2731.17954617,2503,2731,397058.6645752,4435678.57429706,40.06508042,-88.20710241,2449.09790844,2730.12100781,2449,2730,397056.73172164,4435678.61231135,40.06508052,-88.20712508,2476.61547716,2696.57658816,397057.71997474,4435679.81696054,40.06509149,-88.20711368,4.73242188,"POLYGON((2450.313 2661.974, 2504.133 2663.032, 2502.918 2731.180, 2449.098 2730.121, 2450.313 2661.974))","POLYGON((397056.775 4435681.060, 397058.708 4435681.022, 397058.665 4435678.574, 397056.732 4435678.612, 397056.775 4435681.060))",4.005521879232001,0.4729309271935283,1.894335176239154,0.5270690728064718,0.1953348368406295,0.1952189207077026,0.0873882696032524,0.3025733530521393,0.1924427198265112,4,0.9986214332617602,0.4900969858326177,6,1.4979321498926403,0.515556938394524,3214,1520,1.4286168688922307,47.29309271935283,10/22/2025 12:10:16 PM,6,11,1.11,,247,S_to_N,1.11,,1.11,0.23455220775878924,2345.5220775878925,0.3306886702634084,0.14224225693011988,0.1268566835715556,0.9371091791493122,2378.3870617985986,1686.6902948583343,1971.6988714756033,2630.530654205161,285.008576617269,2488.1913871259694
B11_R1_C0,B11,11,1,0,LG3216,10,7,80.37,180.0,87.21,188.0,2448.79403521,2747.15785223,2449,2747,397056.72080847,4435678.00048319,40.06507501,-88.20712511,2502.61367972,2748.21639059,2503,2748,397058.65366204,4435677.9624689,40.0650749,-88.20710244,2501.39818679,2816.36376825,2501,2816,397058.61000939,4435675.51515624,40.06505285,-88.20710256,2447.57854228,2815.30522989,2448,2815,397056.67715583,4435675.55317054,40.06505296,-88.20712523,2475.096111,2781.76081024,397057.66540893,4435676.75781972,40.06506393,-88.20711383,4.73144531,"POLYGON((2448.794 2747.158, 2502.614 2748.216, 2501.398 2816.364, 2447.579 2815.305, 2448.794 2747.158))","POLYGON((397056.721 4435678.000, 397058.654 4435677.962, 397058.610 4435675.515, 397056.677 4435675.553, 397056.721 4435678.000))",4.004695310384,0.2861605748203686,1.14598591199992,0.7138394251796314,0.1448697745800018,0.1295545101165771,0.0863737314939498,0.2535711824893951,0.1641321483780356,8,1.997655097319476,0.1476739602048282,3,0.7491206614948036,0.7091533895657607,3201,916,0.8644260734358465,28.61605748203686,10/22/2025 12:10:44 PM,7,11,1.225,,248,S_to_N,1.225,,1.225,0.25890608888809075,2589.0608888809074,0.3306886702634084,-0.04452809544303982,0.12211871357948034,0.7928038163461714,2578.772700368915,1694.958487402473,1913.5895201347182,2807.6919216131528,218.6310327322451,2778.593750415417
B11_R0_C0,B11,11,0,0,AG35XF5,10,8,80.37,170.0,87.21,178.0,2447.27466905,2832.3420743,2447,2832,397056.66624267,4435674.94134237,40.06504745,-88.20712526,2501.09431356,2833.40061266,2501,2833,397058.59909623,4435674.90332808,40.06504734,-88.20710259,2499.87882063,2901.54799033,2500,2902,397058.55544359,4435672.45601542,40.06502529,-88.20710272,2446.05917613,2900.48945197,2446,2900,397056.62259002,4435672.49402972,40.0650254,-88.20712538,2473.57674484,2866.94503232,397057.61084313,4435673.6986789,40.06503637,-88.20711399,4.73193359,"POLYGON((2447.275 2832.342, 2501.094 2833.401, 2499.879 2901.548, 2446.059 2900.489, 2447.275 2832.342))","POLYGON((397056.666 4435674.941, 397058.599 4435674.903, 397058.555 4435672.456, 397056.623 4435672.494, 397056.666 4435674.941))",4.005108590576,0.3733537519142419,1.495322319115511,0.626646248085758,0.1163932234048843,0.1038574874401092,0.0770319402217865,0.216383084654808,0.1271315989915062,7,1.7477678424177974,0.2245970773420905,5,1.248405601726998,0.6042879019908116,3265,1219,1.1278168488875893,37.3353751914242,10/22/2025 12:11:14 PM,8,11,0.93,,249,S_to_N,0.93,,0.93,0.196536993242122,1965.36993242122,0.3306886702634084,0.04266508165083349,0.11738074445672632,0.6484984535430305,1975.2276727655117,1659.5450927089996,1881.5858952900314,2187.410735002252,222.0408025810318,2140.7049814901698
B7_R7_C0,B7,7,7,0,AG29XF4,10,9,80.37,160.0,87.21,168.0,2445.75530289,2917.52629638,2446,2918,397056.61167686,4435671.88220155,40.06501988,-88.20712541,2499.5749474,2918.58483474,2500,2919,397058.54453043,4435671.84418726,40.06501978,-88.20710275,2498.35945447,2986.7322124,2498,2987,397058.50087778,4435669.3968746,40.06499773,-88.20710287,2444.53980997,2985.67367404,2445,2986,397056.56802422,4435669.4348889,40.06499783,-88.20712554,2472.05737868,2952.12925439,397057.55627732,4435670.63953808,40.06500881,-88.20711414,4.73193359,"POLYGON((2445.755 2917.526, 2499.575 2918.585, 2498.359 2986.732, 2444.540 2985.674, 2445.755 2917.526))","POLYGON((397056.612 4435671.882, 397058.545 4435671.844, 397058.501 4435669.397, 397056.568 4435669.435, 397056.612 4435671.882))",4.005108590576,0.3492658544204935,1.3988476739343851,0.6507341455795064,0.172602578997612,0.1623614579439163,0.0930756852030754,0.2911388278007507,0.1872671120307024,7,1.7477678424177974,0.2059881316394235,4,0.9987244813815984,0.6451109028428617,3201,1118,1.0550527839533586,34.92658544204936,10/22/2025 12:11:43 PM,9,11,0.965,,250,S_to_N,0.965,,0.965,0.2039335467512341,2039.335467512341,0.3306886702634084,0.01857718415708509,0.11264277446970525,0.5041930907838219,2043.6277142551771,2373.1206101597077,2182.798000920842,1849.012858273475,-190.32260923886588,1893.3677930073454
B7_R6_C0,B7,7,6,0,LD20-5738,10,10,80.37,150.0,87.21,158.0,2444.23593673,3002.71051846,2444,3003,397056.55711106,4435668.82306073,40.06499232,-88.20712557,2498.05558124,3003.76905682,2498,3004,397058.48996462,4435668.78504644,40.06499222,-88.2071029,2496.84008831,3071.91643448,2497,3072,397058.44631197,4435666.33773379,40.06497017,-88.20710302,2443.02044381,3070.85789612,2443,3071,397056.51345841,4435666.37574808,40.06497027,-88.20712569,2470.53801252,3037.31347647,397057.50171152,4435667.58039726,40.06498124,-88.20711429,4.73193359,"POLYGON((2444.236 3002.711, 2498.056 3003.769, 2496.840 3071.916, 2443.020 3070.858, 2444.236 3002.711))","POLYGON((397056.557 4435668.823, 397058.490 4435668.785, 397058.446 4435666.338, 397056.513 4435666.376, 397056.557 4435668.823))",4.005108590576,0.2505359877488514,1.0034238367813684,0.7494640122511486,0.1763402670621872,0.1607628464698791,0.1147909983992576,0.3291135132312774,0.2084620386572443,10,2.496811203453996,0.1054998248450213,1,0.2496811203453996,0.7488514548238897,3265,818,0.7568122907219426,25.053598774885145,10/22/2025 12:12:13 PM,10,11,0.865,,251,S_to_N,0.865,,0.865,0.1828005367251995,1828.005367251995,0.3306886702634084,-0.08015268251455704,0.10790480534695124,0.359887727980681,1809.4861402505508,1867.170166770912,1650.2763496553252,1611.1115501364084,-216.89381711558667,1687.9528740624523
B7_R5_C0,B7,7,5,0,AG29XF5,10,11,80.37,140.0,87.21,148.0,2442.71657057,3087.89474054,2443,3088,397056.50254525,4435665.76391991,40.06496476,-88.20712572,2496.53621508,3088.9532789,2497,3089,397058.43539881,4435665.72590562,40.06496465,-88.20710305,2495.32072215,3157.10065656,2495,3157,397058.39174617,4435663.27859297,40.0649426,-88.20710318,2441.50107765,3156.0421182,2442,3156,397056.4588926,4435663.31660726,40.06494271,-88.20712584,2469.01864636,3122.49769855,397057.44714571,4435664.52125644,40.06495368,-88.20711445,4.73144531,"POLYGON((2442.717 3087.895, 2496.536 3088.953, 2495.321 3157.101, 2441.501 3156.042, 2442.717 3087.895))","POLYGON((397056.503 4435665.764, 397058.435 4435665.726, 397058.392 4435663.279, 397056.459 4435663.317, 397056.503 4435665.764))",4.004695310384,0.2938749603300539,1.176879675473051,0.7061250396699461,0.121997557580471,0.1134968698024749,0.0647941678762435,0.2067036628723144,0.136918093176449,14,3.495896420309084,0.0853063550528202,2,0.499413774329869,0.6981910504601714,3151,926,0.8877294791523528,29.387496033005394,10/22/2025 12:12:44 PM,11,11,1.495,,252,S_to_N,1.495,,1.495,0.31597110439811893,3159.7110439811895,0.3306886702634084,-0.03681370993335453,0.10316683535487597,0.21558236517754015,3151.205259400651,2361.1692634100323,2157.017367309951,2955.5591478811084,-204.1518961000811,2935.784531488155
B7_R4_C0,B7,7,4,0,LD20-4542,10,12,80.37,130.0,87.21,138.0,2441.19720442,3173.07896261,2441,3173,397056.44797944,4435662.70477909,40.0649372,-88.20712587,2495.01684892,3174.13750097,2495,3174,397058.38083301,4435662.6667648,40.06493709,-88.20710321,2493.80135599,3242.28487864,2494,3242,397058.33718036,4435660.21945215,40.06491504,-88.20710333,2439.98171149,3241.22634028,2440,3241,397056.4043268,4435660.25746644,40.06491515,-88.207126,2467.49928021,3207.68192062,397057.3925799,4435661.46211562,40.06492612,-88.2071146,4.73242188,"POLYGON((2441.197 3173.079, 2495.017 3174.138, 2493.801 3242.285, 2439.982 3241.226, 2441.197 3173.079))","POLYGON((397056.448 4435662.705, 397058.381 4435662.667, 397058.337 4435660.219, 397056.404 4435660.257, 397056.448 4435662.705))",4.005521879232001,0.3571209800918836,1.4304558992908156,0.6428790199081165,0.1230919808149337,0.1170211732387542,0.0591898076236248,0.1948049813508987,0.130292689963883,12,2.9958642997852807,0.1253186590966737,2,0.4993107166308801,0.6425727411944869,3265,1166,1.0787813337185637,35.71209800918836,10/22/2025 12:13:08 PM,12,11,1.075,,253,S_to_N,1.075,,1.075,0.22715641742405263,2271.5641742405264,0.3306886702634084,0.026432309828475165,0.09842886536280071,0.07127700237439927,2277.671342840868,2072.2868587132198,1891.96460682895,2091.2419223562565,-180.3222518842697,2062.5979247211126
B7_R3_C0,B7,7,3,0,AG29XF5,10,13,80.37,120.0,87.21,128.0,2439.67783826,3258.26318469,2440,3258,397056.39341364,4435659.64563827,40.06490963,-88.20712603,2493.49748276,3259.32172305,2493,3259,397058.3262672,4435659.60762398,40.06490953,-88.20710336,2492.28198984,3327.46910071,2492,3327,397058.28261456,4435657.16031133,40.06488748,-88.20710348,2438.46234533,3326.41056235,2438,3326,397056.34976099,4435657.19832562,40.06488758,-88.20712615,2465.97991405,3292.8661427,397057.3380141,4435658.4029748,40.06489856,-88.20711475,4.73193359,"POLYGON((2439.678 3258.263, 2493.497 3259.322, 2492.282 3327.469, 2438.462 3326.411, 2439.678 3258.263))","POLYGON((397056.393 4435659.646, 397058.326 4435659.608, 397058.283 4435657.160, 397056.350 4435657.198, 397056.393 4435659.646))",4.005108590576,0.3402061855670103,1.3625627163815257,0.6597938144329897,0.1612750887870788,0.145454466342926,0.0993680506944656,0.2769227027893066,0.1766743727758818,9,2.2471300831085967,0.1560571981203861,5,1.248405601726998,0.6494845360824743,3201,1089,1.0276855829384683,34.02061855670103,10/22/2025 12:13:45 PM,13,11,1.11,,254,S_to_N,1.11,,1.11,0.23457641128898432,2345.764112889843,0.3306886702634084,0.009517515303601898,0.0936908962400467,-0.0730283604287416,2347.9631288287683,2325.542868671918,2157.017367309951,2177.2386115278764,-168.5255013619667,2181.434542044892
B7_R2_C0,B7,7,2,0,LD22-4283,10,14,80.37,110.0,87.21,118.0,2438.1584721,3343.44740677,2438,3343,397056.33884783,4435656.58649745,40.06488207,-88.20712618,2491.9781166,3344.50594513,2492,3345,397058.27170139,4435656.54848316,40.06488197,-88.20710351,2490.76262368,3412.65332279,2491,3413,397058.22804875,4435654.10117051,40.06485992,-88.20710364,2436.94297917,3411.59478443,2437,3412,397056.29519519,4435654.1391848,40.06486002,-88.2071263,2464.46054789,3378.05036478,397057.28344829,4435655.34383398,40.06487099,-88.20711491,4.73193359,"POLYGON((2438.158 3343.447, 2491.978 3344.506, 2490.763 3412.653, 2436.943 3411.595, 2438.158 3343.447))","POLYGON((397056.339 4435656.586, 397058.272 4435656.548, 397058.228 4435654.101, 397056.295 4435654.139, 397056.339 4435656.586))",4.005108590576,0.4655436447166922,1.864552850742885,0.5344563552833078,0.1748107075691223,0.1661440432071685,0.1317134648561477,0.3521709740161896,0.1787902548733879,3,0.7490433610361988,0.6534626477768236,4,0.9987244813815984,0.527718223583461,3265,1520,1.406301567111678,46.55436447166922,10/22/2025 12:14:27 PM,14,11,1.52,,255,S_to_N,1.52,,1.52,0.32122175239572626,3212.2175239572625,0.3306886702634084,0.13485497445328376,0.08895292625302563,-0.21733372323188246,3243.3756811870066,1960.2178998213917,1842.8446556629262,3094.8442797987973,-117.37324415846547,2753.0158279237503
B7_R1_C0,B7,7,1,0,AG29XF4,10,15,80.37,100.0,87.21,108.0,2436.63910594,3428.63162885,2437,3429,397056.28428202,4435653.52735664,40.06485451,-88.20712633,2490.45875044,3429.69016721,2490,3430,397058.21713559,4435653.48934234,40.0648544,-88.20710367,2489.24325752,3497.83754487,2489,3498,397058.17348294,4435651.04202969,40.06483235,-88.20710379,2435.42361301,3496.77900651,2435,3497,397056.24062938,4435651.08004398,40.06483246,-88.20712646,2462.94118173,3463.23458686,397057.22888248,4435652.28469316,40.06484343,-88.20711506,4.73144531,"POLYGON((2436.639 3428.632, 2490.459 3429.690, 2489.243 3497.838, 2435.424 3496.779, 2436.639 3428.632))","POLYGON((397056.284 4435653.527, 397058.217 4435653.489, 397058.173 4435651.042, 397056.241 4435651.080, 397056.284 4435653.527))",4.004695310384,0.3814432989690721,1.5275641905588453,0.6185567010309279,0.2019822001457214,0.1977184414863586,0.0788162723183631,0.2999995946884155,0.2050374638800527,4,0.998827548659738,0.3936897498037014,5,1.2485344358246726,0.5991877538269291,3201,1221,1.1522535323855554,38.144329896907216,10/22/2025 12:14:58 PM,15,11,1.405,,256,S_to_N,1.405,,1.405,0.29694943256144285,2969.4943256144284,0.3306886702634084,0.05075462870566366,0.08421495626095037,-0.3616390860350233,2981.221150729776,2290.9212488389953,2182.798000920842,2861.371077696275,-108.12324791815354,2917.166666373679
B7_R0_C0,B7,7,0,0,LD20-4471,10,16,80.37,90.0,87.21,98.0,2435.11973978,3513.81585092,2435,3514,397056.22971622,4435650.46821582,40.06482695,-88.20712649,2488.93938429,3514.87438928,2489,3515,397058.16256978,4435650.43020152,40.06482684,-88.20710382,2487.72389136,3583.02176695,2488,3583,397058.11891714,4435647.98288887,40.06480479,-88.20710394,2433.90424685,3581.96322859,2434,3582,397056.18606357,4435648.02090316,40.0648049,-88.20712661,2461.42181557,3548.41880893,397057.17431668,4435649.22555234,40.06481587,-88.20711521,4.73144531,"POLYGON((2435.120 3513.816, 2488.939 3514.874, 2487.724 3583.022, 2433.904 3581.963, 2435.120 3513.816))","POLYGON((397056.230 4435650.468, 397058.163 4435650.430, 397058.119 4435647.983, 397056.186 4435648.021, 397056.230 4435650.468))",4.004695310384,0.4337274424393279,1.736946254721623,0.5662725575606721,0.1489399224519729,0.1415927112102508,0.1050127670168876,0.2837004065513611,0.153735527192845,3,0.7491206614948036,0.5992940335532185,5,1.2485344358246726,0.5581829495955196,3214,1394,1.3101920494972168,43.37274424393279,10/22/2025 12:15:25 PM,16,11,0.88,,257,S_to_N,0.88,,0.88,0.18598968018083253,1859.8968018083253,0.3306886702634084,0.1030387721759195,0.07947698713819634,-0.5059444488381641,1883.7038454656526,1830.7554565287342,1769.881967652431,1799.0233129320222,-60.8734888763031,1659.6681967233342
B3_R7_C0,B3,3,7,0,LG3216,10,17,80.37,80.0,87.21,88.0,2433.60037362,3599.000073,2434,3599,397056.17515041,4435647.409075,40.06479938,-88.20712664,2487.42001813,3600.05861136,2487,3600,397058.10800398,4435647.3710607,40.06479928,-88.20710397,2486.2045252,3668.20598902,2486,3668,397058.06435133,4435644.92374805,40.06477723,-88.2071041,2432.38488069,3667.14745066,2432,3667,397056.13149777,4435644.96176234,40.06477733,-88.20712676,2459.90244941,3633.60303101,397057.11975087,4435646.16641152,40.06478831,-88.20711537,4.73193359,"POLYGON((2433.600 3599.000, 2487.420 3600.059, 2486.205 3668.206, 2432.385 3667.147, 2433.600 3599.000))","POLYGON((397056.175 4435647.409, 397058.108 4435647.371, 397058.064 4435644.924, 397056.131 4435644.962, 397056.175 4435647.409))",4.005108590576,0.3357664233576642,1.3447809866167588,0.6642335766423357,0.1631329357624054,0.1526313871145248,0.0862975046038627,0.2838979363441467,0.1780970489277559,8,1.997448962763197,0.1705666483588518,4,0.9987244813815984,0.6597905426848619,3151,1058,1.0142740701330335,33.57664233576642,10/22/2025 12:15:53 PM,17,11,1.58,,258,S_to_N,1.58,,1.58,0.33390155841134705,3339.0155841134706,0.3306886702634084,0.005077753094255788,0.07473901714612108,-0.650249811641305,3340.1887957797517,2779.764064597566,1913.5895201347182,2472.8410396506224,-866.174544462848,2423.5810646556793
B3_R6_C0,B3,3,6,0,LD19-10244,10,18,80.37,70.0,87.21,78.0,2432.08100746,3684.18429508,2432,3684,397056.12058461,4435644.34993418,40.06477182,-88.20712679,2485.90065197,3685.24283344,2486,3685,397058.05343817,4435644.31191989,40.06477172,-88.20710413,2484.68515904,3753.3902111,2485,3753,397058.00978552,4435641.86460723,40.06474967,-88.20710425,2430.86551453,3752.33167274,2431,3752,397056.07693196,4435641.90262152,40.06474977,-88.20712692,2458.38308325,3718.78725309,397057.06518506,4435643.1072707,40.06476074,-88.20711552,4.73193359,"POLYGON((2432.081 3684.184, 2485.901 3685.243, 2484.685 3753.390, 2430.866 3752.332, 2432.081 3684.184))","POLYGON((397056.121 4435644.350, 397058.053 4435644.312, 397058.010 4435641.865, 397056.077 4435641.903, 397056.121 4435644.350))",4.005108590576,0.3742725880551302,1.4990023576367142,0.6257274119448698,0.120356485247612,0.1111109554767608,0.0787007957696914,0.2249651700258255,0.1307573232183269,9,2.2471300831085967,0.1751165253472101,2,0.4993622406907992,0.6232771822358346,3265,1222,1.130592444085836,37.42725880551302,10/22/2025 12:16:34 PM,18,11,1.67,,259,S_to_N,1.67,,1.67,0.3529212674347782,3529.212674347782,0.3306886702634084,0.04358391779172177,0.07000104715910001,-0.7945551744444459,3539.282711205882,3167.0742382645985,2357.942484666332,2720.0809207495154,-809.1317535982666,2540.001717257458
B3_R5_C0,B3,3,5,0,LG3216,10,19,80.37,60.0,87.21,68.0,2430.5616413,3769.36851716,2431,3769,397056.0660188,4435641.29079336,40.06474426,-88.20712695,2484.38128581,3770.42705552,2484,3770,397057.99887236,4435641.25277907,40.06474415,-88.20710428,2483.16579288,3838.57443318,2483,3839,397057.95521972,4435638.80546641,40.0647221,-88.2071044,2429.34614837,3837.51589482,2429,3838,397056.02236615,4435638.8434807,40.06472221,-88.20712707,2456.86371709,3803.97147517,397057.01061926,4435640.04812988,40.06473318,-88.20711567,4.73144531,"POLYGON((2430.562 3769.369, 2484.381 3770.427, 2483.166 3838.574, 2429.346 3837.516, 2430.562 3769.369))","POLYGON((397056.066 4435641.291, 397057.999 4435641.253, 397057.955 4435638.805, 397056.022 4435638.843, 397056.066 4435641.291))",4.004695310384,0.4042486722899094,1.6188927621483586,0.5957513277100905,0.1833026707172393,0.1718748211860656,0.0954127013683319,0.3106792569160461,0.1925258269496992,3,0.7491206614948036,0.5563030698836906,4,0.998827548659738,0.5951265229615745,3201,1294,1.2211433832161414,40.42486722899094,10/22/2025 12:17:10 PM,19,11,1.635,,260,S_to_N,1.635,,1.635,0.345560371699615,3455.60371699615,0.3306886702634084,0.07356000202650098,0.065263078036346,-0.9388605372475868,3472.59970930755,2661.1611404636615,1913.5895201347182,2708.032096667207,-747.5716203289433,2666.456503781478
B3_R4_C0,B3,3,4,0,LD20-5738,10,20,80.37,50.0,87.21,58.0,2429.04227514,3854.55273923,2429,3855,397056.01145299,4435638.23165254,40.0647167,-88.2071271,2482.86191965,3855.61127759,2483,3856,397057.94430656,4435638.19363825,40.06471659,-88.20710443,2481.64642672,3923.75865526,2482,3924,397057.90065391,4435635.74632559,40.06469454,-88.20710456,2427.82678221,3922.7001169,2428,3923,397055.96780035,4435635.78433988,40.06469465,-88.20712722,2455.34435093,3889.15569724,397056.95605345,4435636.98898907,40.06470562,-88.20711583,4.73144531,"POLYGON((2429.042 3854.553, 2482.862 3855.611, 2481.646 3923.759, 2427.827 3922.700, 2429.042 3854.553))","POLYGON((397056.011 4435638.232, 397057.944 4435638.194, 397057.901 4435635.746, 397055.968 4435635.784, 397056.011 4435638.232))",4.004695310384,0.2992343032159265,1.1983422107948447,0.7007656967840735,0.1632878184318542,0.1508618891239166,0.0734830424189567,0.2654025256633758,0.1811640623597536,7,1.7479482101545418,0.1800093064505517,1,0.2497068871649345,0.69739663093415,3265,977,0.9039188362290196,29.923430321592647,10/22/2025 12:17:42 PM,20,11,1.405,,261,S_to_N,1.405,,1.405,0.29694943256144285,2969.4943256144284,0.3306886702634084,-0.031454367047481946,0.060525108044270734,-1.0831658995674733,2962.2268138448344,2360.9890837214007,1650.2763496553252,2258.781591548353,-710.7127340660754,2217.929245267047
B3_R3_C0,B3,3,3,0,LG3216,10,21,80.37,40.0,87.21,48.0,2427.52290898,3939.73696131,2428,3940,397055.95688719,4435635.17251172,40.06468914,-88.20712725,2481.34255349,3940.79549967,2481,3941,397057.88974075,4435635.13449743,40.06468903,-88.20710459,2480.12706056,4008.94287733,2480,4009,397057.84608811,4435632.68718477,40.06466698,-88.20710471,2426.30741605,4007.88433897,2426,4008,397055.91323454,4435632.72519906,40.06466709,-88.20712738,2453.82498477,3974.33991932,397056.90148765,4435633.92984825,40.06467806,-88.20711598,4.73193359,"POLYGON((2427.523 3939.737, 2481.343 3940.795, 2480.127 4008.943, 2426.307 4007.884, 2427.523 3939.737))","POLYGON((397055.957 4435635.173, 397057.890 4435635.134, 397057.846 4435632.687, 397055.913 4435632.725, 397055.957 4435635.173))",4.005108590576,0.3847607052896725,1.541008406071748,0.6152392947103275,0.1921625435352325,0.1885886192321777,0.0775022059679031,0.2916279435157776,0.1974517749805076,5,1.248405601726998,0.3152097456249783,2,0.4993622406907992,0.6098866498740554,3176,1222,1.1622746630794252,38.476070528967256,10/22/2025 12:18:16 PM,21,11,1.385,,262,S_to_N,1.385,,1.385,0.2926921888605795,2926.921888605795,0.3306886702634084,0.054072035026264065,0.05578713892151672,-1.227471262370614,2939.415198369939,2536.9308299957015,1913.5895201347182,2303.5805787448116,-623.3413098609833,2246.9844804190134
B3_R2_C0,B3,3,2,0,LD20-4542,10,22,80.37,30.0,87.21,38.0,2426.00354282,4024.92118339,2426,4025,397055.90232138,4435632.1133709,40.06466157,-88.20712741,2479.82318733,4025.97972175,2480,4026,397057.83517494,4435632.07535661,40.06466147,-88.20710474,2478.6076944,4094.12709941,2479,4094,397057.7915223,4435629.62804395,40.06463942,-88.20710486,2424.78804989,4093.06856105,2425,4093,397055.85866874,4435629.66605825,40.06463952,-88.20712753,2452.30561861,4059.5241414,397056.84692184,4435630.87070743,40.06465049,-88.20711613,4.73242188,"POLYGON((2426.004 4024.921, 2479.823 4025.980, 2478.608 4094.127, 2424.788 4093.069, 2426.004 4024.921))","POLYGON((397055.902 4435632.113, 397057.835 4435632.075, 397057.792 4435629.628, 397055.859 4435629.666, 397055.902 4435632.113))",4.005521879232001,0.3736776602364655,1.4967740438573844,0.6263223397635345,0.1817355155944824,0.1748648583889007,0.0810654982924461,0.2895924150943756,0.1887012184086967,6,1.4979321498926403,0.2581607368355148,1,0.24965535831544,0.6263223397635346,3214,1201,1.128795302328664,37.36776602364655,10/22/2025 12:18:48 PM,22,11,1.64,,263,S_to_N,1.64,,1.64,0.3465456042562291,3465.456042562291,0.3306886702634084,0.04298898997305706,0.05104916892944145,-1.3717766251737549,3475.388621721189,2443.7678318834933,1891.96460682895,2913.6528175077474,-551.8032250545432,2787.5240787218263
B3_R1_C0,B3,3,1,0,LG3216,10,23,80.37,20.0,87.21,28.0,2424.48417666,4110.10540547,2424,4110,397055.84775557,4435629.05423008,40.06463401,-88.20712756,2478.30382117,4111.16394383,2478,4111,397057.78060914,4435629.01621579,40.0646339,-88.20710489,2477.08832824,4179.31132149,2477,4179,397057.73695649,4435626.56890313,40.06461185,-88.20710502,2423.26868374,4178.25278313,2423,4178,397055.80410293,4435626.60691743,40.06461196,-88.20712768,2450.78625245,4144.70836348,397056.79235603,4435627.81156661,40.06462293,-88.20711629,4.73144531,"POLYGON((2424.484 4110.105, 2478.304 4111.164, 2477.088 4179.311, 2423.269 4178.253, 2424.484 4110.105))","POLYGON((397055.848 4435629.054, 397057.781 4435629.016, 397057.737 4435626.569, 397055.804 4435626.607, 397055.848 4435629.054))",4.004695310384,0.3303433343643674,1.322924401945596,0.6696566656356325,0.1891074925661087,0.1766782999038696,0.0953376367688179,0.318453699350357,0.2077338762610567,4,0.998827548659738,0.3443576189929182,3,0.7491206614948036,0.6628518403959172,3233,1068,0.9978921505506056,33.03433343643675,10/22/2025 12:19:34 PM,23,11,1.525,,264,S_to_N,1.525,,1.525,0.3223116616770109,3223.116616770109,0.3306886702634084,-0.0003453358990410105,0.04631119894242038,-1.5160819879768959,3223.036827127324,2394.8180861406936,1913.5895201347182,2741.8880507641334,-481.2285660059754,2661.392836241509
B3_R0_C0,B3,3,0,0,LD21-5944,10,24,80.37,10.0,87.21,18.0,2422.9648105,4195.28962754,2423,4195,397055.79318977,4435625.99508926,40.06460645,-88.20712771,2476.78445501,4196.3481659,2477,4196,397057.72604333,4435625.95707497,40.06460634,-88.20710505,2475.56896208,4264.49554356,2476,4264,397057.68239069,4435623.50976231,40.06458429,-88.20710517,2421.74931758,4263.4370052,2422,4263,397055.74953712,4435623.54777661,40.0645844,-88.20712784,2449.26688629,4229.89258555,397056.73779023,4435624.75242579,40.06459537,-88.20711644,4.73193359,"POLYGON((2422.965 4195.290, 2476.784 4196.348, 2475.569 4264.496, 2421.749 4263.437, 2422.965 4195.290))","POLYGON((397055.793 4435625.995, 397057.726 4435625.957, 397057.682 4435623.510, 397055.750 4435623.548, 397055.793 4435625.995))",4.005108590576,0.4356833642547928,1.7449591849479231,0.5643166357452072,0.223513126373291,0.2144091129302978,0.1127206087112426,0.3717801868915558,0.2310940977007736,3,0.7490433610361988,0.6057426781036477,3,0.7490433610361988,0.5531849103277675,3234,1409,1.3161004448656255,43.56833642547928,10/22/2025 12:20:09 PM,24,11,1.465,,265,S_to_N,1.465,,1.465,0.30959859688140723,3095.9859688140723,0.3306886702634084,0.10499469399138439,0.041573229819666366,-1.6603873507800366,3120.244926979577,2174.2611824963988,1804.4466042862205,2726.171390603894,-369.8145782101783,2551.1571952509917
B10_R7_C4,B10,10,7,4,LD20-11748,11,1,72.29,240.0,79.13,248.0,2394.33381,2234.80208264,2394,2235,397054.76494939,4435696.40023388,40.06524051,-88.20715096,2448.15345451,2235.860621,2448,2236,397056.69780296,4435696.36221959,40.0652404,-88.2071283,2446.93796158,2304.00799866,2447,2304,397056.65415031,4435693.91490693,40.06521835,-88.20712842,2393.11831707,2302.9494603,2393,2303,397054.72129675,4435693.95292122,40.06521846,-88.20715108,2420.63588579,2269.40504065,397055.70954985,4435695.15757041,40.06522943,-88.20713969,4.73242188,"POLYGON((2394.334 2234.802, 2448.153 2235.861, 2446.938 2304.008, 2393.118 2302.949, 2394.334 2234.802))","POLYGON((397054.765 4435696.400, 397056.698 4435696.362, 397056.654 4435693.915, 397054.721 4435693.953, 397054.765 4435696.400))",4.005521879232001,0.3674548848786559,1.4718485810121325,0.6325451151213441,0.2697853446006775,0.2645180821418762,0.0816361382603645,0.376577079296112,0.2775146577685486,10,2.496553583154401,0.1523169842811372,4,0.9986214332617602,0.619477286869944,3214,1181,1.109997711948503,36.74548848786559,10/22/2025 2:01:06 PM,1,12,0.77,,289,N_to_S,0.77,,0.77,0.16270738736420515,1627.0738736420515,0.3306886702634084,0.03676621461524748,-0.04770927260429411,1.6607542818482914,1635.5686844591432,1640.493309374794,1740.4285764822844,1727.0091407495418,99.93526710749029,1734.5712140050287
B10_R6_C4,B10,10,6,4,AG38XF6,11,2,72.29,230.0,79.13,238.0,2392.81444384,2319.98630471,2393,2320,397054.71038359,4435693.34109306,40.06521295,-88.20715112,2446.63408835,2321.04484307,2447,2321,397056.64323715,4435693.30307877,40.06521284,-88.20712845,2445.41859542,2389.19222073,2445,2389,397056.59958451,4435690.85576611,40.06519079,-88.20712857,2391.59895092,2388.13368237,2392,2388,397054.66673094,4435690.8937804,40.0651909,-88.20715124,2419.11651963,2354.58926272,397055.65498405,4435692.09842959,40.06520187,-88.20713984,4.73242188,"POLYGON((2392.814 2319.986, 2446.634 2321.045, 2445.419 2389.192, 2391.599 2388.134, 2392.814 2319.986))","POLYGON((397054.710 4435693.341, 397056.643 4435693.303, 397056.600 4435690.856, 397054.667 4435690.894, 397054.710 4435693.341))",4.005521879232001,0.4214535068232307,1.6881412426595042,0.5785464931767692,0.2371445745229721,0.2336445897817611,0.077077105641365,0.3351644277572632,0.2410171873429242,6,1.4979321498926403,0.2854599987656651,5,1.2482767915772004,0.561409076483656,3151,1328,1.273115278957154,42.14535068232308,10/22/2025 2:00:43 PM,2,12,0.635,,288,N_to_S,0.635,,0.635,0.1341807675016497,1341.8076750164971,0.3306886702634084,0.09076483655982226,-0.05244724172704813,1.5164489190890829,1362.778833551273,1914.772300475924,1971.6988714756033,1398.7342460161763,56.92657099967914,1348.4091762457717
B10_R5_C4,B10,10,5,4,LD07-3395bf,11,3,72.29,220.0,79.13,228.0,2391.29507768,2405.17052679,2391,2405,397054.65581778,4435690.28195224,40.06518539,-88.20715127,2445.11472219,2406.22906515,2445,2406,397056.58867135,4435690.24393795,40.06518528,-88.2071286,2443.89922926,2474.37644281,2444,2474,397056.5450187,4435687.79662529,40.06516323,-88.20712873,2390.07958476,2473.31790445,2390,2473,397054.61216514,4435687.83463958,40.06516334,-88.20715139,2417.59715347,2439.7734848,397055.60041824,4435689.03928877,40.06517431,-88.20714,4.73144531,"POLYGON((2391.295 2405.171, 2445.115 2406.229, 2443.899 2474.376, 2390.080 2473.318, 2391.295 2405.171))","POLYGON((397054.656 4435690.282, 397056.589 4435690.244, 397056.545 4435687.797, 397054.612 4435687.835, 397054.656 4435690.282))",4.004695310384,0.4073506891271056,1.6313153944290106,0.5926493108728943,0.2740199565887451,0.271999716758728,0.079007402062416,0.3684205412864685,0.2752184492139254,5,1.2485344358246726,0.3430678900828324,6,1.4982413229896072,0.582542113323124,3265,1330,1.2305138712227184,40.73506891271057,10/22/2025 2:00:18 PM,3,12,0.225,,287,N_to_S,0.225,,0.225,0.047554179591690136,475.5417959169014,0.3306886702634084,0.07666201886369717,-0.05718521171912339,1.3721435562859419,493.2545072721074,1983.2832855360632,1987.9545781255385,480.2130885063767,4.6712925894753425,920.5170008365786
B10_R4_C4,B10,10,4,4,AG34XF6,11,4,72.29,210.0,79.13,218.0,2389.77571152,2490.35474887,2390,2490,397054.60125198,4435687.22281142,40.06515782,-88.20715142,2443.59535603,2491.41328723,2444,2491,397056.53410554,4435687.18479713,40.06515772,-88.20712876,2442.3798631,2559.56066489,2442,2560,397056.49045289,4435684.73748447,40.06513567,-88.20712888,2388.5602186,2558.50212653,2389,2559,397054.55759933,4435684.77549877,40.06513577,-88.20715154,2416.07778731,2524.95770688,397055.54585244,4435685.98014795,40.06514674,-88.20714015,4.73242188,"POLYGON((2389.776 2490.355, 2443.595 2491.413, 2442.380 2559.561, 2388.560 2558.502, 2389.776 2490.355))","POLYGON((397054.601 4435687.223, 397056.534 4435687.185, 397056.490 4435684.737, 397054.558 4435684.775, 397054.601 4435687.223))",4.005521879232001,0.4383005310840362,1.7556223669361128,0.5616994689159638,0.2151098251342773,0.2105261087417602,0.117783710360527,0.3670882284641266,0.2187631256440106,7,1.7475875082080805,0.2584985229786325,3,0.7489660749463202,0.5532646048109966,3201,1403,1.3240063111686602,43.83005310840362,10/22/2025 1:59:58 PM,4,12,0.9,,286,N_to_S,0.9,,0.9,0.19017746575036965,1901.7746575036965,0.3306886702634084,0.10761186082062779,-0.06192318084187741,1.227838193482801,1926.6383104228998,1962.7824997801472,1932.096114966995,1871.0882726905443,-30.686384813152245,1933.8966766579395
B10_R3_C4,B10,10,3,4,LD21-5944,11,5,72.29,200.0,79.13,208.0,2388.25634536,2575.53897095,2388,2576,397054.54668617,4435684.1636706,40.06513026,-88.20715158,2442.07598987,2576.59750931,2442,2577,397056.47953973,4435684.12565631,40.06513015,-88.20712891,2440.86049694,2644.74488697,2441,2645,397056.43588709,4435681.67834365,40.0651081,-88.20712903,2387.04085244,2643.68634861,2387,2644,397054.50303352,4435681.71635795,40.06510821,-88.2071517,2414.55842115,2610.14192896,397055.49128663,4435682.92100713,40.06511918,-88.2071403,4.73144531,"POLYGON((2388.256 2575.539, 2442.076 2576.598, 2440.860 2644.745, 2387.041 2643.686, 2388.256 2575.539))","POLYGON((397054.547 4435684.164, 397056.480 4435684.126, 397056.436 4435681.678, 397054.503 4435681.716, 397054.547 4435684.164))",4.004695310384,0.3966309341500765,1.5883860419440368,0.6033690658499234,0.1319918781518936,0.1259639263153076,0.0687284022569656,0.2213016301393509,0.1382348392009735,7,1.7479482101545418,0.2385998483658796,7,1.7479482101545418,0.5935681470137826,3265,1295,1.1981319272431732,39.66309341500766,10/22/2025 1:59:31 PM,5,12,0.595,,285,N_to_S,0.595,,0.595,0.12575438603135836,1257.5438603135835,0.3306886702634084,0.06594226388666807,-0.06666115083395267,1.0835328306796603,1272.7797790076904,1880.78112967565,1804.4466042862205,1181.209334924154,-76.33452538942947,1140.1530987885512
B10_R2_C4,B10,10,2,4,AG34XF6,11,6,72.29,190.0,79.13,198.0,2386.73697921,2660.72319302,2387,2661,397054.49212036,4435681.10452978,40.0651027,-88.20715173,2440.55662371,2661.78173138,2441,2662,397056.42497393,4435681.06651549,40.06510259,-88.20712906,2439.34113078,2729.92910904,2439,2730,397056.38132128,4435678.61920283,40.06508054,-88.20712918,2385.52148628,2728.87057068,2386,2729,397054.44846772,4435678.65721713,40.06508065,-88.20715185,2413.039055,2695.32615103,397055.43672082,4435679.86186631,40.06509162,-88.20714046,4.73193359,"POLYGON((2386.737 2660.723, 2440.557 2661.782, 2439.341 2729.929, 2385.521 2728.871, 2386.737 2660.723))","POLYGON((397054.492 4435681.105, 397056.425 4435681.067, 397056.381 4435678.619, 397054.448 4435678.657, 397054.492 4435681.105))",4.005108590576,0.2827241487035301,1.132340916735795,0.7172758512964699,0.0976228788495063,0.0886426270008087,0.0571212545037269,0.1715975403785705,0.112258311697081,9,2.2471300831085967,0.1296894070697424,2,0.4993622406907992,0.7132146204311153,3201,905,0.8540454109819227,28.27241487035301,10/22/2025 1:59:04 PM,6,12,1.045,,284,N_to_S,1.045,,1.045,0.22083995477206178,2208.3995477206176,0.3306886702634084,-0.04796452155987835,-0.07139912082097374,0.9392274678765193,2197.31737511059,2064.280925572449,1932.096114966995,2076.214737115163,-132.18481060545423,2067.26499690553
B10_R1_C4,B10,10,1,4,LD21-5665,11,7,72.29,180.0,79.13,188.0,2385.21761305,2745.9074151,2385,2746,397054.43755456,4435678.04538896,40.06507514,-88.20715188,2439.03725755,2746.96595346,2439,2747,397056.37040812,4435678.00737467,40.06507503,-88.20712922,2437.82176463,2815.11333112,2438,2815,397056.32675548,4435675.56006202,40.06505298,-88.20712934,2384.00212012,2814.05479276,2384,2814,397054.39390191,4435675.59807631,40.06505309,-88.207152,2411.51968884,2780.51037311,397055.38215502,4435676.80272549,40.06506406,-88.20714061,4.73144531,"POLYGON((2385.218 2745.907, 2439.037 2746.966, 2437.822 2815.113, 2384.002 2814.055, 2385.218 2745.907))","POLYGON((397054.438 4435678.045, 397056.370 4435678.007, 397056.327 4435675.560, 397054.394 4435675.598, 397054.438 4435678.045))",4.004695310384,0.3522090852520224,1.4104900719834126,0.6477909147479777,0.1089101359248161,0.1016008704900741,0.0633122697472572,0.1917228996753692,0.1181895713104919,10,2.497068871649345,0.1459973126217166,5,1.2485344358246726,0.6418792781580585,3214,1132,1.0639436155171085,35.22090852520224,10/22/2025 1:58:37 PM,7,12,1.27,,283,N_to_S,1.27,,1.27,0.26841692480642876,2684.169248064288,0.3306886702634084,0.021520414988613956,-0.07613708994372775,0.7949221050733785,2689.1415264439547,2283.0027353378396,2143.828394071608,2544.994906798056,-139.17434126623175,2490.7614808115804
B10_R0_C4,B10,10,0,4,AG35XF5,11,8,72.29,170.0,79.13,178.0,2383.69824689,2831.09163718,2384,2831,397054.38298875,4435674.98624814,40.06504757,-88.20715203,2437.51789139,2832.15017554,2438,2832,397056.31584231,4435674.94823385,40.06504747,-88.20712937,2436.30239847,2900.2975532,2436,2900,397056.27218967,4435672.5009212,40.06502542,-88.20712949,2382.48275396,2899.23901484,2382,2899,397054.33933611,4435672.53893549,40.06502552,-88.20715216,2410.00032268,2865.69459519,397055.32758921,4435673.74358467,40.06503649,-88.20714076,4.73193359,"POLYGON((2383.698 2831.092, 2437.518 2832.150, 2436.302 2900.298, 2382.483 2899.239, 2383.698 2831.092))","POLYGON((397054.383 4435674.986, 397056.316 4435674.948, 397056.272 4435672.501, 397054.339 4435672.539, 397054.383 4435674.986))",4.005108590576,0.3083411433926898,1.2349397622300882,0.6916588566073102,0.0788154155015945,0.0648147761821746,0.0595472455024719,0.160583809018135,0.0924683697667776,11,2.746492323799396,0.11572385765952,2,0.4993622406907992,0.6860356138706654,3201,987,0.931428531092992,30.834114339268982,10/22/2025 1:58:09 PM,8,12,1.09,,282,N_to_S,1.09,,1.09,0.2303498092837774,2303.498092837774,0.3306886702634084,-0.022347526870718615,-0.08087505993580302,0.6506167422702376,2298.3347107767363,2047.4516660283718,1881.5858952900314,2137.6323220994336,-165.86577073834042,2148.202503618106
B6_R7_C4,B6,6,7,4,LG3216,11,9,72.29,160.0,79.13,168.0,2382.17888073,2916.27585925,2382,2916,397054.32842294,4435671.92710732,40.06502001,-88.20715219,2435.99852523,2917.33439761,2436,2917,397056.26127651,4435671.88909303,40.0650199,-88.20712952,2434.78303231,2985.48177528,2435,2985,397056.21762386,4435669.44178038,40.06499785,-88.20712964,2380.9633878,2984.42323692,2381,2984,397054.2847703,4435669.47979467,40.06499796,-88.20715231,2408.48095652,2950.87881727,397055.2730234,4435670.68444385,40.06500893,-88.20714092,4.73144531,"POLYGON((2382.179 2916.276, 2435.999 2917.334, 2434.783 2985.482, 2380.963 2984.423, 2382.179 2916.276))","POLYGON((397054.328 4435671.927, 397056.261 4435671.889, 397056.218 4435669.442, 397054.285 4435669.480, 397054.328 4435671.927))",4.004695310384,0.316385911179173,1.2670291747708031,0.683614088820827,0.0990234389901161,0.0896225273609161,0.0578239187598228,0.1785711944103241,0.1112128852114957,9,2.2473619844844106,0.1480322182354076,1,0.2497068871649345,0.6796324655436448,3265,1033,0.9557299465962916,31.638591117917304,10/22/2025 1:57:41 PM,9,12,1.24,,281,N_to_S,1.24,,1.24,0.26207636752753677,2620.763675275368,0.3306886702634084,-0.01430275908423545,-0.08561302992787828,0.5063113794670968,2617.4590317635325,2403.7187858992083,1913.5895201347182,2130.634409510878,-490.1292657644901,2135.3467789337064
B6_R6_C4,B6,6,6,4,AG34XF6,11,10,72.29,150.0,79.13,158.0,2380.65951457,3001.46008133,2381,3001,397054.27385714,4435668.8679665,40.06499245,-88.20715234,2434.47915907,3002.51861969,2434,3003,397056.2067107,4435668.82995221,40.06499234,-88.20712968,2433.26366615,3070.66599735,2433,3071,397056.16305806,4435666.38263956,40.06497029,-88.2071298,2379.44402164,3069.60745899,2379,3070,397054.23020449,4435666.42065385,40.0649704,-88.20715246,2406.96159036,3036.06303934,397055.2184576,4435667.62530303,40.06498137,-88.20714107,4.73193359,"POLYGON((2380.660 3001.460, 2434.479 3002.519, 2433.264 3070.666, 2379.444 3069.607, 2380.660 3001.460))","POLYGON((397054.274 4435668.868, 397056.207 4435668.830, 397056.163 4435666.383, 397054.230 4435666.421, 397054.274 4435668.868))",4.005108590576,0.3801936894720399,1.5227170117872513,0.6198063105279601,0.1506020873785019,0.1392403841018676,0.0827279090881347,0.2511845529079437,0.1589407013911827,3,0.7490433610361988,0.5232000278581542,6,1.4980867220723977,0.6110590440487348,3201,1217,1.1484787460386738,38.01936894720399,10/22/2025 1:57:12 PM,10,12,1.05,,280,N_to_S,1.05,,1.05,0.22189660527336355,2218.9660527336355,0.3306886702634084,0.049505019208631484,-0.0903509990506323,0.36200601666395593,2230.404156358789,2411.061977928809,1932.096114966995,1740.0001897718214,-478.9658629618141,1762.049702356104
B6_R5_C4,B6,6,5,4,LG3216,11,11,72.29,140.0,79.13,148.0,2379.14014841,3086.64430341,2379,3087,397054.21929133,4435665.80882569,40.06496489,-88.20715249,2432.95979292,3087.70284177,2433,3088,397056.1521449,4435665.77081139,40.06496478,-88.20712983,2431.74429999,3155.85021943,2432,3156,397056.10849225,4435663.32349874,40.06494273,-88.20712995,2377.92465548,3154.79168107,2378,3155,397054.17563869,4435663.36151303,40.06494284,-88.20715262,2405.4422242,3121.24726142,397055.16389179,4435664.56616221,40.06495381,-88.20714122,4.73193359,"POLYGON((2379.140 3086.644, 2432.960 3087.703, 2431.744 3155.850, 2377.925 3154.792, 2379.140 3086.644))","POLYGON((397054.219 4435665.809, 397056.152 4435665.771, 397056.108 4435663.323, 397054.176 4435663.362, 397054.219 4435665.809))",4.005108590576,0.2869831546707503,1.1493986981224231,0.7130168453292496,0.0913696661591529,0.0817307233810424,0.0609276629984378,0.1699998378753662,0.1056585867264691,13,3.245854564490195,0.0929596914423406,2,0.4993622406907992,0.710260336906585,3265,937,0.8669109002523963,28.69831546707504,10/22/2025 1:56:46 PM,11,12,1.29,,279,N_to_S,1.29,,1.29,0.27261582933584666,2726.1582933584664,0.3306886702634084,-0.04370551559265812,-0.09508896903765338,0.21770065386081505,2716.060161404759,2411.1827503880877,1913.5895201347182,2228.5650631050967,-497.5932302533695,2214.593196963133
B6_R4_C4,B6,6,4,4,AG38XF6,11,12,72.29,130.0,79.13,138.0,2377.62078225,3171.82852549,2378,3172,397054.16472553,4435662.74968487,40.06493732,-88.20715265,2431.44042676,3172.88706385,2431,3173,397056.09757909,4435662.71167057,40.06493722,-88.20712998,2430.22493383,3241.03444151,2430,3241,397056.05392644,4435660.26435792,40.06491517,-88.2071301,2376.40528932,3239.97590315,2376,3240,397054.12107288,4435660.30237221,40.06491527,-88.20715277,2403.92285804,3206.4314835,397055.10932599,4435661.50702139,40.06492624,-88.20714138,4.73242188,"POLYGON((2377.621 3171.829, 2431.440 3172.887, 2430.225 3241.034, 2376.405 3239.976, 2377.621 3171.829))","POLYGON((397054.165 4435662.750, 397056.098 4435662.712, 397056.054 4435660.264, 397054.121 4435660.302, 397054.165 4435662.750))",4.005521879232001,0.3075214217708664,1.2317837832357377,0.6924785782291336,0.1157372593879699,0.1079544723033905,0.0649835765361785,0.1999998092651367,0.1288361727022657,8,1.9972428665235205,0.1562184142341469,2,0.4993107166308801,0.6896223421136147,3151,969,0.9289523383354534,30.75214217708664,10/22/2025 1:56:17 PM,12,12,1.14,,278,N_to_S,1.14,,1.14,0.24089145661713487,2408.9145661713487,0.3306886702634084,-0.023167248492542036,-0.09982693816040739,0.07339529105767417,2403.561787943941,2455.149667459956,1971.6988714756033,1925.4637701869958,-483.4507959843529,1938.7281018979675
B6_R3_C4,B6,6,3,4,LG3216,11,13,72.29,120.0,79.13,128.0,2376.10141609,3257.01274756,2376,3257,397054.11015972,4435659.69054405,40.06490976,-88.2071528,2429.9210606,3258.07128592,2430,3258,397056.04301328,4435659.65252975,40.06490965,-88.20713014,2428.70556767,3326.21866359,2429,3326,397055.99936064,4435657.2052171,40.0648876,-88.20713026,2374.88592316,3325.16012523,2375,3325,397054.06650707,4435657.24323139,40.06488771,-88.20715292,2402.40349188,3291.61570558,397055.05476018,4435658.44788057,40.06489868,-88.20714153,4.73242188,"POLYGON((2376.101 3257.013, 2429.921 3258.071, 2428.706 3326.219, 2374.886 3325.160, 2376.101 3257.013))","POLYGON((397054.110 4435659.691, 397056.043 4435659.653, 397055.999 4435657.205, 397054.067 4435657.243, 397054.110 4435659.691))",4.005521879232001,0.4327940261356565,1.7335659408872786,0.5672059738643436,0.1198478788137435,0.1158977597951889,0.0675532817840576,0.2109789997339248,0.1240437119895336,5,1.2482767915772004,0.3588025827858795,6,1.4979321498926403,0.5510267579340385,3214,1391,1.3073724109401923,43.27940261356565,10/22/2025 1:55:50 PM,13,12,1.115,,277,N_to_S,1.115,,1.115,0.23560874923518016,2356.0874923518018,0.3306886702634084,0.10210535587224806,-0.10456490815248265,-0.0709100717454667,2379.678870757858,2352.210866317781,1913.5895201347182,1917.466146168739,-438.62134618306277,1930.7099263007483
B6_R2_C4,B6,6,2,4,AG40XFF5,11,14,72.29,110.0,79.13,118.0,2374.58204993,3342.19696964,2375,3342,397054.05559391,4435656.63140323,40.0648822,-88.20715295,2428.40169444,3343.255508,2428,3343,397055.98844748,4435656.59338894,40.06488209,-88.20713029,2427.18620151,3411.40288566,2427,3411,397055.94479483,4435654.14607628,40.06486004,-88.20713041,2373.366557,3410.3443473,2373,3410,397054.01194127,4435654.18409057,40.06486015,-88.20715308,2400.88412572,3376.79992765,397055.00019437,4435655.38873975,40.06487112,-88.20714168,4.73144531,"POLYGON((2374.582 3342.197, 2428.402 3343.256, 2427.186 3411.403, 2373.367 3410.344, 2374.582 3342.197))","POLYGON((397054.056 4435656.631, 397055.988 4435656.593, 397055.945 4435654.146, 397054.012 4435654.184, 397054.056 4435656.631))",4.004695310384,0.2021243361449547,0.8094463810741793,0.7978756638550453,0.16171495616436,0.1460673809051513,0.0937739759683609,0.293577641248703,0.2022898942232132,7,1.7479482101545418,0.1192078006893622,1,0.2497068871649345,0.795688847235239,3201,647,0.6105716916080707,20.21243361449547,10/22/2025 1:55:24 PM,14,12,1.73,,276,N_to_S,1.73,,1.73,0.365638803082773,3656.3880308277303,0.3306886702634084,-0.12856433411845372,-0.10930287814455791,-0.21521543454860756,3626.6833221001493,2307.346807395304,1837.8028796867611,3186.8441031191874,-469.5439277085429,2753.3908978002546
B6_R1_C4,B6,6,1,4,LG3216,11,15,72.29,100.0,79.13,108.0,2373.06268377,3427.38119172,2373,3427,397054.00102811,4435653.57226241,40.06485464,-88.20715311,2426.88232828,3428.43973008,2427,3428,397055.93388167,4435653.53424812,40.06485453,-88.20713044,2425.66683535,3496.58710774,2426,3497,397055.89022903,4435651.08693546,40.06483248,-88.20713056,2371.84719084,3495.52856938,2372,3496,397053.95737546,4435651.12494975,40.06483259,-88.20715323,2399.36475956,3461.98414973,397054.94562857,4435652.32959893,40.06484356,-88.20714184,4.73193359,"POLYGON((2373.063 3427.381, 2426.882 3428.440, 2425.667 3496.587, 2371.847 3495.529, 2373.063 3427.381))","POLYGON((397054.001 4435653.572, 397055.934 4435653.534, 397055.890 4435651.087, 397053.957 4435651.125, 397054.001 4435653.572))",4.005108590576,0.2551301684532925,1.0218240293873837,0.7448698315467075,0.1271155923604965,0.1160949170589447,0.0744870230555534,0.2224309891462326,0.1471675913240393,8,1.997448962763197,0.1342930227626876,5,1.248405601726998,0.7341500765696785,3265,833,0.7706902667131763,25.51301684532925,10/22/2025 1:54:55 PM,15,12,1.68,,275,N_to_S,1.68,,1.68,0.3550345684373816,3550.3456843738163,0.3306886702634084,-0.07555850181011592,-0.11404084726731194,-0.3595207973517484,3532.8879399414145,2342.024765689206,1913.5895201347182,3121.910438819328,-428.4352455544879,3078.2754463598158
B6_R0_C4,B6,6,0,4,AG40XFF5,11,16,72.29,90.0,79.13,98.0,2371.54331761,3512.5654138,2372,3513,397053.9464623,4435650.51312159,40.06482707,-88.20715326,2425.36296212,3513.62395216,2425,3514,397055.87931586,4435650.4751073,40.06482697,-88.2071306,2424.14746919,3581.77132982,2424,3582,397055.83566322,4435648.02779464,40.06480492,-88.20713072,2370.32782468,3580.71279146,2370,3581,397053.90280966,4435648.06580893,40.06480502,-88.20715338,2397.8453934,3547.16837181,397054.89106276,4435649.27045811,40.06481599,-88.20714199,4.73242188,"POLYGON((2371.543 3512.565, 2425.363 3513.624, 2424.147 3581.771, 2370.328 3580.713, 2371.543 3512.565))","POLYGON((397053.946 4435650.513, 397055.879 4435650.475, 397055.836 4435648.028, 397053.903 4435648.066, 397053.946 4435650.513))",4.005521879232001,0.4395501405810684,1.7606277051169712,0.5604498594189316,0.1089367121458053,0.1052631139755249,0.0737980976700782,0.1999997943639755,0.1116533721194547,7,1.7475875082080805,0.259235510927253,6,1.4979321498926403,0.5360824742268041,3201,1407,1.3277810975155415,43.95501405810684,10/22/2025 1:54:28 PM,16,12,1.245,,274,N_to_S,1.245,,1.245,0.2630788276213447,2630.7882762134473,0.3306886702634084,0.10886147031765997,-0.118778817254333,-0.5038261601548892,2655.940650622845,2188.2780759129487,1837.8028796867611,2280.3130799872597,-350.47519622618756,2602.3803508464653
B2_R7_C4,B2,2,7,4,AG29XF4,11,17,72.29,80.0,79.13,88.0,2370.02395145,3597.74963587,2370,3598,397053.89189649,4435647.45398077,40.06479951,-88.20715341,2423.84359596,3598.80817423,2424,3599,397055.82475006,4435647.41596648,40.0647994,-88.20713075,2422.62810303,3666.9555519,2423,3667,397055.78109741,4435644.96865382,40.06477735,-88.20713087,2368.80845853,3665.89701354,2369,3666,397053.84824385,4435645.00666811,40.06477746,-88.20715354,2396.32602724,3632.35259389,397054.83649695,4435646.2113173,40.06478843,-88.20714214,4.73193359,"POLYGON((2370.024 3597.750, 2423.844 3598.808, 2422.628 3666.956, 2368.808 3665.897, 2370.024 3597.750))","POLYGON((397053.892 4435647.454, 397055.825 4435647.416, 397055.781 4435644.969, 397053.848 4435645.007, 397053.892 4435647.454))",4.005108590576,0.3170731707317073,1.2699124799387316,0.6829268292682926,0.1375146508216858,0.126984030008316,0.0714433267712593,0.2339620739221573,0.1510397939682005,9,2.2471300831085967,0.1471723989620171,5,1.248405601726998,0.6755171349181847,3239,1027,0.957806001541322,31.70731707317073,10/22/2025 1:54:03 PM,17,12,1.395,,273,N_to_S,1.395,,1.395,0.294805489863183,2948.05489863183,0.3306886702634084,-0.013615499531701103,-0.12351678724640826,-0.6481315224747758,2944.9090460083717,2689.323519563048,2182.798000920842,2441.5293799896235,-506.5255186422064,2423.326364433308
B2_R6_C4,B2,2,6,4,LD21-7234,11,18,72.29,70.0,79.13,78.0,2368.50458529,3682.93385795,2369,3683,397053.83733069,4435644.39483995,40.06477195,-88.20715357,2422.3242298,3683.99239631,2422,3684,397055.77018425,4435644.35682566,40.06477184,-88.2071309,2421.10873687,3752.13977397,2421,3752,397055.72653161,4435641.909513,40.06474979,-88.20713102,2367.28909237,3751.08123561,2367,3751,397053.79367804,4435641.94752729,40.0647499,-88.20715369,2394.80666108,3717.53681596,397054.78193115,4435643.15217648,40.06476087,-88.2071423,4.73144531,"POLYGON((2368.505 3682.934, 2422.324 3683.992, 2421.109 3752.140, 2367.289 3751.081, 2368.505 3682.934))","POLYGON((397053.837 4435644.395, 397055.770 4435644.357, 397055.727 4435641.910, 397053.794 4435641.948, 397053.837 4435644.395))",4.004695310384,0.3258956631049654,1.305112833710939,0.6741043368950346,0.1205455437302589,0.1106988042593002,0.0701687335968017,0.2161889523267746,0.1349093599272709,7,1.7479482101545418,0.1910641256798588,3,0.7491206614948036,0.6665619107479572,3182,1037,0.9844567463020932,32.589566310496544,10/22/2025 1:53:37 PM,18,12,1.385,,272,N_to_S,1.385,,1.385,0.29272239437551484,2927.2239437551484,0.3306886702634084,-0.004793007158442997,-0.12825475636916228,-0.7924368852779167,2926.1165224586666,2392.7011567859286,1936.540424624022,2471.063211593242,-456.1607321619065,2475.988772445105
B2_R5_C4,B2,2,5,4,AG29XF4,11,19,72.29,60.0,79.13,68.0,2366.98521913,3768.11808003,2367,3768,397053.78276488,4435641.33569913,40.06474439,-88.20715372,2420.80486364,3769.17661839,2421,3769,397055.71561845,4435641.29768484,40.06474428,-88.20713106,2419.58937071,3837.32399605,2420,3837,397055.6719658,4435638.85037218,40.06472223,-88.20713118,2365.76972621,3836.26545769,2366,3836,397053.73911224,4435638.88838647,40.06472234,-88.20715384,2393.28729492,3802.72103804,397054.72736534,4435640.09303566,40.06473331,-88.20714245,4.73193359,"POLYGON((2366.985 3768.118, 2420.805 3769.177, 2419.589 3837.324, 2365.770 3836.265, 2366.985 3768.118))","POLYGON((397053.783 4435641.336, 397055.716 4435641.298, 397055.672 4435638.850, 397053.739 4435638.888, 397053.783 4435641.336))",4.005108590576,0.3373531230674088,1.3511358912549214,0.6626468769325913,0.1139349266886711,0.104321077466011,0.0694454461336135,0.2039510458707809,0.1250474311463973,7,1.7477678424177974,0.2010134629862353,4,0.9987244813815984,0.6583178726035869,3234,1091,1.0190671294168896,33.73531230674088,10/22/2025 1:53:05 PM,19,12,1.275,,271,N_to_S,1.275,,1.275,0.2694458778319414,2694.4587783194143,0.3306886702634084,0.006664452804000354,-0.13299272636123755,-0.9367422480810574,2695.9985959580226,2581.496926361978,2182.798000920842,2295.7598528782783,-398.698925441136,2295.162047584458
B2_R4_C4,B2,2,4,4,LD20-4542,11,20,72.29,50.0,79.13,58.0,2365.46585297,3853.30230211,2365,3853,397053.72819908,4435638.27655831,40.06471682,-88.20715387,2419.28549748,3854.36084047,2419,3854,397055.66105264,4435638.23854402,40.06471672,-88.20713121,2418.07000455,3922.50821813,2418,3923,397055.61739999,4435635.79123136,40.06469467,-88.20713133,2364.25036005,3921.44967977,2364,3921,397053.68454643,4435635.82924566,40.06469477,-88.207154,2391.76792876,3887.90526012,397054.67279954,4435637.03389484,40.06470574,-88.2071426,4.73193359,"POLYGON((2365.466 3853.302, 2419.285 3854.361, 2418.070 3922.508, 2364.250 3921.450, 2365.466 3853.302))","POLYGON((397053.728 4435638.277, 397055.661 4435638.239, 397055.617 4435635.791, 397053.685 4435635.829, 397053.728 4435638.277))",4.005108590576,0.3223012681719765,1.290851577909122,0.6776987318280234,0.1311580389738083,0.1192659735679626,0.0858996585011482,0.248236134648323,0.1485010162101073,9,2.2471300831085967,0.1493219471454934,6,1.4980867220723977,0.6619239096814105,3233,1042,0.9735988959491864,32.23012681719765,10/22/2025 1:52:39 PM,20,12,1.11,,270,N_to_S,1.11,,1.11,0.23457641128898432,2345.764112889843,0.3306886702634084,-0.008387402091431906,-0.13773069548399156,-1.0810476108841984,2343.8262088994757,2232.8384738687014,1891.96460682895,2004.8902458500918,-340.8738670397513,2000.0745391205994
B2_R3_C4,B2,2,3,4,AG29XF5,11,21,72.29,40.0,79.13,48.0,2363.94648682,3938.48652418,2364,3938,397053.67363327,4435635.21741749,40.06468926,-88.20715403,2417.76613132,3939.54506254,2418,3940,397055.60648683,4435635.1794032,40.06468915,-88.20713136,2416.55063839,4007.69244021,2417,4008,397055.56283419,4435632.73209054,40.0646671,-88.20713148,2362.73099389,4006.63390185,2363,4007,397053.62998062,4435632.77010484,40.06466721,-88.20715415,2390.24856261,3973.08948219,397054.61823373,4435633.97475402,40.06467818,-88.20714276,4.73193359,"POLYGON((2363.946 3938.487, 2417.766 3939.545, 2416.551 4007.692, 2362.731 4006.634, 2363.946 3938.487))","POLYGON((397053.674 4435635.217, 397055.606 4435635.179, 397055.563 4435632.732, 397053.630 4435632.770, 397053.674 4435635.217))",4.005108590576,0.4022881880024737,1.6112078776559604,0.5977118119975262,0.1408647149801254,0.1301090270280838,0.0915333554148674,0.2624431550502777,0.1488346636973175,5,1.248405601726998,0.3355874624043345,6,1.4980867220723977,0.5841063698206556,3234,1301,1.215221205656621,40.228818800247375,10/22/2025 1:52:13 PM,21,12,1.345,,269,N_to_S,1.345,,1.345,0.2842389848501657,2842.389848501657,0.3306886702634084,0.07159951773906525,-0.14246866547101264,-1.2253529736873392,2858.932872148593,2411.6193140484097,2157.017367309951,2587.7879017631985,-254.60194673845854,2621.9997791064097
B2_R2_C4,B2,2,2,4,LD20-4988,11,22,72.29,30.0,79.13,38.0,2362.42712066,4023.67074626,2362,4024,397053.61906746,4435632.15827667,40.0646617,-88.20715418,2416.24676516,4024.72928462,2416,4025,397055.55192103,4435632.12026238,40.06466159,-88.20713151,2415.03127224,4092.87666228,2415,4093,397055.50826838,4435629.67294972,40.06463954,-88.20713164,2361.21162773,4091.81812392,2361,4092,397053.57541482,4435629.71096402,40.06463965,-88.2071543,2388.72919645,4058.27370427,397054.56366792,4435630.9156132,40.06465062,-88.20714291,4.73193359,"POLYGON((2362.427 4023.671, 2416.247 4024.729, 2415.031 4092.877, 2361.212 4091.818, 2362.427 4023.671))","POLYGON((397053.619 4435632.158, 397055.552 4435632.120, 397055.508 4435629.673, 397053.575 4435629.711, 397053.619 4435632.158))",4.005108590576,0.3380760903185895,1.3540314536033304,0.6619239096814105,0.1251546591520309,0.1129030883312225,0.0773393288254737,0.2253075391054153,0.1378142817955392,7,1.7477678424177974,0.2013819569605455,2,0.4993622406907992,0.6585214970615527,3233,1093,1.0212510492058164,33.80760903185895,10/22/2025 1:51:43 PM,22,12,1.155,,268,N_to_S,1.155,,1.155,0.2440862658006999,2440.862658006999,0.3306886702634084,0.00738742005518106,-0.1472066354630879,-1.3696583364904802,2442.569516775351,2264.9836894091113,2069.8247828975273,2245.703751495415,-195.15890651158406,2203.3490151043006
B2_R1_C4,B2,2,1,4,AG29XF5,11,23,72.29,20.0,79.13,28.0,2360.9077545,4108.85496834,2361,4109,397053.56450166,4435629.09913585,40.06463414,-88.20715433,2414.727399,4109.9135067,2415,4110,397055.49735522,4435629.06112156,40.06463403,-88.20713167,2413.51190608,4178.06088436,2414,4178,397055.45370258,4435626.61380891,40.06461198,-88.20713179,2359.69226157,4177.002346,2360,4177,397053.52084901,4435626.6518232,40.06461209,-88.20715446,2387.20983029,4143.45792635,397054.50910212,4435627.85647238,40.06462306,-88.20714306,4.73242188,"POLYGON((2360.908 4108.855, 2414.727 4109.914, 2413.512 4178.061, 2359.692 4177.002, 2360.908 4108.855))","POLYGON((397053.565 4435629.099, 397055.497 4435629.061, 397055.454 4435626.614, 397053.521 4435626.652, 397053.565 4435629.099))",4.005521879232001,0.3112437185929648,1.2466935245976487,0.6887562814070352,0.1482220739126205,0.139419287443161,0.0841528326272964,0.2532823979854584,0.1630251229230096,9,2.2468982248389606,0.1420134833216737,4,0.9986214332617602,0.6865577889447236,3184,991,0.940196551232737,31.124371859296485,10/22/2025 1:51:15 PM,23,12,1.775,,267,N_to_S,1.775,,1.775,0.37507222411878455,3750.7222411878456,0.3306886702634084,-0.019444951670443633,-0.1519446045858419,-1.5139636992496888,3746.2294973055473,2277.6084591509193,2157.017367309951,3630.1311493468775,-120.59109184096815,3586.2639686171065
B2_R0_C4,B2,2,0,4,LD20-4471,11,24,72.29,10.0,79.13,18.0,2359.38838834,4194.03919042,2359,4194,397053.50993585,4435626.03999503,40.06460657,-88.20715449,2413.20803284,4195.09772878,2413,4195,397055.44278941,4435626.00198074,40.06460647,-88.20713182,2411.99253992,4263.24510644,2412,4263,397055.39913677,4435623.55466809,40.06458442,-88.20713194,2358.17289541,4262.18656808,2358,4262,397053.46628321,4435623.59268238,40.06458452,-88.20715461,2385.69046413,4228.64214843,397054.45453631,4435624.79733156,40.0645955,-88.20714322,4.73144531,"POLYGON((2359.388 4194.039, 2413.208 4195.098, 2411.993 4263.245, 2358.173 4262.187, 2359.388 4194.039))","POLYGON((397053.510 4435626.040, 397055.443 4435626.002, 397055.399 4435623.555, 397053.466 4435623.593, 397053.510 4435626.040))",4.004695310384,0.2929916640938561,1.17334234317827,0.7070083359061439,0.1746526509523391,0.1649483144283294,0.0855771601200103,0.2894971668720245,0.1929997378377353,11,2.74677575881428,0.1112684305155871,1,0.2497068871649345,0.7036122259956776,3239,949,0.8850612419305885,29.299166409385613,10/22/2025 1:50:47 PM,24,12,0.74,,266,N_to_S,0.74,,0.74,0.15640041287933645,1564.0041287933645,0.3306886702634084,-0.03769700616955235,-0.15668257457791718,-1.6582690620528295,1555.294259171696,1807.434555249832,1769.881967652431,1526.4515411959635,-37.55258759740104,1536.5564110422013
B10_R7_C3,B10,10,7,3,AG40XFF5,12,1,65.45,240.0,72.29,248.0,2340.5141655,2233.74354428,2341,2234,397052.83209583,4435696.43824817,40.06524062,-88.20717363,2394.33381,2234.80208264,2394,2235,397054.76494939,4435696.40023388,40.06524051,-88.20715096,2393.11831707,2302.9494603,2393,2303,397054.72129675,4435693.95292122,40.06521846,-88.20715108,2339.29867257,2301.89092194,2339,2302,397052.78844319,4435693.99093552,40.06521857,-88.20717375,2366.81624128,2268.34650229,397053.77669629,4435695.1955847,40.06522954,-88.20716236,4.73242188,"POLYGON((2340.514 2233.744, 2394.334 2234.802, 2393.118 2302.949, 2339.299 2301.891, 2340.514 2233.744))","POLYGON((397052.832 4435696.438, 397054.765 4435696.400, 397054.721 4435693.953, 397052.788 4435693.991, 397052.832 4435696.438))",4.005521879232001,0.3950732772061116,1.5824746557489695,0.6049267227938884,0.2618085443973541,0.2589282989501953,0.0789083018898963,0.3652083575725555,0.2656721464979882,11,2.7462089414698405,0.1485533208253413,2,0.4993107166308801,0.5915185531649517,3207,1267,1.1934265995554687,39.507327720611165,10/22/2025 2:02:39 PM,1,13,0.68,,290,S_to_N,0.68,,0.68,0.14368964078916818,1436.8964078916817,0.3306886702634084,0.06438460694270315,-0.21553968076121768,1.6625474866584375,1451.7724309262712,1705.9352337506643,1837.8028796867611,1568.7640538277785,131.86764593609678,1816.8599142686294
B10_R6_C3,B10,10,6,3,LD21-5944,12,2,65.45,230.0,72.29,238.0,2338.99479934,2318.92776635,2339,2319,397052.77753002,4435693.37910735,40.06521305,-88.20717378,2392.81444384,2319.98630471,2393,2320,397054.71038359,4435693.34109306,40.06521295,-88.20715112,2391.59895092,2388.13368237,2392,2388,397054.66673094,4435690.8937804,40.0651909,-88.20715124,2337.77930641,2387.07514401,2338,2387,397052.73387738,4435690.9317947,40.065191,-88.2071739,2365.29687513,2353.53072436,397053.72213048,4435692.13644388,40.06520198,-88.20716251,4.73144531,"POLYGON((2338.995 2318.928, 2392.814 2319.986, 2391.599 2388.134, 2337.779 2387.075, 2338.995 2318.928))","POLYGON((397052.778 4435693.379, 397054.710 4435693.341, 397054.667 4435690.894, 397052.734 4435690.932, 397052.778 4435693.379))",4.004695310384,0.5562185929648241,2.227485990794618,0.4437814070351759,0.2929778695106506,0.2951538562774658,0.0632352977991104,0.368354469537735,0.2849144367260091,6,1.4982413229896072,0.3806849832936693,7,1.7479482101545418,0.4271356783919598,3184,1771,1.6802099820718237,55.62185929648241,10/22/2025 2:03:09 PM,2,13,0.635,,291,S_to_N,0.635,,0.635,0.13420846240321438,1342.084624032144,0.3306886702634084,0.2255299227014157,-0.22027765075329295,1.5182421238552966,1394.1931711586506,1690.6787718013097,1804.4466042862205,1455.8524565170546,113.76783248491074,1297.293681310622
B10_R5_C3,B10,10,5,3,AG40XFF5,12,3,65.45,220.0,72.29,228.0,2337.47543318,2404.11198843,2337,2404,397052.72296422,4435690.31996653,40.06518549,-88.20717393,2391.29507768,2405.17052679,2391,2405,397054.65581778,4435690.28195224,40.06518539,-88.20715127,2390.07958476,2473.31790445,2390,2473,397054.61216514,4435687.83463958,40.06516334,-88.20715139,2336.25994025,2472.25936609,2336,2472,397052.67931157,4435687.87265388,40.06516344,-88.20717406,2363.77750897,2438.71494644,397053.66756468,4435689.07730306,40.06517441,-88.20716266,4.73193359,"POLYGON((2337.475 2404.112, 2391.295 2405.171, 2390.080 2473.318, 2336.260 2472.259, 2337.475 2404.112))","POLYGON((397052.723 4435690.320, 397054.656 4435690.282, 397054.612 4435687.835, 397052.679 4435687.873, 397052.723 4435690.320))",4.005108590576,0.4692236313021961,1.879291596629691,0.530776368697804,0.2364166229963302,0.2373538315296173,0.0825371444225311,0.3364924490451813,0.2330615464098313,8,1.997448962763197,0.2445648445750266,5,1.248405601726998,0.5205691308382308,3233,1517,1.4174179703981915,46.92236313021961,10/22/2025 2:03:30 PM,3,13,0.43,,292,S_to_N,0.43,,0.43,0.09087194311194888,908.7194311194887,0.3306886702634084,0.13853496103878765,-0.22501561987604696,1.3739367610521558,940.7278469407261,1792.9793036966698,1837.8028796867611,953.54300710958,44.823575990091285,1428.979225821884
B10_R4_C3,B10,10,4,3,LD21-7234,12,4,65.45,210.0,72.29,218.0,2335.95606702,2489.29621051,2336,2489,397052.66839841,4435687.26082571,40.06515793,-88.20717409,2389.77571152,2490.35474887,2390,2490,397054.60125198,4435687.22281142,40.06515782,-88.20715142,2388.5602186,2558.50212653,2389,2559,397054.55759933,4435684.77549877,40.06513577,-88.20715154,2334.74057409,2557.44358817,2335,2557,397052.62474577,4435684.81351306,40.06513588,-88.20717421,2362.25814281,2523.89916852,397053.61299887,4435686.01816224,40.06514685,-88.20716282,4.73242188,"POLYGON((2335.956 2489.296, 2389.776 2490.355, 2388.560 2558.502, 2334.741 2557.444, 2335.956 2489.296))","POLYGON((397052.668 4435687.261, 397054.601 4435687.223, 397054.558 4435684.775, 397052.625 4435684.814, 397052.668 4435687.261))",4.005521879232001,0.569882498453927,2.282676816148601,0.430117501546073,0.2295993119478225,0.2359350323677063,0.0871735215187072,0.3363274931907654,0.2173525557167392,2,0.4993107166308801,1.188485190644098,7,1.7475875082080805,0.4019789734075448,3234,1843,1.72148553576107,56.9882498453927,10/22/2025 2:03:56 PM,4,13,0.8,,293,S_to_N,0.8,,0.8,0.1690466362225508,1690.4663622255082,0.3306886702634084,0.2391938281905186,-0.22975358986306804,1.229631398249015,1745.7319461415573,1910.815593203281,1936.540424624022,1716.1911936462493,25.72483142074111,1259.5556278365232
B10_R3_C3,B10,10,3,3,AG35XF5,12,5,65.45,200.0,72.29,208.0,2334.43670086,2574.48043259,2334,2574,397052.61383261,4435684.20168489,40.06513037,-88.20717424,2388.25634536,2575.53897095,2388,2576,397054.54668617,4435684.1636706,40.06513026,-88.20715158,2387.04085244,2643.68634861,2387,2644,397054.50303352,4435681.71635795,40.06510821,-88.2071517,2333.22120793,2642.62781025,2333,2643,397052.57017996,4435681.75437224,40.06510832,-88.20717436,2360.73877665,2609.0833906,397053.55843307,4435682.95902142,40.06511929,-88.20716297,4.73144531,"POLYGON((2334.437 2574.480, 2388.256 2575.539, 2387.041 2643.686, 2333.221 2642.628, 2334.437 2574.480))","POLYGON((397052.614 4435684.202, 397054.547 4435684.164, 397054.503 4435681.716, 397052.570 4435681.754, 397052.614 4435684.202))",4.004695310384,0.3386947107949273,1.3563691199723105,0.6613052892050727,0.1243455037474632,0.1188117861747741,0.0577023737132549,0.1999998539686203,0.133884928890303,8,1.997655097319476,0.1765316445679988,2,0.499413774329869,0.6594494277760594,3233,1095,1.0231197610982332,33.86947107949273,10/22/2025 2:04:21 PM,5,13,0.825,,294,S_to_N,0.825,,0.825,0.1743653251695305,1743.6532516953048,0.3306886702634084,0.008006040531518877,-0.23449155898582205,1.085326035445874,1745.5030423365479,1945.1445574566164,1881.5858952900314,1680.0945895287198,-63.55866216658501,1692.5239499659126
B10_R2_C3,B10,10,2,3,LD21-5253,12,6,65.45,190.0,72.29,198.0,2332.9173347,2659.66465466,2333,2660,397052.5592668,4435681.14254407,40.0651028,-88.20717439,2386.73697921,2660.72319302,2387,2661,397054.49212036,4435681.10452978,40.0651027,-88.20715173,2385.52148628,2728.87057068,2386,2729,397054.44846772,4435678.65721713,40.06508065,-88.20715185,2331.70184177,2727.81203232,2332,2728,397052.51561415,4435678.69523142,40.06508075,-88.20717452,2359.21941049,2694.26761267,397053.50386726,4435679.8998806,40.06509173,-88.20716312,4.73193359,"POLYGON((2332.917 2659.665, 2386.737 2660.723, 2385.521 2728.871, 2331.702 2727.812, 2332.917 2659.665))","POLYGON((397052.559 4435681.143, 397054.492 4435681.105, 397054.448 4435678.657, 397052.516 4435678.695, 397052.559 4435681.143))",4.005108590576,0.4335188620902906,1.7362901187345552,0.5664811379097093,0.1026387512683868,0.0989701151847839,0.0548290312290191,0.1758626252412796,0.1059530454511736,6,1.4980867220723977,0.3013666553233903,6,1.4980867220723977,0.559678416821274,3234,1402,1.3095619756576344,43.35188620902907,10/22/2025 2:04:46 PM,6,13,1.625,,295,S_to_N,1.625,,1.625,0.3434114129230626,3434.114129230626,0.3306886702634084,0.10283019182688219,-0.23922952897789732,0.9410206726427331,3457.872980529187,1893.7957707058279,1822.7666814123568,3363.0850399371548,-71.02908929347109,3261.472667520168
B10_R1_C3,B10,10,1,3,AG40XFF5,12,7,65.45,180.0,72.29,188.0,2331.39796854,2744.84887674,2331,2745,397052.50470099,4435678.08340325,40.06507524,-88.20717455,2385.21761305,2745.9074151,2385,2746,397054.43755456,4435678.04538896,40.06507514,-88.20715188,2384.00212012,2814.05479276,2384,2814,397054.39390191,4435675.59807631,40.06505309,-88.207152,2330.18247561,2812.9962544,2330,2813,397052.46104835,4435675.6360906,40.06505319,-88.20717467,2357.70004433,2779.45183475,397053.44930145,4435676.84073978,40.06506416,-88.20716328,4.73193359,"POLYGON((2331.398 2744.849, 2385.218 2745.907, 2384.002 2814.055, 2330.182 2812.996, 2331.398 2744.849))","POLYGON((397052.505 4435678.083, 397054.438 4435678.045, 397054.394 4435675.598, 397052.461 4435675.636, 397052.505 4435678.083))",4.005108590576,0.3944060339409176,1.5796389947117786,0.6055939660590823,0.0963946878910064,0.0887334644794464,0.0537045449018478,0.1694750636816024,0.1026306962125443,3,0.7490433610361988,0.5395365940525747,6,1.4980867220723977,0.5942803268384663,3182,1255,1.1914110092662746,39.44060339409177,10/22/2025 2:05:11 PM,7,13,0.945,,296,S_to_N,0.945,,0.945,0.19970694474602718,1997.069447460272,0.3306886702634084,0.06371736367750919,-0.24396749896997258,0.7967153098395924,2011.7913043571148,1940.7602387258235,1837.8028796867611,1894.1120884212096,-102.95735903906234,2105.092965650463
B10_R0_C3,B10,10,0,3,LD21-5944,12,8,65.45,170.0,72.29,178.0,2329.87860238,2830.03309882,2330,2830,397052.45013519,4435675.02426244,40.06504768,-88.2071747,2383.69824689,2831.09163718,2384,2831,397054.38298875,4435674.98624814,40.06504757,-88.20715203,2382.48275396,2899.23901484,2382,2899,397054.33933611,4435672.53893549,40.06502552,-88.20715216,2328.66310945,2898.18047648,2329,2898,397052.40648254,4435672.57694978,40.06502563,-88.20717482,2356.18067817,2864.63605683,397053.39473565,4435673.78159896,40.0650366,-88.20716343,4.73193359,"POLYGON((2329.879 2830.033, 2383.698 2831.092, 2382.483 2899.239, 2328.663 2898.180, 2329.879 2830.033))","POLYGON((397052.450 4435675.024, 397054.383 4435674.986, 397054.339 4435672.539, 397052.406 4435672.577, 397052.450 4435675.024))",4.005108590576,0.3332275468105363,1.334612510347445,0.6667724531894637,0.0815016627311706,0.0719602704048156,0.0491840466856956,0.1505375206470489,0.0910996484990213,7,1.7477678424177974,0.1934593365128754,4,0.9987244813815984,0.6597905426848619,3151,1050,1.0066047009826895,33.32275468105364,10/22/2025 2:05:38 PM,8,13,1.39,,297,S_to_N,1.39,,1.39,0.29374883936188123,2937.488393618812,0.3306886702634084,0.0025388765471278663,-0.2487054680927266,0.6524099470364515,2938.074999451953,1937.9422773853457,1804.4466042862205,2803.992720519687,-133.49567309912527,2801.609911877918
B6_R7_C3,B6,6,7,3,AG40XFF5,12,9,65.45,160.0,72.29,168.0,2328.35923622,2915.21732089,2328,2915,397052.39556938,4435671.96512162,40.06502012,-88.20717485,2382.17888073,2916.27585925,2382,2916,397054.32842294,4435671.92710732,40.06502001,-88.20715219,2380.9633878,2984.42323692,2381,2984,397054.2847703,4435669.47979467,40.06499796,-88.20715231,2327.14374329,2983.36469856,2327,2983,397052.35191674,4435669.51780896,40.06499807,-88.20717498,2354.66131201,2949.82027891,397053.34016984,4435670.72245814,40.06500904,-88.20716358,4.73193359,"POLYGON((2328.359 2915.217, 2382.179 2916.276, 2380.963 2984.423, 2327.144 2983.365, 2328.359 2915.217))","POLYGON((397052.396 4435671.965, 397054.328 4435671.927, 397054.285 4435669.480, 397052.352 4435669.518, 397052.396 4435671.965))",4.005108590576,0.270750382848392,1.0843846842478355,0.729249617151608,0.1099555566906929,0.0961537659168243,0.0724649205803871,0.2135748416185379,0.1333798332588345,6,1.4980867220723977,0.1900200594193132,2,0.4993622406907992,0.729249617151608,3265,884,0.8178753850833708,27.0750382848392,10/22/2025 2:06:02 PM,9,13,0.96,,298,S_to_N,0.96,,0.96,0.20287689624993238,2028.7689624993238,0.3306886702634084,-0.059938287415016445,-0.2534434380797477,0.5081045842333106,2014.9202588016665,2311.70338976593,1837.8028796867611,1554.868452420155,-473.9005100791687,1371.5088044572199
B6_R6_C3,B6,6,6,3,LG3216,12,10,65.45,150.0,72.29,158.0,2326.83987006,3000.40154297,2327,3000,397052.34100357,4435668.9059808,40.06499255,-88.20717501,2380.65951457,3001.46008133,2381,3001,397054.27385714,4435668.8679665,40.06499245,-88.20715234,2379.44402164,3069.60745899,2379,3070,397054.23020449,4435666.42065385,40.0649704,-88.20715246,2325.62437713,3068.54892063,2326,3069,397052.29735093,4435666.45866814,40.0649705,-88.20717513,2353.14194585,3035.00450098,397053.28560403,4435667.66331732,40.06498148,-88.20716374,4.73193359,"POLYGON((2326.840 3000.402, 2380.660 3001.460, 2379.444 3069.607, 2325.624 3068.549, 2326.840 3000.402))","POLYGON((397052.341 4435668.906, 397054.274 4435668.868, 397054.230 4435666.421, 397052.297 4435666.459, 397052.341 4435668.906))",4.005108590576,0.3205248359887535,1.28373677411152,0.6794751640112464,0.1069744154810905,0.0947867035865783,0.0720053911209106,0.2022469937801361,0.1232163596387003,8,1.997448962763197,0.1654077327185084,3,0.7490433610361988,0.6657294595438925,3201,1026,0.968232697975086,32.052483598875355,10/22/2025 2:06:27 PM,10,13,1.1,,299,S_to_N,1.1,,1.1,0.23246311028638086,2324.631102863809,0.3306886702634084,-0.010163834274654948,-0.25818140807182294,0.36379922143016974,2322.2827553321686,2379.416312071966,1913.5895201347182,1858.8043109265611,-465.82679193724766,1860.6502183908326
B6_R5_C3,B6,6,5,3,AG29XF5,12,11,65.45,140.0,72.29,148.0,2325.3205039,3085.58576505,2325,3086,397052.28643777,4435665.84683998,40.06496499,-88.20717516,2379.14014841,3086.64430341,2379,3087,397054.21929133,4435665.80882569,40.06496489,-88.20715249,2377.92465548,3154.79168107,2378,3155,397054.17563869,4435663.36151303,40.06494284,-88.20715262,2324.10501097,3153.73314271,2324,3154,397052.24278512,4435663.39952732,40.06494294,-88.20717528,2351.62257969,3120.18872306,397053.23103823,4435664.6041765,40.06495391,-88.20716389,4.73193359,"POLYGON((2325.321 3085.586, 2379.140 3086.644, 2377.925 3154.792, 2324.105 3153.733, 2325.321 3085.586))","POLYGON((397052.286 4435665.847, 397054.219 4435665.809, 397054.176 4435663.362, 397052.243 4435663.400, 397052.286 4435665.847))",4.005108590576,0.3849923430321593,1.5419361403840832,0.6150076569678407,0.0919730812311172,0.0856353044509887,0.0526753738522529,0.1606268882751464,0.0981254596429711,11,2.746492323799396,0.1473808399979905,5,1.248405601726998,0.5993874425727412,3265,1257,1.1629743880653811,38.49923430321593,10/22/2025 2:06:53 PM,11,13,1.63,,300,S_to_N,1.63,,1.63,0.3444680634243643,3444.680634243643,0.3306886702634084,0.054303672768750866,-0.2629193771945769,0.21949385862702886,3457.227463762842,2604.8874078765684,2157.017367309951,2996.8105936770257,-447.87004056661726,3036.6552991857275
B6_R4_C3,B6,6,4,3,LG3216,12,12,65.45,130.0,72.29,138.0,2323.80113774,3170.76998713,2324,3171,397052.23187196,4435662.78769916,40.06493743,-88.20717531,2377.62078225,3171.82852549,2378,3172,397054.16472553,4435662.74968487,40.06493732,-88.20715265,2376.40528932,3239.97590315,2376,3240,397054.12107288,4435660.30237221,40.06491527,-88.20715277,2322.58564481,3238.91736479,2323,3239,397052.18821932,4435660.3403865,40.06491538,-88.20717544,2350.10321353,3205.37294514,397053.17647242,4435661.54503568,40.06492635,-88.20716404,4.73144531,"POLYGON((2323.801 3170.770, 2377.621 3171.829, 2376.405 3239.976, 2322.586 3238.917, 2323.801 3170.770))","POLYGON((397052.232 4435662.788, 397054.165 4435662.750, 397054.121 4435660.302, 397052.188 4435660.340, 397052.232 4435662.788))",4.004695310384,0.3306886702634084,1.3243073670009926,0.6693113297365916,0.0991518497467041,0.0900900363922119,0.0532185845077037,0.1709675937891006,0.1099116223699906,11,2.74677575881428,0.1221725022099492,2,0.499413774329869,0.6670898127578546,3151,1042,0.9989353318323452,33.06886702634084,10/22/2025 2:07:18 PM,12,13,1.355,,301,S_to_N,1.355,,1.355,0.2863818370966228,2863.818370966228,0.3306886702634084,0.0,-0.2676573471866522,0.07518849582388801,2863.818370966228,2364.4566033651777,1913.5895201347182,2412.9512877357683,-450.86708323045946,2406.585335356094
B6_R3_C3,B6,6,3,3,AG36XF4,12,13,65.45,120.0,72.29,128.0,2322.28177158,3255.9542092,2322,3256,397052.17730616,4435659.72855834,40.06490987,-88.20717547,2376.10141609,3257.01274756,2376,3257,397054.11015972,4435659.69054405,40.06490976,-88.2071528,2374.88592316,3325.16012523,2375,3325,397054.06650707,4435657.24323139,40.06488771,-88.20715292,2321.06627866,3324.10158687,2321,3324,397052.13365351,4435657.28124568,40.06488782,-88.20717559,2348.58384737,3290.55716722,397053.12190662,4435658.48589487,40.06489879,-88.2071642,4.73193359,"POLYGON((2322.282 3255.954, 2376.101 3257.013, 2374.886 3325.160, 2321.066 3324.102, 2322.282 3255.954))","POLYGON((397052.177 4435659.729, 397054.110 4435659.691, 397054.067 4435657.243, 397052.134 4435657.281, 397052.177 4435659.729))",4.005108590576,0.3668326073428749,1.4692044269723408,0.6331673926571251,0.1423654109239578,0.1213585138320922,0.1003000363707542,0.2857139110565185,0.1601707882390302,6,1.4980867220723977,0.2534317308318667,3,0.7490433610361988,0.6297448662103298,3214,1179,1.1081179529104868,36.68326073428749,10/22/2025 2:07:43 PM,13,13,1.2,,302,S_to_N,1.2,,1.2,0.25359612031241546,2535.9612031241545,0.3306886702634084,0.03614393707946645,-0.2723953163094062,-0.06911686649599846,2544.312237107066,2270.880271234812,1844.402221121324,2109.4831530106667,-426.47805011348805,2100.3559273597084
B6_R2_C3,B6,6,2,3,LG3216,12,14,65.45,110.0,72.29,118.0,2320.76240542,3341.13843128,2321,3341,397052.12274035,4435656.66941752,40.0648823,-88.20717562,2374.58204993,3342.19696964,2375,3342,397054.05559391,4435656.63140323,40.0648822,-88.20715295,2373.366557,3410.3443473,2373,3410,397054.01194127,4435654.18409057,40.06486015,-88.20715308,2319.5469125,3409.28580894,2320,3409,397052.0790877,4435654.22210486,40.06486025,-88.20717574,2347.06448121,3375.74138929,397053.06734081,4435655.42675405,40.06487123,-88.20716435,4.73193359,"POLYGON((2320.762 3341.138, 2374.582 3342.197, 2373.367 3410.344, 2319.547 3409.286, 2320.762 3341.138))","POLYGON((397052.123 4435656.669, 397054.056 4435656.631, 397054.012 4435654.184, 397052.079 4435654.222, 397052.123 4435656.669))",4.005108590576,0.4786004373633239,1.9168467231372797,0.5213995626366761,0.1194495186209678,0.1182794868946075,0.0546139739453792,0.1879193037748336,0.118935207525889,6,1.4980867220723977,0.3293107817085834,7,1.7477678424177974,0.5095282724148703,3201,1532,1.4457431708555863,47.8600437363324,10/22/2025 2:08:06 PM,14,13,0.885,,303,S_to_N,0.885,,0.885,0.1870271387304064,1870.271387304064,0.3306886702634084,0.1479117670999155,-0.2771332862964273,-0.21342222929913932,1904.4463082820441,2291.7174715406145,1913.5895201347182,1492.1434358981678,-378.1279514058963,1513.6992321226412
B6_R1_C3,B6,6,1,3,AG29XF5,12,15,65.45,100.0,72.29,108.0,2319.24303926,3426.32265336,2319,3426,397052.06817454,4435653.6102767,40.06485474,-88.20717577,2373.06268377,3427.38119172,2373,3427,397054.00102811,4435653.57226241,40.06485464,-88.20715311,2371.84719084,3495.52856938,2372,3496,397053.95737546,4435651.12494975,40.06483259,-88.20715323,2318.02754634,3494.47003102,2318,3494,397052.0245219,4435651.16296405,40.06483269,-88.2071759,2345.54511505,3460.92561137,397053.012775,4435652.36761323,40.06484366,-88.2071645,4.73144531,"POLYGON((2319.243 3426.323, 2373.063 3427.381, 2371.847 3495.529, 2318.028 3494.470, 2319.243 3426.323))","POLYGON((397052.068 4435653.610, 397054.001 4435653.572, 397053.957 4435651.125, 397052.025 4435651.163, 397052.068 4435653.610))",4.004695310384,0.3010719754977029,1.2057015283636976,0.6989280245022971,0.1232785955071449,0.1111109852790832,0.0688822269439697,0.22105473279953,0.1408784941691978,12,2.9964826459792144,0.1056502932178647,1,0.2497068871649345,0.6980091883614089,3265,983,0.909470026625513,30.10719754977029,10/22/2025 2:08:33 PM,15,13,0.61,,304,S_to_N,0.61,,0.61,0.12892466467080438,1289.2466467080437,0.3306886702634084,-0.029616694765705498,-0.28187125628850257,-0.35772759210228017,1282.4037279660668,2547.148734282377,2157.017367309951,899.1152797356178,-390.1313669724259,854.6256537002034
B6_R0_C3,B6,6,0,3,LG3216,12,16,65.45,90.0,72.29,98.0,2317.72367311,3511.50687544,2318,3512,397052.01360874,4435650.55113588,40.06482718,-88.20717593,2371.54331761,3512.5654138,2372,3513,397053.9464623,4435650.51312159,40.06482707,-88.20715326,2370.32782468,3580.71279146,2370,3581,397053.90280966,4435648.06580893,40.06480502,-88.20715338,2316.50818018,3579.6542531,2317,3580,397051.96995609,4435648.10382323,40.06480513,-88.20717605,2344.02574889,3546.10983345,397052.9582092,4435649.30847241,40.0648161,-88.20716466,4.73242188,"POLYGON((2317.724 3511.507, 2371.543 3512.565, 2370.328 3580.713, 2316.508 3579.654, 2317.724 3511.507))","POLYGON((397052.014 4435650.551, 397053.946 4435650.513, 397053.903 4435648.066, 397051.970 4435648.104, 397052.014 4435650.551))",4.005521879232001,0.429865666979069,1.721836334215318,0.570134333020931,0.1249951645731926,0.1204818785190582,0.0706579089164733,0.2115382552146911,0.1291081360742157,8,1.9972428665235205,0.2218333725347638,4,0.9986214332617602,0.5695095282724149,3201,1376,1.2985265033272106,42.9865666979069,10/22/2025 2:08:58 PM,16,13,1.14,,305,S_to_N,1.14,,1.14,0.24089145661713487,2408.9145661713487,0.3306886702634084,0.0991769967156606,-0.28660922541125655,-0.5020329549054211,2431.8293490317383,2238.4605490135023,1913.5895201347182,2084.043537292565,-324.87102887878405,2082.48727483887
B2_R7_C3,B2,2,7,3,LD20-4471,12,17,65.45,80.0,72.29,88.0,2316.20430695,3596.69109751,2316,3597,397051.95904293,4435647.49199506,40.06479962,-88.20717608,2370.02395145,3597.74963587,2370,3598,397053.89189649,4435647.45398077,40.06479951,-88.20715341,2368.80845853,3665.89701354,2369,3666,397053.84824385,4435645.00666811,40.06477746,-88.20715354,2314.98881402,3664.83847518,2315,3665,397051.91539029,4435645.04468241,40.06477757,-88.2071762,2342.50638274,3631.29405553,397052.90364339,4435646.24933159,40.06478854,-88.20716481,4.73193359,"POLYGON((2316.204 3596.691, 2370.024 3597.750, 2368.808 3665.897, 2314.989 3664.838, 2316.204 3596.691))","POLYGON((397051.959 4435647.492, 397053.892 4435647.454, 397053.848 4435645.007, 397051.915 4435645.045, 397051.959 4435647.492))",4.005108590576,0.2955589586523736,1.1837457243203182,0.7044410413476263,0.1156517565250396,0.1052631139755249,0.0595142319798469,0.1982140839099884,0.1301294701987621,11,2.746492323799396,0.1131443998393483,2,0.4993622406907992,0.6961715160796325,3265,965,0.8928164554360325,29.555895865237364,10/22/2025 2:09:22 PM,17,13,1.295,,306,S_to_N,1.295,,1.295,0.2736724798371484,2736.7247983714838,0.3306886702634084,-0.03512971161103484,-0.2913471954033318,-0.6463383177085619,2728.608100546656,2253.3838663471797,1769.881967652431,2253.2228996767353,-483.50189869474866,2296.4818741197005
B2_R6_C3,B2,2,6,3,AG29XF5,12,18,65.45,70.0,72.29,78.0,2314.68494079,3681.87531959,2315,3682,397051.90447712,4435644.43285424,40.06477205,-88.20717623,2368.50458529,3682.93385795,2369,3683,397053.83733069,4435644.39483995,40.06477195,-88.20715357,2367.28909237,3751.08123561,2367,3751,397053.79367804,4435641.94752729,40.0647499,-88.20715369,2313.46944786,3750.02269725,2313,3750,397051.86082448,4435641.98554159,40.06475,-88.20717636,2340.98701658,3716.4782776,397052.84907758,4435643.19019077,40.06476098,-88.20716496,4.73144531,"POLYGON((2314.685 3681.875, 2368.505 3682.934, 2367.289 3751.081, 2313.469 3750.023, 2314.685 3681.875))","POLYGON((397051.904 4435644.433, 397053.837 4435644.395, 397053.794 4435641.948, 397051.861 4435641.986, 397051.904 4435644.433))",4.004695310384,0.3440177721358299,1.3776863587611097,0.65598222786417,0.1069309711456298,0.0989010035991668,0.0584861189126968,0.1884982287883758,0.116523288044275,10,2.497068871649345,0.1398066138533046,6,1.4982413229896072,0.6531259917486513,3151,1084,1.0391995198716528,34.40177721358299,10/22/2025 2:09:48 PM,18,13,1.01,,307,S_to_N,1.01,,1.01,0.2134654283893646,2134.654283893646,0.3306886702634084,0.013329101872421478,-0.2960851653954071,-0.7906436805117028,2137.7339645176344,2580.843826082672,2157.017367309951,1710.8278251209254,-423.8264587727208,1717.9396959806863
B2_R5_C3,B2,2,5,3,LD22-4283,12,19,65.45,60.0,72.29,68.0,2313.16557463,3767.05954167,2313,3767,397051.84991132,4435641.37371342,40.06474449,-88.20717639,2366.98521913,3768.11808003,2367,3768,397053.78276488,4435641.33569913,40.06474439,-88.20715372,2365.76972621,3836.26545769,2366,3836,397053.73911224,4435638.88838647,40.06472234,-88.20715384,2311.9500817,3835.20691933,2312,3835,397051.80625867,4435638.92640077,40.06472244,-88.20717651,2339.46765042,3801.66249968,397052.79451178,4435640.13104995,40.06473341,-88.20716512,4.73193359,"POLYGON((2313.166 3767.060, 2366.985 3768.118, 2365.770 3836.265, 2311.950 3835.207, 2313.166 3767.060))","POLYGON((397051.850 4435641.374, 397053.783 4435641.336, 397053.739 4435638.888, 397051.806 4435638.926, 397051.850 4435641.374))",4.005108590576,0.2741586909539981,1.0980353283209283,0.7258413090460019,0.1055871620774269,0.0970872938632965,0.0558772161602973,0.1774908155202865,0.1199755762418111,11,2.746492323799396,0.1041162974687475,4,0.9987244813815984,0.7073170731707317,3239,888,0.8281711094145022,27.415869095399813,10/22/2025 2:10:15 PM,19,13,0.93,,308,S_to_N,0.93,,0.93,0.196536993242122,1965.36993242122,0.3306886702634084,-0.05652997930941034,-0.30082313451310694,-0.9349490433148436,1952.3087161727458,2227.844737501292,1842.8446556629262,1580.3698505828543,-385.00008183836576,1712.273521047899
B2_R4_C3,B2,2,4,3,AG29XF4,12,20,65.45,50.0,72.29,58.0,2311.64620847,3852.24376375,2312,3852,397051.79534551,4435638.3145726,40.06471693,-88.20717654,2365.46585297,3853.30230211,2365,3853,397053.72819908,4435638.27655831,40.06471682,-88.20715387,2364.25036005,3921.44967977,2364,3921,397053.68454643,4435635.82924566,40.06469477,-88.207154,2310.43071554,3920.39114141,2310,3920,397051.75169287,4435635.86725995,40.06469488,-88.20717666,2337.94828426,3886.84672176,397052.73994597,4435637.07190913,40.06470585,-88.20716527,4.73193359,"POLYGON((2311.646 3852.244, 2365.466 3853.302, 2364.250 3921.450, 2310.431 3920.391, 2311.646 3852.244))","POLYGON((397051.795 4435638.315, 397053.728 4435638.277, 397053.685 4435635.829, 397051.752 4435635.867, 397051.795 4435638.315))",4.005108590576,0.3489534520462355,1.397596468501528,0.6510465479537644,0.1459496021270752,0.1338581442832946,0.0824812203645706,0.2594336271286011,0.1606442374341628,7,1.7477678424177974,0.2058038846522684,1,0.2496811203453996,0.6485473289597001,3201,1117,1.0541090873666383,34.89534520462356,10/22/2025 2:10:41 PM,20,13,1.045,,309,S_to_N,1.045,,1.045,0.22083995477206178,2208.3995477206176,0.3306886702634084,0.01826478178282709,-0.3055611045051822,-1.0792544061179845,2212.619614090905,2489.061313787787,2182.798000920842,1902.1362348536722,-306.2633128669454,1914.2408110116212
B2_R3_C3,B2,2,3,3,LD20-4471,12,21,65.45,40.0,72.29,48.0,2310.12684231,3937.42798582,2310,3937,397051.74077971,4435635.25543178,40.06468937,-88.20717669,2363.94648682,3938.48652418,2364,3938,397053.67363327,4435635.21741749,40.06468926,-88.20715403,2362.73099389,4006.63390185,2363,4007,397053.62998062,4435632.77010484,40.06466721,-88.20715415,2308.91134938,4005.57536349,2309,4006,397051.69712706,4435632.80811913,40.06466732,-88.20717682,2336.4289181,3972.03094383,397052.68538017,4435634.01276831,40.06467829,-88.20716542,4.73193359,"POLYGON((2310.127 3937.428, 2363.946 3938.487, 2362.731 4006.634, 2308.911 4005.575, 2310.127 3937.428))","POLYGON((397051.741 4435635.255, 397053.674 4435635.217, 397053.630 4435632.770, 397051.697 4435632.808, 397051.741 4435635.255))",4.005108590576,0.4578866768759571,1.8338858630661927,0.5421133231240429,0.1458688974380493,0.1439999341964721,0.0649933815002441,0.2285219430923462,0.1452449224135454,4,0.9987244813815984,0.4820361801445812,4,0.9987244813815984,0.535375191424196,3265,1495,1.3831716071262887,45.78866768759571,10/22/2025 2:11:09 PM,21,13,1.08,,310,S_to_N,1.08,,1.08,0.22823650828117395,2282.3650828117393,0.3306886702634084,0.12719800661254865,-0.3102990736279362,-1.2235597689211253,2311.754102426413,1983.0326285905269,1769.881967652431,2069.2144218736435,-213.15066093809583,1902.6423453038926
B2_R2_C3,B2,2,2,3,AG29XF4,12,22,65.45,30.0,72.29,38.0,2308.60747615,4022.6122079,2309,4023,397051.6862139,4435632.19629096,40.0646618,-88.20717685,2362.42712066,4023.67074626,2362,4024,397053.61906746,4435632.15827667,40.0646617,-88.20715418,2361.21162773,4091.81812392,2361,4092,397053.57541482,4435629.71096402,40.06463965,-88.2071543,2307.39198322,4090.75958556,2307,4091,397051.64256125,4435629.74897831,40.06463975,-88.20717697,2334.90955194,4057.21516591,397052.63081436,4435630.95362749,40.06465073,-88.20716558,4.73193359,"POLYGON((2308.607 4022.612, 2362.427 4023.671, 2361.212 4091.818, 2307.392 4090.760, 2308.607 4022.612))","POLYGON((397051.686 4435632.196, 397053.619 4435632.158, 397053.575 4435629.711, 397051.643 4435629.749, 397051.686 4435632.196))",4.005108590576,0.3389565760699781,1.3575578946500968,0.6610434239300218,0.1732436716556549,0.1677213907241821,0.0629966557025909,0.2512559592723846,0.1793192218331729,13,3.245854564490195,0.1076427590340871,2,0.4993622406907992,0.6572945954389253,3201,1085,1.023910796591587,33.895657606997815,10/22/2025 2:11:35 PM,22,13,1.195,,311,S_to_N,1.195,,1.195,0.25253946981111375,2525.3946981111376,0.3306886702634084,0.008267905806569664,-0.31503704362001145,-1.367865131680334,2527.304992559868,2348.9954758162344,2182.798000920842,2359.197223215745,-166.1974748953926,2347.9092705235307
B2_R1_C3,B2,2,1,3,LD22-4283,12,23,65.45,20.0,72.29,28.0,2307.08810999,4107.79642998,2307,4108,397051.63164809,4435629.13715015,40.06463424,-88.207177,2360.9077545,4108.85496834,2361,4109,397053.56450166,4435629.09913585,40.06463414,-88.20715433,2359.69226157,4177.002346,2360,4177,397053.52084901,4435626.6518232,40.06461209,-88.20715446,2305.87261706,4175.94380764,2306,4176,397051.58799545,4435626.68983749,40.06461219,-88.20717712,2333.39018578,4142.39938799,397052.57624855,4435627.89448667,40.06462316,-88.20716573,4.73144531,"POLYGON((2307.088 4107.796, 2360.908 4108.855, 2359.692 4177.002, 2305.873 4175.944, 2307.088 4107.796))","POLYGON((397051.632 4435629.137, 397053.565 4435629.099, 397053.521 4435626.652, 397051.588 4435626.690, 397051.632 4435629.137))",4.004695310384,0.372121966397013,1.4902350937209907,0.627878033602987,0.1501823514699936,0.1435134410858154,0.0775500684976577,0.2572611570358276,0.158779651627821,6,1.4982413229896072,0.2570859627437766,4,0.998827548659738,0.6210329807093964,3214,1196,1.1240959047336236,37.2121966397013,10/22/2025 2:12:01 PM,23,13,0.84,,312,S_to_N,0.84,,0.84,0.1775356038089765,1775.3560380897652,0.3306886702634084,0.04143329613360458,-0.3197750136120867,-1.5121704944834748,1784.9291751632118,1920.4591642631344,1842.8446556629262,1697.741529489557,-77.61450860020818,1567.8974763358976
B2_R0_C3,B2,2,0,3,AG29XF4,12,24,65.45,10.0,72.29,18.0,2305.56874383,4192.98065206,2306,4193,397051.57708229,4435626.07800933,40.06460668,-88.20717715,2359.38838834,4194.03919042,2359,4194,397053.50993585,4435626.03999503,40.06460657,-88.20715449,2358.17289541,4262.18656808,2358,4262,397053.46628321,4435623.59268238,40.06458452,-88.20715461,2304.3532509,4261.12802972,2304,4261,397051.53342964,4435623.63069667,40.06458463,-88.20717728,2331.87081962,4227.58361007,397052.52168275,4435624.83534585,40.0645956,-88.20716588,4.73242188,"POLYGON((2305.569 4192.981, 2359.388 4194.039, 2358.173 4262.187, 2304.353 4261.128, 2305.569 4192.981))","POLYGON((397051.577 4435626.078, 397053.510 4435626.040, 397053.466 4435623.593, 397051.533 4435623.631, 397051.577 4435626.078))",4.005521879232001,0.437956204379562,1.7542431587877376,0.5620437956204379,0.1965878903865814,0.1940296292304992,0.0752507075667381,0.2874491214752197,0.1967347638279784,8,1.9972428665235205,0.2224782369898067,3,0.7489660749463202,0.5528403681370994,3151,1380,1.322966178434392,43.79562043795621,10/22/2025 2:12:23 PM,24,13,0.66,,313,S_to_N,0.66,,0.66,0.13946347488360442,1394.634748836044,0.3306886702634084,0.10726753411615358,-0.32451298272978657,-1.6564758572866158,1419.4188452862338,2157.7932141463084,2182.798000920842,1419.6395356105775,25.004786774533386,1534.1632519128427
B10_R7_C2,B10,10,7,2,LD21-7234,13,1,58.61,240.0,65.45,248.0,2286.69452099,2232.68500592,2287,2233,397050.89924227,4435696.47626246,40.06524072,-88.20719629,2340.5141655,2233.74354428,2341,2234,397052.83209583,4435696.43824817,40.06524062,-88.20717363,2339.29867257,2301.89092194,2339,2302,397052.78844319,4435693.99093552,40.06521857,-88.20717375,2285.47902806,2300.83238358,2285,2301,397050.85558962,4435694.02894981,40.06521867,-88.20719642,2312.99659678,2267.28796393,397051.84384273,4435695.23359899,40.06522964,-88.20718502,4.73193359,"POLYGON((2286.695 2232.685, 2340.514 2233.744, 2339.299 2301.891, 2285.479 2300.832, 2286.695 2232.685))","POLYGON((397050.899 4435696.476, 397052.832 4435696.438, 397052.788 4435693.991, 397050.856 4435694.029, 397050.899 4435696.476))",4.005108590576,0.4607935020306154,1.8455280134644168,0.5392064979693846,0.2553481459617615,0.2511845529079437,0.0981276407837867,0.3779899477958679,0.2575272771657682,1,0.2496811203453996,1.9023501423766085,4,0.9987244813815984,0.5260855982505467,3201,1475,1.391952465412526,46.07935020306154,10/22/2025 2:23:35 PM,1,14,0.685,,337,N_to_S,0.685,,0.685,0.1447611186783372,1447.6111867833717,0.3306886702634084,0.130104831767207,-0.3833700889181412,1.6643406914246512,1477.6718265260783,1780.9987431182549,1936.540424624022,1603.152868289139,155.5416815057672,1382.975317570864
B10_R6_C2,B10,10,6,2,AG34XF6,13,2,58.61,230.0,65.45,238.0,2285.17515483,2317.86922799,2285,2318,397050.84467646,4435693.41712164,40.06521316,-88.20719645,2338.99479934,2318.92776635,2339,2319,397052.77753002,4435693.37910735,40.06521305,-88.20717378,2337.77930641,2387.07514401,2338,2387,397052.73387738,4435690.9317947,40.065191,-88.2071739,2283.9596619,2386.01660566,2284,2386,397050.80102382,4435690.96980899,40.06519111,-88.20719657,2311.47723062,2352.472186,397051.78927692,4435692.17445817,40.06520208,-88.20718518,4.73242188,"POLYGON((2285.175 2317.869, 2338.995 2318.928, 2337.779 2387.075, 2283.960 2386.017, 2285.175 2317.869))","POLYGON((397050.845 4435693.417, 397052.778 4435693.379, 397052.734 4435690.932, 397050.801 4435690.970, 397050.845 4435693.417))",4.005521879232001,0.4614187927815806,1.8482230699754376,0.5385812072184194,0.2966435551643371,0.2969428896903991,0.078724056482315,0.3933465778827667,0.2962313305607028,5,1.2482767915772004,0.382533594731459,7,1.7475875082080805,0.5261356565028003,3214,1483,1.393841326688933,46.14187927815806,10/22/2025 2:23:09 PM,2,14,0.685,,336,N_to_S,0.685,,0.685,0.14474618226555913,1447.4618226555913,0.3306886702634084,0.13073012251817218,-0.3881080589051623,1.5200353286215105,1477.666935433956,1831.5895918420028,1932.096114966995,1547.9683457805834,100.5065231249921,1633.1022894770144
B10_R5_C2,B10,10,5,2,LD17-10473F,13,3,58.61,220.0,65.45,228.0,2283.65578867,2403.05345007,2284,2403,397050.79011065,4435690.35798083,40.0651856,-88.2071966,2337.47543318,2404.11198843,2337,2404,397052.72296422,4435690.31996653,40.06518549,-88.20717393,2336.25994025,2472.25936609,2336,2472,397052.67931157,4435687.87265388,40.06516344,-88.20717406,2282.44029574,2471.20082773,2282,2471,397050.74645801,4435687.91066817,40.06516355,-88.20719672,2309.95786446,2437.65640808,397051.73471111,4435689.11531735,40.06517452,-88.20718533,4.73242188,"POLYGON((2283.656 2403.053, 2337.475 2404.112, 2336.260 2472.259, 2282.440 2471.201, 2283.656 2403.053))","POLYGON((397050.790 4435690.358, 397052.723 4435690.320, 397052.679 4435687.873, 397050.746 4435687.911, 397050.790 4435690.358))",4.005521879232001,0.5785826771653543,2.317525572330452,0.4214173228346457,0.210965022444725,0.2201489955186844,0.1136330068111419,0.3548382222652435,0.1932763561360976,3,0.7489660749463202,0.7897440026092271,4,0.9986214332617602,0.4166929133858267,3175,1837,1.7477667987422831,57.85826771653543,10/22/2025 2:22:42 PM,3,14,1.19,,335,N_to_S,1.19,,1.19,0.2514568713810443,2514.5687138104427,0.3306886702634084,0.24789400690194585,-0.3928460288972376,1.3757299658183697,2571.8444685586505,2073.6304221784912,2152.516168297201,2593.4544599291526,78.8857461187099,1984.9834198984804
B10_R4_C2,B10,10,4,2,AG35XF5,13,4,58.61,210.0,65.45,218.0,2282.13642251,2488.23767215,2282,2488,397050.73554485,4435687.29884001,40.06515804,-88.20719675,2335.95606702,2489.29621051,2336,2489,397052.66839841,4435687.26082571,40.06515793,-88.20717409,2334.74057409,2557.44358817,2335,2557,397052.62474577,4435684.81351306,40.06513588,-88.20717421,2280.92092958,2556.38504981,2281,2556,397050.6918922,4435684.85152735,40.06513599,-88.20719688,2308.4384983,2522.84063016,397051.68014531,4435686.05617653,40.06514696,-88.20718548,4.73193359,"POLYGON((2282.136 2488.238, 2335.956 2489.296, 2334.741 2557.444, 2280.921 2556.385, 2282.136 2488.238))","POLYGON((397050.736 4435687.299, 397052.668 4435687.261, 397052.625 4435684.814, 397050.692 4435684.852, 397050.736 4435687.299))",4.005108590576,0.3987748851454823,1.597136718202129,0.6012251148545176,0.1485032141208648,0.1408449113368988,0.0844472348690033,0.2597677409648895,0.1583906860725552,7,1.7477678424177974,0.2398895772759655,6,1.4980867220723977,0.592343032159265,3265,1302,1.204608316039082,39.87748851454824,10/22/2025 2:22:15 PM,4,14,0.835,,334,N_to_S,0.835,,0.835,0.1764606337173891,1764.606337173891,0.3306886702634084,0.06808621488207389,-0.3975839980199916,1.2314246030152287,1780.3376144002177,1886.4478332286492,1881.5858952900314,1759.7443992352732,-4.861937938617757,1745.0332824566824
B10_R3_C2,B10,10,3,2,LD21-5253,13,5,58.61,200.0,65.45,208.0,2280.61705635,2573.42189423,2281,2573,397050.68097904,4435684.23969919,40.06513047,-88.20719691,2334.43670086,2574.48043259,2334,2574,397052.61383261,4435684.20168489,40.06513037,-88.20717424,2333.22120793,2642.62781025,2333,2643,397052.57017996,4435681.75437224,40.06510832,-88.20717436,2279.40156342,2641.56927189,2279,2642,397050.6373264,4435681.79238653,40.06510842,-88.20719703,2306.91913214,2608.02485224,397051.6255795,4435682.99703571,40.06511939,-88.20718564,4.73193359,"POLYGON((2280.617 2573.422, 2334.437 2574.480, 2333.221 2642.628, 2279.402 2641.569, 2280.617 2573.422))","POLYGON((397050.681 4435684.240, 397052.614 4435684.202, 397052.570 4435681.754, 397050.637 4435681.792, 397050.681 4435684.240))",4.005108590576,0.39456419868791,1.580272461698684,0.60543580131209,0.1325330138206482,0.1273883879184723,0.0745971202850341,0.2359997630119323,0.1405017171420303,8,1.997448962763197,0.2036159516798013,2,0.4993622406907992,0.598250546704155,3201,1263,1.1918887890278105,39.456419868791,10/22/2025 2:21:50 PM,5,14,0.705,,333,N_to_S,0.705,,0.705,0.14898772068354407,1489.8772068354408,0.3306886702634084,0.06387552842450156,-0.4023219680120669,1.087119240212088,1504.6356075978322,1864.316489911583,1822.7666814123568,1448.3273983362146,-41.549808499226174,1395.3841860293387
B10_R2_C2,B10,10,2,2,AG36XF4,13,6,58.61,190.0,65.45,198.0,2279.09769019,2658.6061163,2279,2659,397050.62641324,4435681.18055837,40.06510291,-88.20719706,2332.9173347,2659.66465466,2333,2660,397052.5592668,4435681.14254407,40.0651028,-88.20717439,2331.70184177,2727.81203232,2332,2728,397052.51561415,4435678.69523142,40.06508075,-88.20717452,2277.88219726,2726.75349396,2278,2727,397050.58276059,4435678.73324571,40.06508086,-88.20719718,2305.39976598,2693.20907431,397051.5710137,4435679.93789489,40.06509183,-88.20718579,4.73144531,"POLYGON((2279.098 2658.606, 2332.917 2659.665, 2331.702 2727.812, 2277.882 2726.753, 2279.098 2658.606))","POLYGON((397050.626 4435681.181, 397052.559 4435681.143, 397052.516 4435678.695, 397050.583 4435678.733, 397050.626 4435681.181))",4.004695310384,0.314854517611026,1.2608964101300923,0.685145482388974,0.1092676073312759,0.0955055356025695,0.0646856278181076,0.1966916173696518,0.1248040542462292,13,3.246189533144149,0.1019877938129415,1,0.2497068871649345,0.6839203675344564,3265,1028,0.9511039545992138,31.485451761102603,10/22/2025 2:21:24 PM,6,14,0.5,,332,N_to_S,0.5,,0.5,0.1056759546482003,1056.759546482003,0.3306886702634084,-0.015834152652382416,-0.40705993713482086,0.9428138774089471,1053.1010754471536,1933.5956830762002,1844.402221121324,967.5660845271268,-89.19346195487628,977.7876523404943
B10_R1_C2,B10,10,1,2,LD20-11748,13,7,58.61,180.0,65.45,188.0,2277.57832403,2743.79033838,2278,2744,397050.57184743,4435678.12141755,40.06507535,-88.20719721,2331.39796854,2744.84887674,2331,2745,397052.50470099,4435678.08340325,40.06507524,-88.20717455,2330.18247561,2812.9962544,2330,2813,397052.46104835,4435675.6360906,40.06505319,-88.20717467,2276.3628311,2811.93771604,2276,2812,397050.52819478,4435675.67410489,40.0650533,-88.20719734,2303.88039982,2778.39329639,397051.51644789,4435676.87875407,40.06506427,-88.20718594,4.73144531,"POLYGON((2277.578 2743.790, 2331.398 2744.849, 2330.182 2812.996, 2276.363 2811.938, 2277.578 2743.790))","POLYGON((397050.572 4435678.121, 397052.505 4435678.083, 397052.461 4435675.636, 397050.528 4435675.674, 397050.572 4435678.121))",4.004695310384,0.3744842907013646,1.4996954827842337,0.6255157092986354,0.0922304540872573,0.0821427702903747,0.0641974508762359,0.1770333051681518,0.1015593858910541,7,1.7479482101545418,0.2174114448430409,2,0.499413774329869,0.6251983497302444,3151,1180,1.1312319496757843,37.44842907013646,10/22/2025 2:21:03 PM,7,14,0.325,,331,N_to_S,0.325,,0.325,0.0686893705213302,686.893705213302,0.3306886702634084,0.04379562043795615,-0.41179790712184194,0.7985085146058062,697.0126558349772,1838.5831859978744,1740.4285764822844,588.7390956977121,-98.15460951558998,556.9917401733302
B10_R0_C2,B10,10,0,2,AG38XF6,13,8,58.61,170.0,65.45,178.0,2276.05895787,2828.97456046,2276,2829,397050.51728162,4435675.06227673,40.06504779,-88.20719737,2329.87860238,2830.03309882,2330,2830,397052.45013519,4435675.02426244,40.06504768,-88.2071747,2328.66310945,2898.18047648,2329,2898,397052.40648254,4435672.57694978,40.06502563,-88.20717482,2274.84346495,2897.12193812,2275,2897,397050.47362898,4435672.61496407,40.06502574,-88.20719749,2302.36103366,2863.57751847,397051.46188208,4435673.81961325,40.06503671,-88.2071861,4.73193359,"POLYGON((2276.059 2828.975, 2329.879 2830.033, 2328.663 2898.180, 2274.843 2897.122, 2276.059 2828.975))","POLYGON((397050.517 4435675.062, 397052.450 4435675.024, 397052.406 4435672.577, 397050.474 4435672.615, 397050.517 4435675.062))",4.005108590576,0.342874922215308,1.3732512964576078,0.657125077784692,0.0740187019109726,0.0662650167942047,0.0491779930889606,0.1384897083044052,0.0839214539142216,11,2.746492323799396,0.1292073871740537,5,1.248405601726998,0.6512134411947729,3214,1102,1.0357472299468673,34.287492221530805,10/22/2025 2:20:38 PM,8,14,0.02,,330,N_to_S,0.02,,0.02,0.004226602005206925,42.266020052069244,0.3306886702634084,0.012186251951899596,-0.4165358771139172,0.6542031518026653,45.0816459190268,2093.407162522807,1971.6988714756033,-79.44227099513458,-121.70829104720383,-90.5450242074892
B6_R7_C2,B6,6,7,2,LG3216,13,9,58.61,160.0,65.45,168.0,2274.53959171,2914.15878254,2275,2914,397050.46271582,4435672.00313591,40.06502022,-88.20719752,2328.35923622,2915.21732089,2328,2915,397052.39556938,4435671.96512162,40.06502012,-88.20717485,2327.14374329,2983.36469856,2327,2983,397052.35191674,4435669.51780896,40.06499807,-88.20717498,2273.32409879,2982.3061602,2273,2982,397050.41906317,4435669.55582325,40.06499817,-88.20719764,2300.8416675,2948.76174055,397051.40731628,4435670.76047243,40.06500914,-88.20718625,4.73193359,"POLYGON((2274.540 2914.159, 2328.359 2915.217, 2327.144 2983.365, 2273.324 2982.306, 2274.540 2914.159))","POLYGON((397050.463 4435672.003, 397052.396 4435671.965, 397052.352 4435669.518, 397050.419 4435669.556, 397050.463 4435672.003))",4.005108590576,0.4326772883473914,1.7329195245072664,0.5673227116526085,0.122231550514698,0.1120689511299133,0.0781151875853538,0.2311318218708038,0.1286353128797867,9,2.2471300831085967,0.198474948940987,3,0.7490433610361988,0.5623242736644799,3201,1385,1.3070197726076938,43.267728834739145,10/22/2025 2:20:14 PM,9,14,0.885,,329,N_to_S,0.885,,0.885,0.1870271387304064,1870.271387304064,0.3306886702634084,0.10198861808398296,-0.42127384623667125,0.5098977889995244,1893.8357935173915,2340.3658521620873,1913.5895201347182,1443.495055276695,-426.7763320273691,1480.4092955836345
B6_R6_C2,B6,6,6,2,AG36XF4,13,10,58.61,150.0,65.45,158.0,2273.02022555,2999.34300461,2273,2999,397050.40815001,4435668.94399509,40.06499266,-88.20719767,2326.83987006,3000.40154297,2327,3000,397052.34100357,4435668.9059808,40.06499255,-88.20717501,2325.62437713,3068.54892063,2326,3069,397052.29735093,4435666.45866814,40.0649705,-88.20717513,2271.80473263,3067.49038227,2272,3067,397050.36449737,4435666.49668243,40.06497061,-88.2071978,2299.32230134,3033.94596262,397051.35275047,4435667.70133162,40.06498158,-88.2071864,4.73193359,"POLYGON((2273.020 2999.343, 2326.840 3000.402, 2325.624 3068.549, 2271.805 3067.490, 2273.020 2999.343))","POLYGON((397050.408 4435668.944, 397052.341 4435668.906, 397052.297 4435666.459, 397050.364 4435666.497, 397050.408 4435668.944))",4.005108590576,0.2992343032159265,1.1984658784051303,0.7007656967840735,0.1195899471640586,0.1005024015903472,0.0832152217626571,0.2306487560272216,0.141353995729895,9,2.2471300831085967,0.1400072383504291,3,0.7490433610361988,0.69739663093415,3265,977,0.9039188362290196,29.923430321592647,10/22/2025 2:19:47 PM,10,14,0.84,,328,N_to_S,0.84,,0.84,0.1775172842186908,1775.1728421869082,0.3306886702634084,-0.031454367047481946,-0.4260118162287465,0.365592426679638,1767.9053304173142,2305.2844030288315,1844.402221121324,1314.2906602794005,-460.88218190750763,1316.8771827333221
B6_R5_C2,B6,6,5,2,LG3216,13,11,58.61,140.0,65.45,148.0,2271.50085939,3084.52722669,2272,3085,397050.3535842,4435665.88485427,40.0649651,-88.20719783,2325.3205039,3085.58576505,2325,3086,397052.28643777,4435665.84683998,40.06496499,-88.20717516,2324.10501097,3153.73314271,2324,3154,397052.24278512,4435663.39952732,40.06494294,-88.20717528,2270.28536647,3152.67460435,2270,3153,397050.30993156,4435663.43754161,40.06494305,-88.20719795,2297.80293518,3119.1301847,397051.29818466,4435664.6421908,40.06495402,-88.20718656,4.73144531,"POLYGON((2271.501 3084.527, 2325.321 3085.586, 2324.105 3153.733, 2270.285 3152.675, 2271.501 3084.527))","POLYGON((397050.354 4435665.885, 397052.286 4435665.847, 397052.243 4435663.400, 397050.310 4435663.438, 397050.354 4435665.885))",4.004695310384,0.283637488400866,1.1358817196480446,0.7163625115991339,0.0921769216656684,0.0756301879882812,0.0651573985815048,0.191631019115448,0.1136952617261924,11,2.74677575881428,0.1075164918680647,2,0.499413774329869,0.710794927312094,3233,917,0.8568044026731323,28.363748840086604,10/22/2025 2:19:12 PM,11,14,1.03,,327,N_to_S,1.03,,1.03,0.21769246657529262,2176.924665752926,0.3306886702634084,-0.047051181862542424,-0.4307497862208218,0.2212870638764971,2166.053519706873,2374.8610557975026,1913.5895201347182,1715.6531300901418,-461.27153566278434,1702.7874493044617
B6_R4_C2,B6,6,4,2,AG29XF5,13,12,58.61,130.0,65.45,138.0,2269.98149324,3169.71144877,2270,3170,397050.2990184,4435662.82571345,40.06493754,-88.20719798,2323.80113774,3170.76998713,2324,3171,397052.23187196,4435662.78769916,40.06493743,-88.20717531,2322.58564481,3238.91736479,2323,3239,397052.18821932,4435660.3403865,40.06491538,-88.20717544,2268.76600031,3237.85882643,2269,3238,397050.25536575,4435660.3784008,40.06491549,-88.2071981,2296.28356903,3204.31440678,397051.24361886,4435661.58304998,40.06492646,-88.20718671,4.73193359,"POLYGON((2269.981 3169.711, 2323.801 3170.770, 2322.586 3238.917, 2268.766 3237.859, 2269.981 3169.711))","POLYGON((397050.299 4435662.826, 397052.232 4435662.788, 397052.188 4435660.340, 397050.255 4435660.378, 397050.299 4435662.826))",4.005108590576,0.3466295609152752,1.3882890321693555,0.6533704390847248,0.1009626686573028,0.0859551280736923,0.0677146911621093,0.1977609694004058,0.1158183810056425,6,1.4980867220723977,0.2409643513677037,2,0.4993622406907992,0.6484230055658627,3234,1121,1.0470891403082796,34.66295609152752,10/22/2025 2:18:47 PM,12,14,1.185,,326,N_to_S,1.185,,1.185,0.2504261688085103,2504.2616880851033,0.3306886702634084,0.015940890651866768,-0.4354877553385216,0.07698170107335624,2507.9448208677586,2594.032131191885,2157.017367309951,2067.2469242031693,-437.01476388193396,2073.245776726349
B6_R3_C2,B6,6,3,2,LG3216,13,13,58.61,120.0,65.45,128.0,2268.46212708,3254.89567084,2268,3255,397050.24445259,4435659.76657263,40.06490997,-88.20719813,2322.28177158,3255.9542092,2322,3256,397052.17730616,4435659.72855834,40.06490987,-88.20717547,2321.06627866,3324.10158687,2321,3324,397052.13365351,4435657.28124568,40.06488782,-88.20717559,2267.24663415,3323.04304851,2267,3323,397050.20079995,4435657.31925998,40.06488792,-88.20719826,2294.76420287,3289.49862886,397051.18905305,4435658.52390916,40.06489889,-88.20718686,4.73193359,"POLYGON((2268.462 3254.896, 2322.282 3255.954, 2321.066 3324.102, 2267.247 3323.043, 2268.462 3254.896))","POLYGON((397050.244 4435659.767, 397052.177 4435659.729, 397052.134 4435657.281, 397050.201 4435657.319, 397050.244 4435659.767))",4.005108590576,0.3780641106222501,1.514187817241649,0.6219358893777498,0.1431135684251785,0.1282050311565399,0.0947288572788238,0.2741710543632507,0.1585357055944555,5,1.248405601726998,0.3103087757666521,3,0.7490433610361988,0.6178504085480829,3182,1203,1.142045772228947,37.80641106222502,10/22/2025 2:18:21 PM,13,14,0.99,,325,N_to_S,0.99,,0.99,0.20921679925774275,2092.1679925774274,0.3306886702634084,0.04737544035884167,-0.44022572533059684,-0.06732366172978463,2103.114058345587,2327.1506456305187,1913.5895201347182,1678.606867081627,-413.5611254958005,1679.652768036424
B6_R2_C2,B6,6,2,2,AG35XF5,13,14,58.61,110.0,65.45,118.0,2266.94276092,3340.07989292,2267,3340,397050.18988679,4435656.70743181,40.06488241,-88.20719829,2320.76240542,3341.13843128,2321,3341,397052.12274035,4435656.66941752,40.0648823,-88.20717562,2319.5469125,3409.28580894,2320,3409,397052.0790877,4435654.22210486,40.06486025,-88.20717574,2265.72726799,3408.22727058,2266,3408,397050.14623414,4435654.26011916,40.06486036,-88.20719841,2293.24483671,3374.68285093,397051.13448725,4435655.46476834,40.06487133,-88.20718702,4.73242188,"POLYGON((2266.943 3340.080, 2320.762 3341.138, 2319.547 3409.286, 2265.727 3408.227, 2266.943 3340.080))","POLYGON((397050.190 4435656.707, 397052.123 4435656.669, 397052.079 4435654.222, 397050.146 4435654.260, 397050.190 4435656.707))",4.005521879232001,0.4536178107606679,1.8169760658111769,0.5463821892393321,0.1314168125391006,0.1288134753704071,0.0766370967030525,0.2331560999155044,0.1322970959485746,6,1.4979321498926403,0.3153387185159869,2,0.4993107166308801,0.5463821892393321,3234,1467,1.37027633258898,45.36178107606679,10/22/2025 2:17:50 PM,14,14,0.905,,324,N_to_S,0.905,,0.905,0.1912340072267606,1912.340072267606,0.3306886702634084,0.1229291404972595,-0.4449636944533509,-0.21162902453292548,1940.742773044935,2255.0114679474364,1881.5858952900314,1538.9144996102011,-373.4255726574049,1454.5291809098728
B6_R1_C2,B6,6,1,2,LG3216,13,15,58.61,100.0,65.45,108.0,2265.42339476,3425.264115,2265,3425,397050.13532098,4435653.64829099,40.06485485,-88.20719844,2319.24303926,3426.32265336,2319,3426,397052.06817454,4435653.6102767,40.06485474,-88.20717577,2318.02754634,3494.47003102,2318,3494,397052.0245219,4435651.16296405,40.06483269,-88.2071759,2264.20790183,3493.41149266,2264,3493,397050.09166833,4435651.20097834,40.0648328,-88.20719856,2291.72547055,3459.86707301,397051.07992144,4435652.40562752,40.06484377,-88.20718717,4.73193359,"POLYGON((2265.423 3425.264, 2319.243 3426.323, 2318.028 3494.470, 2264.208 3493.411, 2265.423 3425.264))","POLYGON((397050.135 4435653.648, 397052.068 4435653.610, 397052.025 4435651.163, 397050.092 4435651.201, 397050.135 4435653.648))",4.005108590576,0.3557067738942159,1.4246442558497987,0.6442932261057841,0.1241918951272964,0.1097177863121032,0.0845207124948501,0.2370837330818176,0.1379812420910481,6,1.4980867220723977,0.2471980410997852,5,1.248405601726998,0.6374884008660686,3233,1150,1.074509338139697,35.57067738942159,10/22/2025 2:17:24 PM,15,14,0.91,,323,N_to_S,0.91,,0.91,0.19231039123691507,1923.1039123691507,0.3306886702634084,0.025018103630807476,-0.44970166444542614,-0.35593438733606636,1928.8843295148956,2280.470246143626,1913.5895201347182,1556.223186360243,-366.8807260089077,1540.9648333777557
B6_R0_C2,B6,6,0,2,AG29XF4,13,16,58.61,90.0,65.45,98.0,2263.9040286,3510.44833708,2264,3510,397050.08075517,4435650.58915017,40.06482729,-88.20719859,2317.72367311,3511.50687544,2318,3512,397052.01360874,4435650.55113588,40.06482718,-88.20717593,2316.50818018,3579.6542531,2317,3580,397051.96995609,4435648.10382323,40.06480513,-88.20717605,2262.68853567,3578.59571474,2263,3579,397050.03710253,4435648.14183752,40.06480524,-88.20719872,2290.20610439,3545.05129509,397051.02535563,4435649.3464867,40.06481621,-88.20718732,4.73193359,"POLYGON((2263.904 3510.448, 2317.724 3511.507, 2316.508 3579.654, 2262.689 3578.596, 2263.904 3510.448))","POLYGON((397050.081 4435650.589, 397052.014 4435650.551, 397051.970 4435648.104, 397050.037 4435648.142, 397050.081 4435650.589))",4.005108590576,0.2418058132343846,0.9684585398362496,0.7581941867656153,0.1137587204575538,0.093749925494194,0.0829966142773628,0.2237623482942581,0.1433227356134676,7,1.7477678424177974,0.1440811439553034,1,0.2496811203453996,0.7578849721706865,3234,782,0.7304404172355706,24.180581323438467,10/22/2025 2:16:59 PM,16,14,0.96,,322,N_to_S,0.96,,0.96,0.20287689624993238,2028.7689624993238,0.3306886702634084,-0.08888285702902382,-0.4544396344375014,-0.5002397501392072,2008.2326341542498,2540.3401297001556,2182.798000920842,1671.22683372001,-357.54212877931377,1522.807628411769
B2_R7_C2,B2,2,7,2,AG29XF5,13,17,58.61,80.0,65.45,88.0,2262.38466244,3595.63255915,2262,3596,397050.02618937,4435647.53000935,40.06479972,-88.20719875,2316.20430695,3596.69109751,2316,3597,397051.95904293,4435647.49199506,40.06479962,-88.20717608,2314.98881402,3664.83847518,2315,3665,397051.91539029,4435645.04468241,40.06477757,-88.2071762,2261.16916951,3663.77993682,2261,3664,397049.98253672,4435645.0826967,40.06477767,-88.20719887,2288.68673823,3630.23551717,397050.97078983,4435646.28734588,40.06478864,-88.20718747,4.73242188,"POLYGON((2262.385 3595.633, 2316.204 3596.691, 2314.989 3664.838, 2261.169 3663.780, 2262.385 3595.633))","POLYGON((397050.026 4435647.530, 397051.959 4435647.492, 397051.915 4435645.045, 397049.983 4435645.083, 397050.026 4435647.530))",4.005521879232001,0.201531393568147,0.8072384062893282,0.798468606431853,0.1088542267680168,0.0909090042114257,0.0748670175671577,0.2091463357210159,0.1394229233264923,10,2.496553583154401,0.084864162283648,2,0.4993107166308801,0.7898928024502297,3265,658,0.6087805468154501,20.1531393568147,10/22/2025 2:16:32 PM,17,14,0.61,,321,N_to_S,0.61,,0.61,0.12889806011969498,1288.98060119695,0.3306886702634084,-0.12915727669526142,-0.4591776035552012,-0.6445451129423481,1259.1388934590523,2651.3115585004202,2157.017367309951,794.6864100064809,-494.29419119046906,700.283105978544
B2_R6_C2,B2,2,6,2,LD21-5253,13,18,58.61,70.0,65.45,78.0,2260.86529628,3680.81678123,2261,3681,397049.97162356,4435644.47086853,40.06477216,-88.2071989,2314.68494079,3681.87531959,2315,3682,397051.90447712,4435644.43285424,40.06477205,-88.20717623,2313.46944786,3750.02269725,2313,3750,397051.86082448,4435641.98554159,40.06475,-88.20717636,2259.64980335,3748.96415889,2260,3749,397049.92797092,4435642.02355588,40.06475011,-88.20719902,2287.16737207,3715.41973924,397050.91622402,4435643.22820506,40.06476108,-88.20718763,4.73193359,"POLYGON((2260.865 3680.817, 2314.685 3681.875, 2313.469 3750.023, 2259.650 3748.964, 2260.865 3680.817))","POLYGON((397049.972 4435644.471, 397051.904 4435644.433, 397051.861 4435641.986, 397049.928 4435642.024, 397049.972 4435644.471))",4.005108590576,0.2913360837829261,1.1668326519037664,0.7086639162170739,0.095975324511528,0.075144350528717,0.07186059653759,0.1999997794628143,0.1184759259223938,10,2.496811203453996,0.1183971139458797,2,0.4993622406907992,0.7045382418279911,3151,918,0.8800601100020086,29.133608378292607,10/22/2025 2:16:05 PM,18,14,1.21,,320,N_to_S,1.21,,1.21,0.25570942131501895,2557.0942131501893,0.3306886702634084,-0.03935258648048234,-0.46391557354727647,-0.7888504757454889,2548.0018227365103,2247.6797876787487,1822.7666814123568,2132.1811068837974,-424.9131062663919,2172.933375224994
B2_R5_C2,B2,2,5,2,AG29XF5,13,19,58.61,60.0,65.45,68.0,2259.34593012,3766.00100331,2259,3766,397049.91705775,4435641.41172771,40.0647446,-88.20719905,2313.16557463,3767.05954167,2313,3767,397051.84991132,4435641.37371342,40.06474449,-88.20717639,2311.9500817,3835.20691933,2312,3835,397051.80625867,4435638.92640077,40.06472244,-88.20717651,2258.13043719,3834.14838097,2258,3834,397049.87340511,4435638.96441506,40.06472255,-88.20719918,2285.64800591,3800.60396132,397050.86165821,4435640.16906424,40.06473352,-88.20718778,4.73193359,"POLYGON((2259.346 3766.001, 2313.166 3767.060, 2311.950 3835.207, 2258.130 3834.148, 2259.346 3766.001))","POLYGON((397049.917 4435641.412, 397051.850 4435641.374, 397051.806 4435638.926, 397049.873 4435638.964, 397049.917 4435641.412))",4.005108590576,0.4387056627255756,1.75706381851654,0.5612943372744243,0.1625439375638961,0.155737429857254,0.0968093425035476,0.2857139408588409,0.169217442164234,3,0.7490433610361988,0.606172587740343,6,1.4980867220723977,0.5407591785936527,3214,1410,1.3252301218013456,43.87056627255756,10/22/2025 2:15:42 PM,19,14,0.715,,319,N_to_S,0.715,,0.715,0.15110102168614756,1511.0102168614756,0.3306886702634084,0.10801699246216717,-0.46865354353935174,-0.9331558385486298,1535.9674751922478,2492.760844791703,2157.017367309951,1175.2667393797235,-335.74347748175205,1249.0727740367468
B2_R4_C2,B2,2,4,2,LD20-5738,13,20,58.61,50.0,65.45,58.0,2257.82656396,3851.18522539,2258,3851,397049.86249195,4435638.3525869,40.06471704,-88.20719921,2311.64620847,3852.24376375,2312,3852,397051.79534551,4435638.3145726,40.06471693,-88.20717654,2310.43071554,3920.39114141,2310,3920,397051.75169287,4435635.86725995,40.06469488,-88.20717666,2256.61107103,3919.33260305,2257,3919,397049.8188393,4435635.90527424,40.06469499,-88.20719933,2284.12863975,3885.7881834,397050.80709241,4435637.10992342,40.06470596,-88.20718793,4.73193359,"POLYGON((2257.827 3851.185, 2311.646 3852.244, 2310.431 3920.391, 2256.611 3919.333, 2257.827 3851.185))","POLYGON((397049.862 4435638.353, 397051.795 4435638.315, 397051.752 4435635.867, 397049.819 4435635.905, 397049.862 4435638.353))",4.005108590576,0.3477038425492034,1.3925916467700992,0.6522961574507966,0.1036450192332267,0.0901638567447662,0.071092814207077,0.2019542455673217,0.1179676643773621,4,0.9987244813815984,0.3588670692313839,3,0.7490433610361988,0.6463605123398938,3201,1113,1.050334301019757,34.77038425492034,10/22/2025 2:15:20 PM,20,14,1.125,,318,N_to_S,1.125,,1.125,0.23774636279288952,2377.463627928895,0.3306886702634084,0.017015172285794966,-0.4733915126621058,-1.0774612013517706,2381.3949728089883,1945.4375481262173,1650.2763496553252,2082.302429458003,-295.16119847089203,2056.540841009969
B2_R3_C2,B2,2,3,2,AG29XF4,13,21,58.61,40.0,65.45,48.0,2256.3071978,3936.36944746,2256,3936,397049.80792614,4435635.29344608,40.06468947,-88.20719936,2310.12684231,3937.42798582,2310,3937,397051.74077971,4435635.25543178,40.06468937,-88.20717669,2308.91134938,4005.57536349,2309,4006,397051.69712706,4435632.80811913,40.06466732,-88.20717682,2255.09170487,4004.51682513,2255,4005,397049.7642735,4435632.84613342,40.06466742,-88.20719948,2282.60927359,3970.97240547,397050.7525266,4435634.0507826,40.0646784,-88.20718809,4.73242188,"POLYGON((2256.307 3936.369, 2310.127 3937.428, 2308.911 4005.575, 2255.092 4004.517, 2256.307 3936.369))","POLYGON((397049.808 4435635.293, 397051.741 4435635.255, 397051.697 4435632.808, 397049.764 4435632.846, 397049.808 4435635.293))",4.005521879232001,0.4263399693721286,1.7077140753111624,0.5736600306278714,0.1330871134996414,0.1265821456909179,0.0723652318120002,0.2286975681781768,0.1393908432324726,8,1.9972428665235205,0.2244128303549354,4,0.9986214332617602,0.55895865237366,3265,1392,1.2878761719864842,42.63399693721286,10/22/2025 2:14:50 PM,21,14,0.85,,317,N_to_S,0.85,,0.85,0.17961205098646021,1796.1205098646021,0.3306886702634084,0.09565129910872017,-0.47812948265418104,-1.2217665641109794,1818.2206825051837,2391.693966733288,2182.798000920842,1587.2245440521558,-208.89596581244632,1700.7981123361403
B2_R2_C2,B2,2,2,2,LD21-5253,13,22,58.61,30.0,65.45,38.0,2254.78783164,4021.55366954,2255,4022,397049.75336034,4435632.23430526,40.06466191,-88.20719951,2308.60747615,4022.6122079,2309,4023,397051.6862139,4435632.19629096,40.0646618,-88.20717685,2307.39198322,4090.75958556,2307,4091,397051.64256125,4435629.74897831,40.06463975,-88.20717697,2253.57233871,4089.7010472,2254,4090,397049.70970769,4435629.7869926,40.06463986,-88.20719964,2281.08990743,4056.15662755,397050.6979608,4435630.99164178,40.06465083,-88.20718824,4.73193359,"POLYGON((2254.788 4021.554, 2308.607 4022.612, 2307.392 4090.760, 2253.572 4089.701, 2254.788 4021.554))","POLYGON((397049.753 4435632.234, 397051.686 4435632.196, 397051.643 4435629.749, 397049.710 4435629.787, 397049.753 4435632.234))",4.005108590576,0.3327085285848172,1.332533785992952,0.6672914714151827,0.2312140166759491,0.2103001773357391,0.1342228502035141,0.4184095859527588,0.2574991303331712,6,1.4980867220723977,0.2289268815402359,2,0.4993622406907992,0.6669790690409247,3201,1065,1.0050368648571797,33.270852858481724,10/22/2025 2:14:27 PM,22,14,0.66,,316,N_to_S,0.66,,0.66,0.13947786617182853,1394.7786617182853,0.3306886702634084,0.002019858321408774,-0.48286745177188084,-1.3660719269141202,1395.2453487160428,1978.7115155311499,1822.7666814123568,1238.8338275994922,-155.9448341187931,1214.6426241783115
B2_R1_C2,B2,2,1,2,AG29XF5,13,23,58.61,20.0,65.45,28.0,2253.26846548,4106.73789162,2253,4107,397049.69879453,4435629.17516444,40.06463435,-88.20719967,2307.08810999,4107.79642998,2307,4108,397051.63164809,4435629.13715015,40.06463424,-88.207177,2305.87261706,4175.94380764,2306,4176,397051.58799545,4435626.68983749,40.06461219,-88.20717712,2252.05297256,4174.88526928,2252,4175,397049.65514188,4435626.72785178,40.0646123,-88.20719979,2279.57054127,4141.34084963,397050.64339499,4435627.93250096,40.06462327,-88.20718839,4.73193359,"POLYGON((2253.268 4106.738, 2307.088 4107.796, 2305.873 4175.944, 2252.053 4174.885, 2253.268 4106.738))","POLYGON((397049.699 4435629.175, 397051.632 4435629.137, 397051.588 4435626.690, 397049.655 4435626.728, 397049.699 4435629.175))",4.005108590576,0.2957702994751466,1.1845921672651458,0.7042297005248533,0.1427870988845825,0.1157023310661315,0.1100699082016944,0.3015868663787842,0.1744089401142269,6,1.4980867220723977,0.2059267159770385,2,0.4993622406907992,0.7005248533497993,3239,958,0.8934548680395193,29.577029947514667,10/22/2025 2:14:04 PM,23,14,0.47,,315,N_to_S,0.47,,0.47,0.09932514712236272,993.2514712236272,0.3306886702634084,-0.03491837078826182,-0.4876054217639561,-1.5103772897172612,985.1836035632905,2240.423926289723,2157.017367309951,909.8449122438552,-83.40655897977194,856.8703690710919
B2_R0_C2,B2,2,0,2,LD11-2170,13,24,58.61,10.0,65.45,18.0,2251.74909932,4191.9221137,2252,4192,397049.64422872,4435626.11602362,40.06460679,-88.20719982,2305.56874383,4192.98065206,2306,4193,397051.57708229,4435626.07800933,40.06460668,-88.20717715,2304.3532509,4261.12802972,2304,4261,397051.53342964,4435623.63069667,40.06458463,-88.20717728,2250.5336064,4260.06949136,2251,4260,397049.60057608,4435623.66871096,40.06458474,-88.20719994,2278.05117511,4226.52507171,397050.58882918,4435624.87336014,40.06459571,-88.20718855,4.73242188,"POLYGON((2251.749 4191.922, 2305.569 4192.981, 2304.353 4261.128, 2250.534 4260.069, 2251.749 4191.922))","POLYGON((397049.644 4435626.116, 397051.577 4435626.078, 397051.533 4435623.631, 397049.601 4435623.669, 397049.644 4435626.116))",4.005521879232001,0.3617899079657252,1.4491573920420442,0.6382100920342748,0.1451404243707656,0.1298699975013733,0.1019455716013908,0.2874491214752197,0.1648096383786668,5,1.2482767915772004,0.2940581914995706,3,0.7489660749463202,0.6305934623928912,3151,1140,1.0928851039240628,36.17899079657252,10/22/2025 2:13:44 PM,24,14,0.57,,314,N_to_S,0.57,,0.57,0.12044572830856744,1204.4572830856744,0.3306886702634084,0.031101237702316764,-0.49234339175603137,-1.654682652520402,1211.6432045416466,1763.683903483067,1783.0921758570503,1223.8655554596576,19.40827237398321,1250.0776686062698
B10_R7_C1,B10,10,7,1,AG36XF4,14,1,51.77,240.0,58.61,248.0,2232.87487648,2231.62646756,2233,2232,397048.9663887,4435696.51427676,40.06524083,-88.20721896,2286.69452099,2232.68500592,2287,2233,397050.89924227,4435696.47626246,40.06524072,-88.20719629,2285.47902806,2300.83238358,2285,2301,397050.85558962,4435694.02894981,40.06521867,-88.20719642,2231.65938355,2299.77384522,2232,2300,397048.92273606,4435694.0669641,40.06521878,-88.20721908,2259.17695227,2266.22942557,397049.91098916,4435695.27161328,40.06522975,-88.20720769,4.73193359,"POLYGON((2232.875 2231.626, 2286.695 2232.685, 2285.479 2300.832, 2231.659 2299.774, 2232.875 2231.626))","POLYGON((397048.966 4435696.514, 397050.899 4435696.476, 397050.856 4435694.029, 397048.923 4435694.067, 397048.966 4435696.514))",4.005108590576,0.5270228053733208,2.1107835652301503,0.4729771946266792,0.2684708535671234,0.2759738266468048,0.131983608007431,0.438774973154068,0.2547813857302946,2,0.4993622406907992,1.087886335657403,4,0.9987244813815984,0.4629803186504217,3201,1687,1.5920161417972414,52.70228053733208,10/22/2025 2:24:58 PM,1,15,0.575,,338,S_to_N,0.575,,0.575,0.12151480764969907,1215.1480764969908,0.3306886702634084,0.19633413510991238,-0.5512004979393319,1.6661338961908652,1260.5109552200124,1682.1306295968484,1844.402221121324,1377.4196680214664,162.27159152447553,1430.860310239047
B10_R6_C1,B10,10,6,1,LD21-5665,14,2,51.77,230.0,58.61,238.0,2231.35551032,2316.81068963,2231,2317,397048.9118229,4435693.45513594,40.06521327,-88.20721911,2285.17515483,2317.86922799,2285,2318,397050.84467646,4435693.41712164,40.06521316,-88.20719645,2283.9596619,2386.01660566,2284,2386,397050.80102382,4435690.96980899,40.06519111,-88.20719657,2230.14001739,2384.9580673,2230,2385,397048.86817025,4435691.00782328,40.06519122,-88.20721924,2257.65758611,2351.41364764,397049.85642336,4435692.21247246,40.06520219,-88.20720784,4.73193359,"POLYGON((2231.356 2316.811, 2285.175 2317.869, 2283.960 2386.017, 2230.140 2384.958, 2231.356 2316.811))","POLYGON((397048.912 4435693.455, 397050.845 4435693.417, 397050.801 4435690.970, 397048.868 4435691.008, 397048.912 4435693.455))",4.005108590576,0.5367143746110765,2.149599352440448,0.4632856253889235,0.2431684732437133,0.2435894906520843,0.0769668966531753,0.3370824158191681,0.2362761219810036,2,0.4993622406907992,1.1123911849490336,9,2.2471300831085967,0.4427504667081518,3214,1725,1.62129217028888,53.67143746110765,10/22/2025 2:25:21 PM,2,15,1.32,,339,S_to_N,1.32,,1.32,0.27895573234365706,2789.5573234365706,0.3306886702634084,0.2060257043476681,-0.5559384670620859,1.5218285333877244,2837.15943315079,2034.344496753429,2143.828394071608,2899.0412207547497,109.48389731817883,2376.042977650699
B10_R5_C1,B10,10,5,1,AG36XF4,14,3,51.77,220.0,58.61,228.0,2229.83614416,2401.99491171,2230,2402,397048.85725709,4435690.39599512,40.0651857,-88.20721927,2283.65578867,2403.05345007,2284,2403,397050.79011065,4435690.35798083,40.0651856,-88.2071966,2282.44029574,2471.20082773,2282,2471,397050.74645801,4435687.91066817,40.06516355,-88.20719672,2228.62065124,2470.14228937,2229,2470,397048.81360445,4435687.94868246,40.06516365,-88.20721939,2256.13821995,2436.59786972,397049.80185755,4435689.15333164,40.06517463,-88.207208,4.73242188,"POLYGON((2229.836 2401.995, 2283.656 2403.053, 2282.440 2471.201, 2228.621 2470.142, 2229.836 2401.995))","POLYGON((397048.857 4435690.396, 397050.790 4435690.358, 397050.746 4435687.911, 397048.814 4435687.949, 397048.857 4435690.396))",4.005521879232001,0.3909869882576959,1.5661069359612263,0.609013011742304,0.1594134420156479,0.1444442868232727,0.1016057133674621,0.3076919913291931,0.1743641521416458,7,1.7475875082080805,0.2269922881751071,3,0.7489660749463202,0.5944144715963187,3151,1232,1.1810828491530223,39.0986988257696,10/22/2025 2:25:47 PM,3,15,1.27,,340,S_to_N,1.27,,1.27,0.2683615350032994,2683.6153500329942,0.3306886702634084,0.060298317994287476,-0.5606764370541611,1.3775231705845834,2697.547238570083,1817.1272578297478,1844.402221121324,2710.8903133245703,27.274963291576114,2742.8136399799273
B10_R4_C1,B10,10,4,1,LD21-3090,14,4,51.77,210.0,58.61,218.0,2228.316778,2487.17913379,2228,2487,397048.80269128,4435687.3368543,40.06515814,-88.20721942,2282.13642251,2488.23767215,2282,2488,397050.73554485,4435687.29884001,40.06515804,-88.20719675,2280.92092958,2556.38504981,2281,2556,397050.6918922,4435684.85152735,40.06513599,-88.20719688,2227.10128508,2555.32651145,2227,2555,397048.75903864,4435684.88954164,40.06513609,-88.20721954,2254.61885379,2521.7820918,397049.74729174,4435686.09419082,40.06514706,-88.20720815,4.73144531,"POLYGON((2228.317 2487.179, 2282.136 2488.238, 2280.921 2556.385, 2227.101 2555.327, 2228.317 2487.179))","POLYGON((397048.803 4435687.337, 397050.736 4435687.299, 397050.692 4435684.852, 397048.759 4435684.890, 397048.803 4435687.337))",4.004695310384,0.3050535987748851,1.2216467164295448,0.6949464012251149,0.1511421352624893,0.1418684124946594,0.0825190320611,0.2573597729206085,0.1688184415592866,10,2.497068871649345,0.1284569994445492,4,0.998827548659738,0.6934150076569678,3265,996,0.9214976058179154,30.505359877488512,10/22/2025 2:26:12 PM,4,15,0.615,,341,S_to_N,0.615,,0.615,0.12998142421728637,1299.8142421728637,0.3306886702634084,-0.025635071488523342,-0.5654144070462364,1.2332178077814426,1293.8912749907236,2164.7673328914657,2130.1369400546714,1265.1838493360694,-34.63039283679427,1304.5451390607302
B10_R3_C1,B10,10,3,1,AG40XFF5,14,5,51.77,200.0,58.61,208.0,2226.79741184,2572.36335587,2227,2572,397048.74812548,4435684.27771348,40.06513058,-88.20721957,2280.61705635,2573.42189423,2281,2573,397050.68097904,4435684.23969919,40.06513047,-88.20719691,2279.40156342,2641.56927189,2279,2642,397050.6373264,4435681.79238653,40.06510842,-88.20719703,2225.58191892,2640.51073353,2226,2641,397048.70447283,4435681.83040082,40.06510853,-88.2072197,2253.09948763,2606.96631388,397049.69272594,4435683.03505,40.0651195,-88.2072083,4.73193359,"POLYGON((2226.797 2572.363, 2280.617 2573.422, 2279.402 2641.569, 2225.582 2640.511, 2226.797 2572.363))","POLYGON((397048.748 4435684.278, 397050.681 4435684.240, 397050.637 4435681.792, 397048.704 4435681.830, 397048.748 4435684.278))",4.005108590576,0.3305217119650109,1.3237753479629517,0.669478288034989,0.0903680846095085,0.0793650448322296,0.0685891136527061,0.1893489807844162,0.1068242663261937,9,2.2471300831085967,0.1516147985412016,2,0.4993622406907992,0.6672914714151827,3201,1058,0.9984309887501374,33.05217119650109,10/22/2025 2:26:43 PM,5,15,1.205,,342,S_to_N,1.205,,1.205,0.25465277081371723,2546.5277081371723,0.3306886702634084,-0.00016695829839752374,-0.5701523761639362,1.0889124449783016,2546.489132527089,1902.1111688323251,1837.8028796867611,2482.219418991608,-64.308289145564,2497.728831702517
B10_R2_C1,B10,10,2,1,LD07-3395bf,14,6,51.77,190.0,58.61,198.0,2225.27804568,2657.54757794,2225,2658,397048.69355967,4435681.21857266,40.06510302,-88.20721973,2279.09769019,2658.6061163,2279,2659,397050.62641324,4435681.18055837,40.06510291,-88.20719706,2277.88219726,2726.75349396,2278,2727,397050.58276059,4435678.73324571,40.06508086,-88.20719718,2224.06255276,2725.6949556,2224,2726,397048.64990703,4435678.77126,40.06508097,-88.20721985,2251.58012147,2692.15053595,397049.63816013,4435679.97590918,40.06509194,-88.20720846,4.73193359,"POLYGON((2225.278 2657.548, 2279.098 2658.606, 2277.882 2726.753, 2224.063 2725.695, 2225.278 2657.548))","POLYGON((397048.694 4435681.219, 397050.626 4435681.181, 397050.583 4435678.733, 397048.650 4435678.771, 397048.694 4435681.219))",4.005108590576,0.3068912710566616,1.2291328660818228,0.6931087289433384,0.0972980931401252,0.080568641424179,0.0791564285755157,0.2027515769004821,0.1176575896739959,11,2.746492323799396,0.1174825789005461,3,0.7490433610361988,0.6897396630934151,3265,1002,0.9270487962144088,30.68912710566616,10/22/2025 2:27:10 PM,6,15,1.475,,343,S_to_N,1.475,,1.475,0.3117118978840107,3117.118978840107,0.3306886702634084,-0.02379739920674684,-0.5748903461560115,0.9446070821751609,3111.620604685584,2086.7967413452375,1987.9545781255385,3018.2768156204083,-98.84216321969893,2900.350600015604
B10_R1_C1,B10,10,1,1,AG34XF6,14,7,51.77,180.0,58.61,188.0,2223.75867953,2742.73180002,2224,2743,397048.63899387,4435678.15943184,40.06507545,-88.20721988,2277.57832403,2743.79033838,2278,2744,397050.57184743,4435678.12141755,40.06507535,-88.20719721,2276.3628311,2811.93771604,2276,2812,397050.52819478,4435675.67410489,40.0650533,-88.20719734,2222.5431866,2810.87917768,2223,2811,397048.59534122,4435675.71211918,40.0650534,-88.20722,2250.06075531,2777.33475803,397049.58359433,4435676.91676837,40.06506438,-88.20720861,4.73193359,"POLYGON((2223.759 2742.732, 2277.578 2743.790, 2276.363 2811.938, 2222.543 2810.879, 2223.759 2742.732))","POLYGON((397048.639 4435678.159, 397050.572 4435678.121, 397050.528 4435675.674, 397048.595 4435675.712, 397048.639 4435678.159))",4.005108590576,0.2792877225866916,1.1185776569743653,0.7207122774133083,0.0890030786395073,0.0790190398693084,0.0585088916122913,0.1679387688636779,0.1030449919840868,13,3.245854564490195,0.0886936650474413,1,0.2496811203453996,0.7203998750390503,3201,894,0.8436647485279988,27.928772258669166,10/22/2025 2:27:37 PM,7,15,0.885,,344,S_to_N,0.885,,0.885,0.1870271387304064,1870.271387304064,0.3306886702634084,-0.051400947676716824,-0.5796283152787655,0.8003017198552744,1858.3952305960013,2059.901923681319,1932.096114966995,1742.4655785897398,-127.80580871432426,1727.2961394650388
B10_R0_C1,B10,10,0,1,LD21-7234,14,8,51.77,170.0,58.61,178.0,2222.23931337,2827.9160221,2222,2828,397048.58442806,4435675.10029102,40.06504789,-88.20722003,2276.05895787,2828.97456046,2276,2829,397050.51728162,4435675.06227673,40.06504779,-88.20719737,2274.84346495,2897.12193812,2275,2897,397050.47362898,4435672.61496407,40.06502574,-88.20719749,2221.02382044,2896.06339976,2221,2896,397048.54077541,4435672.65297836,40.06502584,-88.20722016,2248.54138916,2862.51898011,397049.52902852,4435673.85762755,40.06503681,-88.20720876,4.73242188,"POLYGON((2222.239 2827.916, 2276.059 2828.975, 2274.843 2897.122, 2221.024 2896.063, 2222.239 2827.916))","POLYGON((397048.584 4435675.100, 397050.517 4435675.062, 397050.474 4435672.615, 397048.541 4435672.653, 397048.584 4435675.100))",4.005521879232001,0.2968263845675171,1.1889445777185217,0.7031736154324829,0.1041988581418991,0.0917898416519165,0.0630165636539459,0.191899836063385,0.1219411311780704,10,2.496553583154401,0.1230401380221887,1,0.24965535831544,0.7016179215930305,3214,954,0.8966450611336763,29.682638456751707,10/22/2025 2:28:02 PM,8,15,1.235,,345,S_to_N,1.235,,1.235,0.2609657446685628,2609.657446685628,0.3306886702634084,-0.033862285695891337,-0.5843662852708408,0.6559963570521335,2601.8335868232202,2076.39158716464,1936.540424624022,2469.80628414501,-139.8511625406179,2536.7844132934442
B6_R7_C1,B6,6,7,1,AG38XF6,14,9,51.77,160.0,58.61,168.0,2220.71994721,2913.10024418,2221,2913,397048.52986225,4435672.0411502,40.06502033,-88.20722019,2274.53959171,2914.15878254,2275,2914,397050.46271582,4435672.00313591,40.06502022,-88.20719752,2273.32409879,2982.3061602,2273,2982,397050.41906317,4435669.55582325,40.06499817,-88.20719764,2219.50445428,2981.24762184,2220,2981,397048.48620961,4435669.59383755,40.06499828,-88.20722031,2247.022023,2947.70320219,397049.47446271,4435670.79848673,40.06500925,-88.20720891,4.73193359,"POLYGON((2220.720 2913.100, 2274.540 2914.159, 2273.324 2982.306, 2219.504 2981.248, 2220.720 2913.100))","POLYGON((397048.530 4435672.041, 397050.463 4435672.003, 397050.419 4435669.556, 397048.486 4435669.594, 397048.530 4435672.041))",4.005108590576,0.2995938769134645,1.1999060101100856,0.7004061230865355,0.1032176911830902,0.0740740299224853,0.0911980792880058,0.2402231395244598,0.1307690858840942,6,1.4980867220723977,0.2061416707953861,4,0.9987244813815984,0.6954076850984068,3201,959,0.905005026664822,29.959387691346457,10/22/2025 2:28:28 PM,9,15,0.91,,346,S_to_N,0.91,,0.91,0.19231039123691507,1923.1039123691507,0.3306886702634084,-0.031094793349943917,-0.589104255262916,0.5116909942489927,1915.9194798767505,2436.5747218621095,1971.6988714756033,1458.2280619826445,-464.8758503865063,1496.1678913283704
B6_R6_C1,B6,6,6,1,LG3216,14,10,51.77,150.0,58.61,158.0,2219.20058105,2998.28446625,2219,2998,397048.47529645,4435668.98200938,40.06499277,-88.20722034,2273.02022555,2999.34300461,2273,2999,397050.40815001,4435668.94399509,40.06499266,-88.20719767,2271.80473263,3067.49038227,2272,3067,397050.36449737,4435666.49668243,40.06497061,-88.2071978,2217.98508812,3066.43184391,2218,3066,397048.4316438,4435666.53469673,40.06497072,-88.20722046,2245.50265684,3032.88742426,397049.41989691,4435667.73934591,40.06498169,-88.20720907,4.73193359,"POLYGON((2219.201 2998.284, 2273.020 2999.343, 2271.805 3067.490, 2217.985 3066.432, 2219.201 2998.284))","POLYGON((397048.475 4435668.982, 397050.408 4435668.944, 397050.364 4435666.497, 397048.432 4435666.535, 397048.475 4435668.982))",4.005108590576,0.4450229709035222,1.78236532376935,0.5549770290964777,0.1521281599998474,0.1466664969921112,0.0906657353043556,0.264981746673584,0.1537428623601502,5,1.248405601726998,0.374795221270944,5,1.248405601726998,0.5500765696784073,3265,1453,1.3443132743508346,44.50229709035222,10/22/2025 2:28:53 PM,10,15,0.87,,347,S_to_N,0.87,,0.87,0.1838571872265012,1838.5718722650122,0.3306886702634084,0.1143343006401138,-0.5938422243806158,0.3673856314458518,1864.9887406863666,2347.9852953168474,1913.5895201347182,1404.176097082883,-434.3957751821292,1437.9032768626878
B6_R5_C1,B6,6,5,1,AG34XF6,14,11,51.77,140.0,58.61,148.0,2217.68121489,3083.46868833,2218,3083,397048.42073064,4435665.92286856,40.0649652,-88.20722049,2271.50085939,3084.52722669,2272,3085,397050.3535842,4435665.88485427,40.0649651,-88.20719783,2270.28536647,3152.67460435,2270,3153,397050.30993156,4435663.43754161,40.06494305,-88.20719795,2216.46572196,3151.61606599,2216,3152,397048.377078,4435663.47555591,40.06494315,-88.20722062,2243.98329068,3118.07164634,397049.3653311,4435664.68020509,40.06495413,-88.20720922,4.73144531,"POLYGON((2217.681 3083.469, 2271.501 3084.527, 2270.285 3152.675, 2216.466 3151.616, 2217.681 3083.469))","POLYGON((397048.421 4435665.923, 397050.354 4435665.885, 397050.310 4435663.438, 397048.377 4435663.476, 397048.421 4435665.923))",4.004695310384,0.2852233676975945,1.142232683030488,0.7147766323024055,0.1158577650785446,0.0926723778247833,0.0871645361185073,0.2352938652038574,0.1421618551600213,13,3.246189533144149,0.0905786534544898,1,0.2497068871649345,0.7141518275538894,3201,913,0.8615949836756855,28.52233676975945,10/22/2025 2:29:18 PM,11,15,1.2,,348,S_to_N,1.2,,1.2,0.2536222911556807,2536.222911556807,0.3306886702634084,-0.045465302565813936,-0.5985801943726912,0.22308026864271094,2525.7181819271686,2400.0465015522886,1932.096114966995,2068.272524971513,-467.9503865852937,2049.19758016388
B6_R4_C1,B6,6,4,1,LG3216,14,12,51.77,130.0,58.61,138.0,2216.16184873,3168.65291041,2216,3169,397048.36616483,4435662.86372774,40.06493764,-88.20722065,2269.98149324,3169.71144877,2270,3170,397050.2990184,4435662.82571345,40.06493754,-88.20719798,2268.76600031,3237.85882643,2269,3238,397050.25536575,4435660.3784008,40.06491549,-88.2071981,2214.9463558,3236.80028807,2215,3237,397048.32251219,4435660.41641509,40.06491559,-88.20722077,2242.46392452,3203.25586842,397049.31076529,4435661.62106427,40.06492656,-88.20720937,4.73193359,"POLYGON((2216.162 3168.653, 2269.981 3169.711, 2268.766 3237.859, 2214.946 3236.800, 2216.162 3168.653))","POLYGON((397048.366 4435662.864, 397050.299 4435662.826, 397050.255 4435660.378, 397048.323 4435660.416, 397048.366 4435662.864))",4.005108590576,0.2248085758039816,0.9003827581876825,0.7751914241960184,0.0644244402647018,0.0473815202713012,0.0585445389151573,0.1469692289829254,0.0890410244464874,9,2.2471300831085967,0.1051845577781115,2,0.4993622406907992,0.7693721286370597,3265,734,0.6790956251710341,22.48085758039816,10/22/2025 2:29:41 PM,12,15,0.795,,349,S_to_N,0.795,,0.795,0.16800742970697527,1680.0742970697527,0.3306886702634084,-0.10588009445942684,-0.6033181643647664,0.07877490583957007,1655.6107676816703,2385.6435073902962,1913.5895201347182,1208.0203098141747,-472.053987255578,1173.5727713039432
B6_R3_C1,B6,6,3,1,AG35XF5,14,13,51.77,120.0,58.61,128.0,2214.64248257,3253.83713248,2215,3254,397048.31159903,4435659.80458692,40.06491008,-88.2072208,2268.46212708,3254.89567084,2268,3255,397050.24445259,4435659.76657263,40.06490997,-88.20719813,2267.24663415,3323.04304851,2267,3323,397050.20079995,4435657.31925998,40.06488792,-88.20719826,2213.42698964,3321.98451015,2213,3322,397048.26794638,4435657.35727427,40.06488803,-88.20722092,2240.94455836,3288.4400905,397049.25619949,4435658.56192345,40.064899,-88.20720953,4.73193359,"POLYGON((2214.642 3253.837, 2268.462 3254.896, 2267.247 3323.043, 2213.427 3321.985, 2214.642 3253.837))","POLYGON((397048.312 4435659.805, 397050.244 4435659.767, 397050.201 4435657.319, 397048.268 4435657.357, 397048.312 4435659.805))",4.005108590576,0.3595683909869883,1.4401104516415766,0.6404316090130118,0.1266632229089737,0.1081080436706543,0.1006368771195411,0.2467529773712158,0.1420795943222794,6,1.4980867220723977,0.2435438091878753,1,0.2496811203453996,0.6363059346239289,3151,1133,1.0861744059175116,35.95683909869883,10/22/2025 2:30:05 PM,13,15,1.405,,350,S_to_N,1.405,,1.405,0.29691879086578643,2969.187908657864,0.3306886702634084,0.02887972072357986,-0.6080561334875204,-0.0655304569635708,2975.8605500098383,2306.1603001992517,1881.5858952900314,2544.613503748644,-424.5744049092202,2516.5336508441524
B6_R2_C1,B6,6,2,1,LG3216,14,14,51.77,110.0,58.61,118.0,2213.12311641,3339.02135456,2213,3339,397048.25703322,4435656.7454461,40.06488252,-88.20722095,2266.94276092,3340.07989292,2267,3340,397050.18988679,4435656.70743181,40.06488241,-88.20719829,2265.72726799,3408.22727058,2266,3408,397050.14623414,4435654.26011916,40.06486036,-88.20719841,2211.90762348,3407.16873222,2212,3407,397048.21338058,4435654.29813345,40.06486047,-88.20722108,2239.4251922,3373.62431257,397049.20163368,4435655.50278263,40.06487144,-88.20720968,4.73193359,"POLYGON((2213.123 3339.021, 2266.943 3340.080, 2265.727 3408.227, 2211.908 3407.169, 2213.123 3339.021))","POLYGON((397048.257 4435656.745, 397050.190 4435656.707, 397050.146 4435654.260, 397048.213 4435654.298, 397048.257 4435656.745))",4.005108590576,0.3382078406969508,1.3545591281755172,0.6617921593030491,0.0974409207701683,0.0771662145853042,0.0881354436278343,0.2186267971992492,0.1168669814268748,4,0.9987244813815984,0.3504838313158259,2,0.4993622406907992,0.6614810205351587,3214,1087,1.0216490371617466,33.82078406969509,10/22/2025 2:30:30 PM,14,15,0.925,,351,S_to_N,0.925,,0.925,0.19548034274082027,1954.8034274082027,0.3306886702634084,0.007519170433542388,-0.6127941034795956,-0.20983581976671167,1956.5407270188057,2320.2676428176974,1913.5895201347182,1548.1253047252235,-406.67812268297916,1532.693449391777
B6_R1_C1,B6,6,1,1,AG38XF6,14,15,51.77,100.0,58.61,108.0,2211.60375025,3424.20557664,2212,3424,397048.20246742,4435653.68630528,40.06485495,-88.20722111,2265.42339476,3425.264115,2265,3425,397050.13532098,4435653.64829099,40.06485485,-88.20719844,2264.20790183,3493.41149266,2264,3493,397050.09166833,4435651.20097834,40.0648328,-88.20719856,2210.38825732,3492.3529543,2210,3492,397048.15881477,4435651.23899263,40.0648329,-88.20722123,2237.90582604,3458.80853465,397049.14706788,4435652.44364181,40.06484388,-88.20720983,4.73193359,"POLYGON((2211.604 3424.206, 2265.423 3425.264, 2264.208 3493.411, 2210.388 3492.353, 2211.604 3424.206))","POLYGON((397048.202 4435653.686, 397050.135 4435653.648, 397050.092 4435651.201, 397048.159 4435651.239, 397048.202 4435653.686))",4.005108590576,0.2867853795688847,1.148606587362939,0.7132146204311153,0.1095462068915367,0.0947867333889007,0.0829759612679481,0.2182738631963729,0.1302457954369339,7,1.7477678424177974,0.1691387342083996,3,0.7490433610361988,0.7129022180568573,3201,918,0.8663134666092873,28.678537956888476,10/22/2025 2:30:55 PM,15,15,0.965,,352,S_to_N,0.965,,0.965,0.2039335467512341,2039.335467512341,0.3306886702634084,-0.0439032906945237,-0.6175320725972955,-0.35414118256985255,2029.191639745446,2360.9382850523048,1971.6988714756033,1650.0960539356395,-389.2394135767015,1667.8215943603018
B6_R0_C1,B6,6,0,1,LG3216,14,16,51.77,90.0,58.61,98.0,2210.08438409,3509.38979872,2210,3509,397048.14790161,4435650.62716447,40.06482739,-88.20722126,2263.9040286,3510.44833708,2264,3510,397050.08075517,4435650.58915017,40.06482729,-88.20719859,2262.68853567,3578.59571474,2263,3579,397050.03710253,4435648.14183752,40.06480524,-88.20719872,2208.86889116,3577.53717638,2209,3578,397048.10424896,4435648.17985181,40.06480534,-88.20722138,2236.38645988,3543.99275673,397049.09250207,4435649.38450099,40.06481631,-88.20720999,4.73144531,"POLYGON((2210.084 3509.390, 2263.904 3510.448, 2262.689 3578.596, 2208.869 3577.537, 2210.084 3509.390))","POLYGON((397048.148 4435650.627, 397050.081 4435650.589, 397050.037 4435648.142, 397048.104 4435648.180, 397048.148 4435650.627))",4.004695310384,0.2784073506891271,1.114936611681181,0.7215926493108729,0.0867764577269554,0.0705128014087677,0.073564276099205,0.1848956495523452,0.1075583915289709,6,1.4982413229896072,0.1953939298780041,1,0.2497068871649345,0.7215926493108729,3265,909,0.8410053450687601,27.840735068912707,10/22/2025 2:31:18 PM,16,15,0.905,,353,S_to_N,0.905,,0.905,0.19127347791324256,1912.7347791324257,0.3306886702634084,-0.05228131957428134,-0.6222700425893708,-0.4984465453729934,1900.6552130498392,2268.956623180052,1913.5895201347182,1557.3676760870921,-355.3671030453336,1516.0296262153392
B2_R7_C1,B2,2,7,1,LD20-5738,14,17,51.77,80.0,58.61,88.0,2208.56501793,3594.57402079,2209,3595,397048.0933358,4435647.56802365,40.06479983,-88.20722141,2262.38466244,3595.63255915,2262,3596,397050.02618937,4435647.53000935,40.06479972,-88.20719875,2261.16916951,3663.77993682,2261,3664,397049.98253672,4435645.0826967,40.06477767,-88.20719887,2207.349525,3662.72139846,2207,3663,397048.04968316,4435645.12071099,40.06477778,-88.20722154,2234.86709372,3629.17697881,397049.03793626,4435646.32536017,40.06478875,-88.20721014,4.73193359,"POLYGON((2208.565 3594.574, 2262.385 3595.633, 2261.169 3663.780, 2207.350 3662.721, 2208.565 3594.574))","POLYGON((397048.093 4435647.568, 397050.026 4435647.530, 397049.983 4435645.083, 397048.050 4435645.121, 397048.093 4435647.568))",4.005108590576,0.2983442674164324,1.1949011883786569,0.7016557325835676,0.1236377209424972,0.1044774651527404,0.0848800912499427,0.2335523962974548,0.1446530503385207,8,1.997448962763197,0.1539613886414967,2,0.4993622406907992,0.7004061230865355,3201,955,0.9012302403179406,29.83442674164324,10/22/2025 2:31:39 PM,17,15,0.745,,354,S_to_N,0.745,,0.745,0.15744092469395793,1574.4092469395794,0.3306886702634084,-0.03234440284697604,-0.627008012581446,-0.6427519081761343,1566.9360929569846,2128.3310174769053,1650.2763496553252,1096.3545791179993,-478.0546678215801,1123.85818435203
B2_R6_C1,B2,2,6,1,AG29XF5,14,18,51.77,70.0,58.61,78.0,2207.04565177,3679.75824287,2207,3680,397048.03877,4435644.50888283,40.06477227,-88.20722157,2260.86529628,3680.81678123,2261,3681,397049.97162356,4435644.47086853,40.06477216,-88.2071989,2259.64980335,3748.96415889,2260,3749,397049.92797092,4435642.02355588,40.06475011,-88.20719902,2205.83015885,3747.90562053,2206,3748,397047.99511735,4435642.06157017,40.06475022,-88.20722169,2233.34772756,3714.36120088,397048.98337046,4435643.26621935,40.06476119,-88.20721029,4.73193359,"POLYGON((2207.046 3679.758, 2260.865 3680.817, 2259.650 3748.964, 2205.830 3747.906, 2207.046 3679.758))","POLYGON((397048.039 4435644.509, 397049.972 4435644.471, 397049.928 4435642.024, 397047.995 4435642.062, 397048.039 4435644.509))",4.005108590576,0.2268201617921593,0.9084393785096152,0.7731798382078408,0.0758954584598541,0.0499999523162841,0.0720169618725776,0.1739127933979034,0.10361298173666,8,1.997448962763197,0.1175265469315718,2,0.4993622406907992,0.7641568139390168,3214,729,0.6851721693568659,22.68201617921593,10/22/2025 2:32:06 PM,18,15,0.83,,355,S_to_N,0.83,,0.83,0.17540398321608736,1754.0398321608736,0.3306886702634084,-0.10386850847124912,-0.6317459817042,-0.7870572709792751,1730.0410784531464,2602.813161057175,2157.017367309951,1308.2440384136498,-445.7957937472238,1227.0734202604967
B2_R5_C1,B2,2,5,1,LD20-4988,14,19,51.77,60.0,58.61,68.0,2205.52628561,3764.94246495,2206,3765,397047.98420419,4435641.44974201,40.0647447,-88.20722172,2259.34593012,3766.00100331,2259,3766,397049.91705775,4435641.41172771,40.0647446,-88.20719905,2258.13043719,3834.14838097,2258,3834,397049.87340511,4435638.96441506,40.06472255,-88.20719918,2204.31079269,3833.08984261,2204,3833,397047.94055155,4435639.00242935,40.06472265,-88.20722184,2231.8283614,3799.54542296,397048.92880465,4435640.20707853,40.06473363,-88.20721045,4.73193359,"POLYGON((2205.526 3764.942, 2259.346 3766.001, 2258.130 3834.148, 2204.311 3833.090, 2205.526 3764.942))","POLYGON((397047.984 4435641.450, 397049.917 4435641.412, 397049.873 4435638.964, 397047.941 4435639.002, 397047.984 4435641.450))",4.005108590576,0.339892097746747,1.361304760554394,0.660107902253253,0.1139320284128189,0.0909090936183929,0.0929129719734191,0.2430275976657867,0.1343724974230224,6,1.4980867220723977,0.2302166104503217,3,0.7490433610361988,0.6540780704538242,3151,1071,1.0267367950023432,33.989209774674705,10/22/2025 2:32:35 PM,19,15,0.815,,356,S_to_N,0.815,,0.815,0.17223403171218216,1722.3403171218215,0.3306886702634084,0.009203427483338578,-0.6364839516962753,-0.9313626337384838,1724.4667632669561,2434.2226906429773,2069.8247828975273,1357.9424093763714,-364.3979077454501,1327.5636752385492
B2_R4_C1,B2,2,4,1,AG29XF5,14,20,51.77,50.0,58.61,58.0,2204.00691945,3850.12668703,2204,3850,397047.92963838,4435638.39060119,40.06471714,-88.20722187,2257.82656396,3851.18522539,2258,3851,397049.86249195,4435638.3525869,40.06471704,-88.20719921,2256.61107103,3919.33260305,2257,3919,397049.8188393,4435635.90527424,40.06469499,-88.20719933,2202.79142653,3918.27406469,2203,3918,397047.88598574,4435635.94328853,40.06469509,-88.207222,2230.30899524,3884.72964504,397048.87423884,4435637.14793771,40.06470606,-88.2072106,4.73242188,"POLYGON((2204.007 3850.127, 2257.827 3851.185, 2256.611 3919.333, 2202.791 3918.274, 2204.007 3850.127))","POLYGON((397047.930 4435638.391, 397049.862 4435638.353, 397049.819 4435635.905, 397047.886 4435635.943, 397047.930 4435638.391))",4.005521879232001,0.3114854517611026,1.2476617920915605,0.6885145482388975,0.0886069312691688,0.0671140253543853,0.0718418657779693,0.1879263222217559,0.1082396261364805,6,1.4979321498926403,0.2186090502595492,5,1.2482767915772004,0.6787136294027565,3265,1017,0.9409267722056426,31.14854517611026,10/22/2025 2:33:03 PM,20,15,0.935,,357,S_to_N,0.935,,0.935,0.19757325608510626,1975.7325608510625,0.3306886702634084,-0.01920321850230583,-0.6412219216832964,-1.0756679965416247,1971.2956692655819,2466.2177141804136,2157.017367309951,1666.5322139806,-309.20034687046245,1639.1213720588423
B2_R3_C1,B2,2,3,1,LD21-7234,14,21,51.77,40.0,58.61,48.0,2202.48755329,3935.3109091,2202,3935,397047.87507258,4435635.33146037,40.06468958,-88.20722203,2256.3071978,3936.36944746,2256,3936,397049.80792614,4435635.29344608,40.06468947,-88.20719936,2255.09170487,4004.51682513,2255,4005,397049.7642735,4435632.84613342,40.06466742,-88.20719948,2201.27206037,4003.45828677,2201,4003,397047.83141993,4435632.88414771,40.06466753,-88.20722215,2228.78962908,3969.91386712,397048.81967304,4435634.08879689,40.0646785,-88.20721075,4.73193359,"POLYGON((2202.488 3935.311, 2256.307 3936.369, 2255.092 4004.517, 2201.272 4003.458, 2202.488 3935.311))","POLYGON((397047.875 4435635.331, 397049.808 4435635.293, 397049.764 4435632.846, 397047.831 4435632.884, 397047.875 4435635.331))",4.005108590576,0.3195174760284565,1.2797021880807322,0.6804825239715435,0.0956775695085525,0.0795453786849975,0.0658385902643203,0.1892443746328354,0.1131518761176689,8,1.997448962763197,0.1665362455148336,1,0.2496811203453996,0.6780080420661924,3233,1033,0.9651896924333104,31.951747602845654,10/22/2025 2:33:27 PM,21,15,1.01,,358,S_to_N,1.01,,1.01,0.2134434012629497,2134.434012629497,0.3306886702634084,-0.011171194234951942,-0.6459598908060504,-1.2199733593447655,2131.85291521112,2175.6358662137113,1936.540424624022,1895.3385710398077,-239.09544158968924,1899.8952524827241
B2_R2_C1,B2,2,2,1,AG29XF4,14,22,51.77,30.0,58.61,38.0,2200.96818714,4020.49513118,2201,4020,397047.82050677,4435632.27231955,40.06466202,-88.20722218,2254.78783164,4021.55366954,2255,4022,397049.75336034,4435632.23430526,40.06466191,-88.20719951,2253.57233871,4089.7010472,2254,4090,397049.70970769,4435629.7869926,40.06463986,-88.20719964,2199.75269421,4088.64250884,2200,4089,397047.77685413,4435629.82500689,40.06463997,-88.2072223,2227.27026292,4055.09808919,397048.76510723,4435631.02965607,40.06465094,-88.20721091,4.73144531,"POLYGON((2200.968 4020.495, 2254.788 4021.554, 2253.572 4089.701, 2199.753 4088.643, 2200.968 4020.495))","POLYGON((397047.821 4435632.272, 397049.753 4435632.234, 397049.710 4435629.787, 397047.777 4435629.825, 397047.821 4435632.272))",4.004695310384,0.2807668521954236,1.1243856962982908,0.7192331478045764,0.1165005639195442,0.0963854193687439,0.0850311070680618,0.2405727058649063,0.143698147780755,11,2.74677575881428,0.106461259123449,1,0.2497068871649345,0.7142857142857143,3234,908,0.8481328629794095,28.07668521954236,10/22/2025 2:33:52 PM,22,15,0.43,,359,S_to_N,0.43,,0.43,0.09088132099745226,908.8132099745226,0.3306886702634084,-0.04992181806798485,-0.6506978607981256,-1.3642787221479065,897.2788052344453,2356.109426347585,2182.798000920842,735.5017845477792,-173.31142542674343,644.6498421292367
B2_R1_C1,B2,2,1,1,LD20-5413,14,23,51.77,20.0,58.61,28.0,2199.44882098,4105.67935326,2199,4106,397047.76594097,4435629.21317873,40.06463445,-88.20722233,2253.26846548,4106.73789162,2253,4107,397049.69879453,4435629.17516444,40.06463435,-88.20719967,2252.05297256,4174.88526928,2252,4175,397049.65514188,4435626.72785178,40.0646123,-88.20719979,2198.23332805,4173.82673092,2198,4174,397047.72228832,4435626.76586607,40.0646124,-88.20722245,2225.75089677,4140.28231127,397048.71054143,4435627.97051526,40.06462338,-88.20721106,4.73193359,"POLYGON((2199.449 4105.679, 2253.268 4106.738, 2252.053 4174.885, 2198.233 4173.827, 2199.449 4105.679))","POLYGON((397047.766 4435629.213, 397049.699 4435629.175, 397049.655 4435626.728, 397047.722 4435626.766, 397047.766 4435629.213))",4.005108590576,0.3164243736467677,1.2673139771602993,0.6835756263532322,0.1306946277618408,0.1099998950958252,0.0905782207846641,0.2534061074256897,0.1522171123729032,11,2.746492323799396,0.1199447886379827,2,0.4993622406907992,0.6770801113516858,3233,1023,0.9558461329712262,31.642437364676773,10/22/2025 2:34:21 PM,23,15,0.815,,360,S_to_N,0.815,,0.815,0.17223403171218216,1722.3403171218215,0.3306886702634084,-0.014264296616640748,-0.6554358299208797,-1.508584084511725,1719.0445603389899,1997.2393037696045,1913.3920620325637,1638.4930753847807,-83.8472417370408,1456.5848209777484
B2_R0_C1,B2,2,0,1,AG29XF5,14,24,51.77,10.0,58.61,18.0,2197.92945482,4190.86357534,2198,4191,397047.71137516,4435626.15403791,40.06460689,-88.20722249,2251.74909932,4191.9221137,2252,4192,397049.64422872,4435626.11602362,40.06460679,-88.20719982,2250.5336064,4260.06949136,2251,4260,397049.60057608,4435623.66871096,40.06458474,-88.20719994,2196.71396189,4259.010953,2197,4259,397047.66772251,4435623.70672525,40.06458484,-88.20722261,2224.23153061,4225.46653335,397048.65597562,4435624.91137444,40.06459581,-88.20721121,4.73144531,"POLYGON((2197.929 4190.864, 2251.749 4191.922, 2250.534 4260.069, 2196.714 4259.011, 2197.929 4190.864))","POLYGON((397047.711 4435626.154, 397049.644 4435626.116, 397049.601 4435623.669, 397047.668 4435623.707, 397047.711 4435626.154))",4.004695310384,0.3178391959798995,1.2728491375969246,0.6821608040201005,0.093685582280159,0.0794372707605362,0.0637414157390594,0.1830983906984329,0.1092067216541253,9,2.2473619844844106,0.1450228507785406,4,0.998827548659738,0.6758793969849246,3184,1012,0.960119989755328,31.78391959798995,10/22/2025 2:34:47 PM,24,15,0.48,,361,S_to_N,0.48,,0.48,0.10144891646227229,1014.4891646227229,0.3306886702634084,-0.01284947428350891,-0.6601737999129549,-1.6528894472709337,1011.5203016522003,2152.8239669181144,2157.017367309951,1018.6825650145597,4.1934003918368035,976.9963967511344
B10_R7_C0,B10,10,7,0,LD21-5665,15,1,44.94,240.0,51.78,248.0,2179.13391567,2230.56947677,2179,2231,397047.03636095,4435696.55223547,40.06524094,-88.20724159,2232.95356017,2231.62801513,2233,2232,397048.96921451,4435696.51422118,40.06524083,-88.20721893,2231.73806724,2299.77539279,2232,2300,397048.92556187,4435694.06690852,40.06521878,-88.20721905,2177.91842274,2298.71685443,2178,2299,397046.9927083,4435694.10492282,40.06521889,-88.20724172,2205.43599145,2265.17243478,397047.98096141,4435695.309572,40.06522986,-88.20723032,4.73193359,"POLYGON((2179.134 2230.569, 2232.954 2231.628, 2231.738 2299.775, 2177.918 2298.717, 2179.134 2230.569))","POLYGON((397047.036 4435696.552, 397048.969 4435696.514, 397048.926 4435694.067, 397046.993 4435694.105, 397047.036 4435696.552))",4.005108590576,0.5500765696784073,2.203116394693567,0.4499234303215926,0.2779537737369537,0.2842463254928589,0.0928865373134613,0.3943656980991363,0.2680316735155442,2,0.4993622406907992,1.158176561257081,6,1.4980867220723977,0.4370597243491577,3265,1796,1.6616563253503775,55.00765696784073,10/22/2025 2:47:39 PM,1,16,1.21,,385,N_to_S,1.21,,1.21,0.25570942131501895,2557.0942131501893,0.3306886702634084,0.21938789941499892,-0.7187855399422296,1.6679244796094834,2607.7836496503155,2001.814390804907,2143.828394071608,2699.10821641689,142.0140032667009,2143.5782450227234
B10_R6_C0,B10,10,6,0,AG35XF5,15,2,44.94,230.0,51.78,238.0,2177.61454951,2315.75369884,2178,2316,397046.98179514,4435693.49309465,40.06521337,-88.20724175,2231.43419401,2316.8122372,2231,2317,397048.91464871,4435693.45508036,40.06521327,-88.20721908,2230.21870109,2384.95961487,2230,2385,397048.87099606,4435691.0077677,40.06519122,-88.2072192,2176.39905658,2383.90107651,2176,2384,397046.9381425,4435691.045782,40.06519132,-88.20724187,2203.9166253,2350.35665685,397047.9263956,4435692.25043118,40.06520229,-88.20723048,4.73242188,"POLYGON((2177.615 2315.754, 2231.434 2316.812, 2230.219 2384.960, 2176.399 2383.901, 2177.615 2315.754))","POLYGON((397046.982 4435693.493, 397048.915 4435693.455, 397048.871 4435691.008, 397046.938 4435691.046, 397046.982 4435693.493))",4.005521879232001,0.5018891687657431,2.0103280464407463,0.4981108312342569,0.2108088582754135,0.2123285830020904,0.0997637212276458,0.3347454071044922,0.2050678628916833,3,0.7489660749463202,0.6852759608922743,4,0.9986214332617602,0.4905541561712846,3176,1594,1.516093136619152,50.18891687657431,10/22/2025 2:47:15 PM,2,16,0.935,,384,N_to_S,0.935,,0.935,0.19757325608510626,1975.7325608510625,0.3306886702634084,0.17120049850233465,-0.7235235099292507,1.5236191168063424,2015.2883286065503,1805.5800031968536,1881.5858952900314,2051.7384529442406,76.00589209317786,1988.4310814951568
B10_R5_C0,B10,10,5,0,LD20-11748,15,3,44.94,220.0,51.78,228.0,2176.09518335,2400.93792092,2176,2401,397046.92722934,4435690.43395383,40.06518581,-88.2072419,2229.91482785,2401.99645928,2230,2402,397048.8600829,4435690.39593954,40.0651857,-88.20721923,2228.69933493,2470.14383694,2229,2470,397048.81643026,4435687.94862689,40.06516365,-88.20721936,2174.87969042,2469.08529858,2175,2469,397046.88357669,4435687.98664118,40.06516376,-88.20724202,2202.39725914,2435.54087893,397047.8718298,4435689.19129036,40.06517473,-88.20723063,4.73242188,"POLYGON((2176.095 2400.938, 2229.915 2401.996, 2228.699 2470.144, 2174.880 2469.085, 2176.095 2400.938))","POLYGON((397046.927 4435690.434, 397048.860 4435690.396, 397048.816 4435687.949, 397046.884 4435687.987, 397046.927 4435690.434))",4.005521879232001,0.5556938394523958,2.225843832081006,0.4443061605476042,0.2363795489072799,0.2405060529708862,0.0835724100470542,0.3398053646087646,0.2255831099818733,2,0.4993107166308801,1.1517279167066516,4,0.9986214332617602,0.4303049159925327,3214,1786,1.6786248209483712,55.56938394523958,10/22/2025 2:46:52 PM,3,16,1.14,,383,N_to_S,1.14,,1.14,0.24089145661713487,2408.9145661713487,0.3306886702634084,0.2250051691889874,-0.7282614790520047,1.3793137540032017,2460.901869328077,1700.377378799372,1740.4285764822844,2448.9657638542612,40.05119768291229,2281.915499886156
B10_R4_C0,B10,10,4,0,AG38XF6,15,4,44.94,210.0,51.78,218.0,2174.57581719,2486.122143,2175,2486,397046.87266353,4435687.37481301,40.06515825,-88.20724205,2228.39546169,2487.18068136,2228,2487,397048.80551709,4435687.33679872,40.06515814,-88.20721939,2227.17996877,2555.32805902,2227,2555,397048.76186445,4435684.88948607,40.06513609,-88.20721951,2173.36032426,2554.26952066,2173,2554,397046.82901089,4435684.92750036,40.0651362,-88.20724218,2200.87789298,2520.72510101,397047.81726399,4435686.13214954,40.06514717,-88.20723078,4.73242188,"POLYGON((2174.576 2486.122, 2228.395 2487.181, 2227.180 2555.328, 2173.360 2554.270, 2174.576 2486.122))","POLYGON((397046.873 4435687.375, 397048.806 4435687.337, 397048.762 4435684.889, 397046.829 4435684.928, 397046.873 4435687.375))",4.005521879232001,0.3811308965948141,1.526628145161837,0.6188691034051859,0.197371169924736,0.1866664439439773,0.0877933353185653,0.3101261258125305,0.2066135611019882,5,1.2482767915772004,0.314693854060944,2,0.4993107166308801,0.6151202749140894,3201,1220,1.1513098357988352,38.11308965948142,10/22/2025 2:46:27 PM,4,16,1.57,,382,N_to_S,1.57,,1.57,0.33175402358675593,3317.540235867559,0.3306886702634084,0.05044222633140566,-0.73299944904408,1.2350083912000607,3329.1948806103583,2013.8783497571012,1971.6988714756033,3275.3607575860615,-42.17947828149795,3248.558620048132
B10_R3_C0,B10,10,3,0,LD17-10473F,15,5,44.94,200.0,51.78,208.0,2173.05645103,2571.30636508,2173,2571,397046.81809772,4435684.31567219,40.06513069,-88.20724221,2226.87609553,2572.36490344,2227,2572,397048.75095129,4435684.2776579,40.06513058,-88.20721954,2225.66060261,2640.5122811,2226,2641,397048.70729864,4435681.83034525,40.06510853,-88.20721966,2171.8409581,2639.45374274,2172,2639,397046.77444508,4435681.86835954,40.06510864,-88.20724233,2199.35852682,2605.90932309,397047.76269818,4435683.07300872,40.06511961,-88.20723093,4.73144531,"POLYGON((2173.056 2571.306, 2226.876 2572.365, 2225.661 2640.512, 2171.841 2639.454, 2173.056 2571.306))","POLYGON((397046.818 4435684.316, 397048.751 4435684.278, 397048.707 4435681.830, 397046.774 4435681.868, 397046.818 4435684.316))",4.004695310384,0.267687595712098,1.072007259196207,0.732312404287902,0.094007171690464,0.0790512859821319,0.0661185905337333,0.1849212348461151,0.116838732509052,11,2.74677575881428,0.1024748243104564,1,0.2497068871649345,0.7304747320061256,3265,874,0.8086234010892149,26.7687595712098,10/22/2025 2:46:04 PM,5,16,1.03,,381,N_to_S,1.03,,1.03,0.21769246657529262,2176.924665752926,0.3306886702634084,-0.06300107455131043,-0.7377374190361552,1.09070302839692,2162.36830700924,2256.3164551753334,2152.516168297201,2073.124378874794,-103.80028687813228,2248.8283440927653
B10_R2_C0,B10,10,2,0,AG38XF6,15,6,44.94,190.0,51.78,198.0,2171.53708487,2656.49058715,2172,2656,397046.76353192,4435681.25653137,40.06510312,-88.20724236,2225.35672938,2657.54912551,2225,2658,397048.69638548,4435681.21851708,40.06510302,-88.20721969,2224.14123645,2725.69650318,2224,2726,397048.65273284,4435678.77120443,40.06508097,-88.20721982,2170.32159194,2724.63796482,2170,2725,397046.71987927,4435678.80921872,40.06508107,-88.20724248,2197.83916066,2691.09354516,397047.70813238,4435680.0138679,40.06509204,-88.20723109,4.73242188,"POLYGON((2171.537 2656.491, 2225.357 2657.549, 2224.141 2725.697, 2170.322 2724.638, 2171.537 2656.491))","POLYGON((397046.764 4435681.257, 397048.696 4435681.219, 397048.653 4435678.771, 397046.720 4435678.809, 397046.764 4435681.257))",4.005521879232001,0.3067791315213996,1.2288105234007576,0.6932208684786004,0.0720942541956901,0.0532687604427337,0.0663457214832305,0.1720428764820099,0.0927062783755508,9,2.2468982248389606,0.1407237544115879,2,0.4993107166308801,0.6929084661043424,3201,982,0.9267100481593902,30.67791315213996,10/22/2025 2:45:41 PM,6,16,1.375,,380,N_to_S,1.375,,1.375,0.29054890600750916,2905.4890600750914,0.3306886702634084,-0.02390953874200885,-0.7424753881589092,0.946397665593779,2899.9647761513106,2095.388676029177,1971.6988714756033,2781.799255521518,-123.68980455357382,2811.8491747661583
B10_R1_C0,B10,10,1,0,LD21-3090,15,7,44.94,180.0,51.78,188.0,2170.01771871,2741.67480923,2170,2742,397046.70896611,4435678.19739056,40.06507556,-88.20724251,2223.83736322,2742.73334759,2224,2743,397048.64181968,4435678.15937626,40.06507545,-88.20721985,2222.62187029,2810.88072525,2223,2811,397048.59816703,4435675.71206361,40.0650534,-88.20721997,2168.80222578,2809.82218689,2169,2810,397046.66531347,4435675.7500779,40.06505351,-88.20724264,2196.3197945,2776.27776724,397047.65356657,4435676.95472708,40.06506448,-88.20723124,4.73193359,"POLYGON((2170.018 2741.675, 2223.837 2742.733, 2222.622 2810.881, 2168.802 2809.822, 2170.018 2741.675))","POLYGON((397046.709 4435678.197, 397048.642 4435678.159, 397048.598 4435675.712, 397046.665 4435675.750, 397046.709 4435678.197))",4.005108590576,0.2192955589586523,0.8783025270604643,0.7807044410413476,0.0810458660125732,0.0660376846790313,0.0626803264021873,0.1697566658258438,0.1074406643474802,9,2.2471300831085967,0.1026050999579398,3,0.7490433610361988,0.7776416539050536,3265,716,0.6624420539815536,21.92955589586524,10/22/2025 2:45:15 PM,7,16,1.665,,379,N_to_S,1.665,,1.665,0.3518646169334765,3518.6461693347646,0.3306886702634084,-0.11139311130475613,-0.7472133581459304,0.8020923027906381,3492.9088608638313,2296.4731493850873,2130.1369400546714,3352.309960004349,-166.33620933041584,3431.0952619493723
B10_R0_C0,B10,10,0,0,AG36XF4,15,8,44.94,170.0,51.78,178.0,2168.49835255,2826.85903131,2168,2827,397046.65440031,4435675.13824974,40.065048,-88.20724267,2222.31799706,2827.91756967,2222,2828,397048.58725387,4435675.10023544,40.06504789,-88.20722,2221.10250413,2896.06494733,2221,2896,397048.54360122,4435672.65292279,40.06502584,-88.20722012,2167.28285962,2895.00640897,2167,2895,397046.61074766,4435672.69093708,40.06502595,-88.20724279,2194.80042834,2861.46198932,397047.59900076,4435673.89558626,40.06503692,-88.20723139,4.73242188,"POLYGON((2168.498 2826.859, 2222.318 2827.918, 2221.103 2896.065, 2167.283 2895.006, 2168.498 2826.859))","POLYGON((397046.654 4435675.138, 397048.587 4435675.100, 397048.544 4435672.653, 397046.611 4435672.691, 397046.654 4435675.138))",4.005521879232001,0.4101194217473287,1.6427423169069018,0.5898805782526713,0.0820613875985145,0.0746268332004547,0.0567788034677505,0.1561460494995117,0.0877258344725067,6,1.4979321498926403,0.2805160379436693,3,0.7489660749463202,0.5829666876178504,3182,1305,1.2388775833406285,41.01194217473287,10/22/2025 2:44:51 PM,8,16,0.54,,378,N_to_S,0.54,,0.54,0.11410647945022179,1141.0647945022179,0.3306886702634084,0.07943075148392026,-0.7519513281380056,0.6577869399874973,1159.417219792025,1982.5938644813732,1844.402221121324,1002.8731511421686,-138.19164336004928,1005.4741033294929
B6_R7_C0,B6,6,7,0,LG3216,15,9,44.94,160.0,51.78,168.0,2166.97898639,2912.04325339,2167,2912,397046.5998345,4435672.07910892,40.06502044,-88.20724282,2220.7986309,2913.10179175,2221,2913,397048.53268806,4435672.04109462,40.06502033,-88.20722015,2219.58313797,2981.24916941,2220,2981,397048.48903542,4435669.59378197,40.06499828,-88.20722028,2165.76349346,2980.19063105,2166,2980,397046.55618185,4435669.63179626,40.06499839,-88.20724294,2193.28106218,2946.6462114,397047.54443496,4435670.83644544,40.06500936,-88.20723155,4.73144531,"POLYGON((2166.979 2912.043, 2220.799 2913.102, 2219.583 2981.249, 2165.763 2980.191, 2166.979 2912.043))","POLYGON((397046.600 4435672.079, 397048.533 4435672.041, 397048.489 4435669.594, 397046.556 4435669.632, 397046.600 4435672.079))",4.004695310384,0.4120947630922693,1.6503139651894163,0.5879052369077307,0.1349594295024871,0.127452477812767,0.0802808254957199,0.2440269142389297,0.1416669285507763,7,1.7479482101545418,0.2435745170190679,2,0.499413774329869,0.5863466334164589,3208,1322,1.244844640694963,41.209476309226936,10/22/2025 2:43:01 PM,9,16,1.21,,377,N_to_S,1.21,,1.21,0.2557358102486447,2557.358102486447,0.3306886702634084,0.08140609282886085,-0.7566892972607596,0.5134815771843564,2576.1669291545318,2376.8363942799615,1913.5895201347182,2094.111228341204,-463.2468741452433,2122.542060369379
B6_R6_C0,B6,6,6,0,AG35XF5,15,10,44.94,150.0,51.78,158.0,2165.45962023,2997.22747546,2165,2997,397046.54526869,4435669.0199681,40.06499287,-88.20724297,2219.27926474,2998.28601382,2219,2998,397048.47812226,4435668.98195381,40.06499277,-88.20722031,2218.06377181,3066.43339149,2218,3066,397048.43446961,4435666.53464115,40.06497072,-88.20722043,2164.2441273,3065.37485313,2164,3065,397046.50161605,4435666.57265544,40.06497082,-88.2072431,2191.76169602,3031.83043347,397047.48986915,4435667.77730462,40.06498179,-88.2072317,4.73242188,"POLYGON((2165.460 2997.227, 2219.279 2998.286, 2218.064 3066.433, 2164.244 3065.375, 2165.460 2997.227))","POLYGON((397046.545 4435669.020, 397048.478 4435668.982, 397048.434 4435666.535, 397046.502 4435666.573, 397046.545 4435669.020))",4.005521879232001,0.2765233529229817,1.1076203402515956,0.7234766470770182,0.101989060640335,0.0884954333305358,0.0752759054303169,0.1999998688697815,0.1205796324926265,11,2.7462089414698405,0.1048197859651579,1,0.24965535831544,0.7231673368388494,3233,894,0.8353142159103384,27.652335292298176,10/22/2025 2:42:34 PM,10,16,1.035,,376,N_to_S,1.035,,1.035,0.21870408561292506,2187.0408561292506,0.3306886702634084,-0.05416531734042673,-0.7614272672528348,0.36917621438121556,2174.5259935449517,2379.1252015985783,1881.5858952900314,1689.5015498207038,-497.5393063085469,1721.1451502107082
B6_R5_C0,B6,6,5,0,LG3216,15,11,44.94,140.0,51.78,148.0,2163.94025407,3082.41169754,2164,3082,397046.49070289,4435665.96082728,40.06496531,-88.20724313,2217.75989858,3083.4702359,2218,3083,397048.42355645,4435665.92281299,40.0649652,-88.20722046,2216.54440565,3151.61761356,2217,3152,397048.37990381,4435663.47550033,40.06494315,-88.20722058,2162.72476114,3150.5590752,2163,3151,397046.44705024,4435663.51351462,40.06494326,-88.20724325,2190.24232986,3117.01465555,397047.43530335,4435664.7181638,40.06495423,-88.20723185,4.73193359,"POLYGON((2163.940 3082.412, 2217.760 3083.470, 2216.544 3151.618, 2162.725 3150.559, 2163.940 3082.412))","POLYGON((397046.491 4435665.961, 397048.424 4435665.923, 397048.380 4435663.476, 397046.447 4435663.514, 397046.491 4435665.961))",4.005108590576,0.3017934446505875,1.2087155177495903,0.6982065553494126,0.1001112908124923,0.0845480561256408,0.0649405717849731,0.1947936713695526,0.1199280850419812,13,3.245854564490195,0.0968288781725981,1,0.2496811203453996,0.6972789115646258,3234,976,0.9116494209998938,30.17934446505875,10/22/2025 2:42:11 PM,11,16,1.125,,375,N_to_S,1.125,,1.125,0.23774636279288952,2377.463627928895,0.3306886702634084,-0.02889522561282093,-0.7661652363755889,0.22487085162200693,2370.787404181991,2401.7707179103663,1913.5895201347182,1889.282430153247,-488.1811977756481,1878.1217207546617
B6_R4_C0,B6,6,4,0,AG29XF4,15,12,44.94,130.0,51.78,138.0,2162.42088791,3167.59591962,2162,3168,397046.43613708,4435662.90168646,40.06493775,-88.20724328,2216.24053242,3168.65445798,2216,3169,397048.36899064,4435662.86367217,40.06493764,-88.20722061,2215.02503949,3236.80183564,2215,3237,397048.325338,4435660.41635951,40.06491559,-88.20722074,2161.20539498,3235.74329728,2161,3236,397046.39248444,4435660.4543738,40.0649157,-88.2072434,2188.7229637,3202.19887763,397047.38073754,4435661.65902298,40.06492667,-88.20723201,4.73193359,"POLYGON((2162.421 3167.596, 2216.241 3168.654, 2215.025 3236.802, 2161.205 3235.743, 2162.421 3167.596))","POLYGON((397046.436 4435662.902, 397048.369 4435662.864, 397048.325 4435660.416, 397046.392 4435660.454, 397046.436 4435662.902))",4.005108590576,0.3201360965047943,1.2821798302648189,0.6798639034952056,0.1216777935624122,0.112195074558258,0.0652254968881607,0.2127212285995483,0.1346978153434454,13,3.245854564490195,0.1026822632260646,1,0.2496811203453996,0.6776987318280235,3233,1035,0.9670584043257272,32.01360965047943,10/22/2025 2:41:42 PM,12,16,1.365,,374,N_to_S,1.365,,1.365,0.2884655868553726,2884.655868553726,0.3306886702634084,-0.010552573758614125,-0.77090320636261,0.08056548881886605,2882.2177030082403,2656.7334585275385,2182.798000920842,2410.7204109470294,-473.9354576066967,2387.333941292895
B6_R3_C0,B6,6,3,0,LG3216,15,13,44.94,120.0,51.78,128.0,2160.90152175,3252.7801417,2161,3253,397046.38157127,4435659.84254564,40.06491019,-88.20724343,2214.72116626,3253.83868006,2215,3254,397048.31442484,4435659.80453135,40.06491008,-88.20722077,2213.50567333,3321.98605772,2214,3322,397048.27077219,4435657.35721869,40.06488803,-88.20722089,2159.68602883,3320.92751936,2160,3321,397046.33791863,4435657.39523298,40.06488814,-88.20724356,2187.20359754,3287.38309971,397047.32617173,4435658.59988216,40.06489911,-88.20723216,4.73193359,"POLYGON((2160.902 3252.780, 2214.721 3253.839, 2213.506 3321.986, 2159.686 3320.928, 2160.902 3252.780))","POLYGON((397046.382 4435659.843, 397048.314 4435659.805, 397048.271 4435657.357, 397046.338 4435657.395, 397046.382 4435659.843))",4.005108590576,0.3253768844221105,1.303169754973849,0.6746231155778895,0.125238761305809,0.106478601694107,0.0935721322894096,0.2434698045253753,0.1426007930040359,9,2.2471300831085967,0.1484621278721029,2,0.4993622406907992,0.6683417085427136,3184,1036,0.9828896337811458,32.537688442211056,10/22/2025 2:41:15 PM,13,16,0.84,,373,N_to_S,0.84,,0.84,0.1775172842186908,1775.1728421869082,0.3306886702634084,-0.0053117858412979335,-0.7756411763546852,-0.06373987398427482,1773.9455574012718,2369.8182025746823,1913.5895201347182,1318.944159746944,-456.22868243996413,1303.3184942623502
B6_R2_C0,B6,6,2,0,AG34XF6,15,14,44.94,110.0,51.78,118.0,2159.38215559,3337.96436377,2159,3338,397046.32700547,4435656.78340482,40.06488262,-88.20724359,2213.2018001,3339.02290213,2213,3339,397048.25985903,4435656.74539053,40.06488252,-88.20722092,2211.98630717,3407.17027979,2212,3407,397048.21620639,4435654.29807787,40.06486047,-88.20722104,2158.16666267,3406.11174143,2158,3406,397046.28335282,4435654.33609216,40.06486057,-88.20724371,2185.68423138,3372.56732178,397047.27160593,4435655.54074135,40.06487154,-88.20723231,4.73242188,"POLYGON((2159.382 3337.964, 2213.202 3339.023, 2211.986 3407.170, 2158.167 3406.112, 2159.382 3337.964))","POLYGON((397046.327 4435656.783, 397048.260 4435656.745, 397048.216 4435654.298, 397046.283 4435654.336, 397046.327 4435656.783))",4.005521879232001,0.3070939639079029,1.2300715914131877,0.6929060360920971,0.0965721756219863,0.0774320214986801,0.0803790464997291,0.2076553702354431,0.1191595219163333,6,1.4979321498926403,0.21216040570912,5,1.2482767915772004,0.6907280647168638,3214,987,0.927661085260942,30.709396390790296,10/22/2025 2:40:52 PM,14,16,1.585,,372,N_to_S,1.585,,1.585,0.3349236480159288,3349.2364801592876,0.3306886702634084,-0.023594706355505535,-0.7803791454774393,-0.2080452363480935,3343.7849380608595,2369.5649477903116,1932.096114966995,2911.7676473359707,-437.4688328233167,2883.179612756373
B6_R1_C0,B6,6,1,0,LG3216,15,15,44.94,100.0,51.78,108.0,2157.86278943,3423.14858585,2158,3423,397046.27243966,4435653.724264,40.06485506,-88.20724374,2211.68243394,3424.20712421,2212,3424,397048.20529323,4435653.68624971,40.06485495,-88.20722107,2210.46694101,3492.35450187,2210,3492,397048.16164058,4435651.23893705,40.0648329,-88.2072212,2156.64729651,3491.29596351,2157,3491,397046.22878702,4435651.27695134,40.06483301,-88.20724386,2184.16486522,3457.75154386,397047.21704012,4435652.48160053,40.06484398,-88.20723247,4.73242188,"POLYGON((2157.863 3423.149, 2211.682 3424.207, 2210.467 3492.355, 2156.647 3491.296, 2157.863 3423.149))","POLYGON((397046.272 4435653.724, 397048.205 4435653.686, 397048.162 4435651.239, 397046.229 4435651.277, 397046.272 4435653.724))",4.005521879232001,0.3642611683848797,1.4590560797202476,0.6357388316151202,0.1168361157178878,0.109589010477066,0.060327261686325,0.1950548589229583,0.1250791970421286,11,2.7462089414698405,0.1367112644690986,2,0.4993107166308801,0.6241799437675727,3201,1166,1.1003502201159356,36.42611683848797,10/22/2025 2:40:24 PM,15,16,1.56,,371,N_to_S,1.56,,1.56,0.32964094063397403,3296.40940633974,0.3306886702634084,0.033572498121471284,-0.7851171154695145,-0.35235059910730215,3304.166310964912,2308.3775869780634,1913.5895201347182,2901.621339496395,-394.7880668433452,2885.7457475138453
B6_R0_C0,B6,6,0,0,AG36XF4,15,16,44.94,90.0,51.78,98.0,2156.34342328,3508.33280793,2156,3508,397046.21787386,4435650.66512318,40.0648275,-88.20724389,2210.16306778,3509.39134629,2210,3509,397048.15072742,4435650.62710889,40.06482739,-88.20722123,2208.94757485,3577.53872395,2209,3578,397048.10707477,4435648.17979623,40.06480534,-88.20722135,2155.12793035,3576.48018559,2155,3576,397046.17422121,4435648.21781053,40.06480545,-88.20724402,2182.64549906,3542.93576594,397047.16247431,4435649.42245971,40.06481642,-88.20723262,4.73193359,"POLYGON((2156.343 3508.333, 2210.163 3509.391, 2208.948 3577.539, 2155.128 3576.480, 2156.343 3508.333))","POLYGON((397046.218 4435650.665, 397048.151 4435650.627, 397048.107 4435648.180, 397046.174 4435648.218, 397046.218 4435650.665))",4.005108590576,0.3062787136294027,1.2266795070676877,0.6937212863705973,0.1223352402448654,0.1024734079837799,0.0895109251141548,0.2597112655639648,0.1484330936787174,7,1.7477678424177974,0.1842469871551194,2,0.4993622406907992,0.6934150076569678,3265,1000,0.9251983994155776,30.627871362940272,10/22/2025 2:39:56 PM,16,16,1.09,,370,N_to_S,1.09,,1.09,0.2303498092837774,2303.498092837774,0.3306886702634084,-0.024409956634005747,-0.7898550854565356,-0.49665596191044303,2297.8581876740454,2216.626566047664,1844.402221121324,1931.2737479114342,-372.2243449263399,1899.7932804877153
B2_R7_C0,B2,2,7,0,AG29XF4,15,17,44.94,80.0,51.78,88.0,2154.82405712,3593.51703001,2155,3594,397046.16330805,4435647.60598236,40.06479994,-88.20724405,2208.64370162,3594.57556837,2209,3595,397048.09616161,4435647.56796807,40.06479983,-88.20722138,2207.4282087,3662.72294603,2207,3663,397048.05250897,4435645.12065541,40.06477778,-88.2072215,2153.60856419,3661.66440767,2154,3662,397046.1196554,4435645.15866971,40.06477789,-88.20724417,2181.12613291,3628.11998802,397047.10790851,4435646.36331889,40.06478886,-88.20723277,4.73242188,"POLYGON((2154.824 3593.517, 2208.644 3594.576, 2207.428 3662.723, 2153.609 3661.664, 2154.824 3593.517))","POLYGON((397046.163 4435647.606, 397048.096 4435647.568, 397048.053 4435645.121, 397046.120 4435645.159, 397046.163 4435647.606))",4.005521879232001,0.2833489534520462,1.134960432509661,0.7166510465479538,0.1232433095574379,0.1060605347156524,0.0815470889210701,0.2247703820466995,0.1461182832717895,10,2.496553583154401,0.1169784121447853,1,0.24965535831544,0.7150890346766635,3201,907,0.8559328041553634,28.334895345204625,10/22/2025 2:39:30 PM,17,16,1.945,,369,N_to_S,1.945,,1.945,0.41099463431607663,4109.946343160766,0.3306886702634084,-0.04733971681136223,-0.7945930545792896,-0.6409613247135839,4099.008531295836,2687.4617464055423,2182.798000920842,3605.282597676066,-504.6637454847005,3540.4776105086034
B2_R6_C0,B2,2,6,0,LD20-5413,15,18,44.94,70.0,51.78,78.0,2153.30469096,3678.70125208,2153,3679,397046.10874224,4435644.54684154,40.06477237,-88.2072442,2207.12433546,3679.75979044,2207,3680,397048.04159581,4435644.50882725,40.06477227,-88.20722153,2205.90884254,3747.9071681,2206,3748,397047.99794316,4435642.06151459,40.06475022,-88.20722166,2152.08919803,3746.84862974,2152,3747,397046.0650896,4435642.09952889,40.06475032,-88.20724432,2179.60676675,3713.30421009,397047.0533427,4435643.30417807,40.06476129,-88.20723293,4.73242188,"POLYGON((2153.305 3678.701, 2207.124 3679.760, 2205.909 3747.907, 2152.089 3746.849, 2153.305 3678.701))","POLYGON((397046.109 4435644.547, 397048.042 4435644.509, 397047.998 4435642.062, 397046.065 4435642.100, 397046.109 4435644.547))",4.005521879232001,0.286676875957121,1.1482904989161264,0.713323124042879,0.107529267668724,0.0776698589324951,0.0888853296637535,0.230129212141037,0.1357444343146155,6,1.4979321498926403,0.2011977099733904,3,0.7489660749463202,0.7084226646248086,3265,936,0.8659857018529808,28.6676875957121,10/22/2025 2:39:05 PM,18,16,1.635,,368,N_to_S,1.635,,1.635,0.3454890627798382,3454.890627798382,0.3306886702634084,-0.04401179430628743,-0.7993310245713648,-0.7852666875167248,3444.721730340072,2368.3499365262364,1913.3920620325637,2999.932753304709,-454.95787449367276,2517.962951745386
B2_R5_C0,B2,2,5,0,AG29XF4,15,19,44.94,60.0,51.78,68.0,2151.7853248,3763.88547416,2152,3764,397046.05417644,4435641.48770072,40.06474481,-88.20724435,2205.6049693,3764.94401252,2206,3765,397047.98703,4435641.44968643,40.0647447,-88.20722169,2204.38947638,3833.09139018,2204,3833,397047.94337736,4435639.00237378,40.06472265,-88.20722181,2150.56983187,3832.03285182,2151,3832,397046.01052379,4435639.04038807,40.06472276,-88.20724447,2178.08740059,3798.48843217,397046.9987769,4435640.24503725,40.06473373,-88.20723308,4.73193359,"POLYGON((2151.785 3763.885, 2205.605 3764.944, 2204.389 3833.091, 2150.570 3832.033, 2151.785 3763.885))","POLYGON((397046.054 4435641.488, 397047.987 4435641.450, 397047.943 4435639.002, 397046.011 4435639.040, 397046.054 4435641.488))",4.005108590576,0.4490637892732466,1.7985492401348904,0.5509362107267535,0.1590916067361831,0.1546390354633331,0.086650863289833,0.2669319808483124,0.1610996810828938,6,1.4980867220723977,0.3041610679619096,2,0.4993622406907992,0.5483973341796256,3151,1415,1.356519668467148,44.90637892732466,10/22/2025 2:38:38 PM,19,16,1.26,,367,N_to_S,1.26,,1.26,0.26627592632803626,2662.7592632803626,0.3306886702634084,0.11837511900983816,-0.8040689936941189,-0.9295720503198656,2690.1097602505424,2544.8113118025185,2182.798000920842,2300.745952398686,-362.0133108816767,2452.5089658991487
B2_R4_C0,B2,2,4,0,LD11-2170,15,20,44.94,50.0,51.78,58.0,2150.26595864,3849.06969624,2150,3849,397045.99961063,4435638.4285599,40.06471725,-88.20724451,2204.08560314,3850.1282346,2204,3850,397047.93246419,4435638.39054561,40.06471714,-88.20722184,2202.87011022,3918.27561226,2203,3918,397047.88881155,4435635.94323296,40.06469509,-88.20722196,2149.05046571,3917.2170739,2149,3917,397045.95595799,4435635.98124725,40.0646952,-88.20724463,2176.56803443,3883.67265425,397046.94421109,4435637.18589643,40.06470617,-88.20723323,4.73193359,"POLYGON((2150.266 3849.070, 2204.086 3850.128, 2202.870 3918.276, 2149.050 3917.217, 2150.266 3849.070))","POLYGON((397046.000 4435638.429, 397047.932 4435638.391, 397047.889 4435635.943, 397045.956 4435635.981, 397046.000 4435638.429))",4.005108590576,0.2459418070444104,0.985023644175353,0.7540581929555896,0.0424671247601509,0.0215827524662017,0.0534180030226707,0.1047513857483863,0.0471697747707366,5,1.248405601726998,0.2071304629597852,1,0.2496811203453996,0.7516079632465543,3265,803,0.7429343147307089,24.59418070444104,10/22/2025 2:38:11 PM,20,16,1.415,,366,N_to_S,1.415,,1.415,0.2990320918683899,2990.320918683899,0.3306886702634084,-0.08474686321899802,-0.8088069636861941,-1.0738774131230064,2970.740209113412,2130.123311815533,1783.0921758570503,2643.2897827254164,-347.03113595848254,2471.2962331632248
B2_R3_C0,B2,2,3,0,AG29XF5,15,21,44.94,40.0,51.78,48.0,2148.74659248,3934.25391831,2149,3934,397045.94504482,4435635.36941908,40.06468969,-88.20724466,2202.56623699,3935.31245667,2203,3935,397047.87789839,4435635.33140479,40.06468958,-88.20722199,2201.35074406,4003.45983434,2201,4003,397047.83424574,4435632.88409214,40.06466753,-88.20722212,2147.53109955,4002.40129598,2148,4002,397045.90139218,4435632.92210643,40.06466764,-88.20724478,2175.04866827,3968.85687633,397046.88964528,4435634.12675561,40.06467861,-88.20723339,4.73144531,"POLYGON((2148.747 3934.254, 2202.566 3935.312, 2201.351 4003.460, 2147.531 4002.401, 2148.747 3934.254))","POLYGON((397045.945 4435635.369, 397047.878 4435635.331, 397047.834 4435632.884, 397045.901 4435632.922, 397045.945 4435635.369))",4.004695310384,0.2402374258044361,0.9620776924977494,0.7597625741955639,0.0412336997687816,0.0230125188827514,0.0451823584735393,0.0992365479469299,0.0457142293453216,5,1.2485344358246726,0.1983603063712016,2,0.499413774329869,0.7563261480787254,3201,769,0.7257026751879542,24.02374258044361,10/22/2025 2:37:44 PM,21,16,2.28,,365,N_to_S,2.28,,2.28,0.4818823531957933,4818.8235319579335,0.3306886702634084,-0.09045124445897232,-0.8135449336732152,-1.2181827759261474,4797.924828681289,2436.9649030694914,2157.017367309951,4538.875996198393,-279.9475357595402,4451.163472163857
B2_R2_C0,B2,2,2,0,LD20-5738,15,22,44.94,30.0,51.78,38.0,2147.22722632,4019.43814039,2147,4019,397045.89047902,4435632.31027826,40.06466212,-88.20724481,2201.04687083,4020.49667875,2201,4020,397047.82333258,4435632.27226397,40.06466202,-88.20722215,2199.8313779,4088.64405641,2200,4089,397047.77967994,4435629.82495132,40.06463997,-88.20722227,2146.01173339,4087.58551805,2146,4088,397045.84682637,4435629.86296561,40.06464007,-88.20724493,2173.52930211,4054.0410984,397046.83507948,4435631.06761479,40.06465104,-88.20723354,4.73193359,"POLYGON((2147.227 4019.438, 2201.047 4020.497, 2199.831 4088.644, 2146.012 4087.586, 2147.227 4019.438))","POLYGON((397045.890 4435632.310, 397047.823 4435632.272, 397047.780 4435629.825, 397045.847 4435629.863, 397045.890 4435632.310))",4.005108590576,0.2517611026033691,1.0083305548096393,0.748238897396631,0.0790357962250709,0.0341880321502685,0.0918306931853294,0.2115380764007568,0.1193952087093801,5,1.248405601726998,0.2120314328181114,1,0.2496811203453996,0.7451761102603369,3265,822,0.760513084319605,25.17611026033691,10/22/2025 2:37:15 PM,22,16,1.135,,364,N_to_S,1.135,,1.135,0.23985966379549298,2398.59663795493,0.3306886702634084,-0.07892756766003933,-0.8182829027959693,-1.3624881387292882,2380.360472971897,1852.6715406215944,1650.2763496553252,2196.201446988661,-202.39519096626918,2234.1663716129215
B2_R1_C0,B2,2,1,0,AG29XF4,15,23,44.94,20.0,51.78,28.0,2145.70786016,4104.62236247,2146,4105,397045.83591321,4435629.25113744,40.06463456,-88.20724497,2199.52750467,4105.68090083,2200,4106,397047.76876678,4435629.21312315,40.06463445,-88.2072223,2198.31201174,4173.82827849,2198,4174,397047.72511413,4435626.7658105,40.0646124,-88.20722242,2144.49236723,4172.76974013,2144,4173,397045.79226057,4435626.80382479,40.06461251,-88.20724509,2172.00993595,4139.22532048,397046.78051367,4435628.00847397,40.06462348,-88.20723369,4.73242188,"POLYGON((2145.708 4104.622, 2199.528 4105.681, 2198.312 4173.828, 2144.492 4172.770, 2145.708 4104.622))","POLYGON((397045.836 4435629.251, 397047.769 4435629.213, 397047.725 4435626.766, 397045.792 4435626.804, 397045.836 4435629.251))",4.005521879232001,0.3186504217432052,1.2763612361189132,0.6813495782567948,0.0991999357938766,0.0794978141784668,0.069127656519413,0.1941744983196258,0.1161502126385183,9,2.2468982248389606,0.1461692764763947,2,0.4993107166308801,0.6797875663855045,3201,1020,0.9625705184547636,31.865042174320525,10/22/2025 2:36:47 PM,23,16,1.72,,363,N_to_S,1.72,,1.72,0.3634502678784842,3634.5026787848424,0.3306886702634084,-0.012038248520203243,-0.8230208727880445,-1.506793501532429,3631.7212490179104,2288.3604378873724,2182.798000920842,3528.9402418183117,-105.56243696653064,3483.2664403390227
B2_R0_C0,B2,2,0,0,LD20-4542,15,24,44.94,10.0,51.78,18.0,2144.188494,4189.80658455,2144,4190,397045.78134741,4435626.19199663,40.064607,-88.20724512,2198.00813851,4190.86512291,2198,4191,397047.71420097,4435626.15398233,40.06460689,-88.20722245,2196.79264558,4259.01250057,2197,4259,397047.67054832,4435623.70666968,40.06458484,-88.20722257,2142.97300107,4257.95396221,2143,4258,397045.73769476,4435623.74468397,40.06458495,-88.20724524,2170.49056979,4224.40954256,397046.72594786,4435624.94933315,40.06459592,-88.20723385,4.73144531,"POLYGON((2144.188 4189.807, 2198.008 4190.865, 2196.793 4259.013, 2142.973 4257.954, 2144.188 4189.807))","POLYGON((397045.781 4435626.192, 397047.714 4435626.154, 397047.671 4435623.707, 397045.738 4435623.745, 397045.781 4435626.192))",4.004695310384,0.4648413192283758,1.8615478511865888,0.5351586807716242,0.2043078392744064,0.1967647075653076,0.1131551712751388,0.3528619110584259,0.2073437534594068,2,0.499413774329869,0.9634274958341196,5,1.2485344358246726,0.5345364032358432,3214,1494,1.4041800013980217,46.484131922837584,10/22/2025 2:36:18 PM,24,16,1.085,,362,N_to_S,1.085,,1.085,0.22931682158659464,2293.1682158659464,0.3306886702634084,0.13415264896496737,-0.8277588427801197,-1.65109886433557,2324.164101232305,1875.8834974382219,1891.96460682895,2309.2493252566746,16.081109390728216,2117.6198184401837
B9_R7_C4,B9,9,7,4,LG3216,16,1,36.85,240.0,43.69,248.0,2115.47880981,2229.31749207,2115,2229,397044.75028122,4435696.59719682,40.06524106,-88.2072684,2169.29845432,2230.37603043,2169,2230,397046.68313479,4435696.55918253,40.06524095,-88.20724574,2168.08296139,2298.52340809,2168,2299,397046.63948214,4435694.11186987,40.0652189,-88.20724586,2114.26331688,2297.46486973,2114,2297,397044.70662858,4435694.14988416,40.06521901,-88.20726852,2141.7808856,2263.92045008,397045.69488168,4435695.35453335,40.06522998,-88.20725713,4.73144531,"POLYGON((2115.479 2229.317, 2169.298 2230.376, 2168.083 2298.523, 2114.263 2297.465, 2115.479 2229.317))","POLYGON((397044.750 4435696.597, 397046.683 4435696.559, 397046.639 4435694.112, 397044.707 4435694.150, 397044.750 4435696.597))",4.004695310384,0.6056294463346736,2.425361403566926,0.3943705536653263,0.2524556517601013,0.2646152377128601,0.0997630655765533,0.3692942261695862,0.2324745741264493,2,0.499413774329869,1.2626446029740337,5,1.2485344358246726,0.3798329724713888,3233,1958,1.8294689426761104,60.56294463346737,10/22/2025 3:08:38 PM,1,17,0.48,,386,S_to_N,0.48,,0.48,0.10144891646227229,1014.4891646227229,0.3306886702634084,0.2749407760712652,-0.9172867104887847,1.6700453901236083,1078.0140584164185,1720.6999842843752,1913.5895201347182,1207.378700473066,192.889535850343,1294.3203577269098
B9_R6_C4,B9,9,6,4,LD17-10473L,16,2,36.85,230.0,43.69,238.0,2113.95944365,2314.50171415,2114,2315,397044.69571542,4435693.538056,40.0652135,-88.20726856,2167.77908816,2315.56025251,2168,2316,397046.62856898,4435693.50004171,40.06521339,-88.20724589,2166.56359523,2383.70763017,2167,2384,397046.58491634,4435691.05272905,40.06519134,-88.20724601,2112.74395072,2382.64909181,2113,2383,397044.65206277,4435691.09074335,40.06519145,-88.20726868,2140.26151944,2349.10467216,397045.64031588,4435692.29539253,40.06520242,-88.20725728,4.73144531,"POLYGON((2113.959 2314.502, 2167.779 2315.560, 2166.564 2383.708, 2112.744 2382.649, 2113.959 2314.502))","POLYGON((397044.696 4435693.538, 397046.629 4435693.500, 397046.585 4435691.053, 397044.652 4435691.091, 397044.696 4435693.538))",4.004695310384,0.5358688930117501,2.1459916428248214,0.4641311069882499,0.1748130470514297,0.1889897286891937,0.125421792268753,0.3316844999790191,0.1647863339863571,1,0.2497068871649345,2.2351002011787537,2,0.499413774329869,0.4613481756338899,3234,1733,1.6187381624926394,53.58688930117501,10/22/2025 3:09:04 PM,2,17,0.595,,387,S_to_N,0.595,,0.595,0.12575438603135836,1257.5438603135835,0.3306886702634084,0.2051802227483417,-0.9220246796115388,1.5257400273204675,1304.9506220347942,1626.4832121511695,1748.5607867229373,1379.6214348853514,122.07757457176785,1944.4165749461024
B9_R5_C4,B9,9,5,4,LG3216,16,3,36.85,220.0,43.69,228.0,2112.44007749,2399.68593622,2112,2400,397044.64114961,4435690.47891518,40.06518594,-88.20726871,2166.259722,2400.74447458,2166,2401,397046.57400317,4435690.44090089,40.06518583,-88.20724604,2165.04422907,2468.89185225,2165,2469,397046.53035053,4435687.99358823,40.06516378,-88.20724617,2111.22458456,2467.83331389,2111,2468,397044.59749697,4435688.03160253,40.06516389,-88.20726883,2138.74215328,2434.28889423,397045.58575007,4435689.23625171,40.06517486,-88.20725744,4.73193359,"POLYGON((2112.440 2399.686, 2166.260 2400.744, 2165.044 2468.892, 2111.225 2467.833, 2112.440 2399.686))","POLYGON((397044.641 4435690.479, 397046.574 4435690.441, 397046.530 4435687.994, 397044.597 4435688.032, 397044.641 4435690.479))",4.005108590576,0.5335601608413238,2.1369663837746984,0.4664398391586761,0.24665267765522,0.2499997019767761,0.0747094228863716,0.3362441658973694,0.2399617474453122,4,0.9987244813815984,0.5561955924745168,5,1.248405601726998,0.4587070832044541,3233,1725,1.6117640072095456,53.35601608413239,10/22/2025 3:09:31 PM,3,17,1.08,,388,S_to_N,1.08,,1.08,0.22823650828117395,2282.3650828117393,0.3306886702634084,0.20287149057791543,-0.9267626496036141,1.3814346645173265,2329.2384134136373,1840.2509937330162,1913.5895201347182,2355.7036092134413,73.33852640170198,2412.167131193866
B9_R4_C4,B9,9,4,4,LD21-5253,16,4,36.85,210.0,43.69,218.0,2110.92071133,2484.8701583,2111,2485,397044.5865838,4435687.41977436,40.06515837,-88.20726886,2164.74035584,2485.92869666,2165,2486,397046.51943737,4435687.38176007,40.06515827,-88.2072462,2163.52486291,2554.07607432,2164,2554,397046.47578472,4435684.93444741,40.06513622,-88.20724632,2109.7052184,2553.01753596,2110,2553,397044.54293116,4435684.97246171,40.06513632,-88.20726898,2137.22278712,2519.47311631,397045.53118426,4435686.17711089,40.0651473,-88.20725759,4.73193359,"POLYGON((2110.921 2484.870, 2164.740 2485.929, 2163.525 2554.076, 2109.705 2553.018, 2110.921 2484.870))","POLYGON((397044.587 4435687.420, 397046.519 4435687.382, 397046.476 4435684.934, 397044.543 4435684.972, 397044.587 4435687.420))",4.005108590576,0.5131909547738693,2.0553855015707234,0.4868090452261306,0.1948180496692657,0.1978020071983337,0.0787379369139671,0.2961161136627197,0.1895106466798222,6,1.4980867220723977,0.3512361731800427,6,1.4980867220723977,0.477072864321608,3184,1634,1.5502332640911125,51.31909547738693,10/22/2025 3:10:01 PM,4,17,0.68,,389,S_to_N,0.68,,0.68,0.14370446817703544,1437.0446817703544,0.3306886702634084,0.1825022845104609,-0.9315006195956893,1.2371293017141858,1479.2117200914684,1795.85185190186,1822.7666814123568,1463.959511280851,26.914829510496702,1261.7311661493136
B9_R3_C4,B9,9,3,4,LG3216,16,5,36.85,200.0,43.69,208.0,2109.40134517,2570.05438038,2109,2570,397044.532018,4435684.36063354,40.06513081,-88.20726902,2163.22098968,2571.11291874,2163,2571,397046.46487156,4435684.32261925,40.0651307,-88.20724635,2162.00549675,2639.2602964,2162,2639,397046.42121892,4435681.8753066,40.06510865,-88.20724647,2108.18585224,2638.20175804,2108,2638,397044.48836535,4435681.91332089,40.06510876,-88.20726914,2135.70342096,2604.65733839,397045.47661846,4435683.11797007,40.06511973,-88.20725774,4.73242188,"POLYGON((2109.401 2570.054, 2163.221 2571.113, 2162.005 2639.260, 2108.186 2638.202, 2109.401 2570.054))","POLYGON((397044.532 4435684.361, 397046.465 4435684.323, 397046.421 4435681.875, 397044.488 4435681.913, 397044.532 4435684.361))",4.005521879232001,0.316806984720923,1.2689773087931753,0.683193015279077,0.1320887506008148,0.1249999403953552,0.061668861657381,0.2105261087417602,0.1446456705308428,9,2.2468982248389606,0.1455960636274677,2,0.4993107166308801,0.6810102899906455,3207,1016,0.9570019140871006,31.6806984720923,10/22/2025 3:10:24 PM,5,17,1.26,,390,S_to_N,1.26,,1.26,0.2662484520505175,2662.484520505175,0.3306886702634084,-0.013881685542485422,-0.9362385887184433,1.0928239389110448,2659.2771657709495,1967.278275569493,1913.5895201347182,2608.7957650704,-53.68875543477475,2597.292573401049
B9_R2_C4,B9,9,2,4,LD22-4283,16,6,36.85,190.0,43.69,198.0,2107.88197901,2655.23860246,2108,2655,397044.47745219,4435681.30149272,40.06510325,-88.20726917,2161.70162352,2656.29714082,2162,2656,397046.41030576,4435681.26347843,40.06510314,-88.2072465,2160.48613059,2724.44451848,2160,2724,397046.36665311,4435678.81616578,40.06508109,-88.20724662,2106.66648608,2723.38598012,2107,2723,397044.43379955,4435678.85418007,40.0650812,-88.20726929,2134.1840548,2689.84156047,397045.42205265,4435680.05882925,40.06509217,-88.2072579,4.73193359,"POLYGON((2107.882 2655.239, 2161.702 2656.297, 2160.486 2724.445, 2106.666 2723.386, 2107.882 2655.239))","POLYGON((397044.477 4435681.301, 397046.410 4435681.263, 397046.367 4435678.816, 397044.434 4435678.854, 397044.477 4435681.301))",4.005108590576,0.4010513296227582,1.6062541255340357,0.5989486703772418,0.0870282799005508,0.0775527507066726,0.0574026368558406,0.1691641509532928,0.0947600924267489,3,0.7490433610361988,0.5575927987937764,2,0.4993622406907992,0.5986394557823129,3234,1297,1.2114849375377688,40.10513296227582,10/22/2025 3:10:48 PM,6,17,1.02,,391,S_to_N,1.02,,1.02,0.21555670226555315,2155.5670226555317,0.3306886702634084,0.07036265935934977,-0.9409765587054644,0.948518576107904,2171.824270949928,1905.8097877984253,1842.8446556629262,2092.6018905200326,-62.96513213549906,1905.0432716614562
B9_R1_C4,B9,9,1,4,LG3216,16,7,36.85,180.0,43.69,188.0,2106.36261285,2740.42282453,2106,2740,397044.42288639,4435678.2423519,40.06507569,-88.20726932,2160.18225736,2741.48136289,2160,2741,397046.35573995,4435678.20433761,40.06507558,-88.20724666,2158.96676443,2809.62874056,2159,2810,397046.3120873,4435675.75702496,40.06505353,-88.20724678,2105.14711992,2808.5702022,2105,2809,397044.37923374,4435675.79503925,40.06505364,-88.20726944,2132.66468864,2775.02578254,397045.36748684,4435676.99968843,40.06506461,-88.20725805,4.73144531,"POLYGON((2106.363 2740.423, 2160.182 2741.481, 2158.967 2809.629, 2105.147 2808.570, 2106.363 2740.423))","POLYGON((397044.423 4435678.242, 397046.356 4435678.204, 397046.312 4435675.757, 397044.379 4435675.795, 397044.423 4435678.242))",4.004695310384,0.3316998468606432,1.3283568211779089,0.6683001531393569,0.1045931056141853,0.0935251414775848,0.0591862834990024,0.1861831545829773,0.1165762739088021,6,1.4982413229896072,0.2327960682704934,2,0.499413774329869,0.6673813169984686,3265,1083,1.0019898665670708,33.16998468606432,10/22/2025 3:11:14 PM,7,17,0.2,,392,S_to_N,0.2,,0.2,0.04227038185928012,422.7038185928012,0.3306886702634084,0.0010111765972347642,-0.9457145286975397,0.8042132133047631,422.93745031110757,2014.8310361369524,1913.5895201347182,321.462302590567,-101.24151600223422,302.6026520238494
B9_R0_C4,B9,9,0,4,LD21-3090,16,8,36.85,170.0,43.69,178.0,2104.84324669,2825.60704661,2105,2826,397044.36832058,4435675.18321108,40.06504812,-88.20726947,2158.6628912,2826.66558497,2159,2827,397046.30117414,4435675.14519679,40.06504802,-88.20724681,2157.44739827,2894.81296263,2157,2895,397046.2575215,4435672.69788414,40.06502597,-88.20724693,2103.62775377,2893.75442427,2104,2894,397044.32466793,4435672.73589843,40.06502607,-88.2072696,2131.14532248,2860.21000462,397045.31292104,4435673.94054761,40.06503705,-88.2072582,4.73242188,"POLYGON((2104.843 2825.607, 2158.663 2826.666, 2157.447 2894.813, 2103.628 2893.754, 2104.843 2825.607))","POLYGON((397044.368 4435675.183, 397046.301 4435675.145, 397046.258 4435672.698, 397044.325 4435672.736, 397044.368 4435675.183))",4.005521879232001,0.2777257107154014,1.1124364106957978,0.7222742892845986,0.1017557084560394,0.0835213661193847,0.0652715414762497,0.1973091959953308,0.1245747572066737,6,1.4979321498926403,0.1910948335110513,2,0.4993107166308801,0.7213370821618245,3201,889,0.8389462655943969,27.772571071540145,10/22/2025 3:11:42 PM,8,17,0.58,,393,S_to_N,0.58,,0.58,0.12255881126134932,1225.5881126134932,0.3306886702634084,-0.052962959548007005,-0.9504524978202937,0.6599078505016223,1213.351054042687,2259.613700919797,2130.1369400546714,1096.1113517483677,-129.47676086512547,1107.7327013202844
B5_R7_C4,B5,5,7,4,LD21-5665,16,9,36.85,160.0,43.69,168.0,2103.32388053,2910.79126869,2103,2911,397044.31375477,4435672.12407027,40.06502056,-88.20726963,2157.14352504,2911.84980705,2157,2912,397046.24660834,4435672.08605597,40.06502045,-88.20724696,2155.92803211,2979.99718471,2156,2980,397046.20295569,4435669.63874332,40.0649984,-88.20724708,2102.10838761,2978.93864635,2102,2979,397044.27010213,4435669.67675761,40.06499851,-88.20726975,2129.62595632,2945.3942267,397045.25835523,4435670.88140679,40.06500948,-88.20725836,4.73242188,"POLYGON((2103.324 2910.791, 2157.144 2911.850, 2155.928 2979.997, 2102.108 2978.939, 2103.324 2910.791))","POLYGON((397044.314 4435672.124, 397046.247 4435672.086, 397046.203 4435669.639, 397044.270 4435669.677, 397044.314 4435672.124))",4.005521879232001,0.2097075295581829,0.8399880978849933,0.790292470441817,0.0931694433093071,0.0797183513641357,0.0603666491806507,0.1697468757629394,0.1170212104916572,13,3.245519658100721,0.0668674834921425,2,0.4993107166308801,0.783136278780336,3214,674,0.6334787958114233,20.97075295581829,10/22/2025 3:12:09 PM,9,17,0.16,,394,S_to_N,0.16,,0.16,0.03380932724451016,338.0932724451016,0.3306886702634084,-0.12098114070522553,-0.9551904678123689,0.5156024876984814,310.1406557974075,1567.1292751267279,2143.828394071608,914.7923913899815,576.69911894488,1224.31566923993
B5_R6_C4,B5,5,6,4,AG35XF5,16,10,36.85,150.0,43.69,158.0,2101.80451437,2995.97549077,2102,2996,397044.25918897,4435669.06492945,40.064993,-88.20726978,2155.62415888,2997.03402913,2156,2997,397046.19204253,4435669.02691515,40.06499289,-88.20724712,2154.40866595,3065.18140679,2154,3065,397046.14838988,4435666.5796025,40.06497084,-88.20724724,2100.58902145,3064.12286843,2101,3064,397044.21553632,4435666.61761679,40.06497095,-88.2072699,2128.10659016,3030.57844878,397045.20378943,4435667.82226597,40.06498192,-88.20725851,4.73193359,"POLYGON((2101.805 2995.975, 2155.624 2997.034, 2154.409 3065.181, 2100.589 3064.123, 2101.805 2995.975))","POLYGON((397044.259 4435669.065, 397046.192 4435669.027, 397046.148 4435666.580, 397044.216 4435666.618, 397044.259 4435669.065))",4.005108590576,0.3132338940019041,1.2545357597265985,0.6867661059980958,0.1006900742650032,0.0853241682052612,0.0643631815910339,0.1867086887359619,0.1177315434988807,8,1.997448962763197,0.15912030428184,2,0.4993622406907992,0.68486194858775,3151,987,0.946208418923728,31.32338940019041,10/22/2025 3:12:33 PM,10,17,0.665,,395,S_to_N,0.665,,0.665,0.14053451667313024,1405.3451667313025,0.3306886702634084,-0.017454776261504323,-0.959928436935123,0.3712971248953405,1401.312251628461,1283.755204497041,1881.5858952900314,2003.175857524293,597.8306907929905,1990.1362815426335
B5_R5_C4,B5,5,5,4,LD21-3090,16,11,36.85,140.0,43.69,148.0,2100.28514821,3081.15971284,2100,3081,397044.20462316,4435666.00578863,40.06496544,-88.20726993,2154.10479272,3082.2182512,2154,3082,397046.13747672,4435665.96777433,40.06496533,-88.20724727,2152.88929979,3150.36562887,2153,3150,397046.09382408,4435663.52046168,40.06494328,-88.20724739,2099.06965529,3149.30709051,2099,3149,397044.16097051,4435663.55847597,40.06494339,-88.20727006,2126.587224,3115.76267085,397045.14922362,4435664.76312515,40.06495436,-88.20725866,4.73144531,"POLYGON((2100.285 3081.160, 2154.105 3082.218, 2152.889 3150.366, 2099.070 3149.307, 2100.285 3081.160))","POLYGON((397044.205 4435666.006, 397046.137 4435665.968, 397046.094 4435663.520, 397044.161 4435663.558, 397044.205 4435666.006))",4.004695310384,0.2673813169984686,1.070780706268065,0.7326186830015313,0.0891510695219039,0.0805686712265014,0.0576360076665878,0.1676598042249679,0.1060819719071481,10,2.497068871649345,0.1125933338504934,2,0.499413774329869,0.7249617151607963,3265,873,0.8076982026897994,26.73813169984686,10/22/2025 3:12:57 PM,11,17,1.255,,396,S_to_N,1.255,,1.255,0.26524664616698274,2652.4664616698274,0.3306886702634084,-0.0633073532649398,-0.964666406922144,0.22699176213613187,2637.839337421539,1539.2003759398463,2130.1369400546714,3243.4030257846525,590.9365641148252,3258.7345755829547
B5_R4_C4,B5,5,4,4,AG40XFF5,16,12,36.85,130.0,43.69,138.0,2098.76578206,3166.34393492,2099,3166,397044.15005735,4435662.94664781,40.06493787,-88.20727009,2152.58542656,3167.40247328,2153,3167,397046.08291092,4435662.90863351,40.06493777,-88.20724742,2151.36993363,3235.54985094,2151,3236,397046.03925827,4435660.46132086,40.06491572,-88.20724754,2097.55028913,3234.49131258,2098,3234,397044.10640471,4435660.49933515,40.06491582,-88.20727021,2125.06785785,3200.94689293,397045.09465781,4435661.70398433,40.0649268,-88.20725882,4.73144531,"POLYGON((2098.766 3166.344, 2152.585 3167.402, 2151.370 3235.550, 2097.550 3234.491, 2098.766 3166.344))","POLYGON((397044.150 4435662.947, 397046.083 4435662.909, 397046.039 4435660.461, 397044.106 4435660.499, 397044.150 4435662.947))",4.004695310384,0.3314589190877851,1.3273919788558026,0.668541080912215,0.0907099694013595,0.082386314868927,0.0545472167432308,0.1666664779186248,0.1024636044221765,9,2.2473619844844106,0.1520447081778969,3,0.7491206614948036,0.6666666666666666,3201,1061,1.0012620785102984,33.14589190877851,10/22/2025 3:13:24 PM,12,17,0.62,,397,S_to_N,0.62,,0.62,0.13103818376376838,1310.381837637684,0.3306886702634084,0.0007702488243766514,-0.9694043769142193,0.08268639933299102,1310.5598031452469,1221.872930909473,1837.8028796867611,1926.311786414972,615.929948777288,1895.4557151771805
B5_R3_C4,B5,5,3,4,LD21-5253,16,13,36.85,120.0,43.69,128.0,2097.2464159,3251.528157,2097,3252,397044.09549155,4435659.88750699,40.06491031,-88.20727024,2151.0660604,3252.58669536,2151,3253,397046.02834511,4435659.8494927,40.0649102,-88.20724757,2149.85056748,3320.73407302,2150,3321,397045.98469247,4435657.40218004,40.06488815,-88.2072477,2096.03092297,3319.67553466,2096,3320,397044.0518389,4435657.44019433,40.06488826,-88.20727036,2123.54849169,3286.13111501,397045.04009201,4435658.64484351,40.06489923,-88.20725897,4.73144531,"POLYGON((2097.246 3251.528, 2151.066 3252.587, 2149.851 3320.734, 2096.031 3319.676, 2097.246 3251.528))","POLYGON((397044.095 4435659.888, 397046.028 4435659.849, 397045.985 4435657.402, 397044.052 4435657.440, 397044.095 4435659.888))",4.004695310384,0.3742725880551302,1.4988476781896627,0.6257274119448698,0.0950792208313942,0.083333283662796,0.060502253472805,0.1775699704885482,0.105171175620135,6,1.4982413229896072,0.2626747880208153,4,0.998827548659738,0.6134762633996937,3265,1222,1.130592444085836,37.42725880551302,10/22/2025 3:13:48 PM,13,17,0.625,,398,S_to_N,0.625,,0.625,0.13209494331025037,1320.9494331025037,0.3306886702634084,0.04358391779172177,-0.9741423460369734,-0.06161896347014985,1331.0194699606038,1180.2681536670943,1822.7666814123568,1963.4479608477661,642.4985277452624,1877.0816735116887
B5_R2_C4,B5,5,2,4,AG38XF6,16,14,36.85,110.0,43.69,118.0,2095.72704974,3336.71237908,2096,3337,397044.04092574,4435656.82836617,40.06488275,-88.20727039,2149.54669424,3337.77091744,2150,3338,397045.9737793,4435656.79035188,40.06488264,-88.20724773,2148.33120132,3405.9182951,2148,3406,397045.93012666,4435654.34303922,40.06486059,-88.20724785,2094.51155681,3404.85975674,2095,3405,397043.9972731,4435654.38105351,40.0648607,-88.20727052,2122.02912553,3371.31533709,397044.9855262,4435655.58570269,40.06487167,-88.20725912,4.73193359,"POLYGON((2095.727 3336.712, 2149.547 3337.771, 2148.331 3405.918, 2094.512 3404.860, 2095.727 3336.712))","POLYGON((397044.041 4435656.828, 397045.974 4435656.790, 397045.930 4435654.343, 397043.997 4435654.381, 397044.041 4435656.828))",4.005108590576,0.2355513901905654,0.9434088963743528,0.7644486098094345,0.1272535920143127,0.1142856478691101,0.0837773904204368,0.2192510366439819,0.153541541333292,6,1.4980867220723977,0.16207593303412,1,0.2496811203453996,0.7644486098094345,3201,754,0.7115472263871488,23.555139019056544,10/22/2025 3:14:14 PM,14,17,0.555,,399,S_to_N,0.555,,0.555,0.11728820564449216,1172.8820564449215,0.3306886702634084,-0.09513728007284303,-0.9788803160290486,-0.20592432627329071,1150.9006475800468,1338.0870696672507,1971.6988714756033,1806.493858253274,633.6118018083525,1850.046231639269
B5_R1_C4,B5,5,1,4,LD21-5253,16,15,36.85,100.0,43.69,108.0,2094.20768358,3421.89660115,2094,3422,397043.98635993,4435653.76922535,40.06485519,-88.20727055,2148.02732808,3422.95513951,2148,3423,397045.9192135,4435653.73121106,40.06485508,-88.20724788,2146.81183516,3491.10251717,2147,3491,397045.87556085,4435651.2838984,40.06483303,-88.207248,2092.99219065,3490.04397881,2093,3490,397043.94270729,4435651.32191269,40.06483314,-88.20727067,2120.50975937,3456.49955916,397044.93096039,4435652.52656187,40.06484411,-88.20725928,4.73144531,"POLYGON((2094.208 3421.897, 2148.027 3422.955, 2146.812 3491.103, 2092.992 3490.044, 2094.208 3421.897))","POLYGON((397043.986 4435653.769, 397045.919 4435653.731, 397045.876 4435651.284, 397043.943 4435651.322, 397043.986 4435653.769))",4.004695310384,0.2601120099564405,1.0416693464471138,0.7398879900435594,0.1192837953567504,0.1066677123308181,0.0689746215939521,0.1999998986721038,0.1396732418957876,9,2.2473619844844106,0.1198014854257509,1,0.2497068871649345,0.7398879900435594,3214,836,0.7857392778907268,26.011200995644057,10/22/2025 3:14:41 PM,15,17,0.135,,400,S_to_N,0.135,,0.135,0.028532507755014085,285.32507755014086,0.3306886702634084,-0.07057666030696791,-0.9836182860160696,-0.3502296890764316,269.01838447107656,1153.8272315902389,1822.7666814123568,954.2645273722587,668.9394498221179,982.7016384715334
B5_R0_C4,B5,5,0,4,AG35XF5,16,16,36.85,90.0,43.69,98.0,2092.68831742,3507.08082323,2093,3507,397043.93179413,4435650.71008453,40.06482762,-88.2072707,2146.50796193,3508.13936159,2147,3508,397045.86464769,4435650.67207024,40.06482752,-88.20724803,2145.292469,3576.28673925,2145,3576,397045.82099505,4435648.22475758,40.06480547,-88.20724816,2091.47282449,3575.22820089,2091,3575,397043.88814148,4435648.26277187,40.06480557,-88.20727082,2118.99039321,3541.68378124,397044.87639459,4435649.46742106,40.06481655,-88.20725943,4.73242188,"POLYGON((2092.688 3507.081, 2146.508 3508.139, 2145.292 3576.287, 2091.473 3575.228, 2092.688 3507.081))","POLYGON((397043.932 4435650.710, 397045.865 4435650.672, 397045.821 4435648.225, 397043.888 4435648.263, 397043.932 4435650.710))",4.005521879232001,0.2489846922836613,0.9973136325360528,0.7510153077163386,0.1058920994400978,0.0909090340137481,0.0611749105155468,0.1884982138872146,0.1294930223156424,7,1.7475875082080805,0.1468448487626302,2,0.4993107166308801,0.7485160887222743,3201,797,0.7521261796161242,24.89846922836613,10/22/2025 3:15:07 PM,16,17,0.71,,401,S_to_N,0.71,,0.71,0.15002888964751382,1500.2888964751382,0.3306886702634084,-0.08170397797974713,-0.9883562551388236,-0.49453505139631804,1481.4112436298558,1179.0762604373076,1881.5858952900314,2202.7985313278623,702.5096348527238,2193.865391744136
B1_R7_C4,B1,1,7,4,LG3216,16,17,36.85,80.0,43.69,88.0,2091.16895126,3592.26504531,2091,3592,397043.87722832,4435647.65094371,40.06480006,-88.20727085,2144.98859577,3593.32358367,2145,3593,397045.81008189,4435647.61292942,40.06479995,-88.20724819,2143.77310284,3661.47096133,2144,3661,397045.76642924,4435645.16561676,40.0647779,-88.20724831,2089.95345833,3660.41242297,2090,3660,397043.83357568,4435645.20363105,40.06477801,-88.20727098,2117.47102705,3626.86800332,397044.82182878,4435646.40828024,40.06478898,-88.20725958,4.73144531,"POLYGON((2091.169 3592.265, 2144.989 3593.324, 2143.773 3661.471, 2089.953 3660.412, 2091.169 3592.265))","POLYGON((397043.877 4435647.651, 397045.810 4435647.613, 397045.766 4435645.166, 397043.834 4435645.204, 397043.877 4435647.651))",4.004695310384,0.2759571209800919,1.1051241882560443,0.724042879019908,0.0873802080750465,0.0774647295475006,0.0478685274720191,0.1432727873325348,0.0998005602874008,11,2.74677575881428,0.1056405225443034,1,0.2497068871649345,0.7203675344563553,3265,901,0.8336037578734355,27.59571209800919,10/22/2025 3:15:33 PM,17,17,1.05,,402,S_to_N,1.05,,1.05,0.22191950476122063,2219.1950476122065,0.3306886702634084,-0.05473154928331653,-0.993094225130899,-0.6388404141994589,2206.5493574927973,1603.4302727111115,1913.5895201347182,2529.3542950358133,310.15924742360676,2514.1937758166705
B1_R6_C4,B1,1,6,4,AG29XF5,16,18,36.85,70.0,43.69,78.0,2089.6495851,3677.44926739,2090,3677,397043.82266252,4435644.59180289,40.0647725,-88.20727101,2143.46922961,3678.50780575,2143,3679,397045.75551608,4435644.5537886,40.06477239,-88.20724834,2142.25373668,3746.65518341,2142,3747,397045.71186343,4435642.10647594,40.06475034,-88.20724846,2088.43409217,3745.59664505,2088,3746,397043.77900987,4435642.14449024,40.06475045,-88.20727113,2115.95166089,3712.0522254,397044.76726298,4435643.34913942,40.06476142,-88.20725974,4.73144531,"POLYGON((2089.650 3677.449, 2143.469 3678.508, 2142.254 3746.655, 2088.434 3745.597, 2089.650 3677.449))","POLYGON((397043.823 4435644.592, 397045.756 4435644.554, 397045.712 4435642.106, 397043.779 4435642.144, 397043.823 4435644.592))",4.004695310384,0.3358325523273976,1.3449070473798188,0.6641674476726023,0.1168807819485664,0.1085042953491211,0.0533664226531982,0.1892855167388916,0.1264506286265803,8,1.997655097319476,0.1733073222927842,5,1.2485344358246726,0.6504217432052484,3201,1075,1.0144738307243832,33.583255232739766,10/22/2025 3:15:55 PM,18,17,0.76,,403,S_to_N,0.76,,0.76,0.16062745106526446,1606.2745106526447,0.3306886702634084,0.005143882063989191,-0.997832194253653,-0.7831457770025998,1607.4630013758888,1783.906369254771,2157.017367309951,1979.3855087078248,373.11099805518006,1977.3894792612834
B1_R5_C4,B1,1,5,4,LG3216,16,19,36.85,60.0,43.69,68.0,2088.13021894,3762.63348946,2088,3763,397043.76809671,4435641.53266207,40.06474494,-88.20727116,2141.94986345,3763.69202782,2142,3764,397045.70095027,4435641.49464778,40.06474483,-88.20724849,2140.73437052,3831.83940548,2141,3832,397045.65729763,4435639.04733512,40.06472278,-88.20724862,2086.91472601,3830.78086712,2087,3831,397043.72444406,4435639.08534942,40.06472289,-88.20727128,2114.43229473,3797.23644747,397044.71269717,4435640.2899986,40.06473386,-88.20725989,4.73193359,"POLYGON((2088.130 3762.633, 2141.950 3763.692, 2140.734 3831.839, 2086.915 3830.781, 2088.130 3762.633))","POLYGON((397043.768 4435641.533, 397045.701 4435641.495, 397045.657 4435639.047, 397043.724 4435639.085, 397043.768 4435641.533))",4.005108590576,0.3304747320061256,1.3235871881260348,0.6695252679938744,0.1439205855131149,0.134615272283554,0.0759211704134941,0.2373535335063934,0.1571466826831592,7,1.7477678424177974,0.1988024991403738,4,0.9987244813815984,0.655436447166922,3265,1079,0.9982890729694084,33.04747320061256,10/22/2025 3:16:20 PM,19,17,0.575,,404,S_to_N,0.575,,0.575,0.12151480764969907,1215.1480764969908,0.3306886702634084,-0.00021393825728283078,-1.0025701642457283,-0.9274511398057407,1215.0986461968857,1486.1106611392975,1913.5895201347182,1642.6269354924116,427.47885899542075,1631.7981654396735
B1_R4_C4,B1,1,4,4,AG40XFF5,16,20,36.85,50.0,43.69,58.0,2086.61085278,3847.81771154,2087,3848,397043.7135309,4435638.47352125,40.06471737,-88.20727131,2140.43049729,3848.8762499,2140,3849,397045.64638447,4435638.43550696,40.06471727,-88.20724865,2139.21500436,3917.02362756,2139,3917,397045.60273182,4435635.9881943,40.06469522,-88.20724877,2085.39535985,3915.9650892,2085,3916,397043.66987826,4435636.0262086,40.06469532,-88.20727144,2112.91292857,3882.42066955,397044.65813136,4435637.23085778,40.0647063,-88.20726004,4.73193359,"POLYGON((2086.611 3847.818, 2140.430 3848.876, 2139.215 3917.024, 2085.395 3915.965, 2086.611 3847.818))","POLYGON((397043.714 4435638.474, 397045.646 4435638.436, 397045.603 4435635.988, 397043.670 4435636.026, 397043.714 4435638.474))",4.005108590576,0.2342113614725484,0.9380419358442044,0.7657886385274516,0.0372796319425106,0.0232018530368804,0.0376488231122493,0.0786516368389129,0.0440681725740432,7,1.7477678424177974,0.1359742765204781,1,0.2496811203453996,0.7657886385274516,3151,738,0.7074993041192618,23.42113614725484,10/22/2025 3:16:43 PM,20,17,0.505,,405,S_to_N,0.505,,0.505,0.10672170063147485,1067.2170063147485,0.3306886702634084,-0.09647730879086003,-1.0073081342327492,-1.0717565026088816,1044.9259846554062,1370.471617645134,1837.8028796867611,1534.5482683563755,467.33126204162704,1207.669116243393
B1_R3_C4,B1,1,3,4,LG3216,16,21,36.85,40.0,43.69,48.0,2085.09148662,3933.00193362,2085,3933,397043.6589651,4435635.41438043,40.06468981,-88.20727147,2138.91113113,3934.06047198,2139,3934,397045.59181866,4435635.37636614,40.0646897,-88.2072488,2137.6956382,4002.20784964,2138,4002,397045.54816602,4435632.92905348,40.06466765,-88.20724892,2083.87599369,4001.14931128,2084,4001,397043.61531245,4435632.96706778,40.06466776,-88.20727159,2111.39356241,3967.60489163,397044.60356556,4435634.17171696,40.06467873,-88.2072602,4.73193359,"POLYGON((2085.091 3933.002, 2138.911 3934.060, 2137.696 4002.208, 2083.876 4001.149, 2085.091 3933.002))","POLYGON((397043.659 4435635.414, 397045.592 4435635.376, 397045.548 4435632.929, 397043.615 4435632.967, 397043.659 4435635.414))",4.005108590576,0.3027380211574362,1.2124986492316263,0.6972619788425638,0.0470994673669338,0.0321147590875625,0.038863155990839,0.0950264856219291,0.0587500751299013,4,0.9987244813815984,0.3137265573783796,1,0.2496811203453996,0.6932171748599876,3214,973,0.9145027719948292,30.27380211574362,10/22/2025 3:17:06 PM,21,17,0.23,,406,S_to_N,0.23,,0.23,0.04860592305987963,486.0592305987963,0.3306886702634084,-0.027950649105972225,-1.0120461033555033,-1.2160618654120223,479.6012506611042,1361.843009266368,1913.5895201347182,1037.8057414671466,551.7465108683502,1010.0938089492402
B1_R2_C4,B1,1,2,4,AG36XF4,16,22,36.85,30.0,43.69,38.0,2083.57212046,4018.18615569,2084,4018,397043.60439929,4435632.35523961,40.06466225,-88.20727162,2137.39176497,4019.24469405,2137,4019,397045.53725285,4435632.31722532,40.06466214,-88.20724895,2136.17627204,4087.39207172,2136,4087,397045.49360021,4435629.86991267,40.06464009,-88.20724908,2082.35662753,4086.33353336,2082,4086,397043.56074665,4435629.90792696,40.0646402,-88.20727174,2109.87419625,4052.78911371,397044.54899975,4435631.11257614,40.06465117,-88.20726035,4.73242188,"POLYGON((2083.572 4018.186, 2137.392 4019.245, 2136.176 4087.392, 2082.357 4086.334, 2083.572 4018.186))","POLYGON((397043.604 4435632.355, 397045.537 4435632.317, 397045.494 4435629.870, 397043.561 4435629.908, 397043.604 4435632.355))",4.005521879232001,0.2383630115588878,0.9547682579987556,0.7616369884411122,0.0332161895930767,0.0181487798690795,0.037393894046545,0.0841120779514312,0.0401691198348999,6,1.4979321498926403,0.1640105263992488,1,0.24965535831544,0.7578881599500156,3201,763,0.7200404956676321,23.836301155888783,10/22/2025 3:17:28 PM,22,17,0.075,,407,S_to_N,0.075,,0.075,0.015848122145864136,158.48122145864136,0.3306886702634084,-0.09232565870452061,-1.0167840733475786,-1.3603672282151633,137.1494359467046,1232.4590965438522,1844.402221121324,770.4243460361131,611.9431245774717,738.6552089354027
B1_R1_C4,B1,1,1,4,LG3216,16,23,36.85,20.0,43.69,28.0,2082.0527543,4103.37037777,2082,4103,397043.54983348,4435629.29609879,40.06463469,-88.20727177,2135.87239881,4104.42891613,2136,4104,397045.48268705,4435629.2580845,40.06463458,-88.20724911,2134.65690588,4172.57629379,2135,4173,397045.4390344,4435626.81077185,40.06461253,-88.20724923,2080.83726138,4171.51775543,2081,4172,397043.50618084,4435626.84878614,40.06461264,-88.2072719,2108.35483009,4137.97333578,397044.49443394,4435628.05343532,40.06462361,-88.2072605,4.73242188,"POLYGON((2082.053 4103.370, 2135.872 4104.429, 2134.657 4172.576, 2080.837 4171.518, 2082.053 4103.370))","POLYGON((397043.550 4435629.296, 397045.483 4435629.258, 397045.439 4435626.811, 397043.506 4435626.849, 397043.550 4435629.296))",4.005521879232001,0.2453292496171516,0.9826716769570696,0.7546707503828484,0.0999072194099426,0.0799999237060546,0.0804131180047988,0.2141899019479751,0.1330577253547367,6,1.4979321498926403,0.1721788094964591,2,0.4993107166308801,0.7546707503828484,3265,801,0.7410839179318778,24.53292496171516,10/22/2025 3:17:55 PM,23,17,0.25,,408,S_to_N,0.25,,0.25,0.05282707381954713,528.2707381954713,0.3306886702634084,-0.08535942064625682,-1.021522043339654,-1.504672591018304,508.5484976157788,1218.4782189013051,1913.5895201347182,1223.3820394288844,695.1113012334131,1171.278778046613
B1_R0_C4,B1,1,0,4,AG36XF4,16,24,36.85,10.0,43.69,18.0,2080.53338814,4188.55459985,2081,4189,397043.49526768,4435626.23695797,40.06460712,-88.20727193,2134.35303265,4189.61313821,2134,4190,397045.42812124,4435626.19894368,40.06460702,-88.20724926,2133.13753972,4257.76051587,2133,4258,397045.3844686,4435623.75163103,40.06458497,-88.20724938,2079.31789522,4256.70197751,2079,4257,397043.45161503,4435623.78964532,40.06458507,-88.20727205,2106.83546393,4223.15755786,397044.43986814,4435624.9942945,40.06459605,-88.20726065,4.73242188,"POLYGON((2080.533 4188.555, 2134.353 4189.613, 2133.138 4257.761, 2079.318 4256.702, 2080.533 4188.555))","POLYGON((397043.495 4435626.237, 397045.428 4435626.199, 397045.384 4435623.752, 397043.452 4435623.790, 397043.495 4435626.237))",4.005521879232001,0.3814432989690721,1.5278794797070518,0.6185567010309279,0.1900541186332702,0.176136165857315,0.1191775575280189,0.3484843373298645,0.2075486245108586,3,0.7489660749463202,0.5249196664049353,1,0.24965535831544,0.6182442986566697,3201,1221,1.1522535323855554,38.144329896907216,10/22/2025 3:18:21 PM,24,17,0.38,,409,S_to_N,0.38,,0.38,0.08029715220571162,802.9715220571162,0.3306886702634084,0.05075462870566366,-1.026260012462408,-1.6489779538214449,814.6983471724641,1029.7950097716382,1844.402221121324,1617.5787334068018,814.6072113496857,1586.727187409485
B9_R7_C3,B9,9,7,3,LD21-5665,17,1,30.01,240.0,36.85,248.0,2061.6591653,2228.25895371,2062,2228,397042.81742766,4435696.63521111,40.06524117,-88.20729107,2115.47880981,2229.31749207,2115,2229,397044.75028122,4435696.59719682,40.06524106,-88.2072684,2114.26331688,2297.46486973,2114,2297,397044.70662858,4435694.14988416,40.06521901,-88.20726852,2060.44367237,2296.40633137,2060,2296,397042.77377501,4435694.18789846,40.06521912,-88.20729119,2087.96124109,2262.86191172,397043.76202812,4435695.39254764,40.06523009,-88.2072798,4.73193359,"POLYGON((2061.659 2228.259, 2115.479 2229.317, 2114.263 2297.465, 2060.444 2296.406, 2061.659 2228.259))","POLYGON((397042.817 4435696.635, 397044.750 4435696.597, 397044.707 4435694.150, 397042.774 4435694.188, 397042.817 4435696.635))",4.005108590576,0.5154639175257731,2.0644889642144326,0.4845360824742268,0.2310938537120819,0.2345676720142364,0.1220897361636161,0.3891621232032776,0.2231281943180981,1,0.2496811203453996,2.128052701641629,4,0.9987244813815984,0.4761012183692596,3201,1650,1.5570993680885885,51.546391752577314,10/22/2025 3:29:14 PM,1,18,1.075,,433,N_to_S,1.075,,1.075,0.22717985777987218,2271.798577798722,0.3306886702634084,0.18477524726236472,-1.0851171186457083,1.6718385948898222,2314.490782737443,2034.6221846699013,2143.828394071608,2381.0047872004284,109.20620940170647,1892.0974721565965
B9_R6_C3,B9,9,6,3,LG3216,17,2,30.01,230.0,36.85,238.0,2060.13979914,2313.44317579,2060,2313,397042.76286185,4435693.57607029,40.0652136,-88.20729122,2113.95944365,2314.50171415,2114,2315,397044.69571542,4435693.538056,40.0652135,-88.20726856,2112.74395072,2382.64909181,2113,2383,397044.65206277,4435691.09074335,40.06519145,-88.20726868,2058.92430621,2381.59055345,2059,2382,397042.71920921,4435691.12875764,40.06519155,-88.20729134,2086.44187493,2348.0461338,397043.70746231,4435692.33340682,40.06520253,-88.20727995,4.73144531,"POLYGON((2060.140 2313.443, 2113.959 2314.502, 2112.744 2382.649, 2058.924 2381.591, 2060.140 2313.443))","POLYGON((397042.763 4435693.576, 397044.696 4435693.538, 397044.652 4435691.091, 397042.719 4435691.129, 397042.763 4435693.576))",4.004695310384,0.5081163859111791,2.034851307787766,0.4918836140888208,0.2418589442968368,0.2446806132793426,0.0782596319913864,0.3384611010551452,0.235628999705408,5,1.2485344358246726,0.4279320523664804,5,1.2485344358246726,0.470750382848392,3265,1659,1.5349041446304434,50.81163859111791,10/22/2025 3:28:46 PM,2,18,1.31,,432,N_to_S,1.31,,1.31,0.2768710011782848,2768.7100117828477,0.3306886702634084,0.1774277156477707,-1.0898550886377836,1.5275332320866812,2809.7045741523857,1860.6220766654167,1913.5895201347182,2821.6774552521492,52.96744346930154,2872.248298534736
B9_R5_C3,B9,9,5,3,LD20-5738,17,3,30.01,220.0,36.85,228.0,2058.62043298,2398.62739786,2059,2399,397042.70829605,4435690.51692947,40.06518604,-88.20729137,2112.44007749,2399.68593622,2112,2400,397044.64114961,4435690.47891518,40.06518594,-88.20726871,2111.22458456,2467.83331389,2111,2468,397044.59749697,4435688.03160253,40.06516389,-88.20726883,2057.40494006,2466.77477553,2057,2467,397042.6646434,4435688.06961682,40.06516399,-88.2072915,2084.92250877,2433.23035587,397043.65289651,4435689.274266,40.06517496,-88.2072801,4.73193359,"POLYGON((2058.620 2398.627, 2112.440 2399.686, 2111.225 2467.833, 2057.405 2466.775, 2058.620 2398.627))","POLYGON((397042.708 4435690.517, 397044.641 4435690.479, 397044.597 4435688.032, 397042.665 4435688.070, 397042.708 4435690.517))",4.005108590576,0.6138706654170571,2.458618675564461,0.3861293345829428,0.2666517794132232,0.2720845937728882,0.0832679346203804,0.3636359870433807,0.2497855272947573,2,0.4993622406907992,1.267158654159334,11,2.746492323799396,0.358950328022493,3201,1965,1.8543637929055008,61.387066541705714,10/22/2025 3:28:20 PM,3,18,0.92,,431,N_to_S,0.92,,0.92,0.19442369223951853,1944.2369223951853,0.3306886702634084,0.2831819951536487,-1.0945930577605376,1.3832278692835405,2009.6659446867334,1620.9273568159927,1650.2763496553252,1973.5859152345179,29.348992839332595,1747.9659478451383
B9_R4_C3,B9,9,4,3,LG3216,17,4,30.01,210.0,36.85,218.0,2057.10106682,2483.81161994,2057,2484,397042.65373024,4435687.45778865,40.06515848,-88.20729153,2110.92071133,2484.8701583,2111,2485,397044.5865838,4435687.41977436,40.06515837,-88.20726886,2109.7052184,2553.01753596,2110,2553,397044.54293116,4435684.97246171,40.06513632,-88.20726898,2055.8855739,2551.9589976,2056,2552,397042.6100776,4435685.010476,40.06513643,-88.20729165,2083.40314261,2518.41457795,397043.5983307,4435686.21512518,40.0651474,-88.20728026,4.73193359,"POLYGON((2057.101 2483.812, 2110.921 2484.870, 2109.705 2553.018, 2055.886 2551.959, 2057.101 2483.812))","POLYGON((397042.654 4435687.458, 397044.587 4435687.420, 397044.543 4435684.972, 397042.610 4435685.010, 397042.654 4435687.458))",4.005108590576,0.4595519601742377,1.840555503509879,0.5404480398257623,0.2621202766895294,0.2602227926254272,0.0987161919474601,0.3857863247394562,0.2622815759813084,7,1.7477678424177974,0.2721328000281114,2,0.4993622406907992,0.5286247666459241,3214,1477,1.3882020495748846,45.95519601742377,10/22/2025 3:27:57 PM,4,18,1.19,,430,N_to_S,1.19,,1.19,0.251482819309812,2514.8281930981198,0.3306886702634084,0.1288632899108293,-1.0993310277475588,1.2389225064803995,2544.601975373943,1961.4604657927305,1913.5895201347182,2466.9572474401075,-47.87094565801226,2493.3354808796676
B9_R3_C3,B9,9,3,3,LD19-10076,17,5,30.01,200.0,36.85,208.0,2055.58170066,2568.99584202,2056,2569,397042.59916443,4435684.39864783,40.06513092,-88.20729168,2109.40134517,2570.05438038,2109,2570,397044.532018,4435684.36063354,40.06513081,-88.20726902,2108.18585224,2638.20175804,2108,2638,397044.48836535,4435681.91332089,40.06510876,-88.20726914,2054.36620774,2637.14321968,2054,2637,397042.55551179,4435681.95133518,40.06510887,-88.2072918,2081.88377645,2603.59880003,397043.54376489,4435683.15598436,40.06511984,-88.20728041,4.73193359,"POLYGON((2055.582 2568.996, 2109.401 2570.054, 2108.186 2638.202, 2054.366 2637.143, 2055.582 2568.996))","POLYGON((397042.599 4435684.399, 397044.532 4435684.361, 397044.488 4435681.913, 397042.556 4435681.951, 397042.599 4435684.399))",4.005108590576,0.3452872104093938,1.382912772626686,0.6547127895906062,0.1268445253372192,0.1140583157539367,0.0846103727817535,0.246376484632492,0.1442769754166696,7,1.7477678424177974,0.2004607220247699,2,0.4993622406907992,0.6505871152015233,3151,1088,1.043034204446825,34.52872104093939,10/22/2025 3:27:33 PM,5,18,0.685,,429,N_to_S,0.685,,0.685,0.1447611186783372,1447.6111867833717,0.3306886702634084,0.014598540145985384,-1.1040689977396339,1.0946171436772587,1450.9841703239301,1857.8656800145545,1748.5174495778338,1338.262956346651,-109.34823043672077,1371.5264120905456
B9_R2_C3,B9,9,2,3,LG3216,17,6,30.01,190.0,36.85,198.0,2054.0623345,2654.1800641,2054,2654,397042.54459863,4435681.33950702,40.06510335,-88.20729183,2107.88197901,2655.23860246,2108,2655,397044.47745219,4435681.30149272,40.06510325,-88.20726917,2106.66648608,2723.38598012,2107,2723,397044.43379955,4435678.85418007,40.0650812,-88.20726929,2052.84684158,2722.32744176,2053,2722,397042.50094598,4435678.89219436,40.0650813,-88.20729196,2080.36441029,2688.78302211,397043.48919909,4435680.09684354,40.06509228,-88.20728056,4.73193359,"POLYGON((2054.062 2654.180, 2107.882 2655.239, 2106.666 2723.386, 2052.847 2722.327, 2054.062 2654.180))","POLYGON((397042.545 4435681.340, 397044.477 4435681.301, 397044.434 4435678.854, 397042.501 4435678.892, 397042.545 4435681.340))",4.005108590576,0.2759571209800919,1.1052382358679864,0.724042879019908,0.0845602750778198,0.0763358175754547,0.0566788539290428,0.1678517609834671,0.103631901843875,9,2.2471300831085967,0.1291161942208153,1,0.2496811203453996,0.7231240428790199,3265,901,0.8336037578734355,27.59571209800919,10/22/2025 3:27:07 PM,6,18,0.925,,428,N_to_S,0.925,,0.925,0.19548034274082027,1954.8034274082027,0.3306886702634084,-0.05473154928331653,-1.1088069668623879,0.9503117808741178,1942.1577372887934,2067.544697467234,1913.5895201347182,1800.8482500756868,-153.95517733251586,1768.0616905476318
B9_R1_C3,B9,9,1,3,LD21-5944,17,7,30.01,180.0,36.85,188.0,2052.54296835,2739.36428617,2053,2739,397042.49003282,4435678.2803662,40.06507579,-88.20729199,2106.36261285,2740.42282453,2106,2740,397044.42288639,4435678.2423519,40.06507569,-88.20726932,2105.14711992,2808.5702022,2105,2809,397044.37923374,4435675.79503925,40.06505364,-88.20726944,2051.32747542,2807.51166384,2051,2808,397042.44638018,4435675.83305354,40.06505374,-88.20729211,2078.84504413,2773.96724418,397043.43463328,4435677.03770272,40.06506471,-88.20728072,4.73193359,"POLYGON((2052.543 2739.364, 2106.363 2740.423, 2105.147 2808.570, 2051.327 2807.512, 2052.543 2739.364))","POLYGON((397042.490 4435678.280, 397044.423 4435678.242, 397044.379 4435675.795, 397042.446 4435675.833, 397042.490 4435678.280))",4.005108590576,0.2664792252421118,1.067278234227219,0.7335207747578882,0.075061909854412,0.0577506721019744,0.0617568679153919,0.1609587520360946,0.0958668562711454,7,1.7477678424177974,0.1571626800433168,2,0.4993622406907992,0.7288347391440175,3201,853,0.8049731884724641,26.647922524211182,10/22/2025 3:26:41 PM,7,18,0.73,,427,N_to_S,0.73,,0.73,0.15427097319005276,1542.7097319005275,0.3306886702634084,-0.06420944502129661,-1.1135449368544632,0.806006418070977,1527.8741799179697,1982.6917046458761,1804.4466042862205,1364.4646315408718,-178.24510035965568,1395.316412209885
B9_R0_C3,B9,9,0,3,LG3216,17,8,30.01,170.0,36.85,178.0,2051.02360219,2824.54850825,2051,2825,397042.43546702,4435675.22122538,40.06504823,-88.20729214,2104.84324669,2825.60704661,2105,2826,397044.36832058,4435675.18321108,40.06504812,-88.20726947,2103.62775377,2893.75442427,2104,2894,397044.32466793,4435672.73589843,40.06502607,-88.2072696,2049.80810926,2892.69588591,2050,2893,397042.39181437,4435672.77391272,40.06502618,-88.20729226,2077.32567798,2859.15146626,397043.38006747,4435673.9785619,40.06503715,-88.20728087,4.73193359,"POLYGON((2051.024 2824.549, 2104.843 2825.607, 2103.628 2893.754, 2049.808 2892.696, 2051.024 2824.549))","POLYGON((397042.435 4435675.221, 397044.368 4435675.183, 397044.325 4435672.736, 397042.392 4435672.774, 397042.435 4435675.221))",4.005108590576,0.365084226646248,1.4622019724246833,0.6349157733537519,0.1099047660827636,0.1008402705192565,0.0564641989767551,0.1834860146045684,0.1199119756642509,7,1.7477678424177974,0.2196224086889023,3,0.7490433610361988,0.6290964777947933,3265,1192,1.1028364921033686,36.50842266462481,10/22/2025 3:26:16 PM,8,18,0.785,,426,N_to_S,0.785,,0.785,0.16589412870437178,1658.941287043718,0.3306886702634084,0.03439555638283959,-1.1182829068414843,0.6617010552678361,1666.888358763733,2084.6638455133407,1913.5895201347182,1487.8669616650955,-171.07432537862246,1467.2332198784848
B5_R7_C3,B5,5,7,3,AG38XF6,17,9,30.01,160.0,36.85,168.0,2049.50423603,2909.73273033,2050,2910,397042.38090121,4435672.16208456,40.06502067,-88.20729229,2103.32388053,2910.79126869,2103,2911,397044.31375477,4435672.12407027,40.06502056,-88.20726963,2102.10838761,2978.93864635,2102,2979,397044.27010213,4435669.67675761,40.06499851,-88.20726975,2048.2887431,2977.88010799,2048,2978,397042.33724856,4435669.7147719,40.06499862,-88.20729242,2075.80631182,2944.33568834,397043.32550167,4435670.91942108,40.06500959,-88.20728102,4.73193359,"POLYGON((2049.504 2909.733, 2103.324 2910.791, 2102.108 2978.939, 2048.289 2977.880, 2049.504 2909.733))","POLYGON((397042.381 4435672.162, 397044.314 4435672.124, 397044.270 4435669.677, 397042.337 4435669.715, 397042.381 4435672.162))",4.005108590576,0.3726223885251013,1.492393129322831,0.6273776114748987,0.1174621880054473,0.1074379682540893,0.0676349550485611,0.2085959166288375,0.1288339613933189,8,1.997448962763197,0.1926532559440717,4,0.9987244813815984,0.6202057998129092,3207,1195,1.1256075662737055,37.26223885251013,10/22/2025 3:25:48 PM,9,18,0.46,,425,N_to_S,0.46,,0.46,0.09721184611975926,972.1184611975926,0.3306886702634084,0.0419337182616929,-1.1230208759642384,0.5173956924646952,981.8072204897331,1418.9873649036897,1971.6988714756033,1524.8299677695063,552.7115065719136,1464.1663020138099
B5_R6_C3,B5,5,6,3,LD21-3090,17,10,30.01,150.0,36.85,158.0,2047.98486987,2994.91695241,2048,2995,397042.3263354,4435669.10294374,40.0649931,-88.20729245,2101.80451437,2995.97549077,2102,2996,397044.25918897,4435669.06492945,40.064993,-88.20726978,2100.58902145,3064.12286843,2101,3064,397044.21553632,4435666.61761679,40.06497095,-88.2072699,2046.76937694,3063.06433007,2047,3063,397042.28268276,4435666.65563108,40.06497105,-88.20729257,2074.28694566,3029.51991042,397043.27093586,4435667.86028026,40.06498203,-88.20728118,4.73193359,"POLYGON((2047.985 2994.917, 2101.805 2995.975, 2100.589 3064.123, 2046.769 3063.064, 2047.985 2994.917))","POLYGON((397042.326 4435669.103, 397044.259 4435669.065, 397044.216 4435666.618, 397042.283 4435666.656, 397042.326 4435669.103))",4.005108590576,0.3671482412060301,1.4704685748691404,0.6328517587939699,0.1099049001932144,0.1007121950387954,0.0690491050481796,0.2056309729814529,0.1205507418267867,5,1.248405601726998,0.3015386191780685,3,0.7490433610361988,0.6297110552763819,3184,1169,1.1090714110908877,36.71482412060301,10/22/2025 3:25:23 PM,10,18,0.855,,424,N_to_S,0.855,,0.855,0.180687235722596,1806.87235722596,0.3306886702634084,0.0364595709426217,-1.1277588459563135,0.37309032970548656,1815.296318214902,1581.3256556309568,2130.1369400546714,2355.6836416496744,548.8112844237146,2303.14367875988
B5_R5_C3,B5,5,5,3,AG34XF6,17,11,30.01,140.0,36.85,148.0,2046.46550371,3080.10117448,2046,3080,397042.2717696,4435666.04380292,40.06496554,-88.2072926,2100.28514821,3081.15971284,2100,3081,397044.20462316,4435666.00578863,40.06496544,-88.20726993,2099.06965529,3149.30709051,2099,3149,397044.16097051,4435663.55847597,40.06494339,-88.20727006,2045.25001078,3148.24855215,2045,3148,397042.22811695,4435663.59649026,40.06494349,-88.20729272,2072.7675795,3114.70413249,397043.21637006,4435664.80113944,40.06495446,-88.20728133,4.73242188,"POLYGON((2046.466 3080.101, 2100.285 3081.160, 2099.070 3149.307, 2045.250 3148.249, 2046.466 3080.101))","POLYGON((397042.272 4435666.044, 397044.205 4435666.006, 397044.161 4435663.558, 397042.228 4435663.596, 397042.272 4435666.044))",4.005521879232001,0.3504484998453449,1.4037291336745614,0.6495515001546551,0.126645803451538,0.1170209348201751,0.0697042569518089,0.217763602733612,0.1381721903997309,5,1.2482767915772004,0.2922525710254504,3,0.7489660749463202,0.6412001237240953,3233,1133,1.0586252870541537,35.04484998453449,10/22/2025 3:24:58 PM,11,18,0.75,,423,N_to_S,0.75,,0.75,0.15848122145864138,1584.8122145864138,0.3306886702634084,0.01975982958193645,-1.1324968150790675,0.2287849669023457,1589.3777108125853,1383.2905063506623,1932.096114966995,2133.6178232027464,548.8056086163326,2108.3528113834964
B5_R4_C3,B5,5,4,3,LD07-3395bf,17,12,30.01,130.0,36.85,138.0,2044.94613755,3165.28539656,2045,3165,397042.21720379,4435662.9846621,40.06493798,-88.20729275,2098.76578206,3166.34393492,2099,3166,397044.15005735,4435662.94664781,40.06493787,-88.20727009,2097.55028913,3234.49131258,2098,3234,397044.10640471,4435660.49933515,40.06491582,-88.20727021,2043.73064462,3233.43277422,2044,3233,397042.17355115,4435660.53734944,40.06491593,-88.20729288,2071.24821334,3199.88835457,397043.16180425,4435661.74199862,40.0649269,-88.20728148,4.73193359,"POLYGON((2044.946 3165.285, 2098.766 3166.344, 2097.550 3234.491, 2043.731 3233.433, 2044.946 3165.285))","POLYGON((397042.217 4435662.985, 397044.150 4435662.947, 397044.106 4435660.499, 397042.174 4435660.537, 397042.217 4435662.985))",4.005108590576,0.3348794063079777,1.3412283870110722,0.6651205936920223,0.0850845947861671,0.0737979561090469,0.0547199249267578,0.1616425812244415,0.0976130420647415,7,1.7477678424177974,0.1995394870889943,3,0.7490433610361988,0.6620284477427335,3234,1083,1.0115945931791854,33.48794063079777,10/22/2025 3:24:33 PM,12,18,0.78,,422,N_to_S,0.78,,0.78,0.16483747820307007,1648.3747820307008,0.3306886702634084,0.004190736044569265,-1.1372347850711428,0.08447960409920485,1649.34304896423,1432.4051977685824,1987.9545781255385,2203.924162387657,555.5493803569561,2188.321137499328
B5_R3_C3,B5,5,3,3,AG34XF6,17,13,30.01,120.0,36.85,128.0,2043.42677139,3250.46961864,2043,3250,397042.16263798,4435659.92552128,40.06491042,-88.20729291,2097.2464159,3251.528157,2097,3252,397044.09549155,4435659.88750699,40.06491031,-88.20727024,2096.03092297,3319.67553466,2096,3320,397044.0518389,4435657.44019433,40.06488826,-88.20727036,2042.21127846,3318.6169963,2042,3319,397042.11898534,4435657.47820862,40.06488837,-88.20729303,2069.72884718,3285.07257665,397043.10723844,4435658.68285781,40.06489934,-88.20728164,4.73242188,"POLYGON((2043.427 3250.470, 2097.246 3251.528, 2096.031 3319.676, 2042.211 3318.617, 2043.427 3250.470))","POLYGON((397042.163 4435659.926, 397044.095 4435659.888, 397044.052 4435657.440, 397042.119 4435657.478, 397042.163 4435659.926))",4.005521879232001,0.3105474791215589,1.2439047221617474,0.689452520878441,0.0902038738131523,0.0799999833106994,0.0610552988946437,0.173912912607193,0.1045765242646722,12,2.9958642997852807,0.1079073188105149,1,0.24965535831544,0.6891432106402722,3233,1004,0.938093369993266,31.054747912155893,10/22/2025 3:24:09 PM,13,18,0.665,,421,N_to_S,0.665,,0.665,0.14052001635999536,1405.2001635999536,0.3306886702634084,-0.020141191141849535,-1.141972755058164,-0.05982575826461384,1400.5465540246578,1365.3393977102469,1932.096114966995,1971.9568808567017,566.7567172567481,1920.745541811794
B5_R2_C3,B5,5,2,3,LD21-3090,17,14,30.01,110.0,36.85,118.0,2041.90740523,3335.65384072,2042,3336,397042.10807218,4435656.86638046,40.06488285,-88.20729306,2095.72704974,3336.71237908,2096,3337,397044.04092574,4435656.82836617,40.06488275,-88.20727039,2094.51155681,3404.85975674,2095,3405,397043.9972731,4435654.38105351,40.0648607,-88.20727052,2040.6919123,3403.80121838,2041,3404,397042.06441953,4435654.4190678,40.0648608,-88.20729318,2068.20948102,3370.25679873,397043.05267264,4435655.62371699,40.06487178,-88.20728179,4.73193359,"POLYGON((2041.907 3335.654, 2095.727 3336.712, 2094.512 3404.860, 2040.692 3403.801, 2041.907 3335.654))","POLYGON((397042.108 4435656.866, 397044.041 4435656.828, 397043.997 4435654.381, 397042.064 4435654.419, 397042.108 4435656.866))",4.005108590576,0.4322820037105751,1.7313363666126305,0.5677179962894249,0.1134282723069191,0.1081080436706543,0.074360191822052,0.1983094364404678,0.1159900974806619,6,1.4980867220723977,0.3005068360499998,5,1.248405601726998,0.5624613481756339,3234,1398,1.3058257075387822,43.22820037105751,10/22/2025 3:23:42 PM,14,18,0.735,,420,N_to_S,0.735,,0.735,0.15532762369135447,1553.2762369135446,0.3306886702634084,0.1015933334471667,-1.146710724180918,-0.20413112102382247,1576.7493128595656,1511.9361110334771,2130.1369400546714,2171.4770659347387,618.2008290211943,2053.2935961783887
B5_R1_C3,B5,5,1,3,AG40XFF5,17,15,30.01,100.0,36.85,108.0,2040.38803907,3420.83806279,2040,3421,397042.05350637,4435653.80723964,40.06485529,-88.20729321,2094.20768358,3421.89660115,2094,3422,397043.98635993,4435653.76922535,40.06485519,-88.20727055,2092.99219065,3490.04397881,2093,3490,397043.94270729,4435651.32191269,40.06483314,-88.20727067,2039.17254614,3488.98544045,2039,3489,397042.00985373,4435651.35992699,40.06483324,-88.20729334,2066.69011486,3455.4410208,397042.99810683,4435652.56457617,40.06484421,-88.20728194,4.73193359,"POLYGON((2040.388 3420.838, 2094.208 3421.897, 2092.992 3490.044, 2039.173 3488.985, 2040.388 3420.838))","POLYGON((397042.054 4435653.807, 397043.986 4435653.769, 397043.943 4435651.322, 397042.010 4435651.360, 397042.054 4435653.807))",4.005108590576,0.2622899813316739,1.0504998574535058,0.7377100186683261,0.0860215127468109,0.0677966028451919,0.0614878349006176,0.1704543828964233,0.1070985793553146,10,2.496811203453996,0.1087241471202359,1,0.2496811203453996,0.7364654635967641,3214,843,0.7923184345237831,26.22899813316739,10/22/2025 3:23:18 PM,15,18,0.81,,419,N_to_S,0.81,,0.81,0.17117738121088047,1711.7738121088048,0.3306886702634084,-0.06839868893173451,-1.1514486941729931,-0.34843648382696335,1695.9703379493726,1229.0729624396838,1837.8028796867611,2320.503729355882,608.7299172470773,2046.1298425397692
B5_R0_C3,B5,5,0,3,LD07-3395bf,17,16,30.01,90.0,36.85,98.0,2038.86867291,3506.02228487,2039,3506,397041.99894056,4435650.74809882,40.06482773,-88.20729337,2092.68831742,3507.08082323,2093,3507,397043.93179413,4435650.71008453,40.06482762,-88.2072707,2091.47282449,3575.22820089,2091,3575,397043.88814148,4435648.26277187,40.06480557,-88.20727082,2037.65317998,3574.16966253,2038,3574,397041.95528792,4435648.30078617,40.06480568,-88.20729349,2065.1707487,3540.62524288,397042.94354102,4435649.50543535,40.06481665,-88.2072821,4.73193359,"POLYGON((2038.869 3506.022, 2092.688 3507.081, 2091.473 3575.228, 2037.653 3574.170, 2038.869 3506.022))","POLYGON((397041.999 4435650.748, 397043.932 4435650.710, 397043.888 4435648.263, 397041.955 4435648.301, 397041.999 4435650.748))",4.005108590576,0.3738495715645826,1.4973081306564668,0.6261504284354173,0.0943123251199722,0.0864485502243042,0.0570708252489566,0.1754384636878967,0.1030547015807207,11,2.746492323799396,0.1381182414619195,2,0.4993622406907992,0.6172643605204697,3151,1178,1.129314607388198,37.38495715645826,10/22/2025 3:22:56 PM,16,18,1.045,,418,N_to_S,1.045,,1.045,0.22083995477206178,2208.3995477206176,0.3306886702634084,0.04316090130117417,-1.1561866641650684,-0.49274184663010423,2218.3718468840075,1317.1550367839718,1987.9545781255385,2879.1990890621846,670.7995413415667,3053.085919175608
B1_R7_C3,B1,1,7,3,AG38XF6,17,17,30.01,80.0,36.85,88.0,2037.34930675,3591.20650695,2037,3591,397041.94437476,4435647.688958,40.06480017,-88.20729352,2091.16895126,3592.26504531,2091,3592,397043.87722832,4435647.65094371,40.06480006,-88.20727085,2089.95345833,3660.41242297,2090,3660,397043.83357568,4435645.20363105,40.06477801,-88.20727098,2036.13381382,3659.35388461,2036,3659,397041.90072211,4435645.24164535,40.06477812,-88.20729364,2063.65138254,3625.80946496,397042.88897522,4435646.44629453,40.06478909,-88.20728225,4.73193359,"POLYGON((2037.349 3591.207, 2091.169 3592.265, 2089.953 3660.412, 2036.134 3659.354, 2037.349 3591.207))","POLYGON((397041.944 4435647.689, 397043.877 4435647.651, 397043.834 4435645.204, 397041.901 4435645.242, 397041.944 4435647.689))",4.005108590576,0.3007656967840735,1.2045992759404691,0.6992343032159265,0.1415484100580215,0.1249999105930328,0.0853568911552429,0.2599996328353882,0.1650578670782201,6,1.4980867220723977,0.2110856316173818,2,0.4993622406907992,0.6967840735068913,3265,982,0.9085448282260974,30.07656967840735,10/22/2025 3:22:30 PM,17,18,1.095,,417,N_to_S,1.095,,1.095,0.23140645978507912,2314.0645978507914,0.3306886702634084,-0.029922973479334924,-1.1609246332878225,-0.6370472094332451,2307.150913604212,1716.2149572171377,1971.6988714756033,2569.548512109257,255.48391425846557,2591.386548910985
B1_R6_C3,B1,1,6,3,LG3216,17,18,30.01,70.0,36.85,78.0,2035.82994059,3676.39072903,2036,3676,397041.88980895,4435644.62981718,40.0647726,-88.20729367,2089.6495851,3677.44926739,2090,3677,397043.82266252,4435644.59180289,40.0647725,-88.20727101,2088.43409217,3745.59664505,2088,3746,397043.77900987,4435642.14449024,40.06475045,-88.20727113,2034.61444767,3744.53810669,2035,3745,397041.84615631,4435642.18250453,40.06475055,-88.2072938,2062.13201638,3710.99368704,397042.83440941,4435643.38715371,40.06476153,-88.2072824,4.73144531,"POLYGON((2035.830 3676.391, 2089.650 3677.449, 2088.434 3745.597, 2034.614 3744.538, 2035.830 3676.391))","POLYGON((397041.890 4435644.630, 397043.823 4435644.592, 397043.779 4435642.144, 397041.846 4435642.183, 397041.890 4435644.630))",4.004695310384,0.309590752889722,1.2398166362357217,0.6904092471102781,0.090159572660923,0.0757575333118438,0.0627436637878418,0.1743419468402862,0.1054527210254295,9,2.2473619844844106,0.1420134833216737,2,0.499413774329869,0.6866604186191815,3201,991,0.9352033174398734,30.9590752889722,10/22/2025 3:22:07 PM,18,18,0.665,,416,N_to_S,0.665,,0.665,0.1405490196821064,1405.490196821064,0.3306886702634084,-0.021097917373686437,-1.1656626032748436,-0.781352572236386,1400.6155362502209,1606.7963065473448,1913.5895201347182,1712.2834104084375,306.79321358737343,1696.2060569363343
B1_R5_C3,B1,1,5,3,AG36XF4,17,19,30.01,60.0,36.85,68.0,2034.31057443,3761.5749511,2034,3762,397041.83524315,4435641.57067636,40.06474504,-88.20729383,2088.13021894,3762.63348946,2088,3763,397043.76809671,4435641.53266207,40.06474494,-88.20727116,2086.91472601,3830.78086712,2087,3831,397043.72444406,4435639.08534942,40.06472289,-88.20727128,2033.09508151,3829.72232876,2033,3830,397041.7915905,4435639.12336371,40.06472299,-88.20729395,2060.61265022,3796.17790911,397042.77984361,4435640.32801289,40.06473396,-88.20728255,4.73242188,"POLYGON((2034.311 3761.575, 2088.130 3762.633, 2086.915 3830.781, 2033.095 3829.722, 2034.311 3761.575))","POLYGON((397041.835 4435641.571, 397043.768 4435641.533, 397043.724 4435639.085, 397041.792 4435639.123, 397041.835 4435641.571))",4.005521879232001,0.2961715160796325,1.1863214876622803,0.7038284839203675,0.1512716561555862,0.1359832286834716,0.0885489284992218,0.2657181322574615,0.1721051971304649,6,1.4979321498926403,0.2078613093421672,4,0.9986214332617602,0.6989280245022971,3265,967,0.8946668522348638,29.617151607963248,10/22/2025 3:21:42 PM,19,18,0.585,,415,N_to_S,0.585,,0.585,0.12361535273774026,1236.1535273774025,0.3306886702634084,-0.03451715418377593,-1.1704005723975976,-0.9256579350395268,1228.1783605617802,1484.951025335705,1844.402221121324,1595.6047231630214,359.4511957856189,1577.6700782120483
B1_R4_C3,B1,1,4,3,LG3216,17,20,30.01,50.0,36.85,58.0,2032.79120827,3846.75917318,2033,3847,397041.78067734,4435638.51153554,40.06471748,-88.20729398,2086.61085278,3847.81771154,2087,3848,397043.7135309,4435638.47352125,40.06471737,-88.20727131,2085.39535985,3915.9650892,2085,3916,397043.66987826,4435636.0262086,40.06469532,-88.20727144,2031.57571535,3914.90655084,2032,3915,397041.73702469,4435636.06422289,40.06469543,-88.2072941,2059.09328406,3881.36213119,397042.7252778,4435637.26887207,40.0647064,-88.20728271,4.73144531,"POLYGON((2032.791 3846.759, 2086.611 3847.818, 2085.395 3915.965, 2031.576 3914.907, 2032.791 3846.759))","POLYGON((397041.781 4435638.512, 397043.714 4435638.474, 397043.670 4435636.026, 397041.737 4435636.064, 397041.781 4435638.512))",4.004695310384,0.241827991113932,0.9684474219335476,0.758172008886068,0.0533587746322155,0.0234541594982147,0.0741365775465965,0.1342754960060119,0.0558455437421798,6,1.4982413229896072,0.1637955715809012,1,0.2497068871649345,0.7578546493176769,3151,762,0.7305074115702946,24.18279911139321,10/22/2025 3:21:19 PM,20,18,0.99,,414,N_to_S,0.99,,0.99,0.2092383902034366,2092.3839020343657,0.3306886702634084,-0.08886067914947643,-1.1751385423896727,-1.0699632978426676,2071.8526978744453,1504.4476611628309,1913.5895201347182,2501.525761006253,409.14185897188736,2458.0634928099107
B1_R3_C3,B1,1,3,3,AG29XF5,17,21,30.01,40.0,36.85,48.0,2031.27184211,3931.94339526,2031,3932,397041.72611153,4435635.45239472,40.06468992,-88.20729413,2085.09148662,3933.00193362,2085,3933,397043.6589651,4435635.41438043,40.06468981,-88.20727147,2083.87599369,4001.14931128,2084,4001,397043.61531245,4435632.96706778,40.06466776,-88.20727159,2030.05634919,4000.09077292,2030,4000,397041.68245889,4435633.00508207,40.06466787,-88.20729426,2057.5739179,3966.54635327,397042.67071199,4435634.20973125,40.06467884,-88.20728286,4.73193359,"POLYGON((2031.272 3931.943, 2085.091 3933.002, 2083.876 4001.149, 2030.056 4000.091, 2031.272 3931.943))","POLYGON((397041.726 4435635.452, 397043.659 4435635.414, 397043.615 4435632.967, 397041.682 4435633.005, 397041.726 4435635.452))",4.005108590576,0.2230864965774735,0.8934856438839427,0.7769135034225264,0.0486973226070404,0.0336460918188095,0.0453617312014102,0.10294109582901,0.0553859323263168,12,2.996173444144796,0.0770613023776287,1,0.2496811203453996,0.776602364654636,3214,717,0.6738936151287693,22.30864965774736,10/22/2025 3:20:56 PM,21,18,1.025,,413,N_to_S,1.025,,1.025,0.21661335276685487,2166.1335276685486,0.3306886702634084,-0.10760217368593492,-1.179876512381748,-1.2142686606458086,2141.2721129557376,1683.4708059200573,2157.017367309951,2639.6800890584427,473.5465613898939,2533.7444941000012
B1_R2_C3,B1,1,2,3,LG3216,17,22,30.01,30.0,36.85,38.0,2029.75247596,4017.12761733,2030,4017,397041.67154573,4435632.3932539,40.06466235,-88.20729429,2083.57212046,4018.18615569,2084,4018,397043.60439929,4435632.35523961,40.06466225,-88.20727162,2082.35662753,4086.33353336,2082,4086,397043.56074665,4435629.90792696,40.0646402,-88.20727174,2028.53698303,4085.274995,2029,4085,397041.62789308,4435629.94594125,40.06464031,-88.20729441,2056.05455175,4051.73057535,397042.61614619,4435631.15059043,40.06465128,-88.20728301,4.73242188,"POLYGON((2029.752 4017.128, 2083.572 4018.186, 2082.357 4086.334, 2028.537 4085.275, 2029.752 4017.128))","POLYGON((397041.672 4435632.393, 397043.604 4435632.355, 397043.561 4435629.908, 397041.628 4435629.946, 397041.672 4435632.393))",4.005521879232001,0.3402061855670103,1.362703319738722,0.6597938144329897,0.1225725337862968,0.1066665053367614,0.0937896743416786,0.2547525763511657,0.142443972826004,7,1.7475875082080805,0.200644969011925,3,0.7489660749463202,0.6588566073102156,3201,1089,1.0276855829384683,34.02061855670103,10/22/2025 3:20:28 PM,22,18,1.07,,412,N_to_S,1.07,,1.07,0.2260998759476617,2260.998759476617,0.3306886702634084,0.009517515303601898,-1.184614481504502,-1.3585740234489494,2263.1977754155423,1337.7594023339036,1913.5895201347182,2836.8288772774317,575.8301178008146,2809.5165808991924
B1_R1_C3,B1,1,1,3,AG29XF4,17,23,30.01,20.0,36.85,28.0,2028.2331098,4102.31183941,2028,4102,397041.61697992,4435629.33411309,40.06463479,-88.20729444,2082.0527543,4103.37037777,2082,4103,397043.54983348,4435629.29609879,40.06463469,-88.20727177,2080.83726138,4171.51775543,2081,4172,397043.50618084,4435626.84878614,40.06461264,-88.2072719,2027.01761687,4170.45921707,2027,4170,397041.57332728,4435626.88680043,40.06461274,-88.20729456,2054.53518559,4136.91479742,397042.56158038,4435628.09144961,40.06462371,-88.20728317,4.73242188,"POLYGON((2028.233 4102.312, 2082.053 4103.370, 2080.837 4171.518, 2027.018 4170.459, 2028.233 4102.312))","POLYGON((397041.617 4435629.334, 397043.550 4435629.296, 397043.506 4435626.849, 397041.573 4435626.887, 397041.617 4435629.334))",4.005521879232001,0.4055130168453292,1.6242912612873412,0.5944869831546707,0.1574059873819351,0.1519996523857116,0.0866587832570076,0.2696243524551391,0.1641320256532406,10,2.496553583154401,0.1707601076953647,2,0.4993107166308801,0.590811638591118,3265,1324,1.224962680826225,40.55130168453292,10/22/2025 3:20:01 PM,23,18,0.475,,411,N_to_S,0.475,,0.475,0.10037144025713952,1003.7144025713952,0.3306886702634084,0.07482434658192078,-1.1893524514915232,-1.5028793862520902,1021.0025208989842,1510.167442878997,2182.798000920842,1676.34496061324,672.6305580418448,1744.1601789186916
B1_R0_C3,B1,1,0,3,LG3216,17,24,30.01,10.0,36.85,18.0,2026.71374364,4187.49606149,2027,4187,397041.56241411,4435626.27497227,40.06460723,-88.20729459,2080.53338814,4188.55459985,2081,4189,397043.49526768,4435626.23695797,40.06460712,-88.20727193,2079.31789522,4256.70197751,2079,4257,397043.45161503,4435623.78964532,40.06458507,-88.20727205,2025.49825071,4255.64343915,2025,4256,397041.51876147,4435623.82765961,40.06458518,-88.20729472,2053.01581943,4222.0990195,397042.50701457,4435625.03230879,40.06459615,-88.20728332,4.73242188,"POLYGON((2026.714 4187.496, 2080.533 4188.555, 2079.318 4256.702, 2025.498 4255.643, 2026.714 4187.496))","POLYGON((397041.562 4435626.275, 397043.495 4435626.237, 397043.452 4435623.790, 397041.519 4435623.828, 397041.562 4435626.275))",4.005521879232001,0.3498906591690097,1.4014946906403751,0.6501093408309904,0.1948330849409103,0.1888543665409088,0.0728419348597526,0.2822577953338623,0.2020690090516034,7,1.7475875082080805,0.2063566256137337,3,0.7489660749463202,0.6494845360824743,3201,1120,1.0569401771267994,34.98906591690097,10/22/2025 3:19:37 PM,24,18,0.105,,410,N_to_S,0.105,,0.105,0.02218737100420979,221.87371004209788,0.3306886702634084,0.019201988905601264,-1.1940904214835986,-1.6471847490552312,226.31031753003145,1165.6109226418546,1913.5895201347182,969.8523075349615,747.9785974928636,935.7964976037442
B9_R7_C2,B9,9,7,2,LG3216,18,1,23.17,240.0,30.01,248.0,2007.83952079,2227.20041535,2008,2227,397040.8845741,4435696.6732254,40.06524127,-88.20731373,2061.6591653,2228.25895371,2062,2228,397042.81742766,4435696.63521111,40.06524117,-88.20729107,2060.44367237,2296.40633137,2060,2296,397042.77377501,4435694.18789846,40.06521912,-88.20729119,2006.62402787,2295.34779301,2007,2295,397040.84092145,4435694.22591275,40.06521922,-88.20731386,2034.14159658,2261.80337336,397041.82917455,4435695.43056193,40.0652302,-88.20730246,4.73242188,"POLYGON((2007.840 2227.200, 2061.659 2228.259, 2060.444 2296.406, 2006.624 2295.348, 2007.840 2227.200))","POLYGON((397040.885 4435696.673, 397042.817 4435696.635, 397042.774 4435694.188, 397040.841 4435694.226, 397040.885 4435696.673))",4.005521879232001,0.4801624492346142,1.923301195994872,0.5198375507653858,0.1165111809968948,0.1142856478691101,0.0740926042199134,0.2142854928970337,0.11624683749442,3,0.7489660749463202,0.6607711116006434,2,0.4993107166308801,0.5192127460168697,3201,1537,1.450461653789188,48.01624492346142,10/22/2025 3:31:03 PM,1,19,0.81,,434,S_to_N,0.81,,0.81,0.17115971917533268,1711.5971917533268,0.3306886702634084,0.14947377897120578,-1.2529475276668989,1.673631799656036,1746.13301459405,1892.4520786150397,1913.5895201347182,1732.7346332730053,21.137441519678532,1775.5173672582075
B9_R6_C2,B9,9,6,2,LD19-10244,18,2,23.17,230.0,30.01,238.0,2006.32015463,2312.38463743,2006,2312,397040.83000829,4435693.61408458,40.06521371,-88.20731389,2060.13979914,2313.44317579,2060,2313,397042.76286185,4435693.57607029,40.0652136,-88.20729122,2058.92430621,2381.59055345,2059,2382,397042.71920921,4435691.12875764,40.06519155,-88.20729134,2005.10466171,2380.53201509,2005,2381,397040.78635564,4435691.16677193,40.06519166,-88.20731401,2032.62223042,2346.98759544,397041.77460875,4435692.37142111,40.06520263,-88.20730262,4.73193359,"POLYGON((2006.320 2312.385, 2060.140 2313.443, 2058.924 2381.591, 2005.105 2380.532, 2006.320 2312.385))","POLYGON((397040.830 4435693.614, 397042.763 4435693.576, 397042.719 4435691.129, 397040.786 4435691.167, 397040.830 4435693.614))",4.005108590576,0.6009188361408883,2.406745192866803,0.3990811638591117,0.2492072284221649,0.2547525763511657,0.072695143520832,0.3361340761184692,0.2353124590621274,1,0.2496811203453996,2.5304481215884103,8,1.997448962763197,0.3880551301684533,3265,1962,1.815239259653364,60.09188361408883,10/22/2025 3:31:32 PM,2,19,1.29,,435,S_to_N,1.29,,1.29,0.27261582933584666,2726.1582933584664,0.3306886702634084,0.27023016587747983,-1.257685496789653,1.5293264368528952,2788.5948036226628,2363.2927724980927,2357.942484666332,2720.8080055267055,-5.350287831760852,1947.590618776784
B9_R5_C2,B9,9,5,2,LG3216,18,3,23.17,220.0,30.01,228.0,2004.80078848,2397.5688595,2005,2398,397040.77544248,4435690.55494377,40.06518615,-88.20731404,2058.62043298,2398.62739786,2059,2399,397042.70829605,4435690.51692947,40.06518604,-88.20729137,2057.40494006,2466.77477553,2057,2467,397042.6646434,4435688.06961682,40.06516399,-88.2072915,2003.58529555,2465.71623717,2004,2466,397040.73178984,4435688.10763111,40.0651641,-88.20731416,2031.10286427,2432.17181752,397041.72004294,4435689.31228029,40.06517507,-88.20730277,4.73242188,"POLYGON((2004.801 2397.569, 2058.620 2398.627, 2057.405 2466.775, 2003.585 2465.716, 2004.801 2397.569))","POLYGON((397040.775 4435690.555, 397042.708 4435690.517, 397042.665 4435688.070, 397040.732 4435688.108, 397040.775 4435690.555))",4.005521879232001,0.4739144017494533,1.89827450509058,0.5260855982505467,0.2801762521266937,0.2807689011096954,0.0711338892579078,0.3701918125152588,0.2777873926302966,3,0.7489660749463202,0.6521729188667378,5,1.2482767915772004,0.5148391127772571,3201,1517,1.431587722054781,47.39144017494533,10/22/2025 3:32:01 PM,3,19,1.175,,436,S_to_N,1.175,,1.175,0.2482872469518715,2482.8724695187148,0.3306886702634084,0.1432257314860449,-1.2624234667817282,1.3850210740497542,2515.9646849084647,1996.1843076371697,1913.5895201347182,2400.2776820162635,-82.59478750245148,2429.8304541536136
B9_R4_C2,B9,9,4,2,LD21-7234,18,4,23.17,210.0,30.01,218.0,2003.28142232,2482.75308158,2003,2483,397040.72087668,4435687.49580295,40.06515859,-88.20731419,2057.10106682,2483.81161994,2057,2484,397042.65373024,4435687.45778865,40.06515848,-88.20729153,2055.8855739,2551.9589976,2056,2552,397042.6100776,4435685.010476,40.06513643,-88.20729165,2002.06592939,2550.90045924,2002,2551,397040.67722403,4435685.04849029,40.06513654,-88.20731432,2029.58349811,2517.35603959,397041.66547714,4435686.25313947,40.06514751,-88.20730292,4.73242188,"POLYGON((2003.281 2482.753, 2057.101 2483.812, 2055.886 2551.959, 2002.066 2550.900, 2003.281 2482.753))","POLYGON((397040.721 4435687.496, 397042.654 4435687.458, 397042.610 4435685.010, 397040.677 4435685.048, 397040.721 4435687.496))",4.005521879232001,0.4458166100648348,1.7857281857397374,0.5541833899351651,0.216662511229515,0.2129961848258972,0.099785529077053,0.3410798609256744,0.218210627705443,6,1.4979321498926403,0.3103947576939912,3,0.7489660749463202,0.552639703612226,3239,1444,1.3467106779217808,44.58166100648348,10/22/2025 3:32:26 PM,4,19,1.615,,437,S_to_N,1.615,,1.615,0.3412628968742744,3412.6289687427443,0.3306886702634084,0.11512793980142638,-1.2671614359044823,1.2407157112466134,3439.2292069943337,2067.0391811625095,1936.540424624022,3282.130212204257,-130.49875653848744,3037.946777121962
B9_R3_C2,B9,9,3,2,LG3216,18,5,23.17,200.0,30.01,208.0,2001.76205616,2567.93730366,2002,2568,397040.66631087,4435684.43666213,40.06513102,-88.20731435,2055.58170066,2568.99584202,2056,2569,397042.59916443,4435684.39864783,40.06513092,-88.20729168,2054.36620774,2637.14321968,2054,2637,397042.55551179,4435681.95133518,40.06510887,-88.2072918,2000.54656323,2636.08468132,2001,2636,397040.62265823,4435681.98934947,40.06510897,-88.20731447,2028.06413195,2602.54026167,397041.61091133,4435683.19399865,40.06511995,-88.20730308,4.73242188,"POLYGON((2001.762 2567.937, 2055.582 2568.996, 2054.366 2637.143, 2000.547 2636.085, 2001.762 2567.937))","POLYGON((397040.666 4435684.437, 397042.599 4435684.399, 397042.556 4435681.951, 397040.623 4435681.989, 397040.666 4435684.437))",4.005521879232001,0.2621390034909552,1.0500035138830952,0.7378609965090448,0.0857280865311622,0.0637755095958709,0.0740147605538368,0.1791042685508728,0.1103210457399779,9,2.2468982248389606,0.1183684533034333,1,0.24965535831544,0.7375436369406537,3151,826,0.791862364773049,26.213900349095525,10/22/2025 3:32:53 PM,5,19,1.37,,438,S_to_N,1.37,,1.37,0.28949236453111826,2894.9236453111826,0.3306886702634084,-0.06854966677245322,-1.2718994058965576,1.0964103484434726,2879.085287816387,2121.450652336382,1913.5895201347182,2687.0625131095185,-207.86113220166385,2650.036533046169
B9_R2_C2,B9,9,2,2,LD00-2817P,18,6,23.17,190.0,30.01,198.0,2000.24269,2653.12152574,2000,2653,397040.61174506,4435681.37752131,40.06510346,-88.2073145,2054.0623345,2654.1800641,2054,2654,397042.54459863,4435681.33950702,40.06510335,-88.20729183,2052.84684158,2722.32744176,2053,2722,397042.50094598,4435678.89219436,40.0650813,-88.20729196,1999.02719707,2721.2689034,1999,2721,397040.56809242,4435678.93020865,40.06508141,-88.20731462,2026.54476579,2687.72448375,397041.55634552,4435680.13485783,40.06509238,-88.20730323,4.73144531,"POLYGON((2000.243 2653.122, 2054.062 2654.180, 2052.847 2722.327, 1999.027 2721.269, 2000.243 2653.122))","POLYGON((397040.612 4435681.378, 397042.545 4435681.340, 397042.501 4435678.892, 397040.568 4435678.930, 397040.612 4435681.378))",4.004695310384,0.2970903522205206,1.18975634029785,0.7029096477794794,0.0693217143416404,0.0543130338191986,0.0544193014502525,0.1460673511028289,0.0855530507564544,7,1.7479482101545418,0.1787195775404658,2,0.499413774329869,0.694333843797856,3265,970,0.8974424474331104,29.709035222052066,10/22/2025 3:33:19 PM,6,19,1.39,,439,S_to_N,1.39,,1.39,0.2937791539219968,2937.7915392199684,0.3306886702634084,-0.03359831804288782,-1.2766373758835785,0.9521049856403316,2930.028668918155,2643.76453494033,2415.5433224578373,2709.5703267374756,-228.22121248249277,2905.4213404662305
B9_R1_C2,B9,9,1,2,LG3216,18,7,23.17,180.0,30.01,188.0,1998.72332384,2738.30574781,1999,2738,397040.55717926,4435678.31838049,40.0650759,-88.20731465,2052.54296835,2739.36428617,2053,2739,397042.49003282,4435678.2803662,40.06507579,-88.20729199,2051.32747542,2807.51166384,2051,2808,397042.44638018,4435675.83305354,40.06505374,-88.20729211,1997.50783091,2806.45312548,1998,2806,397040.51352661,4435675.87106783,40.06505385,-88.20731478,2025.02539963,2772.90870582,397041.50177972,4435677.07571701,40.06506482,-88.20730338,4.73242188,"POLYGON((1998.723 2738.306, 2052.543 2739.364, 2051.327 2807.512, 1997.508 2806.453, 1998.723 2738.306))","POLYGON((397040.557 4435678.318, 397042.490 4435678.280, 397042.446 4435675.833, 397040.514 4435675.871, 397040.557 4435678.318))",4.005521879232001,0.2842861605748203,1.1387144361453048,0.7157138394251796,0.0965110659599304,0.0873015522956848,0.0649745985865593,0.1857140660285949,0.1138415098190307,11,2.7462089414698405,0.1066957552889191,1,0.24965535831544,0.7144642299281474,3201,910,0.8587638939155244,28.42861605748204,10/22/2025 3:33:43 PM,7,19,1.07,,440,S_to_N,1.07,,1.07,0.2260998759476617,2260.998759476617,0.3306886702634084,-0.04640250968858811,-1.2813753450063325,0.8077996228371908,2250.277488729333,2166.7164876444053,1913.5895201347182,2007.87179196693,-253.12696750968712,1965.470739694403
B9_R0_C2,B9,9,0,2,LD20-4542,18,8,23.17,170.0,30.01,178.0,1997.20395768,2823.48996989,1997,2823,397040.50261345,4435675.25923967,40.06504834,-88.20731481,2051.02360219,2824.54850825,2051,2825,397042.43546702,4435675.22122538,40.06504823,-88.20729214,2049.80810926,2892.69588591,2050,2893,397042.39181437,4435672.77391272,40.06502618,-88.20729226,1995.98846475,2891.63734755,1996,2892,397040.45896081,4435672.81192701,40.06502629,-88.20731493,2023.50603347,2858.0929279,397041.44721391,4435674.0165762,40.06503726,-88.20730354,4.73193359,"POLYGON((1997.204 2823.490, 2051.024 2824.549, 2049.808 2892.696, 1995.988 2891.637, 1997.204 2823.490))","POLYGON((397040.503 4435675.259, 397042.435 4435675.221, 397042.392 4435672.774, 397040.459 4435672.812, 397040.503 4435675.259))",4.005108590576,0.3568147013782542,1.429081625733856,0.6431852986217458,0.1025184094905853,0.0883054733276367,0.0770059749484062,0.208991527557373,0.1174909858703613,8,1.997448962763197,0.1878167725312498,3,0.7490433610361988,0.6382848392036753,3265,1165,1.077856135319148,35.68147013782542,10/22/2025 3:34:05 PM,8,19,0.945,,441,S_to_N,0.945,,0.945,0.19970694474602718,1997.069447460272,0.3306886702634084,0.026126031114845794,-1.2861133149984079,0.6634942605173043,2003.1058505560106,2143.793043059993,1891.96460682895,1745.241011229229,-251.82843623104304,1678.7241472137418
B5_R7_C2,B5,5,7,2,LD21-7234,18,9,23.17,160.0,30.01,168.0,1995.68459152,2908.67419197,1996,2909,397040.44804765,4435672.20009885,40.06502077,-88.20731496,2049.50423603,2909.73273033,2050,2910,397042.38090121,4435672.16208456,40.06502067,-88.20729229,2048.2887431,2977.88010799,2048,2978,397042.33724856,4435669.7147719,40.06499862,-88.20729242,1994.46909859,2976.82156963,1994,2977,397040.404395,4435669.75278619,40.06499872,-88.20731508,2021.98666731,2943.27714998,397041.3926481,4435670.95743538,40.0650097,-88.20730369,4.73193359,"POLYGON((1995.685 2908.674, 2049.504 2909.733, 2048.289 2977.880, 1994.469 2976.822, 1995.685 2908.674))","POLYGON((397040.448 4435672.200, 397042.381 4435672.162, 397042.337 4435669.715, 397040.404 4435669.753, 397040.448 4435672.200))",4.005108590576,0.4214308028741018,1.687876128924406,0.5785691971258982,0.1220283657312393,0.1152940690517425,0.0757838115096092,0.2261902242898941,0.126826342531279,9,2.2471300831085967,0.1933160333006436,4,0.9987244813815984,0.5745079662605436,3201,1349,1.273046695485761,42.143080287410186,10/22/2025 3:34:28 PM,9,19,1.275,,442,S_to_N,1.275,,1.275,0.2694458778319414,2694.4587783194143,0.3306886702634084,0.09074213261069336,-1.2908512849904832,0.5191888977141634,2715.4246911209902,1451.2425010295321,1936.540424624022,3179.756701913904,485.29792359448993,2969.5946284324496
B5_R6_C2,B5,5,6,2,AG36XF4,18,10,23.17,150.0,30.01,158.0,1994.16522536,2993.85841405,1994,2994,397040.39348184,4435669.14095803,40.06499321,-88.20731511,2047.98486987,2994.91695241,2048,2995,397042.3263354,4435669.10294374,40.0649931,-88.20729245,2046.76937694,3063.06433007,2047,3063,397042.28268276,4435666.65563108,40.06497105,-88.20729257,1992.94973243,3062.00579171,1993,3062,397040.34982919,4435666.69364537,40.06497116,-88.20731524,2020.46730115,3028.46137206,397041.3380823,4435667.89829456,40.06498213,-88.20730384,4.73193359,"POLYGON((1994.165 2993.858, 2047.985 2994.917, 2046.769 3063.064, 1992.950 3062.006, 1994.165 2993.858))","POLYGON((397040.393 4435669.141, 397042.326 4435669.103, 397042.283 4435666.656, 397040.350 4435666.694, 397040.393 4435669.141))",4.005108590576,0.3425637834474175,1.3720051519054686,0.6574362165525824,0.1149979829788208,0.0999999046325683,0.0713471993803978,0.212996169924736,0.1297317805360345,11,2.746492323799396,0.1290901390913187,3,0.7490433610361988,0.6521468574984443,3214,1101,1.0348073504278592,34.256378344741755,10/22/2025 3:34:50 PM,10,19,0.62,,443,S_to_N,0.62,,0.62,0.13102466216141467,1310.2466216141468,0.3306886702634084,0.011875113184009078,-1.2955892541132372,0.3748835349110226,1312.990359064014,1379.809190165812,1844.402221121324,1774.8396525696587,464.59303095551195,1741.973689764734
B5_R5_C2,B5,5,5,2,LD17-10473F,18,11,23.17,140.0,30.01,148.0,1992.6458592,3079.04263612,1993,3079,397040.33891603,4435666.08181721,40.06496565,-88.20731527,2046.46550371,3080.10117448,2046,3080,397042.2717696,4435666.04380292,40.06496554,-88.2072926,2045.25001078,3148.24855215,2045,3148,397042.22811695,4435663.59649026,40.06494349,-88.20729272,1991.43036627,3147.19001379,1991,3147,397040.29526339,4435663.63450455,40.0649436,-88.20731539,2018.94793499,3113.64559413,397041.28351649,4435664.83915374,40.06495457,-88.207304,4.73193359,"POLYGON((1992.646 3079.043, 2046.466 3080.101, 2045.250 3148.249, 1991.430 3147.190, 1992.646 3079.043))","POLYGON((397040.339 4435666.082, 397042.272 4435666.044, 397042.228 4435663.596, 397040.295 4435663.635, 397040.339 4435666.082))",4.005108590576,0.3004724409448819,1.203424754459686,0.6995275590551181,0.0892252251505851,0.0733944177627563,0.0659186765551567,0.1865381598472595,0.1065166203204323,10,2.496811203453996,0.1230401380221887,3,0.7490433610361988,0.6853543307086614,3175,954,0.907658968971224,30.04724409448819,10/22/2025 3:35:14 PM,11,19,1.21,,444,S_to_N,1.21,,1.21,0.25570942131501895,2557.0942131501893,0.3306886702634084,-0.030216229318526522,-1.3003272241002581,0.23057817210788173,2550.112772325974,1693.6428209120936,2152.516168297201,3015.967560535297,458.87334738510754,3054.5969178061177
B5_R4_C2,B5,5,4,2,AG36XF4,18,12,23.17,130.0,30.01,138.0,1991.12649304,3164.2268582,1991,3164,397040.28435023,4435663.02267639,40.06493809,-88.20731542,2044.94613755,3165.28539656,2045,3165,397042.21720379,4435662.9846621,40.06493798,-88.20729275,2043.73064462,3233.43277422,2044,3233,397042.17355115,4435660.53734944,40.06491593,-88.20729288,1989.91100011,3232.37423586,1990,3232,397040.24069758,4435660.57536374,40.06491604,-88.20731554,2017.42856883,3198.82981621,397041.22895069,4435661.78001292,40.06492701,-88.20730415,4.73193359,"POLYGON((1991.126 3164.227, 2044.946 3165.285, 2043.731 3233.433, 1989.911 3232.374, 1991.126 3164.227))","POLYGON((397040.284 4435663.023, 397042.217 4435662.985, 397042.174 4435660.537, 397040.241 4435660.575, 397040.284 4435663.023))",4.005108590576,0.3531393568147014,1.4143614716490436,0.6468606431852986,0.103111520409584,0.0847457349300384,0.0793156549334526,0.2139858454465866,0.1195437400668274,6,1.4980867220723977,0.2478429055548281,4,0.9987244813815984,0.6462480857580398,3265,1153,1.0667537545261612,35.313935681470134,10/22/2025 3:35:39 PM,12,19,1.015,,445,S_to_N,1.015,,1.015,0.2145000517642514,2145.0005176425143,0.3306886702634084,0.022450686551292953,-1.3050651932230122,0.08627280930474086,2150.187734683019,1362.8665082817363,1844.402221121324,2626.536230482102,481.53571283958763,2583.844539197845
B5_R3_C2,B5,5,3,2,LD21-5665,18,13,23.17,120.0,30.01,128.0,1989.60712688,3249.41108028,1990,3249,397040.22978442,4435659.96353557,40.06491052,-88.20731557,2043.42677139,3250.46961864,2043,3250,397042.16263798,4435659.92552128,40.06491042,-88.20729291,2042.21127846,3318.6169963,2042,3319,397042.11898534,4435657.47820862,40.06488837,-88.20729303,1988.39163395,3317.55845794,1988,3318,397040.18613178,4435657.51622292,40.06488847,-88.2073157,2015.90920267,3284.01403829,397041.17438488,4435658.7208721,40.06489945,-88.2073043,4.73193359,"POLYGON((1989.607 3249.411, 2043.427 3250.470, 2042.211 3318.617, 1988.392 3317.558, 1989.607 3249.411))","POLYGON((397040.230 4435659.964, 397042.163 4435659.926, 397042.119 4435657.478, 397040.186 4435657.516, 397040.230 4435659.964))",4.005108590576,0.3161512027491409,1.266219898051519,0.6838487972508591,0.1021642908453941,0.0858208239078521,0.0788477808237075,0.2047242075204849,0.1205501060859829,11,2.746492323799396,0.1186550597278969,2,0.4993622406907992,0.682911590128085,3201,1012,0.9550209457610008,31.615120274914087,10/22/2025 3:36:03 PM,13,19,1.35,,446,S_to_N,1.35,,1.35,0.2852956353514674,2852.956353514674,0.3306886702634084,-0.014537467514267544,-1.3098031632150875,-0.05803255345446778,2849.597480767353,1653.8568514462359,2143.828394071608,3342.927896140046,489.97154262537197,3332.690679713751
B5_R2_C2,B5,5,2,2,AG36XF4,18,14,23.17,110.0,30.01,118.0,1988.08776072,3334.59530236,1988,3335,397040.17521861,4435656.90439475,40.06488296,-88.20731573,2041.90740523,3335.65384072,2042,3336,397042.10807218,4435656.86638046,40.06488285,-88.20729306,2040.6919123,3403.80121838,2041,3404,397042.06441953,4435654.4190678,40.0648608,-88.20729318,1986.8722678,3402.74268002,1987,3403,397040.13156597,4435654.4570821,40.06486091,-88.20731585,2014.38983651,3369.19826037,397041.11981907,4435655.66173128,40.06487188,-88.20730445,4.73242188,"POLYGON((1988.088 3334.595, 2041.907 3335.654, 2040.692 3403.801, 1986.872 3402.743, 1988.088 3334.595))","POLYGON((397040.175 4435656.904, 397042.108 4435656.866, 397042.064 4435654.419, 397040.132 4435654.457, 397040.175 4435656.904))",4.005521879232001,0.3874425727411945,1.5519097020607906,0.6125574272588055,0.1081869006156921,0.0999999046325683,0.0693108215928077,0.2028878927230835,0.1169414258423973,7,1.7475875082080805,0.2330724387512261,2,0.4993107166308801,0.6082695252679938,3265,1265,1.170375975260706,38.74425727411945,10/22/2025 3:36:32 PM,14,19,1.035,,447,S_to_N,1.035,,1.035,0.21870408561292506,2187.0408561292506,0.3306886702634084,0.056753902477786056,-1.3145411332071628,-0.20233791625760866,2200.1538096852723,1314.488720173741,1844.402221121324,2716.9543570768337,529.9135009475829,2666.3600739673734
B5_R1_C2,B5,5,1,2,LD20-11748,18,15,23.17,100.0,30.01,108.0,1986.56839456,3419.77952443,1987,3420,397040.12065281,4435653.84525393,40.0648554,-88.20731588,2040.38803907,3420.83806279,2040,3421,397042.05350637,4435653.80723964,40.06485529,-88.20729321,2039.17254614,3488.98544045,2039,3489,397042.00985373,4435651.35992699,40.06483324,-88.20729334,1985.35290164,3487.9269021,1985,3488,397040.07700016,4435651.39794128,40.06483335,-88.207316,2012.87047035,3454.38248244,397041.06525327,4435652.60259046,40.06484432,-88.20730461,4.73242188,"POLYGON((1986.568 3419.780, 2040.388 3420.838, 2039.173 3488.985, 1985.353 3487.927, 1986.568 3419.780))","POLYGON((397040.121 4435653.845, 397042.054 4435653.807, 397042.010 4435651.360, 397040.077 4435651.398, 397040.121 4435653.845))",4.005521879232001,0.3456045699777848,1.3843266666085845,0.6543954300222152,0.1041431799530983,0.0909090340137481,0.0707434266805648,0.2046330124139785,0.1175331225582197,7,1.7475875082080805,0.200644969011925,1,0.24965535831544,0.6509044747699143,3151,1089,1.0439928755906178,34.56045699777848,10/22/2025 3:36:55 PM,15,19,0.84,,448,S_to_N,0.84,,0.84,0.17749896803367832,1774.989680336783,0.3306886702634084,0.014915899714376402,-1.3192791023299169,-0.34664327906074954,1778.435989606484,1190.2233749170757,1740.4285764822844,2325.1948819019917,550.2052015652087,2252.699022965429
B5_R0_C2,B5,5,0,2,AG38XF6,18,16,23.17,90.0,30.01,98.0,1985.0490284,3504.96374651,1985,3505,397040.066087,4435650.78611311,40.06482784,-88.20731603,2038.86867291,3506.02228487,2039,3506,397041.99894056,4435650.74809882,40.06482773,-88.20729337,2037.65317998,3574.16966253,2038,3574,397041.95528792,4435648.30078617,40.06480568,-88.20729349,1983.83353548,3573.11112417,1984,3573,397040.02243436,4435648.33880046,40.06480579,-88.20731616,2011.35110419,3539.56670452,397041.01068746,4435649.54344964,40.06481676,-88.20730476,4.73144531,"POLYGON((1985.049 3504.964, 2038.869 3506.022, 2037.653 3574.170, 1983.834 3573.111, 1985.049 3504.964))","POLYGON((397040.066 4435650.786, 397041.999 4435650.748, 397041.955 4435648.301, 397040.022 4435648.339, 397040.066 4435650.786))",4.004695310384,0.2579340385812072,1.0329472346945665,0.7420659614187928,0.1228654757142067,0.0990990549325943,0.0834956392645835,0.2408873587846756,0.1524983990963767,9,2.2473619844844106,0.1187983629401286,2,0.499413774329869,0.7405102675793404,3214,829,0.7791601212576705,25.793403858120723,10/22/2025 3:37:24 PM,16,19,0.775,,449,S_to_N,0.775,,0.775,0.1637977297047105,1637.977297047105,0.3306886702634084,-0.0727546316822012,-1.3240170723169378,-0.49094864186389037,1621.1673850484085,1405.3033342778929,1971.6988714756033,2204.3728342448153,566.3955371977104,2206.3827250342665
B1_R7_C2,B1,1,7,2,LG3216,18,17,23.17,80.0,30.01,88.0,1983.52966224,3590.14796859,1984,3590,397040.01152119,4435647.72697229,40.06480027,-88.20731619,2037.34930675,3591.20650695,2037,3591,397041.94437476,4435647.688958,40.06480017,-88.20729352,2036.13381382,3659.35388461,2036,3659,397041.90072211,4435645.24164535,40.06477812,-88.20729364,1982.31416932,3658.29534625,1982,3658,397039.96786855,4435645.27965964,40.06477822,-88.20731631,2009.83173803,3624.7509266,397040.95612165,4435646.48430882,40.0647892,-88.20730491,4.73193359,"POLYGON((1983.530 3590.148, 2037.349 3591.207, 2036.134 3659.354, 1982.314 3658.295, 1983.530 3590.148))","POLYGON((397040.012 4435647.727, 397041.944 4435647.689, 397041.901 4435645.242, 397039.968 4435645.280, 397040.012 4435647.727))",4.005108590576,0.4982817869415807,1.995672665407285,0.5017182130584192,0.2580334544181824,0.2604163885116577,0.113637275993824,0.3928567469120025,0.2501073640935561,4,0.9987244813815984,0.5142794028967271,8,1.997448962763197,0.4639175257731959,3201,1595,1.5051960558189688,49.82817869415808,10/22/2025 3:37:49 PM,17,19,1.145,,450,S_to_N,1.145,,1.145,0.24197296479809643,2419.7296479809643,0.3306886702634084,0.16759311667817228,-1.328755042309013,-0.6352540046670312,2458.4519324295097,1689.9387243902472,1913.5895201347182,2643.3804437254353,223.650795744471,2675.4438319519586
B1_R6_C2,B1,1,6,2,AG34XF6,18,18,23.17,70.0,30.01,78.0,1982.01029609,3675.33219067,1982,3675,397039.95695539,4435644.66783147,40.06477271,-88.20731634,2035.82994059,3676.39072903,2036,3676,397041.88980895,4435644.62981718,40.0647726,-88.20729367,2034.61444767,3744.53810669,2035,3745,397041.84615631,4435642.18250453,40.06475055,-88.2072938,1980.79480316,3743.47956833,1981,3743,397039.91330274,4435642.22051882,40.06475066,-88.20731646,2008.31237188,3709.93514868,397040.90155585,4435643.425168,40.06476163,-88.20730507,4.73144531,"POLYGON((1982.010 3675.332, 2035.830 3676.391, 2034.614 3744.538, 1980.795 3743.480, 1982.010 3675.332))","POLYGON((397039.957 4435644.668, 397041.890 4435644.630, 397041.846 4435642.183, 397039.913 4435642.221, 397039.957 4435644.668))",4.004695310384,0.27687595712098,1.1088038470404704,0.72312404287902,0.1228296756744384,0.0932943820953369,0.0988669991493225,0.2620976567268371,0.1547894889794143,8,1.997655097319476,0.1457393668396994,2,0.499413774329869,0.7179173047473201,3265,904,0.8363793530716822,27.687595712098005,10/22/2025 3:38:13 PM,18,19,0.85,,451,S_to_N,0.85,,0.85,0.17964912290194052,1796.4912290194052,0.3306886702634084,-0.053812713142428414,-1.3334930114317671,-0.7795593674701721,1784.0578354138045,1710.1780150565717,1932.096114966995,2018.4093289298285,221.91809991042328,1981.049871424703
B1_R5_C2,B1,1,5,2,LG3216,18,19,23.17,60.0,30.01,68.0,1980.49092993,3760.51641274,1980,3761,397039.90238958,4435641.60869066,40.06474515,-88.20731649,2034.31057443,3761.5749511,2034,3762,397041.83524315,4435641.57067636,40.06474504,-88.20729383,2033.09508151,3829.72232876,2033,3830,397041.7915905,4435639.12336371,40.06472299,-88.20729395,1979.275437,3828.6637904,1979,3829,397039.85873694,4435639.161378,40.0647231,-88.20731662,2006.79300572,3795.11937075,397040.84699004,4435640.36602718,40.06473407,-88.20730522,4.73193359,"POLYGON((1980.491 3760.516, 2034.311 3761.575, 2033.095 3829.722, 1979.275 3828.664, 1980.491 3760.516))","POLYGON((397039.902 4435641.609, 397041.835 4435641.571, 397041.792 4435639.123, 397039.859 4435639.161, 397039.902 4435641.609))",4.005108590576,0.4203526136715125,1.6835578640868494,0.5796473863284874,0.1580663919448852,0.1489360332489013,0.0970540717244148,0.2838425636291504,0.1655887944698334,3,0.7490433610361988,0.5842471962688838,2,0.4993622406907992,0.5728425610887721,3233,1359,1.2697897308972594,42.03526136715126,10/22/2025 3:38:37 PM,19,19,1.6,,452,S_to_N,1.6,,1.6,0.33812816041655397,3381.2816041655396,0.3306886702634084,0.08966394340810407,-1.3382309814238424,-0.923864730273313,3401.9984020283905,1602.6100345377456,1913.5895201347182,3692.2610897625123,310.9794855969726,3694.2213954668196
B1_R4_C2,B1,1,4,2,AG34XF6,18,20,23.17,50.0,30.01,58.0,1978.97156377,3845.70063482,1979,3846,397039.84782378,4435638.54954984,40.06471759,-88.20731665,2032.79120827,3846.75917318,2033,3847,397041.78067734,4435638.51153554,40.06471748,-88.20729398,2031.57571535,3914.90655084,2032,3915,397041.73702469,4435636.06422289,40.06469543,-88.2072941,1977.75607084,3913.84801248,1978,3914,397039.80417113,4435636.10223718,40.06469554,-88.20731677,2005.27363956,3880.30359283,397040.79242424,4435637.30688636,40.06470651,-88.20730537,4.73242188,"POLYGON((1978.972 3845.701, 2032.791 3846.759, 2031.576 3914.907, 1977.756 3913.848, 1978.972 3845.701))","POLYGON((397039.848 4435638.550, 397041.781 4435638.512, 397041.737 4435636.064, 397039.804 4435636.102, 397039.848 4435638.550))",4.005521879232001,0.2368583797155225,0.9487414222299668,0.7631416202844774,0.0484914891421794,0.0245800763368606,0.056743886321783,0.1187844574451446,0.0600529387593269,13,3.245519658100721,0.0759947957789038,1,0.24965535831544,0.7622139764996908,3234,766,0.7154953447601625,23.685837971552257,10/22/2025 3:39:05 PM,20,19,1.33,,453,S_to_N,1.33,,1.33,0.28104003271999073,2810.400327199907,0.3306886702634084,-0.09383029054788591,-1.3429689505465965,-1.068170093076454,2788.720897444675,1601.1134498909698,1932.096114966995,3141.3829922759323,330.9826650760251,3078.8701482679344
B1_R3_C2,B1,1,3,2,LG3216,18,21,23.17,40.0,30.01,48.0,1977.45219761,3930.8848569,1977,3931,397039.79325797,4435635.49040902,40.06469002,-88.2073168,2031.27184211,3931.94339526,2031,3932,397041.72611153,4435635.45239472,40.06468992,-88.20729413,2030.05634919,4000.09077292,2030,4000,397041.68245889,4435633.00508207,40.06466787,-88.20729426,1976.23670468,3999.03223456,1976,3999,397039.74960532,4435633.04309636,40.06466797,-88.20731692,2003.7542734,3965.48781491,397040.73785843,4435634.24774554,40.06467895,-88.20730553,4.73144531,"POLYGON((1977.452 3930.885, 2031.272 3931.943, 2030.056 4000.091, 1976.237 3999.032, 1977.452 3930.885))","POLYGON((397039.793 4435635.490, 397041.726 4435635.452, 397041.682 4435633.005, 397039.750 4435633.043, 397039.793 4435635.490))",4.004695310384,0.3174104336895034,1.2711320752633062,0.6825895663104966,0.0821198895573616,0.0528125762939453,0.076620265841484,0.1884613037109375,0.1029803933466182,4,0.998827548659738,0.3256565497966736,2,0.499413774329869,0.6737900691389064,3182,1010,0.9588247963019422,31.741043368950344,10/22/2025 3:39:29 PM,21,19,1.0,,454,S_to_N,1.0,,1.0,0.2113519092964006,2113.519092964006,0.3306886702634084,-0.013278236573905033,-1.3477069205336174,-1.2124754558795947,2110.451164735324,1495.1077344320481,1913.5895201347182,2532.0008786666763,418.4817857026701,2497.5644223449613
B1_R2_C2,B1,1,2,2,AG38XF6,18,22,23.17,30.0,30.01,38.0,1975.93283145,4016.06907898,1976,4016,397039.73869216,4435632.4312682,40.06466246,-88.20731695,2029.75247596,4017.12761733,2030,4017,397041.67154573,4435632.3932539,40.06466235,-88.20729429,2028.53698303,4085.274995,2029,4085,397041.62789308,4435629.94594125,40.06464031,-88.20729441,1974.71733852,4084.21645664,1975,4084,397039.69503952,4435629.98395554,40.06464041,-88.20731707,2002.23490724,4050.67203699,397040.68329262,4435631.18860472,40.06465138,-88.20730568,4.73144531,"POLYGON((1975.933 4016.069, 2029.752 4017.128, 2028.537 4085.275, 1974.717 4084.216, 1975.933 4016.069))","POLYGON((397039.739 4435632.431, 397041.672 4435632.393, 397041.628 4435629.946, 397039.695 4435629.984, 397039.739 4435632.431))",4.004695310384,0.4511440940012368,1.806694637554192,0.5488559059987632,0.1336408406496048,0.1249998062849044,0.092706374824047,0.2539493441581726,0.137668303718754,5,1.2485344358246726,0.376342895963047,1,0.2497068871649345,0.5482374768089053,3234,1459,1.3628037963512758,45.11440940012368,10/22/2025 3:39:58 PM,22,19,1.295,,455,S_to_N,1.295,,1.295,0.27370072253883876,2737.0072253883877,0.3306886702634084,0.12045542373782836,-1.3524448905256927,-1.3567808186827355,2764.8383754606375,1446.942175934127,1971.6988714756033,3261.763920929864,524.7566955414763,3115.5103121822067
B1_R1_C2,B1,1,1,2,LG3216,18,23,23.17,20.0,30.01,28.0,1974.41346529,4101.25330105,1974,4101,397039.68412636,4435629.37212738,40.0646349,-88.20731711,2028.2331098,4102.31183941,2028,4102,397041.61697992,4435629.33411309,40.06463479,-88.20729444,2027.01761687,4170.45921707,2027,4170,397041.57332728,4435626.88680043,40.06461274,-88.20729456,1973.19797236,4169.40067871,1973,4169,397039.64047371,4435626.92481472,40.06461285,-88.20731723,2000.71554108,4135.85625906,397040.62872682,4435628.1294639,40.06462382,-88.20730583,4.73193359,"POLYGON((1974.413 4101.253, 2028.233 4102.312, 2027.018 4170.459, 1973.198 4169.401, 1974.413 4101.253))","POLYGON((397039.684 4435629.372, 397041.617 4435629.334, 397041.573 4435626.887, 397039.640 4435626.925, 397039.684 4435629.372))",4.005108590576,0.3300340241261986,1.3218221052102046,0.6699659758738015,0.1484983414411544,0.1294963657855987,0.0977795645594596,0.2792334854602813,0.1677031822064343,10,2.496811203453996,0.1376140747061587,3,0.7490433610361988,0.6572842561088772,3233,1067,0.9969577946043972,33.003402412619856,10/22/2025 3:40:23 PM,23,19,1.275,,456,S_to_N,1.275,,1.275,0.2694458778319414,2694.4587783194143,0.3306886702634084,-0.0006546461372098356,-1.3571828596484468,-1.5010861814858765,2694.3075227401837,1334.9511858314338,1913.5895201347182,3273.0971126226987,578.6383343032844,3232.615224757488
B1_R0_C2,B1,1,0,2,AG35XF5,18,24,23.17,10.0,30.01,18.0,1972.89409913,4186.43752313,1973,4186,397039.62956055,4435626.31298656,40.06460734,-88.20731726,2026.71374364,4187.49606149,2027,4187,397041.56241411,4435626.27497227,40.06460723,-88.20729459,2025.49825071,4255.64343915,2025,4256,397041.51876147,4435623.82765961,40.06458518,-88.20729472,1971.6786062,4254.58490079,1972,4255,397039.58590791,4435623.8656739,40.06458529,-88.20731738,1999.19617492,4221.04048114,397040.57416101,4435625.07032308,40.06459626,-88.20730599,4.73242188,"POLYGON((1972.894 4186.438, 2026.714 4187.496, 2025.498 4255.643, 1971.679 4254.585, 1972.894 4186.438))","POLYGON((397039.630 4435626.313, 397041.562 4435626.275, 397041.519 4435623.828, 397039.586 4435623.866, 397039.630 4435626.313))",4.005521879232001,0.2761286332714904,1.1060392820513842,0.7238713667285096,0.189667671918869,0.1807078421115875,0.0667116269469261,0.2717725038528442,0.2044683563195023,14,3.495175016416161,0.0822662797647608,3,0.7489660749463202,0.717377860235003,3234,893,0.8341218575337143,27.61286332714904,10/22/2025 3:40:46 PM,24,19,0.925,,457,S_to_N,0.925,,0.925,0.19546017313232436,1954.6017313232437,0.3306886702634084,-0.054560036991918026,-1.361920829640522,-1.6453915442890172,1941.995669011143,1227.0501113022895,1881.5858952900314,2609.1375153109857,654.535783987742,2594.3418677938294
B9_R7_C1,B9,9,7,1,LD20-4988,19,1,16.34,240.0,23.18,248.0,1954.09855998,2226.14342456,1954,2226,397038.95454634,4435696.71118412,40.06524138,-88.20733637,2007.91820449,2227.20196292,2008,2227,397040.8873999,4435696.67316983,40.06524127,-88.2073137,2006.70271156,2295.34934058,2007,2295,397040.84374726,4435694.22585717,40.06521922,-88.20731382,1952.88306705,2294.29080222,1953,2294,397038.9108937,4435694.26387146,40.06521933,-88.20733649,1980.40063577,2260.74638257,397039.8991468,4435695.46852065,40.0652303,-88.2073251,4.73193359,"POLYGON((1954.099 2226.143, 2007.918 2227.202, 2006.703 2295.349, 1952.883 2294.291, 1954.099 2226.143))","POLYGON((397038.955 4435696.711, 397040.887 4435696.673, 397040.844 4435694.226, 397038.911 4435694.264, 397038.955 4435696.711))",4.005108590576,0.4278713629402756,1.7136712713735591,0.5721286370597243,0.1075425893068313,0.0968749523162841,0.0821575373411178,0.2202765345573425,0.115298050992629,4,0.9987244813815984,0.4504378218474782,2,0.4993622406907992,0.5650842266462481,3265,1397,1.292502163983562,42.78713629402757,10/23/2025 9:47:26 AM,1,20,1.66,,481,N_to_S,1.66,,1.66,0.3508079664321747,3508.0796643217473,0.3306886702634084,0.09718269267686719,-1.4205325696697968,1.6754223830746542,3530.5336644853433,2157.5890681967844,2069.8247828975273,3420.31537902249,-87.76428529925715,3181.035894682691
B9_R6_C1,B9,9,6,1,LG3216,19,2,16.34,230.0,23.18,238.0,1952.57919382,2311.32764664,1953,2311,397038.89998053,4435693.6520433,40.06521382,-88.20733652,2006.39883833,2312.386185,2006,2312,397040.8328341,4435693.61402901,40.06521371,-88.20731385,2005.1833454,2380.53356266,2005,2381,397040.78918145,4435691.16671635,40.06519166,-88.20731398,1951.36370089,2379.4750243,1951,2379,397038.85632789,4435691.20473064,40.06519177,-88.20733664,1978.88126961,2345.93060465,397039.84458099,4435692.40937983,40.06520274,-88.20732525,4.73193359,"POLYGON((1952.579 2311.328, 2006.399 2312.386, 2005.183 2380.534, 1951.364 2379.475, 1952.579 2311.328))","POLYGON((397038.900 4435693.652, 397040.833 4435693.614, 397040.789 4435691.167, 397038.856 4435691.205, 397038.900 4435693.652))",4.005108590576,0.4682911590128085,1.8755569438529909,0.5317088409871915,0.2244976609945297,0.2234040796756744,0.0772907808423042,0.3235290348529815,0.2239378314392239,4,0.9987244813815984,0.483325909054667,6,1.4980867220723977,0.5270228053733208,3201,1499,1.4146011834938146,46.82911590128085,10/23/2025 9:46:58 AM,2,20,0.7,,480,N_to_S,0.7,,0.7,0.14793107018224236,1479.3107018224237,0.3306886702634084,0.13760248874940006,-1.425270539661872,1.5311170202715132,1511.103670506298,2046.2507712903966,1913.5895201347182,1346.6494506667452,-132.66125115567843,1372.9379443476232
B9_R5_C1,B9,9,5,1,LD07-3395bf,19,3,16.34,220.0,23.18,228.0,1951.05982766,2396.51186871,1951,2397,397038.84541473,4435690.59290248,40.06518625,-88.20733667,2004.87947217,2397.57040707,2005,2398,397040.77826829,4435690.55488819,40.06518615,-88.20731401,2003.66397924,2465.71778474,2004,2466,397040.73461565,4435688.10757553,40.0651641,-88.20731413,1949.84433473,2464.65924638,1950,2465,397038.80176208,4435688.14558983,40.0651642,-88.2073368,1977.36190345,2431.11482673,397039.79001519,4435689.35023901,40.06517518,-88.2073254,4.73144531,"POLYGON((1951.060 2396.512, 2004.879 2397.570, 2003.664 2465.718, 1949.844 2464.659, 1951.060 2396.512))","POLYGON((397038.845 4435690.593, 397040.778 4435690.555, 397040.735 4435688.108, 397038.802 4435688.146, 397038.845 4435690.593))",4.004695310384,0.4333843797856049,1.7355723933210905,0.566615620214395,0.2385384887456894,0.2352938950061798,0.081126756966114,0.3438344001770019,0.2419214126409268,3,0.7491206614948036,0.6083221359238193,2,0.499413774329869,0.5650842266462481,3265,1415,1.3091557351730423,43.33843797856049,10/23/2025 9:46:33 AM,3,20,0.69,,479,N_to_S,0.69,,0.69,0.1458328174145164,1458.328174145164,0.3306886702634084,0.10269570952219648,-1.4300085087795718,1.3868116574683724,1482.0559533916107,2176.428740104377,1987.9545781255385,1269.8540121663254,-188.47416197883854,1808.0938638830287
B9_R4_C1,B9,9,4,1,LG3216,19,4,16.34,210.0,23.18,218.0,1949.5404615,2481.69609079,1950,2482,397038.79084892,4435687.53376166,40.06515869,-88.20733683,2003.36010601,2482.75462915,2003,2483,397040.72370249,4435687.49574737,40.06515859,-88.20731416,2002.14461308,2550.90200681,2002,2551,397040.68004984,4435685.04843471,40.06513654,-88.20731428,1948.32496857,2549.84346845,1948,2550,397038.74719628,4435685.08644901,40.06513664,-88.20733695,1975.84253729,2516.2990488,397039.73544938,4435686.29109819,40.06514761,-88.20732556,4.73193359,"POLYGON((1949.540 2481.696, 2003.360 2482.755, 2002.145 2550.902, 1948.325 2549.843, 1949.540 2481.696))","POLYGON((397038.791 4435687.534, 397040.724 4435687.496, 397040.680 4435685.048, 397038.747 4435685.086, 397038.791 4435687.534))",4.005108590576,0.3483286472977194,1.3950940576358135,0.6516713527022806,0.0882924571633338,0.0785123407840728,0.0555129945278167,0.1635512411594391,0.0980930126765195,7,1.7477678424177974,0.2054353906779581,3,0.7490433610361988,0.6507341455795064,3201,1115,1.0522216941931974,34.83286472977195,10/23/2025 9:46:03 AM,4,20,1.165,,478,N_to_S,1.165,,1.165,0.24619956680330338,2461.995668033034,0.3306886702634084,0.017639977034310972,-1.434746478771647,1.2425062946652317,2466.0713736582243,2162.975265232067,1913.5895201347182,2212.609922935685,-249.38574509734894,2196.1846209159867
B9_R3_C1,B9,9,3,1,LD17-10473F,19,5,16.34,200.0,23.18,208.0,1948.02109534,2566.88031287,1948,2567,397038.73628312,4435684.47462084,40.06513113,-88.20733698,2001.84073985,2567.93885123,2002,2568,397040.66913668,4435684.43660655,40.06513102,-88.20731431,2000.62524692,2636.08622889,2001,2636,397040.62548403,4435681.98929389,40.06510897,-88.20731444,1946.80560241,2635.02769053,1947,2635,397038.69263047,4435682.02730819,40.06510908,-88.2073371,1974.32317113,2601.48327088,397039.68088358,4435683.23195737,40.06512005,-88.20732571,4.73242188,"POLYGON((1948.021 2566.880, 2001.841 2567.939, 2000.625 2636.086, 1946.806 2635.028, 1948.021 2566.880))","POLYGON((397038.736 4435684.475, 397040.669 4435684.437, 397040.625 4435681.989, 397038.693 4435682.027, 397038.736 4435684.475))",4.005521879232001,0.4209707529558183,1.6862075614812997,0.5790292470441817,0.092611439526081,0.083457663655281,0.0665464252233505,0.181114837527275,0.0990194926355399,5,1.2482767915772004,0.3490006430692273,4,0.9986214332617602,0.5622277535780958,3214,1353,1.271656989217887,42.09707529558183,10/23/2025 9:45:34 AM,5,20,1.155,,477,N_to_S,1.155,,1.155,0.24406108104630772,2440.610810463077,0.3306886702634084,0.09028208269240989,-1.439484447894401,1.0982009319060229,2461.470429019702,2419.8892969663075,2152.516168297201,2173.2376817939708,-267.37312866910634,1914.5287705154274
B9_R2_C1,B9,9,2,1,LG3216,19,6,16.34,190.0,23.18,198.0,1946.50172918,2652.06453495,1947,2652,397038.68171731,4435681.41548002,40.06510357,-88.20733713,2000.32137369,2653.12307331,2000,2653,397040.61457087,4435681.37746573,40.06510346,-88.20731447,1999.10588076,2721.27045097,1999,2721,397040.57091823,4435678.93015308,40.06508141,-88.20731459,1945.28623625,2720.21191261,1945,2720,397038.63806466,4435678.96816737,40.06508152,-88.20733726,1972.80380497,2686.66749296,397039.62631777,4435680.17281655,40.06509249,-88.20732586,4.73193359,"POLYGON((1946.502 2652.065, 2000.321 2653.123, 1999.106 2721.270, 1945.286 2720.212, 1946.502 2652.065))","POLYGON((397038.682 4435681.415, 397040.615 4435681.377, 397040.571 4435678.930, 397038.638 4435678.968, 397038.682 4435681.415))",4.005108590576,0.315496442932261,1.2635975138841693,0.6845035570677389,0.0742304772138595,0.062650591135025,0.0495237335562706,0.144800379872322,0.0869248691025902,9,2.2471300831085967,0.1461692764763947,2,0.4993622406907992,0.6841942468295701,3233,1020,0.9530430651326008,31.549644293226105,10/23/2025 9:45:05 AM,6,20,1.025,,476,N_to_S,1.025,,1.025,0.21661335276685487,2166.1335276685486,0.3306886702634084,-0.015192227331147445,-1.4442224178864764,0.9538955691028821,2162.6233730763806,2233.615506572391,1913.5895201347182,1846.1075412308758,-320.0259864376728,1809.9074330324831
B9_R1_C1,B9,9,1,1,LD20-5413,19,7,16.34,180.0,23.18,188.0,1944.98236302,2737.24875702,1945,2737,397038.6271515,4435678.3563392,40.065076,-88.20733729,1998.80200753,2738.30729538,1999,2738,397040.56000507,4435678.31832491,40.0650759,-88.20731462,1997.5865146,2806.45467305,1998,2806,397040.51635242,4435675.87101226,40.06505385,-88.20731474,1943.76687009,2805.39613469,1944,2805,397038.58349886,4435675.90902655,40.06505395,-88.20733741,1971.28443881,2771.85171504,397039.57175196,4435677.11367573,40.06506493,-88.20732602,4.73193359,"POLYGON((1944.982 2737.249, 1998.802 2738.307, 1997.587 2806.455, 1943.767 2805.396, 1944.982 2737.249))","POLYGON((397038.627 4435678.356, 397040.560 4435678.318, 397040.516 4435675.871, 397038.583 4435675.909, 397038.627 4435678.356))",4.005108590576,0.3645640074211503,1.4601184379372616,0.6354359925788498,0.0835946202278137,0.071428507566452,0.0674953609704971,0.1756752282381057,0.0945052153643439,9,2.2471300831085967,0.1689544872212445,1,0.2496811203453996,0.634508348794063,3234,1179,1.101265028031634,36.45640074211503,10/23/2025 9:44:29 AM,7,20,0.58,,475,N_to_S,0.58,,0.58,0.1225714581510008,1225.714581510008,0.3306886702634084,0.03387533715774188,-1.4489603878785515,0.8095902062997412,1233.5414569044872,2243.875890663031,1913.3920620325637,895.2307528795407,-330.4838286304673,1224.5120462069135
B9_R0_C1,B9,9,0,1,LG3216,19,8,16.34,170.0,23.18,178.0,1943.46299686,2822.4329791,1943,2822,397038.5725857,4435675.29719838,40.06504844,-88.20733744,1997.28264137,2823.49151746,1997,2823,397040.50543926,4435675.25918409,40.06504834,-88.20731477,1996.06714844,2891.63889512,1996,2892,397040.46178662,4435672.81187144,40.06502629,-88.2073149,1942.24750394,2890.58035676,1942,2891,397038.52893305,4435672.84988573,40.06502639,-88.20733756,1969.76507265,2857.03593711,397039.51718616,4435674.05453491,40.06503736,-88.20732617,4.73193359,"POLYGON((1943.463 2822.433, 1997.283 2823.492, 1996.067 2891.639, 1942.248 2890.580, 1943.463 2822.433))","POLYGON((397038.573 4435675.297, 397040.505 4435675.259, 397040.462 4435672.812, 397038.529 4435672.850, 397038.573 4435675.297))",4.005108590576,0.3306526446025363,1.3242997473942912,0.6693473553974636,0.0793995633721351,0.0576922893524169,0.0723667815327644,0.1781263649463653,0.0972392226667965,5,1.248405601726998,0.2757440409763517,2,0.4993622406907992,0.6650170120630993,3233,1069,0.998826506496814,33.06526446025364,10/23/2025 9:43:52 AM,8,20,0.69,,474,N_to_S,0.69,,0.69,0.14581776917963887,1458.1776917963887,0.3306886702634084,-3.602566087212988e-05,-1.4536983569962514,0.6652848434966003,1458.1693680900491,2267.2152070605566,1913.5895201347182,1104.5520048705503,-353.6256869258384,1061.312865887191
B5_R7_C1,B5,5,7,1,AG40XFF5,19,9,16.34,160.0,23.18,168.0,1941.9436307,2907.61720118,1942,2908,397038.51801989,4435672.23805756,40.06502088,-88.20733759,1995.76327521,2908.67573954,1996,2909,397040.45087345,4435672.20004327,40.06502077,-88.20731493,1994.54778228,2976.8231172,1995,2977,397040.40722081,4435669.75273062,40.06499872,-88.20731505,1940.72813778,2975.76457884,1941,2976,397038.47436725,4435669.79074491,40.06499883,-88.20733772,1968.24570649,2942.22015919,397039.46262035,4435670.99539409,40.0650098,-88.20732632,4.73193359,"POLYGON((1941.944 2907.617, 1995.763 2908.676, 1994.548 2976.823, 1940.728 2975.765, 1941.944 2907.617))","POLYGON((397038.518 4435672.238, 397040.451 4435672.200, 397040.407 4435669.753, 397038.474 4435669.791, 397038.518 4435672.238))",4.005108590576,0.3639455782312925,1.4576415618762992,0.6360544217687074,0.0726787224411964,0.0642765015363693,0.0608953014016151,0.1538459658622741,0.0825583381863201,9,2.2471300831085967,0.168667880796781,3,0.7490433610361988,0.6326530612244898,3234,1177,1.099396893972208,36.39455782312925,10/23/2025 9:43:18 AM,9,20,0.18,,473,N_to_S,0.18,,0.18,0.03803941804686232,380.3941804686232,0.3306886702634084,0.03325690796788405,-1.4584363269883267,0.5209794806934595,388.0781681868325,1461.3869221899613,1837.8028796867611,756.810137965423,376.4159574967998,828.3502946175498
B5_R6_C1,B5,5,6,1,LD21-7234,19,10,16.34,150.0,23.18,158.0,1940.42426454,2992.80142326,1940,2993,397038.46345408,4435669.17891675,40.06499332,-88.20733775,1994.24390905,2993.85996162,1994,2994,397040.39630765,4435669.14090245,40.06499321,-88.20731508,1993.02841612,3062.00733928,1993,3062,397040.352655,4435666.6935898,40.06497116,-88.2073152,1939.20877162,3060.94880092,1939,3061,397038.41980144,4435666.73160409,40.06497127,-88.20733787,1966.72634033,3027.40438127,397039.40805454,4435667.93625327,40.06498224,-88.20732647,4.73193359,"POLYGON((1940.424 2992.801, 1994.244 2993.860, 1993.028 3062.007, 1939.209 3060.949, 1940.424 2992.801))","POLYGON((397038.463 4435669.179, 397040.396 4435669.141, 397040.353 4435666.694, 397038.420 4435666.732, 397038.463 4435669.179))",4.005108590576,0.3544940289126335,1.4197870805058854,0.6455059710873665,0.0859411433339119,0.0696461349725723,0.0744576528668403,0.1896367967128753,0.1011196548658259,8,1.997448962763197,0.1818517763221029,2,0.4993622406907992,0.64487743557511,3182,1128,1.0708459111174164,35.449402891263354,10/23/2025 9:42:48 AM,10,20,0.345,,472,N_to_S,0.345,,0.345,0.07290888458981944,729.0888458981943,0.3306886702634084,0.02380535864922506,-1.463174296980402,0.37667411789031857,734.5890590769077,1564.6384765263838,1936.540424624022,1100.9907939958325,371.9019480976383,1012.1859073356499
B5_R5_C1,B5,5,5,1,AG38XF6,19,11,16.34,140.0,23.18,148.0,1938.90489838,3077.98564533,1939,3078,397038.40888828,4435666.11977593,40.06496575,-88.2073379,1992.72454289,3079.04418369,1993,3079,397040.34174184,4435666.08176163,40.06496565,-88.20731523,1991.50904996,3147.19156136,1992,3147,397040.2980892,4435663.63444898,40.0649436,-88.20731536,1937.68940546,3146.133023,1938,3146,397038.36523563,4435663.67246327,40.0649437,-88.20733802,1965.20697417,3112.58860335,397039.35348874,4435664.87711245,40.06495468,-88.20732663,4.73144531,"POLYGON((1938.905 3077.986, 1992.725 3079.044, 1991.509 3147.192, 1937.689 3146.133, 1938.905 3077.986))","POLYGON((397038.409 4435666.120, 397040.342 4435666.082, 397040.298 4435663.634, 397038.365 4435663.672, 397038.409 4435666.120))",4.004695310384,0.3467336683417085,1.3885626955602814,0.6532663316582914,0.0899926573038101,0.0752211660146713,0.0696802586317062,0.1872338652610778,0.1049957206669976,3,0.7491206614948036,0.4746202389115876,2,0.499413774329869,0.6472989949748744,3184,1104,1.0474036251876304,34.67336683417086,10/23/2025 9:42:07 AM,11,20,0.44,,471,N_to_S,0.44,,0.44,0.09299484009041627,929.9484009041627,0.3306886702634084,0.016044998078300066,-1.467912266103156,0.23236875508717772,933.6555876423708,1597.4319717000176,1971.6988714756033,1304.2153006797485,374.26689977558567,1243.0834173161584
B5_R4_C1,B5,5,4,1,LD20-11748,19,12,16.34,130.0,23.18,138.0,1937.38553223,3163.16986741,1937,3163,397038.35432247,4435663.06063511,40.06493819,-88.20733805,1991.20517673,3164.22840577,1991,3164,397040.28717604,4435663.02262081,40.06493809,-88.20731539,1989.9896838,3232.37578343,1990,3232,397040.24352339,4435660.57530816,40.06491604,-88.20731551,1936.1700393,3231.31724507,1936,3231,397038.31066983,4435660.61332245,40.06491614,-88.20733818,1963.68760802,3197.77282542,397039.29892293,4435661.81797163,40.06492711,-88.20732678,4.73242188,"POLYGON((1937.386 3163.170, 1991.205 3164.228, 1989.990 3232.376, 1936.170 3231.317, 1937.386 3163.170))","POLYGON((397038.354 4435663.061, 397040.287 4435663.023, 397040.244 4435660.575, 397038.311 4435660.613, 397038.354 4435663.061))",4.005521879232001,0.3954058192955589,1.5838066603640162,0.604594180704441,0.0957729443907737,0.088888794183731,0.0596315152943134,0.1743629872798919,0.1033482128451851,6,1.4979321498926403,0.2775066704868024,2,0.4993107166308801,0.6039816232771822,3265,1291,1.194431133645511,39.5405819295559,10/22/2025 3:47:24 PM,12,20,0.365,machine issue plot weight likely incorrect,470,N_to_S,0.365,machine issue plot weight likely incorrect,,,,0.3306886702634084,0.06471714903215048,-1.4726502360952312,0.08806339228403685,,,,,,
B5_R3_C1,B5,5,3,1,AG40XFF5,19,13,16.34,120.0,23.18,128.0,1935.86616607,3248.35408949,1936,3248,397038.29975667,4435660.00149429,40.06491063,-88.20733821,1989.68581057,3249.41262785,1990,3249,397040.23261023,4435659.96348,40.06491052,-88.20731554,1988.47031765,3317.56000551,1988,3318,397040.18895758,4435657.51616734,40.06488847,-88.20731566,1934.65067314,3316.50146715,1935,3317,397038.25610402,4435657.55418163,40.06488858,-88.20733833,1962.16824186,3282.9570475,397039.24435712,4435658.75883081,40.06489955,-88.20732693,4.73193359,"POLYGON((1935.866 3248.354, 1989.686 3249.413, 1988.470 3317.560, 1934.651 3316.501, 1935.866 3248.354))","POLYGON((397038.300 4435660.001, 397040.233 4435659.963, 397040.189 4435657.516, 397038.256 4435657.554, 397038.300 4435660.001))",4.005108590576,0.3205248359887535,1.28373677411152,0.6794751640112464,0.0846587345004081,0.0714284479618072,0.0594559609889984,0.1637009084224701,0.0983531713485717,8,1.997448962763197,0.1654077327185084,1,0.2496811203453996,0.6794751640112465,3201,1026,0.968232697975086,32.052483598875355,10/22/2025 3:46:54 PM,13,20,0.975,,469,N_to_S,0.975,,0.975,0.20604684775383758,2060.4684775383757,0.3306886702634084,-0.010163834274654948,-1.4773882060822523,-0.05624197051910402,2058.1201300067355,1441.8109216980044,1837.8028796867611,2456.460435527132,395.99195798875667,2366.8446946544686
B5_R2_C1,B5,5,2,1,LD21-5944,19,14,16.34,110.0,23.18,118.0,1934.34679991,3333.53831157,1934,3334,397038.24519086,4435656.94235347,40.06488307,-88.20733836,1988.16644441,3334.59684993,1988,3335,397040.17804442,4435656.90433918,40.06488296,-88.20731569,1986.95095149,3402.74422759,1987,3403,397040.13439178,4435654.45702652,40.06486091,-88.20731582,1933.13130698,3401.68568923,1933,3402,397038.20153821,4435654.49504081,40.06486102,-88.20733848,1960.6488757,3368.14126958,397039.18979132,4435655.69968999,40.06487199,-88.20732709,4.73242188,"POLYGON((1934.347 3333.538, 1988.166 3334.597, 1986.951 3402.744, 1933.131 3401.686, 1934.347 3333.538))","POLYGON((397038.245 4435656.942, 397040.178 4435656.904, 397040.134 4435654.457, 397038.202 4435654.495, 397038.245 4435656.942))",4.005521879232001,0.2738131699846861,1.0967646431955311,0.7261868300153139,0.1154781728982925,0.0772726535797119,0.115510806441307,0.2838979959487915,0.1586997420367072,3,0.7489660749463202,0.3843392152055792,2,0.4993107166308801,0.7231240428790199,3265,894,0.8271273690775266,27.38131699846861,10/22/2025 3:46:29 PM,14,20,0.72,,468,N_to_S,0.72,,0.72,0.15214197260029572,1521.419726002957,0.3306886702634084,-0.056875500278722346,-1.4821261752050063,-0.2005473333222449,1508.278677351328,1395.624731982848,1804.4466042862205,1930.2415983063295,408.8218723033724,1916.9537694245885
B5_R1_C1,B5,5,1,1,AG34XF6,19,15,16.34,100.0,23.18,108.0,1932.82743375,3418.72253364,1933,3419,397038.19062505,4435653.88321265,40.0648555,-88.20733851,1986.64707825,3419.781072,1987,3420,397040.12347862,4435653.84519836,40.0648554,-88.20731585,1985.43158533,3487.92844967,1985,3488,397040.07982597,4435651.3978857,40.06483335,-88.20731597,1931.61194082,3486.86991131,1932,3487,397038.14697241,4435651.43589999,40.06483345,-88.20733864,1959.12950954,3453.32549165,397039.13522551,4435652.64054917,40.06484443,-88.20732724,4.73193359,"POLYGON((1932.827 3418.723, 1986.647 3419.781, 1985.432 3487.928, 1931.612 3486.870, 1932.827 3418.723))","POLYGON((397038.191 4435653.883, 397040.123 4435653.845, 397040.080 4435651.398, 397038.147 4435651.436, 397038.191 4435653.883))",4.005108590576,0.2977194626679162,1.192398777512942,0.7022805373320837,0.1038412973284721,0.0866141617298126,0.0784131959080696,0.2159088850021362,0.1261239811485889,6,1.4980867220723977,0.2048519418853003,1,0.2496811203453996,0.7000937207122774,3201,953,0.8993428471444997,29.771946266791627,10/22/2025 3:46:04 PM,15,20,0.565,,467,N_to_S,0.565,,0.565,0.1194015066470956,1194.015066470956,0.3306886702634084,-0.03296920759549221,-1.4868641451970817,-0.34485269612538577,1186.397551743264,1487.6398814001207,1932.096114966995,1638.4713000378304,444.4562335668743,1558.6972564086786
B5_R0_C1,B5,5,0,1,LD21-5665,19,16,16.34,90.0,23.18,98.0,1931.30806759,3503.90675572,1931,3504,397038.13605925,4435650.82407183,40.06482794,-88.20733867,1985.1277121,3504.96529408,1985,3505,397040.06891281,4435650.78605754,40.06482784,-88.207316,1983.91221917,3573.11267174,1984,3573,397040.02526017,4435648.33874488,40.06480579,-88.20731612,1930.09257466,3572.05413338,1930,3572,397038.0924066,4435648.37675917,40.06480589,-88.20733879,1957.61014338,3538.50971373,397039.08065971,4435649.58140836,40.06481686,-88.20732739,4.73193359,"POLYGON((1931.308 3503.907, 1985.128 3504.965, 1983.912 3573.113, 1930.093 3572.054, 1931.308 3503.907))","POLYGON((397038.136 4435650.824, 397040.069 4435650.786, 397040.025 4435648.339, 397038.092 4435648.377, 397038.136 4435650.824))",4.005108590576,0.3792781580584941,1.5190502090579163,0.6207218419415059,0.113490305840969,0.106969341635704,0.0693030282855033,0.208013504743576,0.123079328417778,5,1.248405601726998,0.3144359082789268,3,0.7490433610361988,0.6160547604231488,3214,1219,1.1457131336708086,37.927815805849406,10/22/2025 3:45:27 PM,16,20,0.195,,466,N_to_S,0.195,,0.195,0.04120936955076752,412.0936955076752,0.3306886702634084,0.04858948779508565,-1.4916021143198357,-0.4891580584452722,423.32026617419876,1643.9290349420103,2143.828394071608,911.9930546372727,499.89935912959754,708.7163777129363
B1_R7_C1,B1,1,7,1,AG40XFF5,19,17,16.34,80.0,23.18,88.0,1929.78870143,3589.0909778,1930,3589,397038.08149344,4435647.76493101,40.06480038,-88.20733882,1983.60834594,3590.14951616,1984,3590,397040.014347,4435647.72691672,40.06480027,-88.20731615,1982.39285301,3658.29689382,1982,3658,397039.97069436,4435645.27960406,40.06477822,-88.20731628,1928.5732085,3657.23835546,1929,3657,397038.0378408,4435645.31761835,40.06477833,-88.20733894,1956.09077722,3623.69393581,397039.0260939,4435646.52226754,40.0647893,-88.20732755,4.73242188,"POLYGON((1929.789 3589.091, 1983.608 3590.150, 1982.393 3658.297, 1928.573 3657.238, 1929.789 3589.091))","POLYGON((397038.081 4435647.765, 397040.014 4435647.727, 397039.971 4435645.280, 397038.038 4435645.318, 397038.081 4435647.765))",4.005521879232001,0.3842549203373945,1.5391414906139835,0.6157450796626054,0.1212628632783889,0.1142855882644653,0.0687801837921142,0.2133330702781677,0.1286499848552778,7,1.7475875082080805,0.2266237942007969,1,0.24965535831544,0.6082474226804123,3201,1230,1.1607468016660385,38.42549203373945,10/22/2025 3:45:05 PM,17,20,0.455,,465,N_to_S,0.455,,0.455,0.09614527435157577,961.4527435157577,0.3306886702634084,0.05356625007398608,-1.4963400843068566,-0.633463421248413,973.8291919840434,1734.8780977941306,1837.8028796867611,1064.3775254083882,102.92478189263056,1218.3350700535955
B1_R6_C1,B1,1,6,1,LG3216,19,18,16.34,70.0,23.18,78.0,1928.26933527,3674.27519988,1928,3674,397038.02692763,4435644.70579019,40.06477282,-88.20733897,1982.08897978,3675.33373824,1982,3675,397039.9597812,4435644.6677759,40.06477271,-88.20731631,1980.87348685,3743.4811159,1981,3743,397039.91612855,4435642.22046324,40.06475066,-88.20731643,1927.05384234,3742.42257754,1927,3742,397037.98327499,4435642.25847754,40.06475077,-88.20733909,1954.57141106,3708.87815789,397038.97152809,4435643.46312672,40.06476174,-88.2073277,4.73193359,"POLYGON((1928.269 3674.275, 1982.089 3675.334, 1980.873 3743.481, 1927.054 3742.423, 1928.269 3674.275))","POLYGON((397038.027 4435644.706, 397039.960 4435644.668, 397039.916 4435642.220, 397037.983 4435642.258, 397038.027 4435644.706))",4.005108590576,0.2900459418070444,1.1616654931931,0.7099540581929555,0.1078470423817634,0.0884954333305358,0.0779937952756881,0.2173454612493515,0.1290249404673482,11,2.746492323799396,0.1110339343501169,3,0.7490433610361988,0.6992343032159265,3265,947,0.8761628842465521,29.00459418070444,10/22/2025 3:44:40 PM,18,20,0.165,,464,N_to_S,0.165,,0.165,0.03486946654295713,348.69466542957133,0.3306886702634084,-0.04064272845636402,-1.501078054298932,-0.7777687840515539,339.3041885218924,1782.8561989804161,1913.5895201347182,479.4279865838734,130.73332115430208,445.0774363303453
B1_R5_C1,B1,1,5,1,AG35XF5,19,19,16.34,60.0,23.18,68.0,1926.74996911,3759.45942195,1927,3759,397037.97236183,4435641.64664937,40.06474525,-88.20733913,1980.56961362,3760.51796031,1981,3761,397039.90521539,4435641.60863508,40.06474515,-88.20731646,1979.35412069,3828.66533798,1979,3829,397039.86156275,4435639.16132242,40.0647231,-88.20731658,1925.53447618,3827.60679962,1926,3828,397037.92870918,4435639.19933672,40.0647232,-88.20733925,1953.0520449,3794.06237996,397038.91696229,4435640.4039859,40.06473418,-88.20732785,4.73144531,"POLYGON((1926.750 3759.459, 1980.570 3760.518, 1979.354 3828.665, 1925.534 3827.607, 1926.750 3759.459))","POLYGON((397037.972 4435641.647, 397039.905 4435641.609, 397039.862 4435639.161, 397037.929 4435639.199, 397037.972 4435641.647))",4.004695310384,0.324586066854108,1.2998682997466342,0.6754139331458919,0.1714143306016922,0.1544501781463623,0.0929110124707222,0.2980765700340271,0.1893103072456285,5,1.2485344358246726,0.2680056675158367,1,0.2497068871649345,0.6747891283973758,3201,1039,0.9805007536024504,32.45860668541081,10/22/2025 3:44:20 PM,19,20,0.545,,463,N_to_S,0.545,,0.545,0.11518679056653834,1151.8679056653834,0.3306886702634084,-0.006102603409300411,-1.505816023421686,-0.9220741468546948,1150.4579029768759,1686.8084223104706,1881.5858952900314,1346.6453786449442,194.7774729795608,1321.4121702723876
B1_R4_C1,B1,1,4,1,LG3216,19,20,16.34,50.0,23.18,58.0,1925.23060295,3844.64364403,1925,3845,397037.91779602,4435638.58750855,40.06471769,-88.20733928,1979.05024746,3845.70218239,1979,3846,397039.85064959,4435638.54949426,40.06471759,-88.20731661,1977.83475453,3913.84956005,1978,3914,397039.80699694,4435636.1021816,40.06469554,-88.20731674,1924.01511002,3912.79102169,1924,3913,397037.87414338,4435636.1401959,40.06469564,-88.2073394,1951.53267874,3879.24660204,397038.86239648,4435637.34484508,40.06470661,-88.20732801,4.73242188,"POLYGON((1925.231 3844.644, 1979.050 3845.702, 1977.835 3913.850, 1924.015 3912.791, 1925.231 3844.644))","POLYGON((397037.918 4435638.588, 397039.851 4435638.549, 397039.807 4435636.102, 397037.874 4435636.140, 397037.918 4435638.588))",4.005521879232001,0.3240428790199081,1.2979608417235704,0.6759571209800919,0.088582344353199,0.0509553849697113,0.0871463492512703,0.2137166857719421,0.1125996705784516,2,0.4993107166308801,0.6822665934354073,2,0.4993107166308801,0.6719754977029097,3265,1058,0.9788599065816812,32.40428790199081,10/22/2025 3:43:53 PM,20,20,0.455,,462,N_to_S,0.455,,0.455,0.09614527435157577,961.4527435157577,0.3306886702634084,-0.006645791243500343,-1.5105539934137613,-1.0663795096578357,959.9172376189932,1656.385660846325,1913.5895201347182,1218.656602804151,257.20385928839323,1183.5374107580851
B1_R3_C1,B1,1,3,1,AG38XF6,19,21,16.34,40.0,23.18,48.0,1923.71123679,3929.82786611,1924,3930,397037.86323022,4435635.52836773,40.06469013,-88.20733943,1977.5308813,3930.88640447,1978,3931,397039.79608378,4435635.49035344,40.06469002,-88.20731677,1976.31538837,3999.03378213,1976,3999,397039.75243113,4435633.04304079,40.06466797,-88.20731689,1922.49574386,3997.97524377,1922,3998,397037.81957757,4435633.08105508,40.06466808,-88.20733955,1950.01331258,3964.43082412,397038.80783067,4435634.28570426,40.06467905,-88.20732816,4.73193359,"POLYGON((1923.711 3929.828, 1977.531 3930.886, 1976.315 3999.034, 1922.496 3997.975, 1923.711 3929.828))","POLYGON((397037.863 4435635.528, 397039.796 4435635.490, 397039.752 4435633.043, 397037.820 4435633.081, 397037.863 4435635.528))",4.005108590576,0.2618216439225642,1.0486241152729925,0.7381783560774358,0.08111322671175,0.0520547926425933,0.077183648943901,0.1911763101816177,0.1094663925030652,6,1.4980867220723977,0.1773377251368024,3,0.7490433610361988,0.731831164709616,3151,825,0.7909036936292559,26.182164392256425,10/22/2025 3:43:32 PM,21,20,0.685,,461,N_to_S,0.685,,0.685,0.1447611186783372,1447.6111867833717,0.3306886702634084,-0.06886702634084424,-1.5152919634058364,-1.2106848724609764,1431.6995035594332,1659.831087556964,1971.6988714756033,1759.478970702011,311.86778391863936,1784.583963811477
B1_R2_C1,B1,1,2,1,LG3216,19,22,16.34,30.0,23.18,38.0,1922.19187063,4015.01208819,1922,4015,397037.80866441,4435632.46922691,40.06466257,-88.20733959,1976.01151514,4016.07062655,1976,4016,397039.74151797,4435632.43121262,40.06466246,-88.20731692,1974.79602221,4084.21800421,1975,4084,397039.69786533,4435629.98389996,40.06464041,-88.20731704,1920.9763777,4083.15946585,1921,4083,397037.76501176,4435630.02191426,40.06464052,-88.20733971,1948.49394642,4049.6150462,397038.75326487,4435631.22656344,40.06465149,-88.20732831,4.73193359,"POLYGON((1922.192 4015.012, 1976.012 4016.071, 1974.796 4084.218, 1920.976 4083.159, 1922.192 4015.012))","POLYGON((397037.809 4435632.469, 397039.742 4435632.431, 397039.698 4435629.984, 397037.765 4435630.022, 397037.809 4435632.469))",4.005108590576,0.2349097697573117,0.9408391368652396,0.7650902302426883,0.1078539565205574,0.0756534487009048,0.1011795699596405,0.2479694634675979,0.1493352861357669,6,1.4980867220723977,0.1622908878524677,1,0.2496811203453996,0.7635345364032359,3214,755,0.7096090368510751,23.490976975731176,10/22/2025 3:43:04 PM,22,20,0.605,,460,N_to_S,0.605,,0.605,0.12785471065750947,1278.5471065750946,0.3306886702634084,-0.09577890050609672,-1.5200299325235362,-1.3549902352641174,1256.4174517117153,1532.4113929302234,1913.5895201347182,1659.7252337795894,381.1781272044948,1591.9673142727165
B1_R1_C1,B1,1,1,1,AG29XF5,19,23,16.34,20.0,23.18,28.0,1920.67250447,4100.19631026,1921,4100,397037.7540986,4435629.41008609,40.064635,-88.20733974,1974.49214898,4101.25484862,1974,4101,397039.68695217,4435629.3720718,40.0646349,-88.20731707,1973.27665605,4169.40222629,1973,4169,397039.64329952,4435626.92475915,40.06461285,-88.20731719,1919.45701155,4168.34368793,1919,4168,397037.71044596,4435626.96277344,40.06461295,-88.20733986,1946.97458026,4134.79926827,397038.69869906,4435628.16742262,40.06462393,-88.20732847,4.73193359,"POLYGON((1920.673 4100.196, 1974.492 4101.255, 1973.277 4169.402, 1919.457 4168.344, 1920.673 4100.196))","POLYGON((397037.754 4435629.410, 397039.687 4435629.372, 397039.643 4435626.925, 397037.710 4435626.963, 397037.754 4435629.410))",4.005108590576,0.3408309903155264,1.36506512724724,0.6591690096844736,0.1620396971702575,0.1509432792663574,0.0895490497350692,0.2699382305145263,0.1740050673484802,9,2.2471300831085967,0.1563438045448497,4,0.9987244813815984,0.6507341455795064,3201,1091,1.029572976111909,34.083099031552635,10/22/2025 3:42:33 PM,23,20,0.72,,459,N_to_S,0.72,,0.72,0.15215767218744927,1521.5767218744927,0.3306886702634084,0.010142320052117959,-1.5247679025156116,-1.4992955980672582,1523.9200985585153,1669.3496817211885,2157.017367309951,2009.2444074632554,487.66768558876265,1969.458047819713
B1_R0_C1,B1,1,0,1,LG3216,19,24,16.34,10.0,23.18,18.0,1919.15313831,4185.38053234,1919,4185,397037.6995328,4435626.35094527,40.06460744,-88.20733989,1972.97278282,4186.4390707,1973,4186,397039.63238636,4435626.31293098,40.06460734,-88.20731723,1971.75728989,4254.58644836,1972,4255,397039.58873372,4435623.86561833,40.06458529,-88.20731735,1917.93764539,4253.52791,1918,4254,397037.65588015,4435623.90363262,40.06458539,-88.20734001,1945.4552141,4219.98349035,397038.64413326,4435625.1082818,40.06459636,-88.20732862,4.73144531,"POLYGON((1919.153 4185.381, 1972.973 4186.439, 1971.757 4254.586, 1917.938 4253.528, 1919.153 4185.381))","POLYGON((397037.700 4435626.351, 397039.632 4435626.313, 397039.589 4435623.866, 397037.656 4435623.904, 397037.700 4435626.351))",4.004695310384,0.4480857580398162,1.7944469338719118,0.5519142419601838,0.1313650608062744,0.128065288066864,0.0666511505842208,0.21123668551445,0.1312660001305972,8,1.997655097319476,0.2358591744319473,2,0.499413774329869,0.5509954058192955,3265,1463,1.3535652583449902,44.80857580398162,10/22/2025 3:42:07 PM,24,20,0.445,,458,N_to_S,0.445,,0.445,0.09405159963689827,940.5159963689827,0.3306886702634084,0.11739708777640778,-1.5295058716383656,-1.6436009608703992,967.6405198363655,1312.6359479633181,1913.5895201347182,1541.4695685403826,600.9535721714001,1520.1030869915762
B9_R7_C0,B9,9,7,0,LG3216,20,1,9.5,240.0,16.34,248.0,1900.27891547,2225.0848862,1900,2225,397037.02169278,4435696.74919841,40.06524149,-88.20735903,1954.09855998,2226.14342456,1954,2226,397038.95454634,4435696.71118412,40.06524138,-88.20733637,1952.88306705,2294.29080222,1953,2294,397038.9108937,4435694.26387146,40.06521933,-88.20733649,1899.06342254,2293.23226386,1899,2293,397036.97804013,4435694.30188576,40.06521944,-88.20735916,1926.58099126,2259.68784421,397037.96629324,4435695.50653494,40.06523041,-88.20734776,4.73193359,"POLYGON((1900.279 2225.085, 1954.099 2226.143, 1952.883 2294.291, 1899.063 2293.232, 1900.279 2225.085))","POLYGON((397037.022 4435696.749, 397038.955 4435696.711, 397038.911 4435694.264, 397036.978 4435694.302, 397037.022 4435696.749))",4.005108590576,0.4260336906584992,1.7063111943311533,0.5739663093415008,0.2609689831733703,0.2543551623821258,0.1014883443713188,0.3929638564586639,0.2662811548429376,3,0.7490433610361988,0.5980043046431327,5,1.248405601726998,0.5687595712098009,3265,1391,1.2869509735870686,42.603369065849925,10/23/2025 9:49:57 AM,1,1,0.42,,1,S_to_N,0.42,,0.42,0.0887586421093454,887.5864210934541,0.3306886702634084,0.0953450203950908,-1.5883629778216661,1.6772155878408679,909.6158282294329,2115.7893352530873,1913.5895201347182,685.386605975085,-202.1998151183691,697.6100523843808
B9_R6_C0,B9,9,6,0,LD20-4471,20,2,9.5,230.0,16.34,238.0,1898.75954931,2310.26910828,1899,2310,397036.96712697,4435693.69005759,40.06521392,-88.20735919,1952.57919382,2311.32764664,1953,2311,397038.89998053,4435693.6520433,40.06521382,-88.20733652,1951.36370089,2379.4750243,1951,2379,397038.85632789,4435691.20473064,40.06519177,-88.20733664,1897.54405638,2378.41648594,1898,2378,397036.92347433,4435691.24274494,40.06519187,-88.20735931,1925.0616251,2344.87206629,397037.91172743,4435692.44739412,40.06520285,-88.20734792,4.73242188,"POLYGON((1898.760 2310.269, 1952.579 2311.328, 1951.364 2379.475, 1897.544 2378.416, 1898.760 2310.269))","POLYGON((397036.967 4435693.690, 397038.900 4435693.652, 397038.856 4435691.205, 397036.923 4435691.243, 397036.967 4435693.690))",4.005521879232001,0.6594814120587317,2.6415672249480644,0.3405185879412683,0.226401001214981,0.2359548211097717,0.0756239742040634,0.3116879463195801,0.2063672121833352,1,0.24965535831544,2.7226177291912,6,1.4979321498926403,0.3283348953452046,3201,2111,1.9921434945666727,65.94814120587317,10/23/2025 9:50:27 AM,2,1,0.865,,2,S_to_N,0.865,,0.865,0.18278167541563303,1827.8167541563303,0.3306886702634084,0.32879274179532325,-1.5931009478137415,1.5329102250377271,1903.7841108399823,1972.2270614731788,1769.881967652431,1625.4716603355826,-202.3450938207477,1222.3756458925102
B9_R5_C0,B9,9,5,0,LG3216,20,3,9.5,220.0,16.34,228.0,1897.24018315,2395.45333036,1897,2395,397036.91256116,4435690.63091677,40.06518636,-88.20735934,1951.05982766,2396.51186871,1951,2397,397038.84541473,4435690.59290248,40.06518625,-88.20733667,1949.84433473,2464.65924638,1950,2465,397038.80176208,4435688.14558983,40.0651642,-88.2073368,1896.02469023,2463.60070802,1896,2464,397036.86890852,4435688.18360412,40.06516431,-88.20735946,1923.54225894,2430.05628837,397037.85716162,4435689.3882533,40.06517528,-88.20734807,4.73144531,"POLYGON((1897.240 2395.453, 1951.060 2396.512, 1949.844 2464.659, 1896.025 2463.601, 1897.240 2395.453))","POLYGON((397036.913 4435690.631, 397038.845 4435690.593, 397038.802 4435688.146, 397036.869 4435688.184, 397036.913 4435690.631))",4.004695310384,0.6679938744257274,2.675111936277949,0.3320061255742725,0.2605306506156921,0.2697092294692993,0.0720267593860626,0.3407076001167297,0.2393351606481215,1,0.2497068871649345,2.8128987528972087,6,1.4982413229896072,0.3212863705972434,3265,2181,2.017857709125375,66.79938744257274,10/23/2025 9:50:55 AM,3,1,1.39,,3,S_to_N,1.39,,1.39,0.2937791539219968,2937.7915392199684,0.3306886702634084,0.337305204162319,-1.5978389178058165,1.3886048622785185,3015.7256949921853,2161.5628306641756,1913.5895201347182,2689.818228690511,-247.97331052945742,2753.603079395886
B9_R4_C0,B9,9,4,0,LD11-2170,20,4,9.5,210.0,16.34,218.0,1895.72081699,2480.63755243,1896,2481,397036.85799536,4435687.57177595,40.0651588,-88.20735949,1949.5404615,2481.69609079,1950,2482,397038.79084892,4435687.53376166,40.06515869,-88.20733683,1948.32496857,2549.84346845,1948,2550,397038.74719628,4435685.08644901,40.06513664,-88.20733695,1894.50532407,2548.78493009,1895,2549,397036.81434271,4435685.1244633,40.06513675,-88.20735962,1922.02289278,2515.24051044,397037.80259582,4435686.32911248,40.06514772,-88.20734822,4.73193359,"POLYGON((1895.721 2480.638, 1949.540 2481.696, 1948.325 2549.843, 1894.505 2548.785, 1895.721 2480.638))","POLYGON((397036.858 4435687.572, 397038.791 4435687.534, 397038.747 4435685.086, 397036.814 4435685.124, 397036.858 4435687.572))",4.005108590576,0.3408309903155264,1.36506512724724,0.6591690096844736,0.1576175540685653,0.1423486471176147,0.0821592658758163,0.2775116264820099,0.1757824896597394,6,1.4980867220723977,0.2345157068172745,3,0.7490433610361988,0.6529209621993127,3201,1091,1.029572976111909,34.083099031552635,10/23/2025 9:51:21 AM,4,1,1.56,,4,S_to_N,1.56,,1.56,0.32967495640614014,3296.7495640614015,0.3306886702634084,0.010142320052117959,-1.6025768869285706,1.2442994994753775,3299.092940745424,2147.7630682114873,1783.0921758570503,2932.0786717069645,-364.670892354437,2921.065653378005
B9_R3_C0,B9,9,3,0,LG3216,20,5,9.5,200.0,16.34,208.0,1894.20145083,2565.82177451,1894,2566,397036.80342955,4435684.51263514,40.06513124,-88.20735965,1948.02109534,2566.88031287,1948,2567,397038.73628312,4435684.47462084,40.06513113,-88.20733698,1946.80560241,2635.02769053,1947,2635,397038.69263047,4435682.02730819,40.06510908,-88.2073371,1892.98595791,2633.96915217,1893,2634,397036.75977691,4435682.06532248,40.06510919,-88.20735977,1920.50352662,2600.42473252,397037.74803001,4435683.26997166,40.06512016,-88.20734837,4.73144531,"POLYGON((1894.201 2565.822, 1948.021 2566.880, 1946.806 2635.028, 1892.986 2633.969, 1894.201 2565.822))","POLYGON((397036.803 4435684.513, 397038.736 4435684.475, 397038.693 4435682.027, 397036.760 4435682.065, 397036.803 4435684.513))",4.004695310384,0.3746110765401369,1.5002032214381882,0.6253889234598631,0.0908110290765762,0.0827734768390655,0.0539223626255989,0.1652168333530426,0.0995155253480462,8,1.997655097319476,0.1941042009679183,2,0.499413774329869,0.6241443683883012,3214,1204,1.131614940885688,37.461107654013695,10/23/2025 9:51:46 AM,5,1,1.015,,5,S_to_N,1.015,,1.015,0.2145221879358466,2145.221879358466,0.3306886702634084,0.0439224062767285,-1.6073148569155917,1.0999941366722368,2155.370123768635,2305.074135691568,1913.5895201347182,1753.7372638016166,-391.4846155568496,1729.7608899570348
B9_R2_C0,B9,9,2,0,LD21-5991,20,6,9.5,190.0,16.34,198.0,1892.68208467,2651.00599659,1893,2651,397036.74886375,4435681.45349432,40.06510367,-88.2073598,1946.50172918,2652.06453495,1947,2652,397038.68171731,4435681.41548002,40.06510357,-88.20733713,1945.28623625,2720.21191261,1945,2720,397038.63806466,4435678.96816737,40.06508152,-88.20733726,1891.46659175,2719.15337425,1891,2719,397036.7052111,4435679.00618166,40.06508162,-88.20735992,1918.98416046,2685.6089546,397037.69346421,4435680.21083084,40.0650926,-88.20734853,4.73193359,"POLYGON((1892.682 2651.006, 1946.502 2652.065, 1945.286 2720.212, 1891.467 2719.153, 1892.682 2651.006))","POLYGON((397036.749 4435681.453, 397038.682 4435681.415, 397038.638 4435678.968, 397036.705 4435679.006, 397036.749 4435681.453))",4.005108590576,0.3284671532846715,1.3155466173424817,0.6715328467153285,0.0878056660294532,0.0728476047515869,0.0695568993687629,0.1877131462097168,0.1049595067314073,7,1.7477678424177974,0.1906956317055486,4,0.9987244813815984,0.6648682957791178,3151,1035,0.9922246338257938,32.846715328467155,10/23/2025 9:52:16 AM,6,1,0.87,,6,S_to_N,0.87,,0.87,0.1838571872265012,1838.5718722650122,0.3306886702634084,-0.002221516978736904,-1.6120528260383458,0.9556887738690959,1838.058592161014,2402.7456544120287,1972.4691364812563,1408.2953543342398,-430.27651793077234,1367.2770346159014
B9_R1_C0,B9,9,1,0,LG3216,20,7,9.5,180.0,16.34,188.0,1891.16271852,2736.19021866,1891,2736,397036.69429794,4435678.3943535,40.06507611,-88.20735995,1944.98236302,2737.24875702,1945,2737,397038.6271515,4435678.3563392,40.065076,-88.20733729,1943.76687009,2805.39613469,1944,2805,397038.58349886,4435675.90902655,40.06505395,-88.20733741,1889.94722559,2804.33759633,1890,2804,397036.65064529,4435675.94704084,40.06505406,-88.20736008,1917.4647943,2770.79317668,397037.6388984,4435677.15169002,40.06506503,-88.20734868,4.73242188,"POLYGON((1891.163 2736.190, 1944.982 2737.249, 1943.767 2805.396, 1889.947 2804.338, 1891.163 2736.190))","POLYGON((397036.694 4435678.394, 397038.627 4435678.356, 397038.583 4435675.909, 397036.651 4435675.947, 397036.694 4435678.394))",4.005521879232001,0.3828483920367534,1.5335076107320065,0.6171516079632465,0.092039979994297,0.0859374701976776,0.0483245886862278,0.1538459658622741,0.0974220678479063,11,2.7462089414698405,0.146560103418845,1,0.24965535831544,0.6171516079632465,3265,1250,1.1564979992694722,38.28483920367535,10/23/2025 9:52:44 AM,7,1,1.53,,7,S_to_N,1.53,,1.53,0.3233016917756284,3233.016917756284,0.3306886702634084,0.05215972177334499,-1.616790796030421,0.811383411065955,3245.0683887432633,2352.9434530273093,1913.5895201347182,2793.662984863693,-439.35393289259105,2760.7759527191356
B9_R0_C0,B9,9,0,0,LD20-11748,20,8,9.5,170.0,16.34,178.0,1889.64335236,2821.37444074,1890,2821,397036.63973213,4435675.33521268,40.06504855,-88.20736011,1943.46299686,2822.4329791,1943,2822,397038.5725857,4435675.29719838,40.06504844,-88.20733744,1942.24750394,2890.58035676,1942,2891,397038.52893305,4435672.84988573,40.06502639,-88.20733756,1888.42785943,2889.5218184,1888,2890,397036.59607949,4435672.88790002,40.0650265,-88.20736023,1915.94542815,2855.97739875,397037.58433259,4435674.0925492,40.06503747,-88.20734883,4.73242188,"POLYGON((1889.643 2821.374, 1943.463 2822.433, 1942.248 2890.580, 1888.428 2889.522, 1889.643 2821.374))","POLYGON((397036.640 4435675.335, 397038.573 4435675.297, 397038.529 4435672.850, 397036.596 4435672.888, 397036.640 4435675.335))",4.005521879232001,0.2861605748203686,1.1462224434165924,0.7138394251796314,0.0722846537828445,0.0627305507659912,0.0502128787338733,0.139372706413269,0.0862830281257629,9,2.2468982248389606,0.1312657424042917,1,0.24965535831544,0.7119650109340832,3201,916,0.8644260734358465,28.61605748203686,10/23/2025 9:53:08 AM,8,1,0.96,,8,S_to_N,0.96,,0.96,0.20285596346706095,2028.5596346706095,0.3306886702634084,-0.04452809544303982,-1.6215287660224962,0.6670780482628141,2018.2714461586172,2217.2761224863116,1740.4285764822844,1551.7120886665823,-476.8475460040272,1537.8488406172273
B5_R7_C0,B5,5,7,0,LD17-10473F,20,9,9.5,160.0,16.34,168.0,1888.1239862,2906.55866282,1888,2907,397036.58516633,4435672.27607186,40.06502099,-88.20736026,1941.9436307,2907.61720118,1942,2908,397038.51801989,4435672.23805756,40.06502088,-88.20733759,1940.72813778,2975.76457884,1941,2976,397038.47436725,4435669.79074491,40.06499883,-88.20733772,1886.90849327,2974.70604048,1887,2975,397036.54151368,4435669.8287592,40.06499894,-88.20736038,1914.42606199,2941.16162083,397037.52976679,4435671.03340838,40.06500991,-88.20734899,4.73193359,"POLYGON((1888.124 2906.559, 1941.944 2907.617, 1940.728 2975.765, 1886.908 2974.706, 1888.124 2906.559))","POLYGON((397036.585 4435672.276, 397038.518 4435672.238, 397038.474 4435669.791, 397036.542 4435669.829, 397036.585 4435672.276))",4.005108590576,0.3356814701378254,1.3444407397461853,0.6643185298621745,0.0841789469122886,0.0703883171081543,0.0612299628555774,0.1678144782781601,0.0975394659042358,10,2.496811203453996,0.1413542885454076,2,0.4993622406907992,0.6572741194486983,3265,1096,1.014017445759473,33.56814701378254,10/23/2025 9:53:34 AM,9,1,0.565,,9,S_to_N,0.565,,0.565,0.1194015066470956,1194.015066470956,0.3306886702634084,0.0049927998744169755,-1.6262667351452502,0.5227726854596733,1195.1686497490991,1895.419902756603,2152.516168297201,1451.1113320115542,257.0962655405981,1393.8512334054478
B5_R6_C0,B5,5,6,0,AG34XF6,20,10,9.5,150.0,16.34,158.0,1886.60462004,2991.7428849,1887,2992,397036.53060052,4435669.21693104,40.06499342,-88.20736041,1940.42426454,2992.80142326,1940,2993,397038.46345408,4435669.17891675,40.06499332,-88.20733775,1939.20877162,3060.94880092,1939,3061,397038.41980144,4435666.73160409,40.06497127,-88.20733787,1885.38912711,3059.89026256,1885,3060,397036.48694788,4435666.76961838,40.06497137,-88.20736054,1912.90669583,3026.34584291,397037.47520098,4435667.97426756,40.06498235,-88.20734914,4.73193359,"POLYGON((1886.605 2991.743, 1940.424 2992.801, 1939.209 3060.949, 1885.389 3059.890, 1886.605 2991.743))","POLYGON((397036.531 4435669.217, 397038.463 4435669.179, 397038.420 4435666.732, 397036.487 4435666.770, 397036.531 4435669.217))",4.005108590576,0.2673173803526448,1.07063513646065,0.7326826196473551,0.0632641091942787,0.0465115904808044,0.0560927018523216,0.1439761817455291,0.0836712002754211,8,1.997448962763197,0.1368724805828593,2,0.4993622406907992,0.7326826196473551,3176,849,0.8075050646108283,26.731738035264485,10/23/2025 9:54:01 AM,10,1,0.41,,10,S_to_N,0.41,,0.41,0.08664534110674195,866.4534110674194,0.3306886702634084,-0.06337128991076363,-1.6310047051322714,0.37846732265653243,851.8115142972317,1692.9728582040925,1932.096114966995,1105.5766678303219,239.12325676290243,1031.308605187119
B5_R5_C0,B5,5,5,0,LD21-5944,20,11,9.5,140.0,16.34,148.0,1885.08525388,3076.92710697,1885,3077,397036.47603471,4435666.15779022,40.06496586,-88.20736057,1938.90489838,3077.98564533,1939,3078,397038.40888828,4435666.11977593,40.06496575,-88.2073379,1937.68940546,3146.133023,1938,3146,397038.36523563,4435663.67246327,40.0649437,-88.20733802,1883.86976095,3145.07448464,1884,3145,397036.43238207,4435663.71047756,40.06494381,-88.20736069,1911.38732967,3111.53006499,397037.42063517,4435664.91512674,40.06495478,-88.20734929,4.73242188,"POLYGON((1885.085 3076.927, 1938.905 3077.986, 1937.689 3146.133, 1883.870 3145.074, 1885.085 3076.927))","POLYGON((397036.476 4435666.158, 397038.409 4435666.120, 397038.365 4435663.672, 397036.432 4435663.710, 397036.476 4435666.158))",4.005521879232001,0.2261978842563783,0.9060405744249111,0.7738021157436217,0.0800611451268196,0.0624220222234725,0.0590532049536705,0.165920078754425,0.1062966361641883,10,2.496553583154401,0.0937632917632402,1,0.24965535831544,0.7728686994399502,3214,727,0.6832924103188498,22.61978842563784,10/23/2025 9:54:32 AM,11,1,0.71,,11,S_to_N,0.71,,0.71,0.15002888964751382,1500.2888964751382,0.3306886702634084,-0.10449078600703013,-1.6357426751243467,0.23416195985339155,1476.1463659332303,1570.5132975877257,1804.4466042862205,1734.222203173633,233.9333066984948,1768.595847366216
B5_R4_C0,B5,5,4,0,AG35XF5,20,12,9.5,130.0,16.34,138.0,1883.56588772,3162.11132905,1884,3162,397036.42146891,4435663.0986494,40.0649383,-88.20736072,1937.38553223,3163.16986741,1937,3163,397038.35432247,4435663.06063511,40.06493819,-88.20733805,1936.1700393,3231.31724507,1936,3231,397038.31066983,4435660.61332245,40.06491614,-88.20733818,1882.35039479,3230.25870671,1882,3230,397036.37781626,4435660.65133674,40.06491625,-88.20736084,1909.86796351,3196.71428706,397037.36606937,4435661.85598593,40.06492722,-88.20734945,4.73193359,"POLYGON((1883.566 3162.111, 1937.386 3163.170, 1936.170 3231.317, 1882.350 3230.259, 1883.566 3162.111))","POLYGON((397036.421 4435663.099, 397038.354 4435663.061, 397038.311 4435660.613, 397036.378 4435660.651, 397036.421 4435663.099))",4.005108590576,0.2764761012183692,1.1073168080786502,0.7235238987816308,0.082916758954525,0.072538822889328,0.0491952858865261,0.1546390354633331,0.0989091413862565,13,3.245854564490195,0.0878007758019973,1,0.2496811203453996,0.7232114964073727,3201,885,0.8351714792475156,27.647610121836923,10/23/2025 9:54:58 AM,12,1,0.895,,12,S_to_N,0.895,,0.895,0.18914043973300987,1891.4043973300986,0.3306886702634084,-0.05421256904503924,-1.6404806442471007,0.08985659753350508,1878.878617269098,1625.236941396507,1881.5858952900314,2147.753351223623,256.34895389352437,2117.410720177035
B5_R3_C0,B5,5,3,0,LD17-10473F,20,13,9.5,120.0,16.34,128.0,1882.04652156,3247.29555113,1882,3247,397036.3669031,4435660.03950858,40.06491074,-88.20736087,1935.86616607,3248.35408949,1936,3248,397038.29975667,4435660.00149429,40.06491063,-88.20733821,1934.65067314,3316.50146715,1935,3317,397038.25610402,4435657.55418163,40.06488858,-88.20733833,1880.83102863,3315.44292879,1881,3315,397036.32325046,4435657.59219592,40.06488869,-88.20736099,1908.34859735,3281.89850914,397037.31150356,4435658.79684511,40.06489966,-88.2073496,4.73193359,"POLYGON((1882.047 3247.296, 1935.866 3248.354, 1934.651 3316.501, 1880.831 3315.443, 1882.047 3247.296))","POLYGON((397036.367 4435660.040, 397038.300 4435660.001, 397038.256 4435657.554, 397036.323 4435657.592, 397036.367 4435660.040))",4.005108590576,0.2600306278713629,1.0414509015004667,0.7399693721286371,0.0889864787459373,0.0756301879882812,0.0524885207414627,0.1632652133703231,0.1071065972669451,13,3.245854564490195,0.0842292188202211,2,0.4993622406907992,0.7369065849923431,3265,849,0.7854934411038255,26.00306278713629,10/23/2025 9:55:23 AM,13,1,0.585,,13,S_to_N,0.585,,0.585,0.12362810865230253,1236.2810865230254,0.3306886702634084,-0.07065804239204554,-1.6452186142391758,-0.05444876526963579,1219.9555901642689,1882.6798221363729,2152.516168297201,1506.1174326838536,269.83634616082827,1622.3168410328328
B5_R2_C0,B5,5,2,0,AG35XF5,20,14,9.5,110.0,16.34,118.0,1880.5271554,3332.47977321,1881,3332,397036.3123373,4435656.98036776,40.06488317,-88.20736103,1934.34679991,3333.53831157,1934,3334,397038.24519086,4435656.94235347,40.06488307,-88.20733836,1933.13130698,3401.68568923,1933,3402,397038.20153821,4435654.49504081,40.06486102,-88.20733848,1879.31166247,3400.62715087,1879,3401,397036.26868465,4435654.5330551,40.06486112,-88.20736115,1906.82923119,3367.08273122,397037.25693775,4435655.73770429,40.0648721,-88.20734975,4.73144531,"POLYGON((1880.527 3332.480, 1934.347 3333.538, 1933.131 3401.686, 1879.312 3400.627, 1880.527 3332.480))","POLYGON((397036.312 4435656.980, 397038.245 4435656.942, 397038.202 4435654.495, 397036.269 4435654.533, 397036.312 4435656.980))",4.004695310384,0.232427366447985,0.930800784419149,0.767572633552015,0.0815021991729736,0.0557490587234497,0.0711631923913955,0.1828569173812866,0.1127897896018682,11,2.74677575881428,0.0872325735548965,1,0.2497068871649345,0.767572633552015,3201,744,0.7021102605199453,23.2427366447985,10/23/2025 9:55:50 AM,14,1,0.495,,14,S_to_N,0.495,,0.495,0.1046191951017183,1046.1919510171829,0.3306886702634084,-0.09826130381542342,-1.6499565842312511,-0.19875412807277665,1023.4887384268217,1594.351944355418,1881.5858952900314,1333.4259019517963,287.2339509346134,1317.1181890566506
B5_R1_C0,B5,5,1,0,LD21-7234,20,15,9.5,100.0,16.34,108.0,1879.00778924,3417.66399528,1879,3418,397036.25777149,4435653.92122694,40.06485561,-88.20736118,1932.82743375,3418.72253364,1933,3419,397038.19062505,4435653.88321265,40.0648555,-88.20733851,1931.61194082,3486.86991131,1932,3487,397038.14697241,4435651.43589999,40.06483345,-88.20733864,1877.79229631,3485.81137295,1878,3486,397036.21411884,4435651.47391429,40.06483356,-88.2073613,1905.30986503,3452.26695329,397037.20237195,4435652.67856347,40.06484453,-88.20734991,4.73144531,"POLYGON((1879.008 3417.664, 1932.827 3418.723, 1931.612 3486.870, 1877.792 3485.811, 1879.008 3417.664))","POLYGON((397036.258 4435653.921, 397038.191 4435653.883, 397038.147 4435651.436, 397036.214 4435651.474, 397036.258 4435653.921))",4.004695310384,0.2973966309341501,1.190982893225992,0.70260336906585,0.0864417478442192,0.0760094821453094,0.0553526803851127,0.1609620898962021,0.1009582307408837,12,2.9964826459792144,0.1043605643077789,1,0.2497068871649345,0.70260336906585,3265,971,0.898367645832526,29.739663093415007,10/23/2025 9:56:17 AM,15,1,0.495,,15,S_to_N,0.495,,0.495,0.1046191951017183,1046.1919510171829,0.3306886702634084,-0.03329203932925834,-1.654694553348951,-0.3430594908759175,1038.499846219972,1604.0318318256368,1936.540424624022,1378.7005438155682,332.5085927983853,1369.8465783629078
B5_R0_C0,B5,5,0,0,AG36XF4,20,16,9.5,90.0,16.34,98.0,1877.48842308,3502.84821736,1877,3503,397036.20320568,4435650.86208612,40.06482805,-88.20736133,1931.30806759,3503.90675572,1931,3504,397038.13605925,4435650.82407183,40.06482794,-88.20733867,1930.09257466,3572.05413338,1930,3572,397038.0924066,4435648.37675917,40.06480589,-88.20733879,1876.27293015,3570.99559502,1876,3571,397036.15955304,4435648.41477347,40.064806,-88.20736145,1903.79049887,3537.45117537,397037.14780614,4435649.61942265,40.06481697,-88.20735006,4.73144531,"POLYGON((1877.488 3502.848, 1931.308 3503.907, 1930.093 3572.054, 1876.273 3570.996, 1877.488 3502.848))","POLYGON((397036.203 4435650.862, 397038.136 4435650.824, 397038.092 4435648.377, 397036.160 4435648.415, 397036.203 4435650.862))",4.004695310384,0.2809553739786298,1.1251406685994016,0.7190446260213702,0.1095643490552902,0.0954391062259674,0.0632561296224594,0.1946737021207809,0.1274866845607757,8,1.997655097319476,0.1441272057020921,1,0.2497068871649345,0.718730358265242,3182,894,0.8487023444494419,28.09553739786298,10/23/2025 9:56:43 AM,16,1,0.495,,16,S_to_N,0.495,,0.495,0.1046191951017183,1046.1919510171829,0.3306886702634084,-0.04973329628477863,-1.6594325233410263,-0.4873648536790584,1034.7011041168232,1478.9406245412508,1844.402221121324,1411.653547597256,365.4615965800731,1327.5441844437146
B1_R7_C0,B1,1,7,0,LG3216,20,17,9.5,80.0,16.34,88.0,1875.96905692,3588.03243944,1876,3588,397036.14863988,4435647.8029453,40.06480049,-88.20736149,1929.78870143,3589.0909778,1930,3589,397038.08149344,4435647.76493101,40.06480038,-88.20733882,1928.5732085,3657.23835546,1929,3657,397038.0378408,4435645.31761835,40.06477833,-88.20733894,1874.75356399,3656.1798171,1875,3656,397036.10498723,4435645.35563265,40.06477844,-88.20736161,1902.27113271,3622.63539745,397037.09324034,4435646.56028183,40.06478941,-88.20735021,4.73193359,"POLYGON((1875.969 3588.032, 1929.789 3589.091, 1928.573 3657.238, 1874.754 3656.180, 1875.969 3588.032))","POLYGON((397036.149 4435647.803, 397038.081 4435647.765, 397038.038 4435645.318, 397036.105 4435645.356, 397036.149 4435647.803))",4.005108590576,0.4076633165829145,1.6327358513089345,0.5923366834170855,0.1574916988611221,0.1485712975263595,0.0783593729138374,0.2612151503562927,0.1652218506476458,7,1.7477678424177974,0.239152589327345,3,0.7490433610361988,0.589824120603015,3184,1298,1.2314582477296594,40.766331658291456,10/23/2025 9:57:11 AM,17,1,0.675,,17,S_to_N,0.675,,0.675,0.1426478176757337,1426.478176757337,0.3306886702634084,0.07697464631950607,-1.6641704924637803,-0.6316702164821992,1444.2631204900429,1916.8238812166667,1913.5895201347182,1423.2438156753885,-3.234361081948464,1415.9586626191508
B1_R6_C0,B1,1,6,0,AG35XF5,20,18,9.5,70.0,16.34,78.0,1874.44969076,3673.21666152,1874,3673,397036.09407407,4435644.74380448,40.06477292,-88.20736164,1928.26933527,3674.27519988,1928,3674,397038.02692763,4435644.70579019,40.06477282,-88.20733897,1927.05384234,3742.42257754,1927,3742,397037.98327499,4435642.25847754,40.06475077,-88.20733909,1873.23419784,3741.36403918,1873,3741,397036.05042143,4435642.29649183,40.06475087,-88.20736176,1900.75176655,3707.81961953,397037.03867453,4435643.50114101,40.06476185,-88.20735037,4.73242188,"POLYGON((1874.450 3673.217, 1928.269 3674.275, 1927.054 3742.423, 1873.234 3741.364, 1874.450 3673.217))","POLYGON((397036.094 4435644.744, 397038.027 4435644.706, 397037.983 4435642.258, 397036.050 4435642.296, 397036.094 4435644.744))",4.005521879232001,0.4822146613052892,1.931521376344785,0.5177853386947108,0.1850550323724746,0.1838563084602356,0.0781998485326767,0.2825382351875305,0.1826503737814286,5,1.2482767915772004,0.4021374741647637,4,0.9986214332617602,0.5038663779771111,3233,1559,1.456660920138946,48.22146613052893,10/23/2025 9:57:41 AM,18,1,0.72,,18,S_to_N,0.72,,0.72,0.15214197260029572,1521.419726002957,0.3306886702634084,0.1515259910418808,-1.6689084624558554,-0.7759755792853401,1556.4297111549047,1817.8670441884485,1881.5858952900314,1585.13857710454,63.71885110158291,1469.3194967335216
B1_R5_C0,B1,1,5,0,LG3216,20,19,9.5,60.0,16.34,68.0,1872.9303246,3758.40088359,1873,3758,397036.03950826,4435641.68466366,40.06474536,-88.20736179,1926.74996911,3759.45942195,1927,3759,397037.97236183,4435641.64664937,40.06474525,-88.20733913,1925.53447618,3827.60679962,1926,3828,397037.92870918,4435639.19933672,40.0647232,-88.20733925,1871.71483168,3826.54826126,1872,3827,397035.99585562,4435639.23735101,40.06472331,-88.20736191,1899.23240039,3793.0038416,397036.98410872,4435640.44200019,40.06473428,-88.20735052,4.73193359,"POLYGON((1872.930 3758.401, 1926.750 3759.459, 1925.534 3827.607, 1871.715 3826.548, 1872.930 3758.401))","POLYGON((397036.040 4435641.685, 397037.972 4435641.647, 397037.929 4435639.199, 397035.996 4435639.237, 397036.040 4435641.685))",4.005108590576,0.6280148423005566,2.515267639907191,0.3719851576994434,0.2550509572029114,0.2631576657295227,0.0835365206003189,0.3534879088401794,0.2364171578182894,2,0.4993622406907992,1.3097197081921663,10,2.496811203453996,0.3518862090290662,3234,2031,1.8970901373471152,62.80148423005566,10/23/2025 9:58:09 AM,19,1,0.7,,19,S_to_N,0.7,,0.7,0.14793107018224236,1479.3107018224237,0.3306886702634084,0.2973261720371482,-1.6736464324479308,-0.920280942088481,1548.007727307833,1759.9672454950532,1913.5895201347182,1632.9329764620886,153.62227463966497,1673.3886183504849
B1_R4_C0,B1,1,4,0,AG29XF4,20,20,9.5,50.0,16.34,58.0,1871.41095844,3843.58510567,1871,3844,397035.98494246,4435638.62552284,40.0647178,-88.20736194,1925.23060295,3844.64364403,1925,3845,397037.91779602,4435638.58750855,40.06471769,-88.20733928,1924.01511002,3912.79102169,1924,3913,397037.87414338,4435636.1401959,40.06469564,-88.2073394,1870.19546552,3911.73248333,1870,3912,397035.94128981,4435636.17821019,40.06469575,-88.20736207,1897.71303423,3878.18806368,397036.92954292,4435637.38285937,40.06470672,-88.20735067,4.73242188,"POLYGON((1871.411 3843.585, 1925.231 3844.644, 1924.015 3912.791, 1870.195 3911.732, 1871.411 3843.585))","POLYGON((397035.985 4435638.626, 397037.918 4435638.588, 397037.874 4435636.140, 397035.941 4435636.178, 397035.985 4435638.626))",4.005521879232001,0.4120012372409526,1.65027997003929,0.5879987627590473,0.1850024908781051,0.1805928498506546,0.0839515700936317,0.3061825931072235,0.1914015462398529,5,1.2482767915772004,0.3435837816468667,4,0.9986214332617602,0.5821218682338385,3233,1332,1.2445621203496318,41.20012372409526,10/23/2025 9:58:37 AM,20,1,0.8,,20,S_to_N,0.8,,0.8,0.1690466362225508,1690.4663622255082,0.3306886702634084,0.08131256697754419,-1.6783844015656306,-1.0645863048916218,1709.253579804331,2016.380937923987,2182.798000920842,1856.883425222363,166.41706299685484,1926.2088470754522
B1_R3_C0,B1,1,3,0,LG3216,20,21,9.5,40.0,16.34,48.0,1869.89159228,3928.76932775,1870,3929,397035.93037665,4435635.56638202,40.06469024,-88.2073621,1923.71123679,3929.82786611,1924,3930,397037.86323022,4435635.52836773,40.06469013,-88.20733943,1922.49574386,3997.97524377,1922,3998,397037.81957757,4435633.08105508,40.06466808,-88.20733955,1868.67609936,3996.91670541,1869,3997,397035.88672401,4435633.11906937,40.06466819,-88.20736222,1896.19366807,3963.37228576,397036.87497711,4435634.32371855,40.06467916,-88.20735083,4.73144531,"POLYGON((1869.892 3928.769, 1923.711 3929.828, 1922.496 3997.975, 1868.676 3996.917, 1869.892 3928.769))","POLYGON((397035.930 4435635.566, 397037.863 4435635.528, 397037.820 4435633.081, 397035.887 4435633.119, 397035.930 4435635.566))",4.004695310384,0.3957286432160804,1.5847726416720604,0.6042713567839195,0.1881125718355178,0.1801468729972839,0.0835168287158012,0.3025394380092621,0.1967553655703863,9,2.2473619844844106,0.180562047412017,4,0.998827548659738,0.5961055276381909,3184,1260,1.1954063113554476,39.57286432160805,10/23/2025 9:59:05 AM,21,1,0.51,,21,S_to_N,0.51,,0.51,0.10778947374116431,1077.894737411643,0.3306886702634084,0.065039972952672,-1.683122371557706,-1.2088916676947628,1092.9221823516123,1681.7394216926511,1913.5895201347182,1309.7448358537101,231.85009844206706,1280.1776232618768
B1_R2_C0,B1,1,2,0,AG40XFF5,20,22,9.5,30.0,16.34,38.0,1868.37222613,4013.95354983,1868,4014,397035.87581085,4435632.50724121,40.06466267,-88.20736225,1922.19187063,4015.01208819,1922,4015,397037.80866441,4435632.46922691,40.06466257,-88.20733959,1920.9763777,4083.15946585,1921,4083,397037.76501176,4435630.02191426,40.06464052,-88.20733971,1867.1567332,4082.10092749,1867,4082,397035.8321582,4435630.05992855,40.06464062,-88.20736237,1894.67430191,4048.55650784,397036.8204113,4435631.26457773,40.0646516,-88.20735098,4.73144531,"POLYGON((1868.372 4013.954, 1922.192 4015.012, 1920.976 4083.159, 1867.157 4082.101, 1868.372 4013.954))","POLYGON((397035.876 4435632.507, 397037.809 4435632.469, 397037.765 4435630.022, 397035.832 4435630.060, 397035.876 4435632.507))",4.004695310384,0.4909769757311761,1.96621319221716,0.5090230242688238,0.195954144001007,0.195281445980072,0.0736234039068222,0.2875372171401977,0.1939212294536477,2,0.499413774329869,1.0175961100577249,9,2.2473619844844106,0.4903546981953951,3214,1578,1.4831298809946971,49.09769757311761,10/23/2025 9:59:32 AM,22,1,0.9,,22,S_to_N,0.9,,0.9,0.19021671836676055,1902.1671836676055,0.3306886702634084,0.16028830546776768,-1.687860341549781,-1.3531970304979035,1939.2016960695496,1508.2646932583216,1837.8028796867611,2231.705370096045,329.53818642843953,2697.6487648625143
B1_R1_C0,B1,1,1,0,LG3216,20,23,9.5,20.0,16.34,28.0,1866.85285997,4099.1377719,1867,4099,397035.82124504,4435629.44810039,40.06463511,-88.2073624,1920.67250447,4100.19631026,1921,4100,397037.7540986,4435629.41008609,40.064635,-88.20733974,1919.45701155,4168.34368793,1919,4168,397037.71044596,4435626.96277344,40.06461295,-88.20733986,1865.63736704,4167.28514957,1866,4167,397035.77759239,4435627.00078773,40.06461306,-88.20736253,1893.15493576,4133.74072991,397036.7658455,4435628.20543691,40.06462403,-88.20735113,4.73144531,"POLYGON((1866.853 4099.138, 1920.673 4100.196, 1919.457 4168.344, 1865.637 4167.285, 1866.853 4099.138))","POLYGON((397035.821 4435629.448, 397037.754 4435629.410, 397037.710 4435626.963, 397035.778 4435627.001, 397035.821 4435629.448))",4.004695310384,0.4614183067791315,1.847839729283714,0.5385816932208685,0.2383037507534027,0.2377620041370391,0.0729397982358932,0.3301883339881897,0.2372395805284088,4,0.998827548659738,0.476232400049195,7,1.7479482101545418,0.5192127460168697,3201,1477,1.3938398585859666,46.14183067791316,10/23/2025 10:00:01 AM,23,1,1.06,,23,S_to_N,1.06,,1.06,0.22403302385418467,2240.3302385418465,0.3306886702634084,0.13072963651572306,-1.692598310672535,-1.4975023933010445,2270.5352390296503,1508.7116120440676,1913.5895201347182,2645.208146632497,404.87790809065064,2623.518690153587
B1_R0_C0,B1,1,0,0,AG34XF6,20,24,9.5,10.0,16.34,18.0,1865.33349381,4184.32199398,1865,4184,397035.76667923,4435626.38895957,40.06460755,-88.20736256,1919.15313831,4185.38053234,1919,4185,397037.6995328,4435626.35094527,40.06460744,-88.20733989,1917.93764539,4253.52791,1918,4254,397037.65588015,4435623.90363262,40.06458539,-88.20734001,1864.11800088,4252.46937164,1864,4252,397035.72302659,4435623.94164691,40.0645855,-88.20736268,1891.6355696,4218.92495199,397036.71127969,4435625.14629609,40.06459647,-88.20735129,4.73242188,"POLYGON((1865.333 4184.322, 1919.153 4185.381, 1917.938 4253.528, 1864.118 4252.469, 1865.333 4184.322))","POLYGON((397035.767 4435626.389, 397037.700 4435626.351, 397037.656 4435623.904, 397035.723 4435623.942, 397035.767 4435626.389))",4.005521879232001,0.4107197549770291,1.6451469647932966,0.5892802450229708,0.2186495065689087,0.2164632827043533,0.0621716231107711,0.2957523763179779,0.2206078913352068,7,1.7475875082080805,0.2470752097750151,6,1.4979321498926403,0.5721286370597244,3265,1341,1.2406910536162898,41.07197549770291,10/23/2025 10:00:29 AM,24,1,0.595,,24,S_to_N,0.595,,0.595,0.12572843569052214,1257.2843569052213,0.3306886702634084,0.08003108471362069,-1.6973362806646104,-1.641807756060253,1275.7754888110585,1450.274630083452,1932.096114966995,1739.1058417887643,481.821484883543,1709.7543840227095
