PlotID,Block,BlockNum,Row,Col,Label,EW_pass_1_east_to_20_west,NS_range_1_north_to_24_south,FieldBook_X_start,FieldBook_Y_start,FieldBook_X_stop,FieldBook_Y_stop,UL_x_px,UL_y_px,UL_col_px_round,UL_row_px_round,UL_Easting_m,UL_Northing_m,UL_Latitude,UL_Longitude,UR_x_px,UR_y_px,UR_col_px_round,UR_row_px_round,UR_Easting_m,UR_Northing_m,UR_Latitude,UR_Longitude,LR_x_px,LR_y_px,LR_col_px_round,LR_row_px_round,LR_Easting_m,LR_Northing_m,LR_Latitude,LR_Longitude,LL_x_px,LL_y_px,LL_col_px_round,LL_row_px_round,LL_Easting_m,LL_Northing_m,LL_Latitude,LL_Longitude,Centroid_x_px,Centroid_y_px,Centroid_Easting_m,Centroid_Northing_m,Centroid_Latitude,Centroid_Longitude,Area_m2,PixelPolygon_WKT,UTMPolygon_WKT
B1_R0_C0,B1,1,0,0,AG34XF6,20,24,9.50000000,10.00000000,16.34000000,18.00000000,1865.33349381,4184.32199398,1865,4184,397035.76667923,4435626.38895957,40.06460755,-88.20736256,1919.15313831,4185.38053234,1919,4185,397037.69953280,4435626.35094527,40.06460744,-88.20733989,1917.93764539,4253.52791000,1918,4254,397037.65588015,4435623.90363262,40.06458539,-88.20734001,1864.11800088,4252.46937164,1864,4252,397035.72302659,4435623.94164691,40.06458550,-88.20736268,1891.63556960,4218.92495199,397036.71127969,4435625.14629609,40.06459647,-88.20735129,4.73242188,"POLYGON((1865.333 4184.322, 1919.153 4185.381, 1917.938 4253.528, 1864.118 4252.469, 1865.333 4184.322))","POLYGON((397035.767 4435626.389, 397037.700 4435626.351, 397037.656 4435623.904, 397035.723 4435623.942, 397035.767 4435626.389))"
B1_R0_C1,B1,1,0,1,LG3216,19,24,16.34000000,10.00000000,23.18000000,18.00000000,1919.15313831,4185.38053234,1919,4185,397037.69953280,4435626.35094527,40.06460744,-88.20733989,1972.97278282,4186.43907070,1973,4186,397039.63238636,4435626.31293098,40.06460734,-88.20731723,1971.75728989,4254.58644836,1972,4255,397039.58873372,4435623.86561833,40.06458529,-88.20731735,1917.93764539,4253.52791000,1918,4254,397037.65588015,4435623.90363262,40.06458539,-88.20734001,1945.45521410,4219.98349035,397038.64413326,4435625.10828180,40.06459636,-88.20732862,4.73144531,"POLYGON((1919.153 4185.381, 1972.973 4186.439, 1971.757 4254.586, 1917.938 4253.528, 1919.153 4185.381))","POLYGON((397037.700 4435626.351, 397039.632 4435626.313, 397039.589 4435623.866, 397037.656 4435623.904, 397037.700 4435626.351))"
B1_R0_C2,B1,1,0,2,AG35XF5,18,24,23.17000000,10.00000000,30.01000000,18.00000000,1972.89409913,4186.43752313,1973,4186,397039.62956055,4435626.31298656,40.06460734,-88.20731726,2026.71374364,4187.49606149,2027,4187,397041.56241411,4435626.27497227,40.06460723,-88.20729459,2025.49825071,4255.64343915,2025,4256,397041.51876147,4435623.82765961,40.06458518,-88.20729472,1971.67860620,4254.58490079,1972,4255,397039.58590791,4435623.86567390,40.06458529,-88.20731738,1999.19617492,4221.04048114,397040.57416101,4435625.07032308,40.06459626,-88.20730599,4.73242188,"POLYGON((1972.894 4186.438, 2026.714 4187.496, 2025.498 4255.643, 1971.679 4254.585, 1972.894 4186.438))","POLYGON((397039.630 4435626.313, 397041.562 4435626.275, 397041.519 4435623.828, 397039.586 4435623.866, 397039.630 4435626.313))"
B1_R0_C3,B1,1,0,3,LG3216,17,24,30.01000000,10.00000000,36.85000000,18.00000000,2026.71374364,4187.49606149,2027,4187,397041.56241411,4435626.27497227,40.06460723,-88.20729459,2080.53338814,4188.55459985,2081,4189,397043.49526768,4435626.23695797,40.06460712,-88.20727193,2079.31789522,4256.70197751,2079,4257,397043.45161503,4435623.78964532,40.06458507,-88.20727205,2025.49825071,4255.64343915,2025,4256,397041.51876147,4435623.82765961,40.06458518,-88.20729472,2053.01581943,4222.09901950,397042.50701457,4435625.03230879,40.06459615,-88.20728332,4.73242188,"POLYGON((2026.714 4187.496, 2080.533 4188.555, 2079.318 4256.702, 2025.498 4255.643, 2026.714 4187.496))","POLYGON((397041.562 4435626.275, 397043.495 4435626.237, 397043.452 4435623.790, 397041.519 4435623.828, 397041.562 4435626.275))"
B1_R0_C4,B1,1,0,4,AG36XF4,16,24,36.85000000,10.00000000,43.69000000,18.00000000,2080.53338814,4188.55459985,2081,4189,397043.49526768,4435626.23695797,40.06460712,-88.20727193,2134.35303265,4189.61313821,2134,4190,397045.42812124,4435626.19894368,40.06460702,-88.20724926,2133.13753972,4257.76051587,2133,4258,397045.38446860,4435623.75163103,40.06458497,-88.20724938,2079.31789522,4256.70197751,2079,4257,397043.45161503,4435623.78964532,40.06458507,-88.20727205,2106.83546393,4223.15755786,397044.43986814,4435624.99429450,40.06459605,-88.20726065,4.73242188,"POLYGON((2080.533 4188.555, 2134.353 4189.613, 2133.138 4257.761, 2079.318 4256.702, 2080.533 4188.555))","POLYGON((397043.495 4435626.237, 397045.428 4435626.199, 397045.384 4435623.752, 397043.452 4435623.790, 397043.495 4435626.237))"
B1_R1_C0,B1,1,1,0,LG3216,20,23,9.50000000,20.00000000,16.34000000,28.00000000,1866.85285997,4099.13777190,1867,4099,397035.82124504,4435629.44810039,40.06463511,-88.20736240,1920.67250447,4100.19631026,1921,4100,397037.75409860,4435629.41008609,40.06463500,-88.20733974,1919.45701155,4168.34368793,1919,4168,397037.71044596,4435626.96277344,40.06461295,-88.20733986,1865.63736704,4167.28514957,1866,4167,397035.77759239,4435627.00078773,40.06461306,-88.20736253,1893.15493576,4133.74072991,397036.76584550,4435628.20543691,40.06462403,-88.20735113,4.73144531,"POLYGON((1866.853 4099.138, 1920.673 4100.196, 1919.457 4168.344, 1865.637 4167.285, 1866.853 4099.138))","POLYGON((397035.821 4435629.448, 397037.754 4435629.410, 397037.710 4435626.963, 397035.778 4435627.001, 397035.821 4435629.448))"
B1_R1_C1,B1,1,1,1,AG29XF5,19,23,16.34000000,20.00000000,23.18000000,28.00000000,1920.67250447,4100.19631026,1921,4100,397037.75409860,4435629.41008609,40.06463500,-88.20733974,1974.49214898,4101.25484862,1974,4101,397039.68695217,4435629.37207180,40.06463490,-88.20731707,1973.27665605,4169.40222629,1973,4169,397039.64329952,4435626.92475915,40.06461285,-88.20731719,1919.45701155,4168.34368793,1919,4168,397037.71044596,4435626.96277344,40.06461295,-88.20733986,1946.97458026,4134.79926827,397038.69869906,4435628.16742262,40.06462393,-88.20732847,4.73193359,"POLYGON((1920.673 4100.196, 1974.492 4101.255, 1973.277 4169.402, 1919.457 4168.344, 1920.673 4100.196))","POLYGON((397037.754 4435629.410, 397039.687 4435629.372, 397039.643 4435626.925, 397037.710 4435626.963, 397037.754 4435629.410))"
B1_R1_C2,B1,1,1,2,LG3216,18,23,23.17000000,20.00000000,30.01000000,28.00000000,1974.41346529,4101.25330105,1974,4101,397039.68412636,4435629.37212738,40.06463490,-88.20731711,2028.23310980,4102.31183941,2028,4102,397041.61697992,4435629.33411309,40.06463479,-88.20729444,2027.01761687,4170.45921707,2027,4170,397041.57332728,4435626.88680043,40.06461274,-88.20729456,1973.19797236,4169.40067871,1973,4169,397039.64047371,4435626.92481472,40.06461285,-88.20731723,2000.71554108,4135.85625906,397040.62872682,4435628.12946390,40.06462382,-88.20730583,4.73193359,"POLYGON((1974.413 4101.253, 2028.233 4102.312, 2027.018 4170.459, 1973.198 4169.401, 1974.413 4101.253))","POLYGON((397039.684 4435629.372, 397041.617 4435629.334, 397041.573 4435626.887, 397039.640 4435626.925, 397039.684 4435629.372))"
B1_R1_C3,B1,1,1,3,AG29XF4,17,23,30.01000000,20.00000000,36.85000000,28.00000000,2028.23310980,4102.31183941,2028,4102,397041.61697992,4435629.33411309,40.06463479,-88.20729444,2082.05275430,4103.37037777,2082,4103,397043.54983348,4435629.29609879,40.06463469,-88.20727177,2080.83726138,4171.51775543,2081,4172,397043.50618084,4435626.84878614,40.06461264,-88.20727190,2027.01761687,4170.45921707,2027,4170,397041.57332728,4435626.88680043,40.06461274,-88.20729456,2054.53518559,4136.91479742,397042.56158038,4435628.09144961,40.06462371,-88.20728317,4.73242188,"POLYGON((2028.233 4102.312, 2082.053 4103.370, 2080.837 4171.518, 2027.018 4170.459, 2028.233 4102.312))","POLYGON((397041.617 4435629.334, 397043.550 4435629.296, 397043.506 4435626.849, 397041.573 4435626.887, 397041.617 4435629.334))"
B1_R1_C4,B1,1,1,4,LG3216,16,23,36.85000000,20.00000000,43.69000000,28.00000000,2082.05275430,4103.37037777,2082,4103,397043.54983348,4435629.29609879,40.06463469,-88.20727177,2135.87239881,4104.42891613,2136,4104,397045.48268705,4435629.25808450,40.06463458,-88.20724911,2134.65690588,4172.57629379,2135,4173,397045.43903440,4435626.81077185,40.06461253,-88.20724923,2080.83726138,4171.51775543,2081,4172,397043.50618084,4435626.84878614,40.06461264,-88.20727190,2108.35483009,4137.97333578,397044.49443394,4435628.05343532,40.06462361,-88.20726050,4.73242188,"POLYGON((2082.053 4103.370, 2135.872 4104.429, 2134.657 4172.576, 2080.837 4171.518, 2082.053 4103.370))","POLYGON((397043.550 4435629.296, 397045.483 4435629.258, 397045.439 4435626.811, 397043.506 4435626.849, 397043.550 4435629.296))"
B1_R2_C0,B1,1,2,0,AG40XFF5,20,22,9.50000000,30.00000000,16.34000000,38.00000000,1868.37222613,4013.95354983,1868,4014,397035.87581085,4435632.50724121,40.06466267,-88.20736225,1922.19187063,4015.01208819,1922,4015,397037.80866441,4435632.46922691,40.06466257,-88.20733959,1920.97637770,4083.15946585,1921,4083,397037.76501176,4435630.02191426,40.06464052,-88.20733971,1867.15673320,4082.10092749,1867,4082,397035.83215820,4435630.05992855,40.06464062,-88.20736237,1894.67430191,4048.55650784,397036.82041130,4435631.26457773,40.06465160,-88.20735098,4.73144531,"POLYGON((1868.372 4013.954, 1922.192 4015.012, 1920.976 4083.159, 1867.157 4082.101, 1868.372 4013.954))","POLYGON((397035.876 4435632.507, 397037.809 4435632.469, 397037.765 4435630.022, 397035.832 4435630.060, 397035.876 4435632.507))"
B1_R2_C1,B1,1,2,1,LG3216,19,22,16.34000000,30.00000000,23.18000000,38.00000000,1922.19187063,4015.01208819,1922,4015,397037.80866441,4435632.46922691,40.06466257,-88.20733959,1976.01151514,4016.07062655,1976,4016,397039.74151797,4435632.43121262,40.06466246,-88.20731692,1974.79602221,4084.21800421,1975,4084,397039.69786533,4435629.98389996,40.06464041,-88.20731704,1920.97637770,4083.15946585,1921,4083,397037.76501176,4435630.02191426,40.06464052,-88.20733971,1948.49394642,4049.61504620,397038.75326487,4435631.22656344,40.06465149,-88.20732831,4.73193359,"POLYGON((1922.192 4015.012, 1976.012 4016.071, 1974.796 4084.218, 1920.976 4083.159, 1922.192 4015.012))","POLYGON((397037.809 4435632.469, 397039.742 4435632.431, 397039.698 4435629.984, 397037.765 4435630.022, 397037.809 4435632.469))"
B1_R2_C2,B1,1,2,2,AG38XF6,18,22,23.17000000,30.00000000,30.01000000,38.00000000,1975.93283145,4016.06907898,1976,4016,397039.73869216,4435632.43126820,40.06466246,-88.20731695,2029.75247596,4017.12761733,2030,4017,397041.67154573,4435632.39325390,40.06466235,-88.20729429,2028.53698303,4085.27499500,2029,4085,397041.62789308,4435629.94594125,40.06464031,-88.20729441,1974.71733852,4084.21645664,1975,4084,397039.69503952,4435629.98395554,40.06464041,-88.20731707,2002.23490724,4050.67203699,397040.68329262,4435631.18860472,40.06465138,-88.20730568,4.73144531,"POLYGON((1975.933 4016.069, 2029.752 4017.128, 2028.537 4085.275, 1974.717 4084.216, 1975.933 4016.069))","POLYGON((397039.739 4435632.431, 397041.672 4435632.393, 397041.628 4435629.946, 397039.695 4435629.984, 397039.739 4435632.431))"
B1_R2_C3,B1,1,2,3,LG3216,17,22,30.01000000,30.00000000,36.85000000,38.00000000,2029.75247596,4017.12761733,2030,4017,397041.67154573,4435632.39325390,40.06466235,-88.20729429,2083.57212046,4018.18615569,2084,4018,397043.60439929,4435632.35523961,40.06466225,-88.20727162,2082.35662753,4086.33353336,2082,4086,397043.56074665,4435629.90792696,40.06464020,-88.20727174,2028.53698303,4085.27499500,2029,4085,397041.62789308,4435629.94594125,40.06464031,-88.20729441,2056.05455175,4051.73057535,397042.61614619,4435631.15059043,40.06465128,-88.20728301,4.73242188,"POLYGON((2029.752 4017.128, 2083.572 4018.186, 2082.357 4086.334, 2028.537 4085.275, 2029.752 4017.128))","POLYGON((397041.672 4435632.393, 397043.604 4435632.355, 397043.561 4435629.908, 397041.628 4435629.946, 397041.672 4435632.393))"
B1_R2_C4,B1,1,2,4,AG36XF4,16,22,36.85000000,30.00000000,43.69000000,38.00000000,2083.57212046,4018.18615569,2084,4018,397043.60439929,4435632.35523961,40.06466225,-88.20727162,2137.39176497,4019.24469405,2137,4019,397045.53725285,4435632.31722532,40.06466214,-88.20724895,2136.17627204,4087.39207172,2136,4087,397045.49360021,4435629.86991267,40.06464009,-88.20724908,2082.35662753,4086.33353336,2082,4086,397043.56074665,4435629.90792696,40.06464020,-88.20727174,2109.87419625,4052.78911371,397044.54899975,4435631.11257614,40.06465117,-88.20726035,4.73242188,"POLYGON((2083.572 4018.186, 2137.392 4019.245, 2136.176 4087.392, 2082.357 4086.334, 2083.572 4018.186))","POLYGON((397043.604 4435632.355, 397045.537 4435632.317, 397045.494 4435629.870, 397043.561 4435629.908, 397043.604 4435632.355))"
B1_R3_C0,B1,1,3,0,LG3216,20,21,9.50000000,40.00000000,16.34000000,48.00000000,1869.89159228,3928.76932775,1870,3929,397035.93037665,4435635.56638202,40.06469024,-88.20736210,1923.71123679,3929.82786611,1924,3930,397037.86323022,4435635.52836773,40.06469013,-88.20733943,1922.49574386,3997.97524377,1922,3998,397037.81957757,4435633.08105508,40.06466808,-88.20733955,1868.67609936,3996.91670541,1869,3997,397035.88672401,4435633.11906937,40.06466819,-88.20736222,1896.19366807,3963.37228576,397036.87497711,4435634.32371855,40.06467916,-88.20735083,4.73144531,"POLYGON((1869.892 3928.769, 1923.711 3929.828, 1922.496 3997.975, 1868.676 3996.917, 1869.892 3928.769))","POLYGON((397035.930 4435635.566, 397037.863 4435635.528, 397037.820 4435633.081, 397035.887 4435633.119, 397035.930 4435635.566))"
B1_R3_C1,B1,1,3,1,AG38XF6,19,21,16.34000000,40.00000000,23.18000000,48.00000000,1923.71123679,3929.82786611,1924,3930,397037.86323022,4435635.52836773,40.06469013,-88.20733943,1977.53088130,3930.88640447,1978,3931,397039.79608378,4435635.49035344,40.06469002,-88.20731677,1976.31538837,3999.03378213,1976,3999,397039.75243113,4435633.04304079,40.06466797,-88.20731689,1922.49574386,3997.97524377,1922,3998,397037.81957757,4435633.08105508,40.06466808,-88.20733955,1950.01331258,3964.43082412,397038.80783067,4435634.28570426,40.06467905,-88.20732816,4.73193359,"POLYGON((1923.711 3929.828, 1977.531 3930.886, 1976.315 3999.034, 1922.496 3997.975, 1923.711 3929.828))","POLYGON((397037.863 4435635.528, 397039.796 4435635.490, 397039.752 4435633.043, 397037.820 4435633.081, 397037.863 4435635.528))"
B1_R3_C2,B1,1,3,2,LG3216,18,21,23.17000000,40.00000000,30.01000000,48.00000000,1977.45219761,3930.88485690,1977,3931,397039.79325797,4435635.49040902,40.06469002,-88.20731680,2031.27184211,3931.94339526,2031,3932,397041.72611153,4435635.45239472,40.06468992,-88.20729413,2030.05634919,4000.09077292,2030,4000,397041.68245889,4435633.00508207,40.06466787,-88.20729426,1976.23670468,3999.03223456,1976,3999,397039.74960532,4435633.04309636,40.06466797,-88.20731692,2003.75427340,3965.48781491,397040.73785843,4435634.24774554,40.06467895,-88.20730553,4.73144531,"POLYGON((1977.452 3930.885, 2031.272 3931.943, 2030.056 4000.091, 1976.237 3999.032, 1977.452 3930.885))","POLYGON((397039.793 4435635.490, 397041.726 4435635.452, 397041.682 4435633.005, 397039.750 4435633.043, 397039.793 4435635.490))"
B1_R3_C3,B1,1,3,3,AG29XF5,17,21,30.01000000,40.00000000,36.85000000,48.00000000,2031.27184211,3931.94339526,2031,3932,397041.72611153,4435635.45239472,40.06468992,-88.20729413,2085.09148662,3933.00193362,2085,3933,397043.65896510,4435635.41438043,40.06468981,-88.20727147,2083.87599369,4001.14931128,2084,4001,397043.61531245,4435632.96706778,40.06466776,-88.20727159,2030.05634919,4000.09077292,2030,4000,397041.68245889,4435633.00508207,40.06466787,-88.20729426,2057.57391790,3966.54635327,397042.67071199,4435634.20973125,40.06467884,-88.20728286,4.73193359,"POLYGON((2031.272 3931.943, 2085.091 3933.002, 2083.876 4001.149, 2030.056 4000.091, 2031.272 3931.943))","POLYGON((397041.726 4435635.452, 397043.659 4435635.414, 397043.615 4435632.967, 397041.682 4435633.005, 397041.726 4435635.452))"
B1_R3_C4,B1,1,3,4,LG3216,16,21,36.85000000,40.00000000,43.69000000,48.00000000,2085.09148662,3933.00193362,2085,3933,397043.65896510,4435635.41438043,40.06468981,-88.20727147,2138.91113113,3934.06047198,2139,3934,397045.59181866,4435635.37636614,40.06468970,-88.20724880,2137.69563820,4002.20784964,2138,4002,397045.54816602,4435632.92905348,40.06466765,-88.20724892,2083.87599369,4001.14931128,2084,4001,397043.61531245,4435632.96706778,40.06466776,-88.20727159,2111.39356241,3967.60489163,397044.60356556,4435634.17171696,40.06467873,-88.20726020,4.73193359,"POLYGON((2085.091 3933.002, 2138.911 3934.060, 2137.696 4002.208, 2083.876 4001.149, 2085.091 3933.002))","POLYGON((397043.659 4435635.414, 397045.592 4435635.376, 397045.548 4435632.929, 397043.615 4435632.967, 397043.659 4435635.414))"
B1_R4_C0,B1,1,4,0,AG29XF4,20,20,9.50000000,50.00000000,16.34000000,58.00000000,1871.41095844,3843.58510567,1871,3844,397035.98494246,4435638.62552284,40.06471780,-88.20736194,1925.23060295,3844.64364403,1925,3845,397037.91779602,4435638.58750855,40.06471769,-88.20733928,1924.01511002,3912.79102169,1924,3913,397037.87414338,4435636.14019590,40.06469564,-88.20733940,1870.19546552,3911.73248333,1870,3912,397035.94128981,4435636.17821019,40.06469575,-88.20736207,1897.71303423,3878.18806368,397036.92954292,4435637.38285937,40.06470672,-88.20735067,4.73242188,"POLYGON((1871.411 3843.585, 1925.231 3844.644, 1924.015 3912.791, 1870.195 3911.732, 1871.411 3843.585))","POLYGON((397035.985 4435638.626, 397037.918 4435638.588, 397037.874 4435636.140, 397035.941 4435636.178, 397035.985 4435638.626))"
B1_R4_C1,B1,1,4,1,LG3216,19,20,16.34000000,50.00000000,23.18000000,58.00000000,1925.23060295,3844.64364403,1925,3845,397037.91779602,4435638.58750855,40.06471769,-88.20733928,1979.05024746,3845.70218239,1979,3846,397039.85064959,4435638.54949426,40.06471759,-88.20731661,1977.83475453,3913.84956005,1978,3914,397039.80699694,4435636.10218160,40.06469554,-88.20731674,1924.01511002,3912.79102169,1924,3913,397037.87414338,4435636.14019590,40.06469564,-88.20733940,1951.53267874,3879.24660204,397038.86239648,4435637.34484508,40.06470661,-88.20732801,4.73242188,"POLYGON((1925.231 3844.644, 1979.050 3845.702, 1977.835 3913.850, 1924.015 3912.791, 1925.231 3844.644))","POLYGON((397037.918 4435638.588, 397039.851 4435638.549, 397039.807 4435636.102, 397037.874 4435636.140, 397037.918 4435638.588))"
B1_R4_C2,B1,1,4,2,AG34XF6,18,20,23.17000000,50.00000000,30.01000000,58.00000000,1978.97156377,3845.70063482,1979,3846,397039.84782378,4435638.54954984,40.06471759,-88.20731665,2032.79120827,3846.75917318,2033,3847,397041.78067734,4435638.51153554,40.06471748,-88.20729398,2031.57571535,3914.90655084,2032,3915,397041.73702469,4435636.06422289,40.06469543,-88.20729410,1977.75607084,3913.84801248,1978,3914,397039.80417113,4435636.10223718,40.06469554,-88.20731677,2005.27363956,3880.30359283,397040.79242424,4435637.30688636,40.06470651,-88.20730537,4.73242188,"POLYGON((1978.972 3845.701, 2032.791 3846.759, 2031.576 3914.907, 1977.756 3913.848, 1978.972 3845.701))","POLYGON((397039.848 4435638.550, 397041.781 4435638.512, 397041.737 4435636.064, 397039.804 4435636.102, 397039.848 4435638.550))"
B1_R4_C3,B1,1,4,3,LG3216,17,20,30.01000000,50.00000000,36.85000000,58.00000000,2032.79120827,3846.75917318,2033,3847,397041.78067734,4435638.51153554,40.06471748,-88.20729398,2086.61085278,3847.81771154,2087,3848,397043.71353090,4435638.47352125,40.06471737,-88.20727131,2085.39535985,3915.96508920,2085,3916,397043.66987826,4435636.02620860,40.06469532,-88.20727144,2031.57571535,3914.90655084,2032,3915,397041.73702469,4435636.06422289,40.06469543,-88.20729410,2059.09328406,3881.36213119,397042.72527780,4435637.26887207,40.06470640,-88.20728271,4.73144531,"POLYGON((2032.791 3846.759, 2086.611 3847.818, 2085.395 3915.965, 2031.576 3914.907, 2032.791 3846.759))","POLYGON((397041.781 4435638.512, 397043.714 4435638.474, 397043.670 4435636.026, 397041.737 4435636.064, 397041.781 4435638.512))"
B1_R4_C4,B1,1,4,4,AG40XFF5,16,20,36.85000000,50.00000000,43.69000000,58.00000000,2086.61085278,3847.81771154,2087,3848,397043.71353090,4435638.47352125,40.06471737,-88.20727131,2140.43049729,3848.87624990,2140,3849,397045.64638447,4435638.43550696,40.06471727,-88.20724865,2139.21500436,3917.02362756,2139,3917,397045.60273182,4435635.98819430,40.06469522,-88.20724877,2085.39535985,3915.96508920,2085,3916,397043.66987826,4435636.02620860,40.06469532,-88.20727144,2112.91292857,3882.42066955,397044.65813136,4435637.23085778,40.06470630,-88.20726004,4.73193359,"POLYGON((2086.611 3847.818, 2140.430 3848.876, 2139.215 3917.024, 2085.395 3915.965, 2086.611 3847.818))","POLYGON((397043.714 4435638.474, 397045.646 4435638.436, 397045.603 4435635.988, 397043.670 4435636.026, 397043.714 4435638.474))"
B1_R5_C0,B1,1,5,0,LG3216,20,19,9.50000000,60.00000000,16.34000000,68.00000000,1872.93032460,3758.40088359,1873,3758,397036.03950826,4435641.68466366,40.06474536,-88.20736179,1926.74996911,3759.45942195,1927,3759,397037.97236183,4435641.64664937,40.06474525,-88.20733913,1925.53447618,3827.60679962,1926,3828,397037.92870918,4435639.19933672,40.06472320,-88.20733925,1871.71483168,3826.54826126,1872,3827,397035.99585562,4435639.23735101,40.06472331,-88.20736191,1899.23240039,3793.00384160,397036.98410872,4435640.44200019,40.06473428,-88.20735052,4.73193359,"POLYGON((1872.930 3758.401, 1926.750 3759.459, 1925.534 3827.607, 1871.715 3826.548, 1872.930 3758.401))","POLYGON((397036.040 4435641.685, 397037.972 4435641.647, 397037.929 4435639.199, 397035.996 4435639.237, 397036.040 4435641.685))"
B1_R5_C1,B1,1,5,1,AG35XF5,19,19,16.34000000,60.00000000,23.18000000,68.00000000,1926.74996911,3759.45942195,1927,3759,397037.97236183,4435641.64664937,40.06474525,-88.20733913,1980.56961362,3760.51796031,1981,3761,397039.90521539,4435641.60863508,40.06474515,-88.20731646,1979.35412069,3828.66533798,1979,3829,397039.86156275,4435639.16132242,40.06472310,-88.20731658,1925.53447618,3827.60679962,1926,3828,397037.92870918,4435639.19933672,40.06472320,-88.20733925,1953.05204490,3794.06237996,397038.91696229,4435640.40398590,40.06473418,-88.20732785,4.73144531,"POLYGON((1926.750 3759.459, 1980.570 3760.518, 1979.354 3828.665, 1925.534 3827.607, 1926.750 3759.459))","POLYGON((397037.972 4435641.647, 397039.905 4435641.609, 397039.862 4435639.161, 397037.929 4435639.199, 397037.972 4435641.647))"
B1_R5_C2,B1,1,5,2,LG3216,18,19,23.17000000,60.00000000,30.01000000,68.00000000,1980.49092993,3760.51641274,1980,3761,397039.90238958,4435641.60869066,40.06474515,-88.20731649,2034.31057443,3761.57495110,2034,3762,397041.83524315,4435641.57067636,40.06474504,-88.20729383,2033.09508151,3829.72232876,2033,3830,397041.79159050,4435639.12336371,40.06472299,-88.20729395,1979.27543700,3828.66379040,1979,3829,397039.85873694,4435639.16137800,40.06472310,-88.20731662,2006.79300572,3795.11937075,397040.84699004,4435640.36602718,40.06473407,-88.20730522,4.73193359,"POLYGON((1980.491 3760.516, 2034.311 3761.575, 2033.095 3829.722, 1979.275 3828.664, 1980.491 3760.516))","POLYGON((397039.902 4435641.609, 397041.835 4435641.571, 397041.792 4435639.123, 397039.859 4435639.161, 397039.902 4435641.609))"
B1_R5_C3,B1,1,5,3,AG36XF4,17,19,30.01000000,60.00000000,36.85000000,68.00000000,2034.31057443,3761.57495110,2034,3762,397041.83524315,4435641.57067636,40.06474504,-88.20729383,2088.13021894,3762.63348946,2088,3763,397043.76809671,4435641.53266207,40.06474494,-88.20727116,2086.91472601,3830.78086712,2087,3831,397043.72444406,4435639.08534942,40.06472289,-88.20727128,2033.09508151,3829.72232876,2033,3830,397041.79159050,4435639.12336371,40.06472299,-88.20729395,2060.61265022,3796.17790911,397042.77984361,4435640.32801289,40.06473396,-88.20728255,4.73242188,"POLYGON((2034.311 3761.575, 2088.130 3762.633, 2086.915 3830.781, 2033.095 3829.722, 2034.311 3761.575))","POLYGON((397041.835 4435641.571, 397043.768 4435641.533, 397043.724 4435639.085, 397041.792 4435639.123, 397041.835 4435641.571))"
B1_R5_C4,B1,1,5,4,LG3216,16,19,36.85000000,60.00000000,43.69000000,68.00000000,2088.13021894,3762.63348946,2088,3763,397043.76809671,4435641.53266207,40.06474494,-88.20727116,2141.94986345,3763.69202782,2142,3764,397045.70095027,4435641.49464778,40.06474483,-88.20724849,2140.73437052,3831.83940548,2141,3832,397045.65729763,4435639.04733512,40.06472278,-88.20724862,2086.91472601,3830.78086712,2087,3831,397043.72444406,4435639.08534942,40.06472289,-88.20727128,2114.43229473,3797.23644747,397044.71269717,4435640.28999860,40.06473386,-88.20725989,4.73193359,"POLYGON((2088.130 3762.633, 2141.950 3763.692, 2140.734 3831.839, 2086.915 3830.781, 2088.130 3762.633))","POLYGON((397043.768 4435641.533, 397045.701 4435641.495, 397045.657 4435639.047, 397043.724 4435639.085, 397043.768 4435641.533))"
B1_R6_C0,B1,1,6,0,AG35XF5,20,18,9.50000000,70.00000000,16.34000000,78.00000000,1874.44969076,3673.21666152,1874,3673,397036.09407407,4435644.74380448,40.06477292,-88.20736164,1928.26933527,3674.27519988,1928,3674,397038.02692763,4435644.70579019,40.06477282,-88.20733897,1927.05384234,3742.42257754,1927,3742,397037.98327499,4435642.25847754,40.06475077,-88.20733909,1873.23419784,3741.36403918,1873,3741,397036.05042143,4435642.29649183,40.06475087,-88.20736176,1900.75176655,3707.81961953,397037.03867453,4435643.50114101,40.06476185,-88.20735037,4.73242188,"POLYGON((1874.450 3673.217, 1928.269 3674.275, 1927.054 3742.423, 1873.234 3741.364, 1874.450 3673.217))","POLYGON((397036.094 4435644.744, 397038.027 4435644.706, 397037.983 4435642.258, 397036.050 4435642.296, 397036.094 4435644.744))"
B1_R6_C1,B1,1,6,1,LG3216,19,18,16.34000000,70.00000000,23.18000000,78.00000000,1928.26933527,3674.27519988,1928,3674,397038.02692763,4435644.70579019,40.06477282,-88.20733897,1982.08897978,3675.33373824,1982,3675,397039.95978120,4435644.66777590,40.06477271,-88.20731631,1980.87348685,3743.48111590,1981,3743,397039.91612855,4435642.22046324,40.06475066,-88.20731643,1927.05384234,3742.42257754,1927,3742,397037.98327499,4435642.25847754,40.06475077,-88.20733909,1954.57141106,3708.87815789,397038.97152809,4435643.46312672,40.06476174,-88.20732770,4.73193359,"POLYGON((1928.269 3674.275, 1982.089 3675.334, 1980.873 3743.481, 1927.054 3742.423, 1928.269 3674.275))","POLYGON((397038.027 4435644.706, 397039.960 4435644.668, 397039.916 4435642.220, 397037.983 4435642.258, 397038.027 4435644.706))"
B1_R6_C2,B1,1,6,2,AG34XF6,18,18,23.17000000,70.00000000,30.01000000,78.00000000,1982.01029609,3675.33219067,1982,3675,397039.95695539,4435644.66783147,40.06477271,-88.20731634,2035.82994059,3676.39072903,2036,3676,397041.88980895,4435644.62981718,40.06477260,-88.20729367,2034.61444767,3744.53810669,2035,3745,397041.84615631,4435642.18250453,40.06475055,-88.20729380,1980.79480316,3743.47956833,1981,3743,397039.91330274,4435642.22051882,40.06475066,-88.20731646,2008.31237188,3709.93514868,397040.90155585,4435643.42516800,40.06476163,-88.20730507,4.73144531,"POLYGON((1982.010 3675.332, 2035.830 3676.391, 2034.614 3744.538, 1980.795 3743.480, 1982.010 3675.332))","POLYGON((397039.957 4435644.668, 397041.890 4435644.630, 397041.846 4435642.183, 397039.913 4435642.221, 397039.957 4435644.668))"
B1_R6_C3,B1,1,6,3,LG3216,17,18,30.01000000,70.00000000,36.85000000,78.00000000,2035.82994059,3676.39072903,2036,3676,397041.88980895,4435644.62981718,40.06477260,-88.20729367,2089.64958510,3677.44926739,2090,3677,397043.82266252,4435644.59180289,40.06477250,-88.20727101,2088.43409217,3745.59664505,2088,3746,397043.77900987,4435642.14449024,40.06475045,-88.20727113,2034.61444767,3744.53810669,2035,3745,397041.84615631,4435642.18250453,40.06475055,-88.20729380,2062.13201638,3710.99368704,397042.83440941,4435643.38715371,40.06476153,-88.20728240,4.73144531,"POLYGON((2035.830 3676.391, 2089.650 3677.449, 2088.434 3745.597, 2034.614 3744.538, 2035.830 3676.391))","POLYGON((397041.890 4435644.630, 397043.823 4435644.592, 397043.779 4435642.144, 397041.846 4435642.183, 397041.890 4435644.630))"
B1_R6_C4,B1,1,6,4,AG29XF5,16,18,36.85000000,70.00000000,43.69000000,78.00000000,2089.64958510,3677.44926739,2090,3677,397043.82266252,4435644.59180289,40.06477250,-88.20727101,2143.46922961,3678.50780575,2143,3679,397045.75551608,4435644.55378860,40.06477239,-88.20724834,2142.25373668,3746.65518341,2142,3747,397045.71186343,4435642.10647594,40.06475034,-88.20724846,2088.43409217,3745.59664505,2088,3746,397043.77900987,4435642.14449024,40.06475045,-88.20727113,2115.95166089,3712.05222540,397044.76726298,4435643.34913942,40.06476142,-88.20725974,4.73144531,"POLYGON((2089.650 3677.449, 2143.469 3678.508, 2142.254 3746.655, 2088.434 3745.597, 2089.650 3677.449))","POLYGON((397043.823 4435644.592, 397045.756 4435644.554, 397045.712 4435642.106, 397043.779 4435642.144, 397043.823 4435644.592))"
B1_R7_C0,B1,1,7,0,LG3216,20,17,9.50000000,80.00000000,16.34000000,88.00000000,1875.96905692,3588.03243944,1876,3588,397036.14863988,4435647.80294530,40.06480049,-88.20736149,1929.78870143,3589.09097780,1930,3589,397038.08149344,4435647.76493101,40.06480038,-88.20733882,1928.57320850,3657.23835546,1929,3657,397038.03784080,4435645.31761835,40.06477833,-88.20733894,1874.75356399,3656.17981710,1875,3656,397036.10498723,4435645.35563265,40.06477844,-88.20736161,1902.27113271,3622.63539745,397037.09324034,4435646.56028183,40.06478941,-88.20735021,4.73193359,"POLYGON((1875.969 3588.032, 1929.789 3589.091, 1928.573 3657.238, 1874.754 3656.180, 1875.969 3588.032))","POLYGON((397036.149 4435647.803, 397038.081 4435647.765, 397038.038 4435645.318, 397036.105 4435645.356, 397036.149 4435647.803))"
B1_R7_C1,B1,1,7,1,AG40XFF5,19,17,16.34000000,80.00000000,23.18000000,88.00000000,1929.78870143,3589.09097780,1930,3589,397038.08149344,4435647.76493101,40.06480038,-88.20733882,1983.60834594,3590.14951616,1984,3590,397040.01434700,4435647.72691672,40.06480027,-88.20731615,1982.39285301,3658.29689382,1982,3658,397039.97069436,4435645.27960406,40.06477822,-88.20731628,1928.57320850,3657.23835546,1929,3657,397038.03784080,4435645.31761835,40.06477833,-88.20733894,1956.09077722,3623.69393581,397039.02609390,4435646.52226754,40.06478930,-88.20732755,4.73242188,"POLYGON((1929.789 3589.091, 1983.608 3590.150, 1982.393 3658.297, 1928.573 3657.238, 1929.789 3589.091))","POLYGON((397038.081 4435647.765, 397040.014 4435647.727, 397039.971 4435645.280, 397038.038 4435645.318, 397038.081 4435647.765))"
B1_R7_C2,B1,1,7,2,LG3216,18,17,23.17000000,80.00000000,30.01000000,88.00000000,1983.52966224,3590.14796859,1984,3590,397040.01152119,4435647.72697229,40.06480027,-88.20731619,2037.34930675,3591.20650695,2037,3591,397041.94437476,4435647.68895800,40.06480017,-88.20729352,2036.13381382,3659.35388461,2036,3659,397041.90072211,4435645.24164535,40.06477812,-88.20729364,1982.31416932,3658.29534625,1982,3658,397039.96786855,4435645.27965964,40.06477822,-88.20731631,2009.83173803,3624.75092660,397040.95612165,4435646.48430882,40.06478920,-88.20730491,4.73193359,"POLYGON((1983.530 3590.148, 2037.349 3591.207, 2036.134 3659.354, 1982.314 3658.295, 1983.530 3590.148))","POLYGON((397040.012 4435647.727, 397041.944 4435647.689, 397041.901 4435645.242, 397039.968 4435645.280, 397040.012 4435647.727))"
B1_R7_C3,B1,1,7,3,AG38XF6,17,17,30.01000000,80.00000000,36.85000000,88.00000000,2037.34930675,3591.20650695,2037,3591,397041.94437476,4435647.68895800,40.06480017,-88.20729352,2091.16895126,3592.26504531,2091,3592,397043.87722832,4435647.65094371,40.06480006,-88.20727085,2089.95345833,3660.41242297,2090,3660,397043.83357568,4435645.20363105,40.06477801,-88.20727098,2036.13381382,3659.35388461,2036,3659,397041.90072211,4435645.24164535,40.06477812,-88.20729364,2063.65138254,3625.80946496,397042.88897522,4435646.44629453,40.06478909,-88.20728225,4.73193359,"POLYGON((2037.349 3591.207, 2091.169 3592.265, 2089.953 3660.412, 2036.134 3659.354, 2037.349 3591.207))","POLYGON((397041.944 4435647.689, 397043.877 4435647.651, 397043.834 4435645.204, 397041.901 4435645.242, 397041.944 4435647.689))"
B1_R7_C4,B1,1,7,4,LG3216,16,17,36.85000000,80.00000000,43.69000000,88.00000000,2091.16895126,3592.26504531,2091,3592,397043.87722832,4435647.65094371,40.06480006,-88.20727085,2144.98859577,3593.32358367,2145,3593,397045.81008189,4435647.61292942,40.06479995,-88.20724819,2143.77310284,3661.47096133,2144,3661,397045.76642924,4435645.16561676,40.06477790,-88.20724831,2089.95345833,3660.41242297,2090,3660,397043.83357568,4435645.20363105,40.06477801,-88.20727098,2117.47102705,3626.86800332,397044.82182878,4435646.40828024,40.06478898,-88.20725958,4.73144531,"POLYGON((2091.169 3592.265, 2144.989 3593.324, 2143.773 3661.471, 2089.953 3660.412, 2091.169 3592.265))","POLYGON((397043.877 4435647.651, 397045.810 4435647.613, 397045.766 4435645.166, 397043.834 4435645.204, 397043.877 4435647.651))"
B2_R0_C0,B2,2,0,0,LD20-4542,15,24,44.94000000,10.00000000,51.78000000,18.00000000,2144.18849400,4189.80658455,2144,4190,397045.78134741,4435626.19199663,40.06460700,-88.20724512,2198.00813851,4190.86512291,2198,4191,397047.71420097,4435626.15398233,40.06460689,-88.20722245,2196.79264558,4259.01250057,2197,4259,397047.67054832,4435623.70666968,40.06458484,-88.20722257,2142.97300107,4257.95396221,2143,4258,397045.73769476,4435623.74468397,40.06458495,-88.20724524,2170.49056979,4224.40954256,397046.72594786,4435624.94933315,40.06459592,-88.20723385,4.73144531,"POLYGON((2144.188 4189.807, 2198.008 4190.865, 2196.793 4259.013, 2142.973 4257.954, 2144.188 4189.807))","POLYGON((397045.781 4435626.192, 397047.714 4435626.154, 397047.671 4435623.707, 397045.738 4435623.745, 397045.781 4435626.192))"
B2_R0_C1,B2,2,0,1,AG29XF5,14,24,51.77000000,10.00000000,58.61000000,18.00000000,2197.92945482,4190.86357534,2198,4191,397047.71137516,4435626.15403791,40.06460689,-88.20722249,2251.74909932,4191.92211370,2252,4192,397049.64422872,4435626.11602362,40.06460679,-88.20719982,2250.53360640,4260.06949136,2251,4260,397049.60057608,4435623.66871096,40.06458474,-88.20719994,2196.71396189,4259.01095300,2197,4259,397047.66772251,4435623.70672525,40.06458484,-88.20722261,2224.23153061,4225.46653335,397048.65597562,4435624.91137444,40.06459581,-88.20721121,4.73144531,"POLYGON((2197.929 4190.864, 2251.749 4191.922, 2250.534 4260.069, 2196.714 4259.011, 2197.929 4190.864))","POLYGON((397047.711 4435626.154, 397049.644 4435626.116, 397049.601 4435623.669, 397047.668 4435623.707, 397047.711 4435626.154))"
B2_R0_C2,B2,2,0,2,LD11-2170,13,24,58.61000000,10.00000000,65.45000000,18.00000000,2251.74909932,4191.92211370,2252,4192,397049.64422872,4435626.11602362,40.06460679,-88.20719982,2305.56874383,4192.98065206,2306,4193,397051.57708229,4435626.07800933,40.06460668,-88.20717715,2304.35325090,4261.12802972,2304,4261,397051.53342964,4435623.63069667,40.06458463,-88.20717728,2250.53360640,4260.06949136,2251,4260,397049.60057608,4435623.66871096,40.06458474,-88.20719994,2278.05117511,4226.52507171,397050.58882918,4435624.87336014,40.06459571,-88.20718855,4.73242188,"POLYGON((2251.749 4191.922, 2305.569 4192.981, 2304.353 4261.128, 2250.534 4260.069, 2251.749 4191.922))","POLYGON((397049.644 4435626.116, 397051.577 4435626.078, 397051.533 4435623.631, 397049.601 4435623.669, 397049.644 4435626.116))"
B2_R0_C3,B2,2,0,3,AG29XF4,12,24,65.45000000,10.00000000,72.29000000,18.00000000,2305.56874383,4192.98065206,2306,4193,397051.57708229,4435626.07800933,40.06460668,-88.20717715,2359.38838834,4194.03919042,2359,4194,397053.50993585,4435626.03999503,40.06460657,-88.20715449,2358.17289541,4262.18656808,2358,4262,397053.46628321,4435623.59268238,40.06458452,-88.20715461,2304.35325090,4261.12802972,2304,4261,397051.53342964,4435623.63069667,40.06458463,-88.20717728,2331.87081962,4227.58361007,397052.52168275,4435624.83534585,40.06459560,-88.20716588,4.73242188,"POLYGON((2305.569 4192.981, 2359.388 4194.039, 2358.173 4262.187, 2304.353 4261.128, 2305.569 4192.981))","POLYGON((397051.577 4435626.078, 397053.510 4435626.040, 397053.466 4435623.593, 397051.533 4435623.631, 397051.577 4435626.078))"
B2_R0_C4,B2,2,0,4,LD20-4471,11,24,72.29000000,10.00000000,79.13000000,18.00000000,2359.38838834,4194.03919042,2359,4194,397053.50993585,4435626.03999503,40.06460657,-88.20715449,2413.20803284,4195.09772878,2413,4195,397055.44278941,4435626.00198074,40.06460647,-88.20713182,2411.99253992,4263.24510644,2412,4263,397055.39913677,4435623.55466809,40.06458442,-88.20713194,2358.17289541,4262.18656808,2358,4262,397053.46628321,4435623.59268238,40.06458452,-88.20715461,2385.69046413,4228.64214843,397054.45453631,4435624.79733156,40.06459550,-88.20714322,4.73144531,"POLYGON((2359.388 4194.039, 2413.208 4195.098, 2411.993 4263.245, 2358.173 4262.187, 2359.388 4194.039))","POLYGON((397053.510 4435626.040, 397055.443 4435626.002, 397055.399 4435623.555, 397053.466 4435623.593, 397053.510 4435626.040))"
B2_R1_C0,B2,2,1,0,AG29XF4,15,23,44.94000000,20.00000000,51.78000000,28.00000000,2145.70786016,4104.62236247,2146,4105,397045.83591321,4435629.25113744,40.06463456,-88.20724497,2199.52750467,4105.68090083,2200,4106,397047.76876678,4435629.21312315,40.06463445,-88.20722230,2198.31201174,4173.82827849,2198,4174,397047.72511413,4435626.76581050,40.06461240,-88.20722242,2144.49236723,4172.76974013,2144,4173,397045.79226057,4435626.80382479,40.06461251,-88.20724509,2172.00993595,4139.22532048,397046.78051367,4435628.00847397,40.06462348,-88.20723369,4.73242188,"POLYGON((2145.708 4104.622, 2199.528 4105.681, 2198.312 4173.828, 2144.492 4172.770, 2145.708 4104.622))","POLYGON((397045.836 4435629.251, 397047.769 4435629.213, 397047.725 4435626.766, 397045.792 4435626.804, 397045.836 4435629.251))"
B2_R1_C1,B2,2,1,1,LD20-5413,14,23,51.77000000,20.00000000,58.61000000,28.00000000,2199.44882098,4105.67935326,2199,4106,397047.76594097,4435629.21317873,40.06463445,-88.20722233,2253.26846548,4106.73789162,2253,4107,397049.69879453,4435629.17516444,40.06463435,-88.20719967,2252.05297256,4174.88526928,2252,4175,397049.65514188,4435626.72785178,40.06461230,-88.20719979,2198.23332805,4173.82673092,2198,4174,397047.72228832,4435626.76586607,40.06461240,-88.20722245,2225.75089677,4140.28231127,397048.71054143,4435627.97051526,40.06462338,-88.20721106,4.73193359,"POLYGON((2199.449 4105.679, 2253.268 4106.738, 2252.053 4174.885, 2198.233 4173.827, 2199.449 4105.679))","POLYGON((397047.766 4435629.213, 397049.699 4435629.175, 397049.655 4435626.728, 397047.722 4435626.766, 397047.766 4435629.213))"
B2_R1_C2,B2,2,1,2,AG29XF5,13,23,58.61000000,20.00000000,65.45000000,28.00000000,2253.26846548,4106.73789162,2253,4107,397049.69879453,4435629.17516444,40.06463435,-88.20719967,2307.08810999,4107.79642998,2307,4108,397051.63164809,4435629.13715015,40.06463424,-88.20717700,2305.87261706,4175.94380764,2306,4176,397051.58799545,4435626.68983749,40.06461219,-88.20717712,2252.05297256,4174.88526928,2252,4175,397049.65514188,4435626.72785178,40.06461230,-88.20719979,2279.57054127,4141.34084963,397050.64339499,4435627.93250096,40.06462327,-88.20718839,4.73193359,"POLYGON((2253.268 4106.738, 2307.088 4107.796, 2305.873 4175.944, 2252.053 4174.885, 2253.268 4106.738))","POLYGON((397049.699 4435629.175, 397051.632 4435629.137, 397051.588 4435626.690, 397049.655 4435626.728, 397049.699 4435629.175))"
B2_R1_C3,B2,2,1,3,LD22-4283,12,23,65.45000000,20.00000000,72.29000000,28.00000000,2307.08810999,4107.79642998,2307,4108,397051.63164809,4435629.13715015,40.06463424,-88.20717700,2360.90775450,4108.85496834,2361,4109,397053.56450166,4435629.09913585,40.06463414,-88.20715433,2359.69226157,4177.00234600,2360,4177,397053.52084901,4435626.65182320,40.06461209,-88.20715446,2305.87261706,4175.94380764,2306,4176,397051.58799545,4435626.68983749,40.06461219,-88.20717712,2333.39018578,4142.39938799,397052.57624855,4435627.89448667,40.06462316,-88.20716573,4.73144531,"POLYGON((2307.088 4107.796, 2360.908 4108.855, 2359.692 4177.002, 2305.873 4175.944, 2307.088 4107.796))","POLYGON((397051.632 4435629.137, 397053.565 4435629.099, 397053.521 4435626.652, 397051.588 4435626.690, 397051.632 4435629.137))"
B2_R1_C4,B2,2,1,4,AG29XF5,11,23,72.29000000,20.00000000,79.13000000,28.00000000,2360.90775450,4108.85496834,2361,4109,397053.56450166,4435629.09913585,40.06463414,-88.20715433,2414.72739900,4109.91350670,2415,4110,397055.49735522,4435629.06112156,40.06463403,-88.20713167,2413.51190608,4178.06088436,2414,4178,397055.45370258,4435626.61380891,40.06461198,-88.20713179,2359.69226157,4177.00234600,2360,4177,397053.52084901,4435626.65182320,40.06461209,-88.20715446,2387.20983029,4143.45792635,397054.50910212,4435627.85647238,40.06462306,-88.20714306,4.73242188,"POLYGON((2360.908 4108.855, 2414.727 4109.914, 2413.512 4178.061, 2359.692 4177.002, 2360.908 4108.855))","POLYGON((397053.565 4435629.099, 397055.497 4435629.061, 397055.454 4435626.614, 397053.521 4435626.652, 397053.565 4435629.099))"
B2_R2_C0,B2,2,2,0,LD20-5738,15,22,44.94000000,30.00000000,51.78000000,38.00000000,2147.22722632,4019.43814039,2147,4019,397045.89047902,4435632.31027826,40.06466212,-88.20724481,2201.04687083,4020.49667875,2201,4020,397047.82333258,4435632.27226397,40.06466202,-88.20722215,2199.83137790,4088.64405641,2200,4089,397047.77967994,4435629.82495132,40.06463997,-88.20722227,2146.01173339,4087.58551805,2146,4088,397045.84682637,4435629.86296561,40.06464007,-88.20724493,2173.52930211,4054.04109840,397046.83507948,4435631.06761479,40.06465104,-88.20723354,4.73193359,"POLYGON((2147.227 4019.438, 2201.047 4020.497, 2199.831 4088.644, 2146.012 4087.586, 2147.227 4019.438))","POLYGON((397045.890 4435632.310, 397047.823 4435632.272, 397047.780 4435629.825, 397045.847 4435629.863, 397045.890 4435632.310))"
B2_R2_C1,B2,2,2,1,AG29XF4,14,22,51.77000000,30.00000000,58.61000000,38.00000000,2200.96818714,4020.49513118,2201,4020,397047.82050677,4435632.27231955,40.06466202,-88.20722218,2254.78783164,4021.55366954,2255,4022,397049.75336034,4435632.23430526,40.06466191,-88.20719951,2253.57233871,4089.70104720,2254,4090,397049.70970769,4435629.78699260,40.06463986,-88.20719964,2199.75269421,4088.64250884,2200,4089,397047.77685413,4435629.82500689,40.06463997,-88.20722230,2227.27026292,4055.09808919,397048.76510723,4435631.02965607,40.06465094,-88.20721091,4.73144531,"POLYGON((2200.968 4020.495, 2254.788 4021.554, 2253.572 4089.701, 2199.753 4088.643, 2200.968 4020.495))","POLYGON((397047.821 4435632.272, 397049.753 4435632.234, 397049.710 4435629.787, 397047.777 4435629.825, 397047.821 4435632.272))"
B2_R2_C2,B2,2,2,2,LD21-5253,13,22,58.61000000,30.00000000,65.45000000,38.00000000,2254.78783164,4021.55366954,2255,4022,397049.75336034,4435632.23430526,40.06466191,-88.20719951,2308.60747615,4022.61220790,2309,4023,397051.68621390,4435632.19629096,40.06466180,-88.20717685,2307.39198322,4090.75958556,2307,4091,397051.64256125,4435629.74897831,40.06463975,-88.20717697,2253.57233871,4089.70104720,2254,4090,397049.70970769,4435629.78699260,40.06463986,-88.20719964,2281.08990743,4056.15662755,397050.69796080,4435630.99164178,40.06465083,-88.20718824,4.73193359,"POLYGON((2254.788 4021.554, 2308.607 4022.612, 2307.392 4090.760, 2253.572 4089.701, 2254.788 4021.554))","POLYGON((397049.753 4435632.234, 397051.686 4435632.196, 397051.643 4435629.749, 397049.710 4435629.787, 397049.753 4435632.234))"
B2_R2_C3,B2,2,2,3,AG29XF4,12,22,65.45000000,30.00000000,72.29000000,38.00000000,2308.60747615,4022.61220790,2309,4023,397051.68621390,4435632.19629096,40.06466180,-88.20717685,2362.42712066,4023.67074626,2362,4024,397053.61906746,4435632.15827667,40.06466170,-88.20715418,2361.21162773,4091.81812392,2361,4092,397053.57541482,4435629.71096402,40.06463965,-88.20715430,2307.39198322,4090.75958556,2307,4091,397051.64256125,4435629.74897831,40.06463975,-88.20717697,2334.90955194,4057.21516591,397052.63081436,4435630.95362749,40.06465073,-88.20716558,4.73193359,"POLYGON((2308.607 4022.612, 2362.427 4023.671, 2361.212 4091.818, 2307.392 4090.760, 2308.607 4022.612))","POLYGON((397051.686 4435632.196, 397053.619 4435632.158, 397053.575 4435629.711, 397051.643 4435629.749, 397051.686 4435632.196))"
B2_R2_C4,B2,2,2,4,LD20-4988,11,22,72.29000000,30.00000000,79.13000000,38.00000000,2362.42712066,4023.67074626,2362,4024,397053.61906746,4435632.15827667,40.06466170,-88.20715418,2416.24676516,4024.72928462,2416,4025,397055.55192103,4435632.12026238,40.06466159,-88.20713151,2415.03127224,4092.87666228,2415,4093,397055.50826838,4435629.67294972,40.06463954,-88.20713164,2361.21162773,4091.81812392,2361,4092,397053.57541482,4435629.71096402,40.06463965,-88.20715430,2388.72919645,4058.27370427,397054.56366792,4435630.91561320,40.06465062,-88.20714291,4.73193359,"POLYGON((2362.427 4023.671, 2416.247 4024.729, 2415.031 4092.877, 2361.212 4091.818, 2362.427 4023.671))","POLYGON((397053.619 4435632.158, 397055.552 4435632.120, 397055.508 4435629.673, 397053.575 4435629.711, 397053.619 4435632.158))"
B2_R3_C0,B2,2,3,0,AG29XF5,15,21,44.94000000,40.00000000,51.78000000,48.00000000,2148.74659248,3934.25391831,2149,3934,397045.94504482,4435635.36941908,40.06468969,-88.20724466,2202.56623699,3935.31245667,2203,3935,397047.87789839,4435635.33140479,40.06468958,-88.20722199,2201.35074406,4003.45983434,2201,4003,397047.83424574,4435632.88409214,40.06466753,-88.20722212,2147.53109955,4002.40129598,2148,4002,397045.90139218,4435632.92210643,40.06466764,-88.20724478,2175.04866827,3968.85687633,397046.88964528,4435634.12675561,40.06467861,-88.20723339,4.73144531,"POLYGON((2148.747 3934.254, 2202.566 3935.312, 2201.351 4003.460, 2147.531 4002.401, 2148.747 3934.254))","POLYGON((397045.945 4435635.369, 397047.878 4435635.331, 397047.834 4435632.884, 397045.901 4435632.922, 397045.945 4435635.369))"
B2_R3_C1,B2,2,3,1,LD21-7234,14,21,51.77000000,40.00000000,58.61000000,48.00000000,2202.48755329,3935.31090910,2202,3935,397047.87507258,4435635.33146037,40.06468958,-88.20722203,2256.30719780,3936.36944746,2256,3936,397049.80792614,4435635.29344608,40.06468947,-88.20719936,2255.09170487,4004.51682513,2255,4005,397049.76427350,4435632.84613342,40.06466742,-88.20719948,2201.27206037,4003.45828677,2201,4003,397047.83141993,4435632.88414771,40.06466753,-88.20722215,2228.78962908,3969.91386712,397048.81967304,4435634.08879689,40.06467850,-88.20721075,4.73193359,"POLYGON((2202.488 3935.311, 2256.307 3936.369, 2255.092 4004.517, 2201.272 4003.458, 2202.488 3935.311))","POLYGON((397047.875 4435635.331, 397049.808 4435635.293, 397049.764 4435632.846, 397047.831 4435632.884, 397047.875 4435635.331))"
B2_R3_C2,B2,2,3,2,AG29XF4,13,21,58.61000000,40.00000000,65.45000000,48.00000000,2256.30719780,3936.36944746,2256,3936,397049.80792614,4435635.29344608,40.06468947,-88.20719936,2310.12684231,3937.42798582,2310,3937,397051.74077971,4435635.25543178,40.06468937,-88.20717669,2308.91134938,4005.57536349,2309,4006,397051.69712706,4435632.80811913,40.06466732,-88.20717682,2255.09170487,4004.51682513,2255,4005,397049.76427350,4435632.84613342,40.06466742,-88.20719948,2282.60927359,3970.97240547,397050.75252660,4435634.05078260,40.06467840,-88.20718809,4.73242188,"POLYGON((2256.307 3936.369, 2310.127 3937.428, 2308.911 4005.575, 2255.092 4004.517, 2256.307 3936.369))","POLYGON((397049.808 4435635.293, 397051.741 4435635.255, 397051.697 4435632.808, 397049.764 4435632.846, 397049.808 4435635.293))"
B2_R3_C3,B2,2,3,3,LD20-4471,12,21,65.45000000,40.00000000,72.29000000,48.00000000,2310.12684231,3937.42798582,2310,3937,397051.74077971,4435635.25543178,40.06468937,-88.20717669,2363.94648682,3938.48652418,2364,3938,397053.67363327,4435635.21741749,40.06468926,-88.20715403,2362.73099389,4006.63390185,2363,4007,397053.62998062,4435632.77010484,40.06466721,-88.20715415,2308.91134938,4005.57536349,2309,4006,397051.69712706,4435632.80811913,40.06466732,-88.20717682,2336.42891810,3972.03094383,397052.68538017,4435634.01276831,40.06467829,-88.20716542,4.73193359,"POLYGON((2310.127 3937.428, 2363.946 3938.487, 2362.731 4006.634, 2308.911 4005.575, 2310.127 3937.428))","POLYGON((397051.741 4435635.255, 397053.674 4435635.217, 397053.630 4435632.770, 397051.697 4435632.808, 397051.741 4435635.255))"
B2_R3_C4,B2,2,3,4,AG29XF5,11,21,72.29000000,40.00000000,79.13000000,48.00000000,2363.94648682,3938.48652418,2364,3938,397053.67363327,4435635.21741749,40.06468926,-88.20715403,2417.76613132,3939.54506254,2418,3940,397055.60648683,4435635.17940320,40.06468915,-88.20713136,2416.55063839,4007.69244021,2417,4008,397055.56283419,4435632.73209054,40.06466710,-88.20713148,2362.73099389,4006.63390185,2363,4007,397053.62998062,4435632.77010484,40.06466721,-88.20715415,2390.24856261,3973.08948219,397054.61823373,4435633.97475402,40.06467818,-88.20714276,4.73193359,"POLYGON((2363.946 3938.487, 2417.766 3939.545, 2416.551 4007.692, 2362.731 4006.634, 2363.946 3938.487))","POLYGON((397053.674 4435635.217, 397055.606 4435635.179, 397055.563 4435632.732, 397053.630 4435632.770, 397053.674 4435635.217))"
B2_R4_C0,B2,2,4,0,LD11-2170,15,20,44.94000000,50.00000000,51.78000000,58.00000000,2150.26595864,3849.06969624,2150,3849,397045.99961063,4435638.42855990,40.06471725,-88.20724451,2204.08560314,3850.12823460,2204,3850,397047.93246419,4435638.39054561,40.06471714,-88.20722184,2202.87011022,3918.27561226,2203,3918,397047.88881155,4435635.94323296,40.06469509,-88.20722196,2149.05046571,3917.21707390,2149,3917,397045.95595799,4435635.98124725,40.06469520,-88.20724463,2176.56803443,3883.67265425,397046.94421109,4435637.18589643,40.06470617,-88.20723323,4.73193359,"POLYGON((2150.266 3849.070, 2204.086 3850.128, 2202.870 3918.276, 2149.050 3917.217, 2150.266 3849.070))","POLYGON((397046.000 4435638.429, 397047.932 4435638.391, 397047.889 4435635.943, 397045.956 4435635.981, 397046.000 4435638.429))"
B2_R4_C1,B2,2,4,1,AG29XF5,14,20,51.77000000,50.00000000,58.61000000,58.00000000,2204.00691945,3850.12668703,2204,3850,397047.92963838,4435638.39060119,40.06471714,-88.20722187,2257.82656396,3851.18522539,2258,3851,397049.86249195,4435638.35258690,40.06471704,-88.20719921,2256.61107103,3919.33260305,2257,3919,397049.81883930,4435635.90527424,40.06469499,-88.20719933,2202.79142653,3918.27406469,2203,3918,397047.88598574,4435635.94328853,40.06469509,-88.20722200,2230.30899524,3884.72964504,397048.87423884,4435637.14793771,40.06470606,-88.20721060,4.73242188,"POLYGON((2204.007 3850.127, 2257.827 3851.185, 2256.611 3919.333, 2202.791 3918.274, 2204.007 3850.127))","POLYGON((397047.930 4435638.391, 397049.862 4435638.353, 397049.819 4435635.905, 397047.886 4435635.943, 397047.930 4435638.391))"
B2_R4_C2,B2,2,4,2,LD20-5738,13,20,58.61000000,50.00000000,65.45000000,58.00000000,2257.82656396,3851.18522539,2258,3851,397049.86249195,4435638.35258690,40.06471704,-88.20719921,2311.64620847,3852.24376375,2312,3852,397051.79534551,4435638.31457260,40.06471693,-88.20717654,2310.43071554,3920.39114141,2310,3920,397051.75169287,4435635.86725995,40.06469488,-88.20717666,2256.61107103,3919.33260305,2257,3919,397049.81883930,4435635.90527424,40.06469499,-88.20719933,2284.12863975,3885.78818340,397050.80709241,4435637.10992342,40.06470596,-88.20718793,4.73193359,"POLYGON((2257.827 3851.185, 2311.646 3852.244, 2310.431 3920.391, 2256.611 3919.333, 2257.827 3851.185))","POLYGON((397049.862 4435638.353, 397051.795 4435638.315, 397051.752 4435635.867, 397049.819 4435635.905, 397049.862 4435638.353))"
B2_R4_C3,B2,2,4,3,AG29XF4,12,20,65.45000000,50.00000000,72.29000000,58.00000000,2311.64620847,3852.24376375,2312,3852,397051.79534551,4435638.31457260,40.06471693,-88.20717654,2365.46585297,3853.30230211,2365,3853,397053.72819908,4435638.27655831,40.06471682,-88.20715387,2364.25036005,3921.44967977,2364,3921,397053.68454643,4435635.82924566,40.06469477,-88.20715400,2310.43071554,3920.39114141,2310,3920,397051.75169287,4435635.86725995,40.06469488,-88.20717666,2337.94828426,3886.84672176,397052.73994597,4435637.07190913,40.06470585,-88.20716527,4.73193359,"POLYGON((2311.646 3852.244, 2365.466 3853.302, 2364.250 3921.450, 2310.431 3920.391, 2311.646 3852.244))","POLYGON((397051.795 4435638.315, 397053.728 4435638.277, 397053.685 4435635.829, 397051.752 4435635.867, 397051.795 4435638.315))"
B2_R4_C4,B2,2,4,4,LD20-4542,11,20,72.29000000,50.00000000,79.13000000,58.00000000,2365.46585297,3853.30230211,2365,3853,397053.72819908,4435638.27655831,40.06471682,-88.20715387,2419.28549748,3854.36084047,2419,3854,397055.66105264,4435638.23854402,40.06471672,-88.20713121,2418.07000455,3922.50821813,2418,3923,397055.61739999,4435635.79123136,40.06469467,-88.20713133,2364.25036005,3921.44967977,2364,3921,397053.68454643,4435635.82924566,40.06469477,-88.20715400,2391.76792876,3887.90526012,397054.67279954,4435637.03389484,40.06470574,-88.20714260,4.73193359,"POLYGON((2365.466 3853.302, 2419.285 3854.361, 2418.070 3922.508, 2364.250 3921.450, 2365.466 3853.302))","POLYGON((397053.728 4435638.277, 397055.661 4435638.239, 397055.617 4435635.791, 397053.685 4435635.829, 397053.728 4435638.277))"
B2_R5_C0,B2,2,5,0,AG29XF4,15,19,44.94000000,60.00000000,51.78000000,68.00000000,2151.78532480,3763.88547416,2152,3764,397046.05417644,4435641.48770072,40.06474481,-88.20724435,2205.60496930,3764.94401252,2206,3765,397047.98703000,4435641.44968643,40.06474470,-88.20722169,2204.38947638,3833.09139018,2204,3833,397047.94337736,4435639.00237378,40.06472265,-88.20722181,2150.56983187,3832.03285182,2151,3832,397046.01052379,4435639.04038807,40.06472276,-88.20724447,2178.08740059,3798.48843217,397046.99877690,4435640.24503725,40.06473373,-88.20723308,4.73193359,"POLYGON((2151.785 3763.885, 2205.605 3764.944, 2204.389 3833.091, 2150.570 3832.033, 2151.785 3763.885))","POLYGON((397046.054 4435641.488, 397047.987 4435641.450, 397047.943 4435639.002, 397046.011 4435639.040, 397046.054 4435641.488))"
B2_R5_C1,B2,2,5,1,LD20-4988,14,19,51.77000000,60.00000000,58.61000000,68.00000000,2205.52628561,3764.94246495,2206,3765,397047.98420419,4435641.44974201,40.06474470,-88.20722172,2259.34593012,3766.00100331,2259,3766,397049.91705775,4435641.41172771,40.06474460,-88.20719905,2258.13043719,3834.14838097,2258,3834,397049.87340511,4435638.96441506,40.06472255,-88.20719918,2204.31079269,3833.08984261,2204,3833,397047.94055155,4435639.00242935,40.06472265,-88.20722184,2231.82836140,3799.54542296,397048.92880465,4435640.20707853,40.06473363,-88.20721045,4.73193359,"POLYGON((2205.526 3764.942, 2259.346 3766.001, 2258.130 3834.148, 2204.311 3833.090, 2205.526 3764.942))","POLYGON((397047.984 4435641.450, 397049.917 4435641.412, 397049.873 4435638.964, 397047.941 4435639.002, 397047.984 4435641.450))"
B2_R5_C2,B2,2,5,2,AG29XF5,13,19,58.61000000,60.00000000,65.45000000,68.00000000,2259.34593012,3766.00100331,2259,3766,397049.91705775,4435641.41172771,40.06474460,-88.20719905,2313.16557463,3767.05954167,2313,3767,397051.84991132,4435641.37371342,40.06474449,-88.20717639,2311.95008170,3835.20691933,2312,3835,397051.80625867,4435638.92640077,40.06472244,-88.20717651,2258.13043719,3834.14838097,2258,3834,397049.87340511,4435638.96441506,40.06472255,-88.20719918,2285.64800591,3800.60396132,397050.86165821,4435640.16906424,40.06473352,-88.20718778,4.73193359,"POLYGON((2259.346 3766.001, 2313.166 3767.060, 2311.950 3835.207, 2258.130 3834.148, 2259.346 3766.001))","POLYGON((397049.917 4435641.412, 397051.850 4435641.374, 397051.806 4435638.926, 397049.873 4435638.964, 397049.917 4435641.412))"
B2_R5_C3,B2,2,5,3,LD22-4283,12,19,65.45000000,60.00000000,72.29000000,68.00000000,2313.16557463,3767.05954167,2313,3767,397051.84991132,4435641.37371342,40.06474449,-88.20717639,2366.98521913,3768.11808003,2367,3768,397053.78276488,4435641.33569913,40.06474439,-88.20715372,2365.76972621,3836.26545769,2366,3836,397053.73911224,4435638.88838647,40.06472234,-88.20715384,2311.95008170,3835.20691933,2312,3835,397051.80625867,4435638.92640077,40.06472244,-88.20717651,2339.46765042,3801.66249968,397052.79451178,4435640.13104995,40.06473341,-88.20716512,4.73193359,"POLYGON((2313.166 3767.060, 2366.985 3768.118, 2365.770 3836.265, 2311.950 3835.207, 2313.166 3767.060))","POLYGON((397051.850 4435641.374, 397053.783 4435641.336, 397053.739 4435638.888, 397051.806 4435638.926, 397051.850 4435641.374))"
B2_R5_C4,B2,2,5,4,AG29XF4,11,19,72.29000000,60.00000000,79.13000000,68.00000000,2366.98521913,3768.11808003,2367,3768,397053.78276488,4435641.33569913,40.06474439,-88.20715372,2420.80486364,3769.17661839,2421,3769,397055.71561845,4435641.29768484,40.06474428,-88.20713106,2419.58937071,3837.32399605,2420,3837,397055.67196580,4435638.85037218,40.06472223,-88.20713118,2365.76972621,3836.26545769,2366,3836,397053.73911224,4435638.88838647,40.06472234,-88.20715384,2393.28729492,3802.72103804,397054.72736534,4435640.09303566,40.06473331,-88.20714245,4.73193359,"POLYGON((2366.985 3768.118, 2420.805 3769.177, 2419.589 3837.324, 2365.770 3836.265, 2366.985 3768.118))","POLYGON((397053.783 4435641.336, 397055.716 4435641.298, 397055.672 4435638.850, 397053.739 4435638.888, 397053.783 4435641.336))"
B2_R6_C0,B2,2,6,0,LD20-5413,15,18,44.94000000,70.00000000,51.78000000,78.00000000,2153.30469096,3678.70125208,2153,3679,397046.10874224,4435644.54684154,40.06477237,-88.20724420,2207.12433546,3679.75979044,2207,3680,397048.04159581,4435644.50882725,40.06477227,-88.20722153,2205.90884254,3747.90716810,2206,3748,397047.99794316,4435642.06151459,40.06475022,-88.20722166,2152.08919803,3746.84862974,2152,3747,397046.06508960,4435642.09952889,40.06475032,-88.20724432,2179.60676675,3713.30421009,397047.05334270,4435643.30417807,40.06476129,-88.20723293,4.73242188,"POLYGON((2153.305 3678.701, 2207.124 3679.760, 2205.909 3747.907, 2152.089 3746.849, 2153.305 3678.701))","POLYGON((397046.109 4435644.547, 397048.042 4435644.509, 397047.998 4435642.062, 397046.065 4435642.100, 397046.109 4435644.547))"
B2_R6_C1,B2,2,6,1,AG29XF5,14,18,51.77000000,70.00000000,58.61000000,78.00000000,2207.04565177,3679.75824287,2207,3680,397048.03877000,4435644.50888283,40.06477227,-88.20722157,2260.86529628,3680.81678123,2261,3681,397049.97162356,4435644.47086853,40.06477216,-88.20719890,2259.64980335,3748.96415889,2260,3749,397049.92797092,4435642.02355588,40.06475011,-88.20719902,2205.83015885,3747.90562053,2206,3748,397047.99511735,4435642.06157017,40.06475022,-88.20722169,2233.34772756,3714.36120088,397048.98337046,4435643.26621935,40.06476119,-88.20721029,4.73193359,"POLYGON((2207.046 3679.758, 2260.865 3680.817, 2259.650 3748.964, 2205.830 3747.906, 2207.046 3679.758))","POLYGON((397048.039 4435644.509, 397049.972 4435644.471, 397049.928 4435642.024, 397047.995 4435642.062, 397048.039 4435644.509))"
B2_R6_C2,B2,2,6,2,LD21-5253,13,18,58.61000000,70.00000000,65.45000000,78.00000000,2260.86529628,3680.81678123,2261,3681,397049.97162356,4435644.47086853,40.06477216,-88.20719890,2314.68494079,3681.87531959,2315,3682,397051.90447712,4435644.43285424,40.06477205,-88.20717623,2313.46944786,3750.02269725,2313,3750,397051.86082448,4435641.98554159,40.06475000,-88.20717636,2259.64980335,3748.96415889,2260,3749,397049.92797092,4435642.02355588,40.06475011,-88.20719902,2287.16737207,3715.41973924,397050.91622402,4435643.22820506,40.06476108,-88.20718763,4.73193359,"POLYGON((2260.865 3680.817, 2314.685 3681.875, 2313.469 3750.023, 2259.650 3748.964, 2260.865 3680.817))","POLYGON((397049.972 4435644.471, 397051.904 4435644.433, 397051.861 4435641.986, 397049.928 4435642.024, 397049.972 4435644.471))"
B2_R6_C3,B2,2,6,3,AG29XF5,12,18,65.45000000,70.00000000,72.29000000,78.00000000,2314.68494079,3681.87531959,2315,3682,397051.90447712,4435644.43285424,40.06477205,-88.20717623,2368.50458529,3682.93385795,2369,3683,397053.83733069,4435644.39483995,40.06477195,-88.20715357,2367.28909237,3751.08123561,2367,3751,397053.79367804,4435641.94752729,40.06474990,-88.20715369,2313.46944786,3750.02269725,2313,3750,397051.86082448,4435641.98554159,40.06475000,-88.20717636,2340.98701658,3716.47827760,397052.84907758,4435643.19019077,40.06476098,-88.20716496,4.73144531,"POLYGON((2314.685 3681.875, 2368.505 3682.934, 2367.289 3751.081, 2313.469 3750.023, 2314.685 3681.875))","POLYGON((397051.904 4435644.433, 397053.837 4435644.395, 397053.794 4435641.948, 397051.861 4435641.986, 397051.904 4435644.433))"
B2_R6_C4,B2,2,6,4,LD21-7234,11,18,72.29000000,70.00000000,79.13000000,78.00000000,2368.50458529,3682.93385795,2369,3683,397053.83733069,4435644.39483995,40.06477195,-88.20715357,2422.32422980,3683.99239631,2422,3684,397055.77018425,4435644.35682566,40.06477184,-88.20713090,2421.10873687,3752.13977397,2421,3752,397055.72653161,4435641.90951300,40.06474979,-88.20713102,2367.28909237,3751.08123561,2367,3751,397053.79367804,4435641.94752729,40.06474990,-88.20715369,2394.80666108,3717.53681596,397054.78193115,4435643.15217648,40.06476087,-88.20714230,4.73144531,"POLYGON((2368.505 3682.934, 2422.324 3683.992, 2421.109 3752.140, 2367.289 3751.081, 2368.505 3682.934))","POLYGON((397053.837 4435644.395, 397055.770 4435644.357, 397055.727 4435641.910, 397053.794 4435641.948, 397053.837 4435644.395))"
B2_R7_C0,B2,2,7,0,AG29XF4,15,17,44.94000000,80.00000000,51.78000000,88.00000000,2154.82405712,3593.51703001,2155,3594,397046.16330805,4435647.60598236,40.06479994,-88.20724405,2208.64370162,3594.57556837,2209,3595,397048.09616161,4435647.56796807,40.06479983,-88.20722138,2207.42820870,3662.72294603,2207,3663,397048.05250897,4435645.12065541,40.06477778,-88.20722150,2153.60856419,3661.66440767,2154,3662,397046.11965540,4435645.15866971,40.06477789,-88.20724417,2181.12613291,3628.11998802,397047.10790851,4435646.36331889,40.06478886,-88.20723277,4.73242188,"POLYGON((2154.824 3593.517, 2208.644 3594.576, 2207.428 3662.723, 2153.609 3661.664, 2154.824 3593.517))","POLYGON((397046.163 4435647.606, 397048.096 4435647.568, 397048.053 4435645.121, 397046.120 4435645.159, 397046.163 4435647.606))"
B2_R7_C1,B2,2,7,1,LD20-5738,14,17,51.77000000,80.00000000,58.61000000,88.00000000,2208.56501793,3594.57402079,2209,3595,397048.09333580,4435647.56802365,40.06479983,-88.20722141,2262.38466244,3595.63255915,2262,3596,397050.02618937,4435647.53000935,40.06479972,-88.20719875,2261.16916951,3663.77993682,2261,3664,397049.98253672,4435645.08269670,40.06477767,-88.20719887,2207.34952500,3662.72139846,2207,3663,397048.04968316,4435645.12071099,40.06477778,-88.20722154,2234.86709372,3629.17697881,397049.03793626,4435646.32536017,40.06478875,-88.20721014,4.73193359,"POLYGON((2208.565 3594.574, 2262.385 3595.633, 2261.169 3663.780, 2207.350 3662.721, 2208.565 3594.574))","POLYGON((397048.093 4435647.568, 397050.026 4435647.530, 397049.983 4435645.083, 397048.050 4435645.121, 397048.093 4435647.568))"
B2_R7_C2,B2,2,7,2,AG29XF5,13,17,58.61000000,80.00000000,65.45000000,88.00000000,2262.38466244,3595.63255915,2262,3596,397050.02618937,4435647.53000935,40.06479972,-88.20719875,2316.20430695,3596.69109751,2316,3597,397051.95904293,4435647.49199506,40.06479962,-88.20717608,2314.98881402,3664.83847518,2315,3665,397051.91539029,4435645.04468241,40.06477757,-88.20717620,2261.16916951,3663.77993682,2261,3664,397049.98253672,4435645.08269670,40.06477767,-88.20719887,2288.68673823,3630.23551717,397050.97078983,4435646.28734588,40.06478864,-88.20718747,4.73242188,"POLYGON((2262.385 3595.633, 2316.204 3596.691, 2314.989 3664.838, 2261.169 3663.780, 2262.385 3595.633))","POLYGON((397050.026 4435647.530, 397051.959 4435647.492, 397051.915 4435645.045, 397049.983 4435645.083, 397050.026 4435647.530))"
B2_R7_C3,B2,2,7,3,LD20-4471,12,17,65.45000000,80.00000000,72.29000000,88.00000000,2316.20430695,3596.69109751,2316,3597,397051.95904293,4435647.49199506,40.06479962,-88.20717608,2370.02395145,3597.74963587,2370,3598,397053.89189649,4435647.45398077,40.06479951,-88.20715341,2368.80845853,3665.89701354,2369,3666,397053.84824385,4435645.00666811,40.06477746,-88.20715354,2314.98881402,3664.83847518,2315,3665,397051.91539029,4435645.04468241,40.06477757,-88.20717620,2342.50638274,3631.29405553,397052.90364339,4435646.24933159,40.06478854,-88.20716481,4.73193359,"POLYGON((2316.204 3596.691, 2370.024 3597.750, 2368.808 3665.897, 2314.989 3664.838, 2316.204 3596.691))","POLYGON((397051.959 4435647.492, 397053.892 4435647.454, 397053.848 4435645.007, 397051.915 4435645.045, 397051.959 4435647.492))"
B2_R7_C4,B2,2,7,4,AG29XF4,11,17,72.29000000,80.00000000,79.13000000,88.00000000,2370.02395145,3597.74963587,2370,3598,397053.89189649,4435647.45398077,40.06479951,-88.20715341,2423.84359596,3598.80817423,2424,3599,397055.82475006,4435647.41596648,40.06479940,-88.20713075,2422.62810303,3666.95555190,2423,3667,397055.78109741,4435644.96865382,40.06477735,-88.20713087,2368.80845853,3665.89701354,2369,3666,397053.84824385,4435645.00666811,40.06477746,-88.20715354,2396.32602724,3632.35259389,397054.83649695,4435646.21131730,40.06478843,-88.20714214,4.73193359,"POLYGON((2370.024 3597.750, 2423.844 3598.808, 2422.628 3666.956, 2368.808 3665.897, 2370.024 3597.750))","POLYGON((397053.892 4435647.454, 397055.825 4435647.416, 397055.781 4435644.969, 397053.848 4435645.007, 397053.892 4435647.454))"
B3_R0_C0,B3,3,0,0,LD21-5944,10,24,80.37000000,10.00000000,87.21000000,18.00000000,2422.96481050,4195.28962754,2423,4195,397055.79318977,4435625.99508926,40.06460645,-88.20712771,2476.78445501,4196.34816590,2477,4196,397057.72604333,4435625.95707497,40.06460634,-88.20710505,2475.56896208,4264.49554356,2476,4264,397057.68239069,4435623.50976231,40.06458429,-88.20710517,2421.74931758,4263.43700520,2422,4263,397055.74953712,4435623.54777661,40.06458440,-88.20712784,2449.26688629,4229.89258555,397056.73779023,4435624.75242579,40.06459537,-88.20711644,4.73193359,"POLYGON((2422.965 4195.290, 2476.784 4196.348, 2475.569 4264.496, 2421.749 4263.437, 2422.965 4195.290))","POLYGON((397055.793 4435625.995, 397057.726 4435625.957, 397057.682 4435623.510, 397055.750 4435623.548, 397055.793 4435625.995))"
B3_R0_C1,B3,3,0,1,LG3216,9,24,87.21000000,10.00000000,94.05000000,18.00000000,2476.78445501,4196.34816590,2477,4196,397057.72604333,4435625.95707497,40.06460634,-88.20710505,2530.60409952,4197.40670426,2531,4197,397059.65889690,4435625.91906068,40.06460624,-88.20708238,2529.38860659,4265.55408192,2529,4266,397059.61524425,4435623.47174802,40.06458419,-88.20708250,2475.56896208,4264.49554356,2476,4264,397057.68239069,4435623.50976231,40.06458429,-88.20710517,2503.08653080,4230.95112391,397058.67064379,4435624.71441150,40.06459526,-88.20709377,4.73144531,"POLYGON((2476.784 4196.348, 2530.604 4197.407, 2529.389 4265.554, 2475.569 4264.496, 2476.784 4196.348))","POLYGON((397057.726 4435625.957, 397059.659 4435625.919, 397059.615 4435623.472, 397057.682 4435623.510, 397057.726 4435625.957))"
B3_R0_C2,B3,3,0,2,LD11-2170,8,24,94.05000000,10.00000000,100.89000000,18.00000000,2530.60409952,4197.40670426,2531,4197,397059.65889690,4435625.91906068,40.06460624,-88.20708238,2584.42374402,4198.46524262,2584,4198,397061.59175046,4435625.88104639,40.06460613,-88.20705971,2583.20825110,4266.61262028,2583,4267,397061.54809781,4435623.43373373,40.06458408,-88.20705984,2529.38860659,4265.55408192,2529,4266,397059.61524425,4435623.47174802,40.06458419,-88.20708250,2556.90617531,4232.00966227,397060.60349735,4435624.67639720,40.06459516,-88.20707111,4.73242188,"POLYGON((2530.604 4197.407, 2584.424 4198.465, 2583.208 4266.613, 2529.389 4265.554, 2530.604 4197.407))","POLYGON((397059.659 4435625.919, 397061.592 4435625.881, 397061.548 4435623.434, 397059.615 4435623.472, 397059.659 4435625.919))"
B3_R0_C3,B3,3,0,3,LG3216,7,24,100.89000000,10.00000000,107.73000000,18.00000000,2584.42374402,4198.46524262,2584,4198,397061.59175046,4435625.88104639,40.06460613,-88.20705971,2638.24338853,4199.52378098,2638,4200,397063.52460402,4435625.84303209,40.06460602,-88.20703705,2637.02789560,4267.67115864,2637,4268,397063.48095138,4435623.39571944,40.06458397,-88.20703717,2583.20825110,4266.61262028,2583,4267,397061.54809781,4435623.43373373,40.06458408,-88.20705984,2610.72581981,4233.06820063,397062.53635092,4435624.63838291,40.06459505,-88.20704844,4.73193359,"POLYGON((2584.424 4198.465, 2638.243 4199.524, 2637.028 4267.671, 2583.208 4266.613, 2584.424 4198.465))","POLYGON((397061.592 4435625.881, 397063.525 4435625.843, 397063.481 4435623.396, 397061.548 4435623.434, 397061.592 4435625.881))"
B3_R0_C4,B3,3,0,4,LD20-11748,6,24,107.72000000,10.00000000,114.56000000,18.00000000,2638.16470484,4199.52223341,2638,4200,397063.52177821,4435625.84308767,40.06460602,-88.20703708,2691.98434935,4200.58077177,2692,4201,397065.45463178,4435625.80507338,40.06460592,-88.20701442,2690.76885642,4268.72814943,2691,4269,397065.41097913,4435623.35776072,40.06458387,-88.20701454,2636.94921191,4267.66961107,2637,4268,397063.47812557,4435623.39577501,40.06458397,-88.20703720,2664.46678063,4234.12519142,397064.46637867,4435624.60042420,40.06459494,-88.20702581,4.73242188,"POLYGON((2638.165 4199.522, 2691.984 4200.581, 2690.769 4268.728, 2636.949 4267.670, 2638.165 4199.522))","POLYGON((397063.522 4435625.843, 397065.455 4435625.805, 397065.411 4435623.358, 397063.478 4435623.396, 397063.522 4435625.843))"
B3_R1_C0,B3,3,1,0,LG3216,10,23,80.37000000,20.00000000,87.21000000,28.00000000,2424.48417666,4110.10540547,2424,4110,397055.84775557,4435629.05423008,40.06463401,-88.20712756,2478.30382117,4111.16394383,2478,4111,397057.78060914,4435629.01621579,40.06463390,-88.20710489,2477.08832824,4179.31132149,2477,4179,397057.73695649,4435626.56890313,40.06461185,-88.20710502,2423.26868374,4178.25278313,2423,4178,397055.80410293,4435626.60691743,40.06461196,-88.20712768,2450.78625245,4144.70836348,397056.79235603,4435627.81156661,40.06462293,-88.20711629,4.73144531,"POLYGON((2424.484 4110.105, 2478.304 4111.164, 2477.088 4179.311, 2423.269 4178.253, 2424.484 4110.105))","POLYGON((397055.848 4435629.054, 397057.781 4435629.016, 397057.737 4435626.569, 397055.804 4435626.607, 397055.848 4435629.054))"
B3_R1_C1,B3,3,1,1,LD22-4283,9,23,87.21000000,20.00000000,94.05000000,28.00000000,2478.30382117,4111.16394383,2478,4111,397057.78060914,4435629.01621579,40.06463390,-88.20710489,2532.12346568,4112.22248219,2532,4112,397059.71346270,4435628.97820150,40.06463380,-88.20708223,2530.90797275,4180.36985985,2531,4180,397059.66981006,4435626.53088884,40.06461175,-88.20708235,2477.08832824,4179.31132149,2477,4179,397057.73695649,4435626.56890313,40.06461185,-88.20710502,2504.60589696,4145.76690184,397058.72520960,4435627.77355232,40.06462283,-88.20709362,4.73242188,"POLYGON((2478.304 4111.164, 2532.123 4112.222, 2530.908 4180.370, 2477.088 4179.311, 2478.304 4111.164))","POLYGON((397057.781 4435629.016, 397059.713 4435628.978, 397059.670 4435626.531, 397057.737 4435626.569, 397057.781 4435629.016))"
B3_R1_C2,B3,3,1,2,LG3216,8,23,94.05000000,20.00000000,100.89000000,28.00000000,2532.12346568,4112.22248219,2532,4112,397059.71346270,4435628.97820150,40.06463380,-88.20708223,2585.94311018,4113.28102055,2586,4113,397061.64631627,4435628.94018720,40.06463369,-88.20705956,2584.72761726,4181.42839821,2585,4181,397061.60266362,4435626.49287455,40.06461164,-88.20705968,2530.90797275,4180.36985985,2531,4180,397059.66981006,4435626.53088884,40.06461175,-88.20708235,2558.42554147,4146.82544020,397060.65806316,4435627.73553802,40.06462272,-88.20707096,4.73144531,"POLYGON((2532.123 4112.222, 2585.943 4113.281, 2584.728 4181.428, 2530.908 4180.370, 2532.123 4112.222))","POLYGON((397059.713 4435628.978, 397061.646 4435628.940, 397061.603 4435626.493, 397059.670 4435626.531, 397059.713 4435628.978))"
B3_R1_C3,B3,3,1,3,LD17-10473F,7,23,100.89000000,20.00000000,107.73000000,28.00000000,2585.94311018,4113.28102055,2586,4113,397061.64631627,4435628.94018720,40.06463369,-88.20705956,2639.76275469,4114.33955891,2640,4114,397063.57916983,4435628.90217291,40.06463358,-88.20703690,2638.54726176,4182.48693657,2639,4182,397063.53551718,4435626.45486026,40.06461153,-88.20703702,2584.72761726,4181.42839821,2585,4181,397061.60266362,4435626.49287455,40.06461164,-88.20705968,2612.24518597,4147.88397856,397062.59091672,4435627.69752373,40.06462261,-88.20704829,4.73193359,"POLYGON((2585.943 4113.281, 2639.763 4114.340, 2638.547 4182.487, 2584.728 4181.428, 2585.943 4113.281))","POLYGON((397061.646 4435628.940, 397063.579 4435628.902, 397063.536 4435626.455, 397061.603 4435626.493, 397061.646 4435628.940))"
B3_R1_C4,B3,3,1,4,LG3216,6,23,107.72000000,20.00000000,114.56000000,28.00000000,2639.68407100,4114.33801133,2640,4114,397063.57634402,4435628.90222849,40.06463359,-88.20703693,2693.50371551,4115.39654969,2694,4115,397065.50919758,4435628.86421420,40.06463348,-88.20701426,2692.28822258,4183.54392736,2692,4184,397065.46554494,4435626.41690154,40.06461143,-88.20701438,2638.46857807,4182.48538900,2638,4182,397063.53269137,4435626.45491583,40.06461154,-88.20703705,2665.98614679,4148.94096935,397064.52094448,4435627.65956501,40.06462251,-88.20702566,4.73242188,"POLYGON((2639.684 4114.338, 2693.504 4115.397, 2692.288 4183.544, 2638.469 4182.485, 2639.684 4114.338))","POLYGON((397063.576 4435628.902, 397065.509 4435628.864, 397065.466 4435626.417, 397063.533 4435626.455, 397063.576 4435628.902))"
B3_R2_C0,B3,3,2,0,LD20-4542,10,22,80.37000000,30.00000000,87.21000000,38.00000000,2426.00354282,4024.92118339,2426,4025,397055.90232138,4435632.11337090,40.06466157,-88.20712741,2479.82318733,4025.97972175,2480,4026,397057.83517494,4435632.07535661,40.06466147,-88.20710474,2478.60769440,4094.12709941,2479,4094,397057.79152230,4435629.62804395,40.06463942,-88.20710486,2424.78804989,4093.06856105,2425,4093,397055.85866874,4435629.66605825,40.06463952,-88.20712753,2452.30561861,4059.52414140,397056.84692184,4435630.87070743,40.06465049,-88.20711613,4.73242188,"POLYGON((2426.004 4024.921, 2479.823 4025.980, 2478.608 4094.127, 2424.788 4093.069, 2426.004 4024.921))","POLYGON((397055.902 4435632.113, 397057.835 4435632.075, 397057.792 4435629.628, 397055.859 4435629.666, 397055.902 4435632.113))"
B3_R2_C1,B3,3,2,1,LG3216,9,22,87.21000000,30.00000000,94.05000000,38.00000000,2479.82318733,4025.97972175,2480,4026,397057.83517494,4435632.07535661,40.06466147,-88.20710474,2533.64283184,4027.03826011,2534,4027,397059.76802851,4435632.03734232,40.06466136,-88.20708207,2532.42733891,4095.18563777,2532,4095,397059.72437586,4435629.59002966,40.06463931,-88.20708220,2478.60769440,4094.12709941,2479,4094,397057.79152230,4435629.62804395,40.06463942,-88.20710486,2506.12526312,4060.58267976,397058.77977540,4435630.83269313,40.06465039,-88.20709347,4.73242188,"POLYGON((2479.823 4025.980, 2533.643 4027.038, 2532.427 4095.186, 2478.608 4094.127, 2479.823 4025.980))","POLYGON((397057.835 4435632.075, 397059.768 4435632.037, 397059.724 4435629.590, 397057.792 4435629.628, 397057.835 4435632.075))"
B3_R2_C2,B3,3,2,2,LD21-3090,8,22,94.05000000,30.00000000,100.89000000,38.00000000,2533.64283184,4027.03826011,2534,4027,397059.76802851,4435632.03734232,40.06466136,-88.20708207,2587.46247634,4028.09679847,2587,4028,397061.70088207,4435631.99932802,40.06466125,-88.20705941,2586.24698342,4096.24417613,2586,4096,397061.65722943,4435629.55201537,40.06463920,-88.20705953,2532.42733891,4095.18563777,2532,4095,397059.72437586,4435629.59002966,40.06463931,-88.20708220,2559.94490763,4061.64121812,397060.71262897,4435630.79467884,40.06465028,-88.20707080,4.73144531,"POLYGON((2533.643 4027.038, 2587.462 4028.097, 2586.247 4096.244, 2532.427 4095.186, 2533.643 4027.038))","POLYGON((397059.768 4435632.037, 397061.701 4435631.999, 397061.657 4435629.552, 397059.724 4435629.590, 397059.768 4435632.037))"
B3_R2_C3,B3,3,2,3,LG3216,7,22,100.89000000,30.00000000,107.73000000,38.00000000,2587.46247634,4028.09679847,2587,4028,397061.70088207,4435631.99932802,40.06466125,-88.20705941,2641.28212085,4029.15533683,2641,4029,397063.63373564,4435631.96131373,40.06466115,-88.20703674,2640.06662792,4097.30271449,2640,4097,397063.59008299,4435629.51400108,40.06463910,-88.20703686,2586.24698342,4096.24417613,2586,4096,397061.65722943,4435629.55201537,40.06463920,-88.20705953,2613.76455213,4062.69975648,397062.64548253,4435630.75666455,40.06465018,-88.20704814,4.73144531,"POLYGON((2587.462 4028.097, 2641.282 4029.155, 2640.067 4097.303, 2586.247 4096.244, 2587.462 4028.097))","POLYGON((397061.701 4435631.999, 397063.634 4435631.961, 397063.590 4435629.514, 397061.657 4435629.552, 397061.701 4435631.999))"
B3_R2_C4,B3,3,2,4,LD00-2817P,6,22,107.72000000,30.00000000,114.56000000,38.00000000,2641.20343716,4029.15378926,2641,4029,397063.63090983,4435631.96136931,40.06466115,-88.20703677,2695.02308167,4030.21232762,2695,4030,397065.56376339,4435631.92335502,40.06466104,-88.20701411,2693.80758874,4098.35970528,2694,4098,397065.52011074,4435629.47604236,40.06463899,-88.20701423,2639.98794423,4097.30116692,2640,4097,397063.58725718,4435629.51405665,40.06463910,-88.20703690,2667.50551295,4063.75674727,397064.57551029,4435630.71870583,40.06465007,-88.20702550,4.73193359,"POLYGON((2641.203 4029.154, 2695.023 4030.212, 2693.808 4098.360, 2639.988 4097.301, 2641.203 4029.154))","POLYGON((397063.631 4435631.961, 397065.564 4435631.923, 397065.520 4435629.476, 397063.587 4435629.514, 397063.631 4435631.961))"
B3_R3_C0,B3,3,3,0,LG3216,10,21,80.37000000,40.00000000,87.21000000,48.00000000,2427.52290898,3939.73696131,2428,3940,397055.95688719,4435635.17251172,40.06468914,-88.20712725,2481.34255349,3940.79549967,2481,3941,397057.88974075,4435635.13449743,40.06468903,-88.20710459,2480.12706056,4008.94287733,2480,4009,397057.84608811,4435632.68718477,40.06466698,-88.20710471,2426.30741605,4007.88433897,2426,4008,397055.91323454,4435632.72519906,40.06466709,-88.20712738,2453.82498477,3974.33991932,397056.90148765,4435633.92984825,40.06467806,-88.20711598,4.73193359,"POLYGON((2427.523 3939.737, 2481.343 3940.795, 2480.127 4008.943, 2426.307 4007.884, 2427.523 3939.737))","POLYGON((397055.957 4435635.173, 397057.890 4435635.134, 397057.846 4435632.687, 397055.913 4435632.725, 397055.957 4435635.173))"
B3_R3_C1,B3,3,3,1,LD21-5253,9,21,87.21000000,40.00000000,94.05000000,48.00000000,2481.34255349,3940.79549967,2481,3941,397057.88974075,4435635.13449743,40.06468903,-88.20710459,2535.16219800,3941.85403803,2535,3942,397059.82259431,4435635.09648314,40.06468892,-88.20708192,2533.94670507,4010.00141569,2534,4010,397059.77894167,4435632.64917048,40.06466687,-88.20708204,2480.12706056,4008.94287733,2480,4009,397057.84608811,4435632.68718477,40.06466698,-88.20710471,2507.64462928,3975.39845768,397058.83434121,4435633.89183395,40.06467795,-88.20709331,4.73144531,"POLYGON((2481.343 3940.795, 2535.162 3941.854, 2533.947 4010.001, 2480.127 4008.943, 2481.343 3940.795))","POLYGON((397057.890 4435635.134, 397059.823 4435635.096, 397059.779 4435632.649, 397057.846 4435632.687, 397057.890 4435635.134))"
B3_R3_C2,B3,3,3,2,LG3216,8,21,94.05000000,40.00000000,100.89000000,48.00000000,2535.16219800,3941.85403803,2535,3942,397059.82259431,4435635.09648314,40.06468892,-88.20708192,2588.98184250,3942.91257639,2589,3943,397061.75544788,4435635.05846884,40.06468882,-88.20705925,2587.76634957,4011.05995405,2588,4011,397061.71179523,4435632.61115619,40.06466677,-88.20705938,2533.94670507,4010.00141569,2534,4010,397059.77894167,4435632.64917048,40.06466687,-88.20708204,2561.46427379,3976.45699604,397060.76719477,4435633.85381966,40.06467784,-88.20707065,4.73193359,"POLYGON((2535.162 3941.854, 2588.982 3942.913, 2587.766 4011.060, 2533.947 4010.001, 2535.162 3941.854))","POLYGON((397059.823 4435635.096, 397061.755 4435635.058, 397061.712 4435632.611, 397059.779 4435632.649, 397059.823 4435635.096))"
B3_R3_C3,B3,3,3,3,LD07-3395bf,7,21,100.89000000,40.00000000,107.73000000,48.00000000,2588.98184250,3942.91257639,2589,3943,397061.75544788,4435635.05846884,40.06468882,-88.20705925,2642.80148701,3943.97111475,2643,3944,397063.68830144,4435635.02045455,40.06468871,-88.20703659,2641.58599408,4012.11849241,2642,4012,397063.64464880,4435632.57314190,40.06466666,-88.20703671,2587.76634957,4011.05995405,2588,4011,397061.71179523,4435632.61115619,40.06466677,-88.20705938,2615.28391829,3977.51553440,397062.70004834,4435633.81580537,40.06467774,-88.20704798,4.73193359,"POLYGON((2588.982 3942.913, 2642.801 3943.971, 2641.586 4012.118, 2587.766 4011.060, 2588.982 3942.913))","POLYGON((397061.755 4435635.058, 397063.688 4435635.020, 397063.645 4435632.573, 397061.712 4435632.611, 397061.755 4435635.058))"
B3_R3_C4,B3,3,3,4,LG3216,6,21,107.72000000,40.00000000,114.56000000,48.00000000,2642.72280332,3943.96956718,2643,3944,397063.68547563,4435635.02051013,40.06468871,-88.20703662,2696.54244783,3945.02810554,2697,3945,397065.61832920,4435634.98249584,40.06468860,-88.20701396,2695.32695490,4013.17548320,2695,4013,397065.57467655,4435632.53518318,40.06466655,-88.20701408,2641.50731039,4012.11694484,2642,4012,397063.64182299,4435632.57319747,40.06466666,-88.20703674,2669.02487911,3978.57252519,397064.63007609,4435633.77784665,40.06467763,-88.20702535,4.73193359,"POLYGON((2642.723 3943.970, 2696.542 3945.028, 2695.327 4013.175, 2641.507 4012.117, 2642.723 3943.970))","POLYGON((397063.685 4435635.021, 397065.618 4435634.982, 397065.575 4435632.535, 397063.642 4435632.573, 397063.685 4435635.021))"
B3_R4_C0,B3,3,4,0,LD20-5738,10,20,80.37000000,50.00000000,87.21000000,58.00000000,2429.04227514,3854.55273923,2429,3855,397056.01145299,4435638.23165254,40.06471670,-88.20712710,2482.86191965,3855.61127759,2483,3856,397057.94430656,4435638.19363825,40.06471659,-88.20710443,2481.64642672,3923.75865526,2482,3924,397057.90065391,4435635.74632559,40.06469454,-88.20710456,2427.82678221,3922.70011690,2428,3923,397055.96780035,4435635.78433988,40.06469465,-88.20712722,2455.34435093,3889.15569724,397056.95605345,4435636.98898907,40.06470562,-88.20711583,4.73144531,"POLYGON((2429.042 3854.553, 2482.862 3855.611, 2481.646 3923.759, 2427.827 3922.700, 2429.042 3854.553))","POLYGON((397056.011 4435638.232, 397057.944 4435638.194, 397057.901 4435635.746, 397055.968 4435635.784, 397056.011 4435638.232))"
B3_R4_C1,B3,3,4,1,LG3216,9,20,87.21000000,50.00000000,94.05000000,58.00000000,2482.86191965,3855.61127759,2483,3856,397057.94430656,4435638.19363825,40.06471659,-88.20710443,2536.68156415,3856.66981595,2537,3857,397059.87716012,4435638.15562395,40.06471648,-88.20708177,2535.46607123,3924.81719361,2535,3925,397059.83350748,4435635.70831130,40.06469443,-88.20708189,2481.64642672,3923.75865526,2482,3924,397057.90065391,4435635.74632559,40.06469454,-88.20710456,2509.16399544,3890.21423560,397058.88890702,4435636.95097477,40.06470551,-88.20709316,4.73193359,"POLYGON((2482.862 3855.611, 2536.682 3856.670, 2535.466 3924.817, 2481.646 3923.759, 2482.862 3855.611))","POLYGON((397057.944 4435638.194, 397059.877 4435638.156, 397059.834 4435635.708, 397057.901 4435635.746, 397057.944 4435638.194))"
B3_R4_C2,B3,3,4,2,LD20-4471,8,20,94.05000000,50.00000000,100.89000000,58.00000000,2536.68156415,3856.66981595,2537,3857,397059.87716012,4435638.15562395,40.06471648,-88.20708177,2590.50120866,3857.72835431,2591,3858,397061.81001368,4435638.11760966,40.06471638,-88.20705910,2589.28571573,3925.87573197,2589,3926,397061.76636104,4435635.67029701,40.06469433,-88.20705922,2535.46607123,3924.81719361,2535,3925,397059.83350748,4435635.70831130,40.06469443,-88.20708189,2562.98363994,3891.27277396,397060.82176058,4435636.91296048,40.06470541,-88.20707050,4.73144531,"POLYGON((2536.682 3856.670, 2590.501 3857.728, 2589.286 3925.876, 2535.466 3924.817, 2536.682 3856.670))","POLYGON((397059.877 4435638.156, 397061.810 4435638.118, 397061.766 4435635.670, 397059.834 4435635.708, 397059.877 4435638.156))"
B3_R4_C3,B3,3,4,3,LG3216,7,20,100.89000000,50.00000000,107.73000000,58.00000000,2590.50120866,3857.72835431,2591,3858,397061.81001368,4435638.11760966,40.06471638,-88.20705910,2644.32085317,3858.78689267,2644,3859,397063.74286725,4435638.07959537,40.06471627,-88.20703644,2643.10536024,3926.93427033,2643,3927,397063.69921460,4435635.63228272,40.06469422,-88.20703656,2589.28571573,3925.87573197,2589,3926,397061.76636104,4435635.67029701,40.06469433,-88.20705922,2616.80328445,3892.33131232,397062.75461414,4435636.87494619,40.06470530,-88.20704783,4.73193359,"POLYGON((2590.501 3857.728, 2644.321 3858.787, 2643.105 3926.934, 2589.286 3925.876, 2590.501 3857.728))","POLYGON((397061.810 4435638.118, 397063.743 4435638.080, 397063.699 4435635.632, 397061.766 4435635.670, 397061.810 4435638.118))"
B3_R4_C4,B3,3,4,4,LD20-4988,6,20,107.72000000,50.00000000,114.56000000,58.00000000,2644.24216948,3858.78534510,2644,3859,397063.74004144,4435638.07965095,40.06471627,-88.20703647,2698.06181398,3859.84388346,2698,3860,397065.67289500,4435638.04163666,40.06471617,-88.20701380,2696.84632106,3927.99126112,2697,3928,397065.62924236,4435635.59432400,40.06469412,-88.20701392,2643.02667655,3926.93272276,2643,3927,397063.69638879,4435635.63233829,40.06469422,-88.20703659,2670.54424527,3893.38830311,397064.68464190,4435636.83698747,40.06470519,-88.20702520,4.73193359,"POLYGON((2644.242 3858.785, 2698.062 3859.844, 2696.846 3927.991, 2643.027 3926.933, 2644.242 3858.785))","POLYGON((397063.740 4435638.080, 397065.673 4435638.042, 397065.629 4435635.594, 397063.696 4435635.632, 397063.740 4435638.080))"
B3_R5_C0,B3,3,5,0,LG3216,10,19,80.37000000,60.00000000,87.21000000,68.00000000,2430.56164130,3769.36851716,2431,3769,397056.06601880,4435641.29079336,40.06474426,-88.20712695,2484.38128581,3770.42705552,2484,3770,397057.99887236,4435641.25277907,40.06474415,-88.20710428,2483.16579288,3838.57443318,2483,3839,397057.95521972,4435638.80546641,40.06472210,-88.20710440,2429.34614837,3837.51589482,2429,3838,397056.02236615,4435638.84348070,40.06472221,-88.20712707,2456.86371709,3803.97147517,397057.01061926,4435640.04812988,40.06473318,-88.20711567,4.73144531,"POLYGON((2430.562 3769.369, 2484.381 3770.427, 2483.166 3838.574, 2429.346 3837.516, 2430.562 3769.369))","POLYGON((397056.066 4435641.291, 397057.999 4435641.253, 397057.955 4435638.805, 397056.022 4435638.843, 397056.066 4435641.291))"
B3_R5_C1,B3,3,5,1,LD21-7234,9,19,87.21000000,60.00000000,94.05000000,68.00000000,2484.38128581,3770.42705552,2484,3770,397057.99887236,4435641.25277907,40.06474415,-88.20710428,2538.20093031,3771.48559388,2538,3771,397059.93172593,4435641.21476477,40.06474405,-88.20708161,2536.98543739,3839.63297154,2537,3840,397059.88807328,4435638.76745212,40.06472200,-88.20708174,2483.16579288,3838.57443318,2483,3839,397057.95521972,4435638.80546641,40.06472210,-88.20710440,2510.68336160,3805.03001353,397058.94347282,4435640.01011559,40.06473308,-88.20709301,4.73193359,"POLYGON((2484.381 3770.427, 2538.201 3771.486, 2536.985 3839.633, 2483.166 3838.574, 2484.381 3770.427))","POLYGON((397057.999 4435641.253, 397059.932 4435641.215, 397059.888 4435638.767, 397057.955 4435638.805, 397057.999 4435641.253))"
B3_R5_C2,B3,3,5,2,LG3216,8,19,94.05000000,60.00000000,100.89000000,68.00000000,2538.20093031,3771.48559388,2538,3771,397059.93172593,4435641.21476477,40.06474405,-88.20708161,2592.02057482,3772.54413224,2592,3773,397061.86457949,4435641.17675048,40.06474394,-88.20705895,2590.80508189,3840.69150990,2591,3841,397061.82092685,4435638.72943783,40.06472189,-88.20705907,2536.98543739,3839.63297154,2537,3840,397059.88807328,4435638.76745212,40.06472200,-88.20708174,2564.50300610,3806.08855189,397060.87632639,4435639.97210130,40.06473297,-88.20707034,4.73193359,"POLYGON((2538.201 3771.486, 2592.021 3772.544, 2590.805 3840.692, 2536.985 3839.633, 2538.201 3771.486))","POLYGON((397059.932 4435641.215, 397061.865 4435641.177, 397061.821 4435638.729, 397059.888 4435638.767, 397059.932 4435641.215))"
B3_R5_C3,B3,3,5,3,LD21-5665,7,19,100.89000000,60.00000000,107.73000000,68.00000000,2592.02057482,3772.54413224,2592,3773,397061.86457949,4435641.17675048,40.06474394,-88.20705895,2645.84021933,3773.60267060,2646,3774,397063.79743305,4435641.13873619,40.06474383,-88.20703628,2644.62472640,3841.75004826,2645,3842,397063.75378041,4435638.69142353,40.06472178,-88.20703640,2590.80508189,3840.69150990,2591,3841,397061.82092685,4435638.72943783,40.06472189,-88.20705907,2618.32265061,3807.14709025,397062.80917995,4435639.93408701,40.06473286,-88.20704768,4.73242188,"POLYGON((2592.021 3772.544, 2645.840 3773.603, 2644.625 3841.750, 2590.805 3840.692, 2592.021 3772.544))","POLYGON((397061.865 4435641.177, 397063.797 4435641.139, 397063.754 4435638.691, 397061.821 4435638.729, 397061.865 4435641.177))"
B3_R5_C4,B3,3,5,4,LG3216,6,19,107.72000000,60.00000000,114.56000000,68.00000000,2645.76153564,3773.60112302,2646,3774,397063.79460724,4435641.13879177,40.06474383,-88.20703631,2699.58118014,3774.65966138,2700,3775,397065.72746081,4435641.10077747,40.06474373,-88.20701365,2698.36568722,3842.80703905,2698,3843,397065.68380816,4435638.65346482,40.06472168,-88.20701377,2644.54604271,3841.74850069,2645,3842,397063.75095460,4435638.69147911,40.06472179,-88.20703644,2672.06361143,3808.20408104,397064.73920770,4435639.89612829,40.06473276,-88.20702504,4.73242188,"POLYGON((2645.762 3773.601, 2699.581 3774.660, 2698.366 3842.807, 2644.546 3841.749, 2645.762 3773.601))","POLYGON((397063.795 4435641.139, 397065.727 4435641.101, 397065.684 4435638.653, 397063.751 4435638.691, 397063.795 4435641.139))"
B3_R6_C0,B3,3,6,0,LD19-10244,10,18,80.37000000,70.00000000,87.21000000,78.00000000,2432.08100746,3684.18429508,2432,3684,397056.12058461,4435644.34993418,40.06477182,-88.20712679,2485.90065197,3685.24283344,2486,3685,397058.05343817,4435644.31191989,40.06477172,-88.20710413,2484.68515904,3753.39021110,2485,3753,397058.00978552,4435641.86460723,40.06474967,-88.20710425,2430.86551453,3752.33167274,2431,3752,397056.07693196,4435641.90262152,40.06474977,-88.20712692,2458.38308325,3718.78725309,397057.06518506,4435643.10727070,40.06476074,-88.20711552,4.73193359,"POLYGON((2432.081 3684.184, 2485.901 3685.243, 2484.685 3753.390, 2430.866 3752.332, 2432.081 3684.184))","POLYGON((397056.121 4435644.350, 397058.053 4435644.312, 397058.010 4435641.865, 397056.077 4435641.903, 397056.121 4435644.350))"
B3_R6_C1,B3,3,6,1,LG3216,9,18,87.21000000,70.00000000,94.05000000,78.00000000,2485.90065197,3685.24283344,2486,3685,397058.05343817,4435644.31191989,40.06477172,-88.20710413,2539.72029647,3686.30137180,2540,3686,397059.98629173,4435644.27390559,40.06477161,-88.20708146,2538.50480355,3754.44874946,2539,3754,397059.94263909,4435641.82659294,40.06474956,-88.20708158,2484.68515904,3753.39021110,2485,3753,397058.00978552,4435641.86460723,40.06474967,-88.20710425,2512.20272776,3719.84579145,397058.99803863,4435643.06925641,40.06476064,-88.20709285,4.73193359,"POLYGON((2485.901 3685.243, 2539.720 3686.301, 2538.505 3754.449, 2484.685 3753.390, 2485.901 3685.243))","POLYGON((397058.053 4435644.312, 397059.986 4435644.274, 397059.943 4435641.827, 397058.010 4435641.865, 397058.053 4435644.312))"
B3_R6_C2,B3,3,6,2,LD19-10076,8,18,94.05000000,70.00000000,100.89000000,78.00000000,2539.72029647,3686.30137180,2540,3686,397059.98629173,4435644.27390559,40.06477161,-88.20708146,2593.53994098,3687.35991016,2594,3687,397061.91914530,4435644.23589130,40.06477150,-88.20705879,2592.32444805,3755.50728782,2592,3756,397061.87549265,4435641.78857865,40.06474945,-88.20705892,2538.50480355,3754.44874946,2539,3754,397059.94263909,4435641.82659294,40.06474956,-88.20708158,2566.02237226,3720.90432981,397060.93089219,4435643.03124212,40.06476053,-88.20707019,4.73193359,"POLYGON((2539.720 3686.301, 2593.540 3687.360, 2592.324 3755.507, 2538.505 3754.449, 2539.720 3686.301))","POLYGON((397059.986 4435644.274, 397061.919 4435644.236, 397061.875 4435641.789, 397059.943 4435641.827, 397059.986 4435644.274))"
B3_R6_C3,B3,3,6,3,LG3216,7,18,100.89000000,70.00000000,107.73000000,78.00000000,2593.53994098,3687.35991016,2594,3687,397061.91914530,4435644.23589130,40.06477150,-88.20705879,2647.35958549,3688.41844852,2647,3688,397063.85199886,4435644.19787701,40.06477140,-88.20703613,2646.14409256,3756.56582618,2646,3757,397063.80834622,4435641.75056435,40.06474935,-88.20703625,2592.32444805,3755.50728782,2592,3756,397061.87549265,4435641.78857865,40.06474945,-88.20705892,2619.84201677,3721.96286817,397062.86374576,4435642.99322783,40.06476043,-88.20704752,4.73193359,"POLYGON((2593.540 3687.360, 2647.360 3688.418, 2646.144 3756.566, 2592.324 3755.507, 2593.540 3687.360))","POLYGON((397061.919 4435644.236, 397063.852 4435644.198, 397063.808 4435641.751, 397061.875 4435641.789, 397061.919 4435644.236))"
B3_R6_C4,B3,3,6,4,LD21-5991,6,18,107.72000000,70.00000000,114.56000000,78.00000000,2647.28090180,3688.41690095,2647,3688,397063.84917305,4435644.19793259,40.06477140,-88.20703616,2701.10054630,3689.47543931,2701,3689,397065.78202661,4435644.15991829,40.06477129,-88.20701350,2699.88505338,3757.62281697,2700,3758,397065.73837397,4435641.71260564,40.06474924,-88.20701362,2646.06540887,3756.56427861,2646,3757,397063.80552041,4435641.75061993,40.06474935,-88.20703628,2673.58297759,3723.01985896,397064.79377351,4435642.95526911,40.06476032,-88.20702489,4.73193359,"POLYGON((2647.281 3688.417, 2701.101 3689.475, 2699.885 3757.623, 2646.065 3756.564, 2647.281 3688.417))","POLYGON((397063.849 4435644.198, 397065.782 4435644.160, 397065.738 4435641.713, 397063.806 4435641.751, 397063.849 4435644.198))"
B3_R7_C0,B3,3,7,0,LG3216,10,17,80.37000000,80.00000000,87.21000000,88.00000000,2433.60037362,3599.00007300,2434,3599,397056.17515041,4435647.40907500,40.06479938,-88.20712664,2487.42001813,3600.05861136,2487,3600,397058.10800398,4435647.37106070,40.06479928,-88.20710397,2486.20452520,3668.20598902,2486,3668,397058.06435133,4435644.92374805,40.06477723,-88.20710410,2432.38488069,3667.14745066,2432,3667,397056.13149777,4435644.96176234,40.06477733,-88.20712676,2459.90244941,3633.60303101,397057.11975087,4435646.16641152,40.06478831,-88.20711537,4.73193359,"POLYGON((2433.600 3599.000, 2487.420 3600.059, 2486.205 3668.206, 2432.385 3667.147, 2433.600 3599.000))","POLYGON((397056.175 4435647.409, 397058.108 4435647.371, 397058.064 4435644.924, 397056.131 4435644.962, 397056.175 4435647.409))"
B3_R7_C1,B3,3,7,1,LD17-10473L,9,17,87.21000000,80.00000000,94.05000000,88.00000000,2487.42001813,3600.05861136,2487,3600,397058.10800398,4435647.37106070,40.06479928,-88.20710397,2541.23966263,3601.11714972,2541,3601,397060.04085754,4435647.33304641,40.06479917,-88.20708131,2540.02416971,3669.26452738,2540,3669,397059.99720489,4435644.88573376,40.06477712,-88.20708143,2486.20452520,3668.20598902,2486,3668,397058.06435133,4435644.92374805,40.06477723,-88.20710410,2513.72209392,3634.66156937,397059.05260443,4435646.12839723,40.06478820,-88.20709270,4.73193359,"POLYGON((2487.420 3600.059, 2541.240 3601.117, 2540.024 3669.265, 2486.205 3668.206, 2487.420 3600.059))","POLYGON((397058.108 4435647.371, 397060.041 4435647.333, 397059.997 4435644.886, 397058.064 4435644.924, 397058.108 4435647.371))"
B3_R7_C2,B3,3,7,2,LG3216,8,17,94.05000000,80.00000000,100.89000000,88.00000000,2541.23966263,3601.11714972,2541,3601,397060.04085754,4435647.33304641,40.06479917,-88.20708131,2595.05930714,3602.17568808,2595,3602,397061.97371110,4435647.29503212,40.06479907,-88.20705864,2593.84381421,3670.32306574,2594,3670,397061.93005846,4435644.84771947,40.06477702,-88.20705876,2540.02416971,3669.26452738,2540,3669,397059.99720489,4435644.88573376,40.06477712,-88.20708143,2567.54173842,3635.72010773,397060.98545800,4435646.09038294,40.06478809,-88.20707004,4.73193359,"POLYGON((2541.240 3601.117, 2595.059 3602.176, 2593.844 3670.323, 2540.024 3669.265, 2541.240 3601.117))","POLYGON((397060.041 4435647.333, 397061.974 4435647.295, 397061.930 4435644.848, 397059.997 4435644.886, 397060.041 4435647.333))"
B3_R7_C3,B3,3,7,3,LD20-5413,7,17,100.89000000,80.00000000,107.73000000,88.00000000,2595.05930714,3602.17568808,2595,3602,397061.97371110,4435647.29503212,40.06479907,-88.20705864,2648.87895165,3603.23422644,2649,3603,397063.90656467,4435647.25701783,40.06479896,-88.20703598,2647.66345872,3671.38160410,2648,3671,397063.86291202,4435644.80970517,40.06477691,-88.20703610,2593.84381421,3670.32306574,2594,3670,397061.93005846,4435644.84771947,40.06477702,-88.20705876,2621.36138293,3636.77864609,397062.91831156,4435646.05236865,40.06478799,-88.20704737,4.73193359,"POLYGON((2595.059 3602.176, 2648.879 3603.234, 2647.663 3671.382, 2593.844 3670.323, 2595.059 3602.176))","POLYGON((397061.974 4435647.295, 397063.907 4435647.257, 397063.863 4435644.810, 397061.930 4435644.848, 397061.974 4435647.295))"
B3_R7_C4,B3,3,7,4,LG3216,6,17,107.72000000,80.00000000,114.56000000,88.00000000,2648.80026796,3603.23267887,2649,3603,397063.90373886,4435647.25707341,40.06479896,-88.20703601,2702.61991246,3604.29121723,2703,3604,397065.83659242,4435647.21905911,40.06479885,-88.20701334,2701.40441954,3672.43859489,2701,3672,397065.79293978,4435644.77174646,40.06477680,-88.20701346,2647.58477503,3671.38005653,2648,3671,397063.86008621,4435644.80976075,40.06477691,-88.20703613,2675.10234375,3637.83563688,397064.84833932,4435646.01440993,40.06478788,-88.20702474,4.73193359,"POLYGON((2648.800 3603.233, 2702.620 3604.291, 2701.404 3672.439, 2647.585 3671.380, 2648.800 3603.233))","POLYGON((397063.904 4435647.257, 397065.837 4435647.219, 397065.793 4435644.772, 397063.860 4435644.810, 397063.904 4435647.257))"
B4_R0_C0,B4,4,0,0,AG34XF6,5,24,115.81000000,10.00000000,122.65000000,18.00000000,2701.81981070,4200.77421811,2702,4201,397065.80785794,4435625.79812632,40.06460590,-88.20701027,2755.63945520,4201.83275647,2756,4202,397067.74071150,4435625.76011203,40.06460579,-88.20698761,2754.42396228,4269.98013413,2754,4270,397067.69705886,4435623.31279937,40.06458374,-88.20698773,2700.60431777,4268.92159577,2701,4269,397065.76420530,4435623.35081367,40.06458385,-88.20701040,2728.12188649,4235.37717612,397066.75245840,4435624.55546285,40.06459482,-88.20699900,4.73144531,"POLYGON((2701.820 4200.774, 2755.639 4201.833, 2754.424 4269.980, 2700.604 4268.922, 2701.820 4200.774))","POLYGON((397065.808 4435625.798, 397067.741 4435625.760, 397067.697 4435623.313, 397065.764 4435623.351, 397065.808 4435625.798))"
B4_R0_C1,B4,4,0,1,LD17-10473F,4,24,122.65000000,10.00000000,129.49000000,18.00000000,2755.63945520,4201.83275647,2756,4202,397067.74071150,4435625.76011203,40.06460579,-88.20698761,2809.45909971,4202.89129483,2809,4203,397069.67356507,4435625.72209774,40.06460568,-88.20696494,2808.24360678,4271.03867249,2808,4271,397069.62991242,4435623.27478508,40.06458363,-88.20696506,2754.42396228,4269.98013413,2754,4270,397067.69705886,4435623.31279937,40.06458374,-88.20698773,2781.94153099,4236.43571448,397068.68531196,4435624.51744855,40.06459471,-88.20697634,4.73193359,"POLYGON((2755.639 4201.833, 2809.459 4202.891, 2808.244 4271.039, 2754.424 4269.980, 2755.639 4201.833))","POLYGON((397067.741 4435625.760, 397069.674 4435625.722, 397069.630 4435623.275, 397067.697 4435623.313, 397067.741 4435625.760))"
B4_R0_C2,B4,4,0,2,AG35XF5,3,24,129.49000000,10.00000000,136.33000000,18.00000000,2809.45909971,4202.89129483,2809,4203,397069.67356507,4435625.72209774,40.06460568,-88.20696494,2863.27874422,4203.94983319,2863,4204,397071.60641863,4435625.68408344,40.06460558,-88.20694228,2862.06325129,4272.09721085,2862,4272,397071.56276599,4435623.23677079,40.06458353,-88.20694240,2808.24360678,4271.03867249,2808,4271,397069.62991242,4435623.27478508,40.06458363,-88.20696506,2835.76117550,4237.49425284,397070.61816553,4435624.47943426,40.06459461,-88.20695367,4.73242188,"POLYGON((2809.459 4202.891, 2863.279 4203.950, 2862.063 4272.097, 2808.244 4271.039, 2809.459 4202.891))","POLYGON((397069.674 4435625.722, 397071.606 4435625.684, 397071.563 4435623.237, 397069.630 4435623.275, 397069.674 4435625.722))"
B4_R0_C3,B4,4,0,3,LD21-3090,2,24,136.32000000,10.00000000,143.16000000,18.00000000,2863.20006053,4203.94828562,2863,4204,397071.60359282,4435625.68413902,40.06460558,-88.20694231,2917.01970503,4205.00682398,2917,4205,397073.53644639,4435625.64612473,40.06460547,-88.20691964,2915.80421211,4273.15420164,2916,4273,397073.49279374,4435623.19881207,40.06458342,-88.20691977,2861.98456760,4272.09566328,2862,4272,397071.55994018,4435623.23682636,40.06458353,-88.20694243,2889.50213632,4238.55124363,397072.54819328,4435624.44147555,40.06459450,-88.20693104,4.73144531,"POLYGON((2863.200 4203.948, 2917.020 4205.007, 2915.804 4273.154, 2861.985 4272.096, 2863.200 4203.948))","POLYGON((397071.604 4435625.684, 397073.536 4435625.646, 397073.493 4435623.199, 397071.560 4435623.237, 397071.604 4435625.684))"
B4_R0_C4,B4,4,0,4,AG40XFF5,1,24,143.16000000,10.00000000,150.00000000,18.00000000,2917.01970503,4205.00682398,2917,4205,397073.53644639,4435625.64612473,40.06460547,-88.20691964,2970.83934954,4206.06536234,2971,4206,397075.46929995,4435625.60811044,40.06460537,-88.20689698,2969.62385661,4274.21274000,2970,4274,397075.42564730,4435623.16079778,40.06458332,-88.20689710,2915.80421211,4273.15420164,2916,4273,397073.49279374,4435623.19881207,40.06458342,-88.20691977,2943.32178082,4239.60978199,397074.48104685,4435624.40346126,40.06459439,-88.20690837,4.73193359,"POLYGON((2917.020 4205.007, 2970.839 4206.065, 2969.624 4274.213, 2915.804 4273.154, 2917.020 4205.007))","POLYGON((397073.536 4435625.646, 397075.469 4435625.608, 397075.426 4435623.161, 397073.493 4435623.199, 397073.536 4435625.646))"
B4_R1_C0,B4,4,1,0,LD21-7234,5,23,115.81000000,20.00000000,122.65000000,28.00000000,2703.33917686,4115.58999603,2703,4116,397065.86242375,4435628.85726714,40.06463346,-88.20701012,2757.15882136,4116.64853439,2757,4117,397067.79527731,4435628.81925285,40.06463335,-88.20698745,2755.94332844,4184.79591205,2756,4185,397067.75162467,4435626.37194019,40.06461130,-88.20698758,2702.12368393,4183.73737369,2702,4184,397065.81877110,4435626.40995448,40.06461141,-88.20701024,2729.64125265,4150.19295404,397066.80702421,4435627.61460367,40.06462238,-88.20699885,4.73193359,"POLYGON((2703.339 4115.590, 2757.159 4116.649, 2755.943 4184.796, 2702.124 4183.737, 2703.339 4115.590))","POLYGON((397065.862 4435628.857, 397067.795 4435628.819, 397067.752 4435626.372, 397065.819 4435626.410, 397065.862 4435628.857))"
B4_R1_C1,B4,4,1,1,AG36XF4,4,23,122.65000000,20.00000000,129.49000000,28.00000000,2757.15882136,4116.64853439,2757,4117,397067.79527731,4435628.81925285,40.06463335,-88.20698745,2810.97846587,4117.70707275,2811,4118,397069.72813087,4435628.78123856,40.06463325,-88.20696479,2809.76297294,4185.85445041,2810,4186,397069.68447823,4435626.33392590,40.06461120,-88.20696491,2755.94332844,4184.79591205,2756,4185,397067.75162467,4435626.37194019,40.06461130,-88.20698758,2783.46089715,4151.25149240,397068.73987777,4435627.57658937,40.06462227,-88.20697618,4.73193359,"POLYGON((2757.159 4116.649, 2810.978 4117.707, 2809.763 4185.854, 2755.943 4184.796, 2757.159 4116.649))","POLYGON((397067.795 4435628.819, 397069.728 4435628.781, 397069.684 4435626.334, 397067.752 4435626.372, 397067.795 4435628.819))"
B4_R1_C2,B4,4,1,2,LD21-5665,3,23,129.49000000,20.00000000,136.33000000,28.00000000,2810.97846587,4117.70707275,2811,4118,397069.72813087,4435628.78123856,40.06463325,-88.20696479,2864.79811038,4118.76561111,2865,4119,397071.66098444,4435628.74322426,40.06463314,-88.20694212,2863.58261745,4186.91298877,2864,4187,397071.61733179,4435626.29591161,40.06461109,-88.20694224,2809.76297294,4185.85445041,2810,4186,397069.68447823,4435626.33392590,40.06461120,-88.20696491,2837.28054166,4152.31003076,397070.67273133,4435627.53857508,40.06462217,-88.20695352,4.73193359,"POLYGON((2810.978 4117.707, 2864.798 4118.766, 2863.583 4186.913, 2809.763 4185.854, 2810.978 4117.707))","POLYGON((397069.728 4435628.781, 397071.661 4435628.743, 397071.617 4435626.296, 397069.684 4435626.334, 397069.728 4435628.781))"
B4_R1_C3,B4,4,1,3,AG38XF6,2,23,136.32000000,20.00000000,143.16000000,28.00000000,2864.71942669,4118.76406354,2865,4119,397071.65815863,4435628.74327984,40.06463314,-88.20694216,2918.53907119,4119.82260190,2919,4120,397073.59101219,4435628.70526555,40.06463303,-88.20691949,2917.32357827,4187.96997956,2917,4188,397073.54735955,4435626.25795289,40.06461098,-88.20691961,2863.50393376,4186.91144120,2864,4187,397071.61450598,4435626.29596718,40.06461109,-88.20694228,2891.02150248,4153.36702155,397072.60275909,4435627.50061637,40.06462206,-88.20693088,4.73193359,"POLYGON((2864.719 4118.764, 2918.539 4119.823, 2917.324 4187.970, 2863.504 4186.911, 2864.719 4118.764))","POLYGON((397071.658 4435628.743, 397073.591 4435628.705, 397073.547 4435626.258, 397071.615 4435626.296, 397071.658 4435628.743))"
B4_R1_C4,B4,4,1,4,LD21-5253,1,23,143.16000000,20.00000000,150.00000000,28.00000000,2918.53907119,4119.82260190,2919,4120,397073.59101219,4435628.70526555,40.06463303,-88.20691949,2972.35871570,4120.88114026,2972,4121,397075.52386576,4435628.66725126,40.06463293,-88.20689682,2971.14322277,4189.02851792,2971,4189,397075.48021311,4435626.21993860,40.06461088,-88.20689695,2917.32357827,4187.96997956,2917,4188,397073.54735955,4435626.25795289,40.06461098,-88.20691961,2944.84114698,4154.42555991,397074.53561265,4435627.46260207,40.06462196,-88.20690822,4.73144531,"POLYGON((2918.539 4119.823, 2972.359 4120.881, 2971.143 4189.029, 2917.324 4187.970, 2918.539 4119.823))","POLYGON((397073.591 4435628.705, 397075.524 4435628.667, 397075.480 4435626.220, 397073.547 4435626.258, 397073.591 4435628.705))"
B4_R2_C0,B4,4,2,0,AG34XF6,5,22,115.81000000,30.00000000,122.65000000,38.00000000,2704.85854302,4030.40577395,2705,4030,397065.91698955,4435631.91640796,40.06466102,-88.20700997,2758.67818752,4031.46431231,2759,4031,397067.84984312,4435631.87839367,40.06466092,-88.20698730,2757.46269460,4099.61168998,2757,4100,397067.80619047,4435629.43108101,40.06463887,-88.20698742,2703.64305009,4098.55315162,2704,4099,397065.87333691,4435629.46909530,40.06463897,-88.20701009,2731.16061881,4065.00873197,397066.86159001,4435630.67374449,40.06464994,-88.20699869,4.73193359,"POLYGON((2704.859 4030.406, 2758.678 4031.464, 2757.463 4099.612, 2703.643 4098.553, 2704.859 4030.406))","POLYGON((397065.917 4435631.916, 397067.850 4435631.878, 397067.806 4435629.431, 397065.873 4435629.469, 397065.917 4435631.916))"
B4_R2_C1,B4,4,2,1,LD07-3395bf,4,22,122.65000000,30.00000000,129.49000000,38.00000000,2758.67818752,4031.46431231,2759,4031,397067.84984312,4435631.87839367,40.06466092,-88.20698730,2812.49783203,4032.52285067,2812,4033,397069.78269668,4435631.84037938,40.06466081,-88.20696463,2811.28233910,4100.67022834,2811,4101,397069.73904404,4435629.39306672,40.06463876,-88.20696476,2757.46269460,4099.61168998,2757,4100,397067.80619047,4435629.43108101,40.06463887,-88.20698742,2784.98026331,4066.06727033,397068.79444358,4435630.63573019,40.06464984,-88.20697603,4.73193359,"POLYGON((2758.678 4031.464, 2812.498 4032.523, 2811.282 4100.670, 2757.463 4099.612, 2758.678 4031.464))","POLYGON((397067.850 4435631.878, 397069.783 4435631.840, 397069.739 4435629.393, 397067.806 4435629.431, 397067.850 4435631.878))"
B4_R2_C2,B4,4,2,2,AG38XF6,3,22,129.49000000,30.00000000,136.33000000,38.00000000,2812.49783203,4032.52285067,2812,4033,397069.78269668,4435631.84037938,40.06466081,-88.20696463,2866.31747654,4033.58138903,2866,4034,397071.71555024,4435631.80236508,40.06466070,-88.20694197,2865.10198361,4101.72876670,2865,4102,397071.67189760,4435629.35505243,40.06463865,-88.20694209,2811.28233910,4100.67022834,2811,4101,397069.73904404,4435629.39306672,40.06463876,-88.20696476,2838.79990782,4067.12580869,397070.72729714,4435630.59771590,40.06464973,-88.20695336,4.73242188,"POLYGON((2812.498 4032.523, 2866.317 4033.581, 2865.102 4101.729, 2811.282 4100.670, 2812.498 4032.523))","POLYGON((397069.783 4435631.840, 397071.716 4435631.802, 397071.672 4435629.355, 397069.739 4435629.393, 397069.783 4435631.840))"
B4_R2_C3,B4,4,2,3,LD20-11748,2,22,136.32000000,30.00000000,143.16000000,38.00000000,2866.23879285,4033.57984146,2866,4034,397071.71272443,4435631.80242066,40.06466070,-88.20694200,2920.05843735,4034.63837982,2920,4035,397073.64557800,4435631.76440637,40.06466060,-88.20691934,2918.84294443,4102.78575749,2919,4103,397073.60192535,4435629.31709371,40.06463855,-88.20691946,2865.02329992,4101.72721913,2865,4102,397071.66907179,4435629.35510800,40.06463865,-88.20694212,2892.54086864,4068.18279947,397072.65732489,4435630.55975719,40.06464962,-88.20693073,4.73242188,"POLYGON((2866.239 4033.580, 2920.058 4034.638, 2918.843 4102.786, 2865.023 4101.727, 2866.239 4033.580))","POLYGON((397071.713 4435631.802, 397073.646 4435631.764, 397073.602 4435629.317, 397071.669 4435629.355, 397071.713 4435631.802))"
B4_R2_C4,B4,4,2,4,AG35XF5,1,22,143.16000000,30.00000000,150.00000000,38.00000000,2920.05843735,4034.63837982,2920,4035,397073.64557800,4435631.76440637,40.06466060,-88.20691934,2973.87808186,4035.69691818,2974,4036,397075.57843156,4435631.72639208,40.06466049,-88.20689667,2972.66258893,4103.84429585,2973,4104,397075.53477892,4435629.27907942,40.06463844,-88.20689679,2918.84294443,4102.78575749,2919,4103,397073.60192535,4435629.31709371,40.06463855,-88.20691946,2946.36051314,4069.24133783,397074.59017846,4435630.52174289,40.06464952,-88.20690806,4.73242188,"POLYGON((2920.058 4034.638, 2973.878 4035.697, 2972.663 4103.844, 2918.843 4102.786, 2920.058 4034.638))","POLYGON((397073.646 4435631.764, 397075.578 4435631.726, 397075.535 4435629.279, 397073.602 4435629.317, 397073.646 4435631.764))"
B4_R3_C0,B4,4,3,0,LD21-5944,5,21,115.81000000,40.00000000,122.65000000,48.00000000,2706.37790918,3945.22155188,2706,3945,397065.97155536,4435634.97554878,40.06468858,-88.20700981,2760.19755368,3946.28009024,2760,3946,397067.90440892,4435634.93753449,40.06468848,-88.20698715,2758.98206075,4014.42746790,2759,4014,397067.86075628,4435632.49022183,40.06466643,-88.20698727,2705.16241625,4013.36892954,2705,4013,397065.92790271,4435632.52823612,40.06466653,-88.20700994,2732.67998497,3979.82450989,397066.91615582,4435633.73288530,40.06467751,-88.20699854,4.73144531,"POLYGON((2706.378 3945.222, 2760.198 3946.280, 2758.982 4014.427, 2705.162 4013.369, 2706.378 3945.222))","POLYGON((397065.972 4435634.976, 397067.904 4435634.938, 397067.861 4435632.490, 397065.928 4435632.528, 397065.972 4435634.976))"
B4_R3_C1,B4,4,3,1,AG36XF4,4,21,122.65000000,40.00000000,129.49000000,48.00000000,2760.19755368,3946.28009024,2760,3946,397067.90440892,4435634.93753449,40.06468848,-88.20698715,2814.01719819,3947.33862860,2814,3947,397069.83726249,4435634.89952020,40.06468837,-88.20696448,2812.80170526,4015.48600626,2813,4015,397069.79360984,4435632.45220754,40.06466632,-88.20696460,2758.98206075,4014.42746790,2759,4014,397067.86075628,4435632.49022183,40.06466643,-88.20698727,2786.49962947,3980.88304825,397068.84900938,4435633.69487101,40.06467740,-88.20697588,4.73144531,"POLYGON((2760.198 3946.280, 2814.017 3947.339, 2812.802 4015.486, 2758.982 4014.427, 2760.198 3946.280))","POLYGON((397067.904 4435634.938, 397069.837 4435634.900, 397069.794 4435632.452, 397067.861 4435632.490, 397067.904 4435634.938))"
B4_R3_C2,B4,4,3,2,LD17-10473F,3,21,129.49000000,40.00000000,136.33000000,48.00000000,2814.01719819,3947.33862860,2814,3947,397069.83726249,4435634.89952020,40.06468837,-88.20696448,2867.83684270,3948.39716696,2868,3948,397071.77011605,4435634.86150590,40.06468827,-88.20694182,2866.62134977,4016.54454462,2867,4017,397071.72646341,4435632.41419325,40.06466622,-88.20694194,2812.80170526,4015.48600626,2813,4015,397069.79360984,4435632.45220754,40.06466632,-88.20696460,2840.31927398,3981.94158661,397070.78186295,4435633.65685672,40.06467729,-88.20695321,4.73193359,"POLYGON((2814.017 3947.339, 2867.837 3948.397, 2866.621 4016.545, 2812.802 4015.486, 2814.017 3947.339))","POLYGON((397069.837 4435634.900, 397071.770 4435634.862, 397071.726 4435632.414, 397069.794 4435632.452, 397069.837 4435634.900))"
B4_R3_C3,B4,4,3,3,AG40XFF5,2,21,136.32000000,40.00000000,143.16000000,48.00000000,2867.75815901,3948.39561939,2868,3948,397071.76729024,4435634.86156148,40.06468827,-88.20694185,2921.57780351,3949.45415775,2922,3949,397073.70014380,4435634.82354719,40.06468816,-88.20691918,2920.36231058,4017.60153541,2920,4018,397073.65649116,4435632.37623453,40.06466611,-88.20691931,2866.54266608,4016.54299705,2867,4017,397071.72363760,4435632.41424882,40.06466622,-88.20694197,2894.06023480,3982.99857740,397072.71189070,4435633.61889801,40.06467719,-88.20693058,4.73193359,"POLYGON((2867.758 3948.396, 2921.578 3949.454, 2920.362 4017.602, 2866.543 4016.543, 2867.758 3948.396))","POLYGON((397071.767 4435634.862, 397073.700 4435634.824, 397073.656 4435632.376, 397071.724 4435632.414, 397071.767 4435634.862))"
B4_R3_C4,B4,4,3,4,LD21-5944,1,21,143.16000000,40.00000000,150.00000000,48.00000000,2921.57780351,3949.45415775,2922,3949,397073.70014380,4435634.82354719,40.06468816,-88.20691918,2975.39744802,3950.51269611,2975,3951,397075.63299737,4435634.78553289,40.06468805,-88.20689652,2974.18195509,4018.66007377,2974,4019,397075.58934472,4435632.33822024,40.06466600,-88.20689664,2920.36231058,4017.60153541,2920,4018,397073.65649116,4435632.37623453,40.06466611,-88.20691931,2947.87987930,3984.05711576,397074.64474426,4435633.58088371,40.06467708,-88.20690791,4.73242188,"POLYGON((2921.578 3949.454, 2975.397 3950.513, 2974.182 4018.660, 2920.362 4017.602, 2921.578 3949.454))","POLYGON((397073.700 4435634.824, 397075.633 4435634.786, 397075.589 4435632.338, 397073.656 4435632.376, 397073.700 4435634.824))"
B4_R4_C0,B4,4,4,0,AG40XFF5,5,20,115.81000000,50.00000000,122.65000000,58.00000000,2707.89727533,3860.03732980,2708,3860,397066.02612117,4435638.03468960,40.06471615,-88.20700966,2761.71691984,3861.09586816,2762,3861,397067.95897473,4435637.99667531,40.06471604,-88.20698699,2760.50142691,3929.24324582,2761,3929,397067.91532208,4435635.54936265,40.06469399,-88.20698712,2706.68178241,3928.18470746,2707,3928,397065.98246852,4435635.58737694,40.06469410,-88.20700978,2734.19935112,3894.64028781,397066.97072162,4435636.79202612,40.06470507,-88.20699839,4.73242188,"POLYGON((2707.897 3860.037, 2761.717 3861.096, 2760.501 3929.243, 2706.682 3928.185, 2707.897 3860.037))","POLYGON((397066.026 4435638.035, 397067.959 4435637.997, 397067.915 4435635.549, 397065.982 4435635.587, 397066.026 4435638.035))"
B4_R4_C1,B4,4,4,1,LD21-5665,4,20,122.65000000,50.00000000,129.49000000,58.00000000,2761.71691984,3861.09586816,2762,3861,397067.95897473,4435637.99667531,40.06471604,-88.20698699,2815.53656435,3862.15440652,2816,3862,397069.89182829,4435637.95866101,40.06471593,-88.20696433,2814.32107142,3930.30178418,2814,3930,397069.84817565,4435635.51134836,40.06469388,-88.20696445,2760.50142691,3929.24324582,2761,3929,397067.91532208,4435635.54936265,40.06469399,-88.20698712,2788.01899563,3895.69882617,397068.90357519,4435636.75401183,40.06470496,-88.20697572,4.73242188,"POLYGON((2761.717 3861.096, 2815.537 3862.154, 2814.321 3930.302, 2760.501 3929.243, 2761.717 3861.096))","POLYGON((397067.959 4435637.997, 397069.892 4435637.959, 397069.848 4435635.511, 397067.915 4435635.549, 397067.959 4435637.997))"
B4_R4_C2,B4,4,4,2,AG36XF4,3,20,129.49000000,50.00000000,136.33000000,58.00000000,2815.53656435,3862.15440652,2816,3862,397069.89182829,4435637.95866101,40.06471593,-88.20696433,2869.35620886,3863.21294488,2869,3863,397071.82468186,4435637.92064672,40.06471583,-88.20694166,2868.14071593,3931.36032254,2868,3931,397071.78102921,4435635.47333407,40.06469378,-88.20694178,2814.32107142,3930.30178418,2814,3930,397069.84817565,4435635.51134836,40.06469388,-88.20696445,2841.83864014,3896.75736453,397070.83642875,4435636.71599754,40.06470486,-88.20695306,4.73193359,"POLYGON((2815.537 3862.154, 2869.356 3863.213, 2868.141 3931.360, 2814.321 3930.302, 2815.537 3862.154))","POLYGON((397069.892 4435637.959, 397071.825 4435637.921, 397071.781 4435635.473, 397069.848 4435635.511, 397069.892 4435637.959))"
B4_R4_C3,B4,4,4,3,LD21-7234,2,20,136.32000000,50.00000000,143.16000000,58.00000000,2869.27752516,3863.21139731,2869,3863,397071.82185605,4435637.92070230,40.06471583,-88.20694169,2923.09716967,3864.26993567,2923,3864,397073.75470961,4435637.88268801,40.06471572,-88.20691903,2921.88167674,3932.41731333,2922,3932,397073.71105697,4435635.43537535,40.06469367,-88.20691915,2868.06203224,3931.35877497,2868,3931,397071.77820340,4435635.47338964,40.06469378,-88.20694182,2895.57960095,3897.81435532,397072.76645651,4435636.67803882,40.06470475,-88.20693042,4.73193359,"POLYGON((2869.278 3863.211, 2923.097 3864.270, 2921.882 3932.417, 2868.062 3931.359, 2869.278 3863.211))","POLYGON((397071.822 4435637.921, 397073.755 4435637.883, 397073.711 4435635.435, 397071.778 4435635.473, 397071.822 4435637.921))"
B4_R4_C4,B4,4,4,4,AG35XF5,1,20,143.16000000,50.00000000,150.00000000,58.00000000,2923.09716967,3864.26993567,2923,3864,397073.75470961,4435637.88268801,40.06471572,-88.20691903,2976.91681418,3865.32847403,2977,3865,397075.68756317,4435637.84467371,40.06471562,-88.20689636,2975.70132125,3933.47585169,2976,3933,397075.64391053,4435635.39736106,40.06469357,-88.20689649,2921.88167674,3932.41731333,2922,3932,397073.71105697,4435635.43537535,40.06469367,-88.20691915,2949.39924546,3898.87289368,397074.69931007,4435636.64002453,40.06470464,-88.20690776,4.73193359,"POLYGON((2923.097 3864.270, 2976.917 3865.328, 2975.701 3933.476, 2921.882 3932.417, 2923.097 3864.270))","POLYGON((397073.755 4435637.883, 397075.688 4435637.845, 397075.644 4435635.397, 397073.711 4435635.435, 397073.755 4435637.883))"
B4_R5_C0,B4,4,5,0,LD21-3090,5,19,115.81000000,60.00000000,122.65000000,68.00000000,2709.41664149,3774.85310772,2709,3775,397066.08068697,4435641.09383042,40.06474371,-88.20700951,2763.23628600,3775.91164608,2763,3776,397068.01354054,4435641.05581613,40.06474360,-88.20698684,2762.02079307,3844.05902374,2762,3844,397067.96988789,4435638.60850347,40.06472155,-88.20698696,2708.20114857,3843.00048538,2708,3843,397066.03703433,4435638.64651776,40.06472166,-88.20700963,2735.71871728,3809.45606573,397067.02528743,4435639.85116694,40.06473263,-88.20699823,4.73242188,"POLYGON((2709.417 3774.853, 2763.236 3775.912, 2762.021 3844.059, 2708.201 3843.000, 2709.417 3774.853))","POLYGON((397066.081 4435641.094, 397068.014 4435641.056, 397067.970 4435638.609, 397066.037 4435638.647, 397066.081 4435641.094))"
B4_R5_C1,B4,4,5,1,AG34XF6,4,19,122.65000000,60.00000000,129.49000000,68.00000000,2763.23628600,3775.91164608,2763,3776,397068.01354054,4435641.05581613,40.06474360,-88.20698684,2817.05593051,3776.97018444,2817,3777,397069.94639410,4435641.01780183,40.06474350,-88.20696417,2815.84043758,3845.11756210,2816,3845,397069.90274145,4435638.57048918,40.06472145,-88.20696430,2762.02079307,3844.05902374,2762,3844,397067.96988789,4435638.60850347,40.06472155,-88.20698696,2789.53836179,3810.51460409,397068.95814099,4435639.81315265,40.06473252,-88.20697557,4.73193359,"POLYGON((2763.236 3775.912, 2817.056 3776.970, 2815.840 3845.118, 2762.021 3844.059, 2763.236 3775.912))","POLYGON((397068.014 4435641.056, 397069.946 4435641.018, 397069.903 4435638.570, 397067.970 4435638.609, 397068.014 4435641.056))"
B4_R5_C2,B4,4,5,2,LD07-3395bf,3,19,129.49000000,60.00000000,136.33000000,68.00000000,2817.05593051,3776.97018444,2817,3777,397069.94639410,4435641.01780183,40.06474350,-88.20696417,2870.87557501,3778.02872280,2871,3778,397071.87924766,4435640.97978754,40.06474339,-88.20694151,2869.66008209,3846.17610046,2870,3846,397071.83559502,4435638.53247489,40.06472134,-88.20694163,2815.84043758,3845.11756210,2816,3845,397069.90274145,4435638.57048918,40.06472145,-88.20696430,2843.35800630,3811.57314245,397070.89099456,4435639.77513836,40.06473242,-88.20695290,4.73144531,"POLYGON((2817.056 3776.970, 2870.876 3778.029, 2869.660 3846.176, 2815.840 3845.118, 2817.056 3776.970))","POLYGON((397069.946 4435641.018, 397071.879 4435640.980, 397071.836 4435638.532, 397069.903 4435638.570, 397069.946 4435641.018))"
B4_R5_C3,B4,4,5,3,AG38XF6,2,19,136.32000000,60.00000000,143.16000000,68.00000000,2870.79689132,3778.02717523,2871,3778,397071.87642185,4435640.97984312,40.06474339,-88.20694154,2924.61653583,3779.08571359,2925,3779,397073.80927542,4435640.94182883,40.06474328,-88.20691888,2923.40104290,3847.23309125,2923,3847,397073.76562277,4435638.49451617,40.06472123,-88.20691900,2869.58139840,3846.17455289,2870,3846,397071.83276921,4435638.53253046,40.06472134,-88.20694166,2897.09896711,3812.63013324,397072.82102231,4435639.73717964,40.06473231,-88.20693027,4.73242188,"POLYGON((2870.797 3778.027, 2924.617 3779.086, 2923.401 3847.233, 2869.581 3846.175, 2870.797 3778.027))","POLYGON((397071.876 4435640.980, 397073.809 4435640.942, 397073.766 4435638.495, 397071.833 4435638.533, 397071.876 4435640.980))"
B4_R5_C4,B4,4,5,4,LD20-11748,1,19,143.16000000,60.00000000,150.00000000,68.00000000,2924.61653583,3779.08571359,2925,3779,397073.80927542,4435640.94182883,40.06474328,-88.20691888,2978.43618034,3780.14425195,2978,3780,397075.74212898,4435640.90381453,40.06474318,-88.20689621,2977.22068741,3848.29162961,2977,3848,397075.69847634,4435638.45650188,40.06472113,-88.20689633,2923.40104290,3847.23309125,2923,3847,397073.76562277,4435638.49451617,40.06472123,-88.20691900,2950.91861162,3813.68867160,397074.75387588,4435639.69916535,40.06473221,-88.20690760,4.73144531,"POLYGON((2924.617 3779.086, 2978.436 3780.144, 2977.221 3848.292, 2923.401 3847.233, 2924.617 3779.086))","POLYGON((397073.809 4435640.942, 397075.742 4435640.904, 397075.698 4435638.457, 397073.766 4435638.495, 397073.809 4435640.942))"
B4_R6_C0,B4,4,6,0,AG38XF6,5,18,115.81000000,70.00000000,122.65000000,78.00000000,2710.93600765,3689.66888564,2711,3690,397066.13525278,4435644.15297124,40.06477127,-88.20700935,2764.75565216,3690.72742400,2765,3691,397068.06810634,4435644.11495695,40.06477117,-88.20698669,2763.54015923,3758.87480167,2764,3759,397068.02445370,4435641.66764429,40.06474912,-88.20698681,2709.72051473,3757.81626331,2710,3758,397066.09160013,4435641.70565858,40.06474922,-88.20700948,2737.23808344,3724.27184366,397067.07985324,4435642.91030776,40.06476019,-88.20699808,4.73193359,"POLYGON((2710.936 3689.669, 2764.756 3690.727, 2763.540 3758.875, 2709.721 3757.816, 2710.936 3689.669))","POLYGON((397066.135 4435644.153, 397068.068 4435644.115, 397068.024 4435641.668, 397066.092 4435641.706, 397066.135 4435644.153))"
B4_R6_C1,B4,4,6,1,LD21-5253,4,18,122.65000000,70.00000000,129.49000000,78.00000000,2764.75565216,3690.72742400,2765,3691,397068.06810634,4435644.11495695,40.06477117,-88.20698669,2818.57529667,3691.78596236,2819,3692,397070.00095991,4435644.07694265,40.06477106,-88.20696402,2817.35980374,3759.93334003,2817,3760,397069.95730726,4435641.62963000,40.06474901,-88.20696414,2763.54015923,3758.87480167,2764,3759,397068.02445370,4435641.66764429,40.06474912,-88.20698681,2791.05772795,3725.33038202,397069.01270680,4435642.87229347,40.06476009,-88.20697542,4.73193359,"POLYGON((2764.756 3690.727, 2818.575 3691.786, 2817.360 3759.933, 2763.540 3758.875, 2764.756 3690.727))","POLYGON((397068.068 4435644.115, 397070.001 4435644.077, 397069.957 4435641.630, 397068.024 4435641.668, 397068.068 4435644.115))"
B4_R6_C2,B4,4,6,2,AG34XF6,3,18,129.49000000,70.00000000,136.33000000,78.00000000,2818.57529667,3691.78596236,2819,3692,397070.00095991,4435644.07694265,40.06477106,-88.20696402,2872.39494117,3692.84450072,2872,3693,397071.93381347,4435644.03892836,40.06477095,-88.20694136,2871.17944825,3760.99187839,2871,3761,397071.89016082,4435641.59161570,40.06474890,-88.20694148,2817.35980374,3759.93334003,2817,3760,397069.95730726,4435641.62963000,40.06474901,-88.20696414,2844.87737246,3726.38892038,397070.94556036,4435642.83427918,40.06475998,-88.20695275,4.73193359,"POLYGON((2818.575 3691.786, 2872.395 3692.845, 2871.179 3760.992, 2817.360 3759.933, 2818.575 3691.786))","POLYGON((397070.001 4435644.077, 397071.934 4435644.039, 397071.890 4435641.592, 397069.957 4435641.630, 397070.001 4435644.077))"
B4_R6_C3,B4,4,6,3,LD21-5253,2,18,136.32000000,70.00000000,143.16000000,78.00000000,2872.31625748,3692.84295315,2872,3693,397071.93098766,4435644.03898394,40.06477095,-88.20694139,2926.13590199,3693.90149151,2926,3694,397073.86384122,4435644.00096964,40.06477085,-88.20691872,2924.92040906,3762.04886918,2925,3762,397073.82018858,4435641.55365699,40.06474880,-88.20691884,2871.10076456,3760.99033082,2871,3761,397071.88733501,4435641.59167128,40.06474890,-88.20694151,2898.61833327,3727.44591116,397072.87558812,4435642.79632046,40.06475987,-88.20693012,4.73193359,"POLYGON((2872.316 3692.843, 2926.136 3693.901, 2924.920 3762.049, 2871.101 3760.990, 2872.316 3692.843))","POLYGON((397071.931 4435644.039, 397073.864 4435644.001, 397073.820 4435641.554, 397071.887 4435641.592, 397071.931 4435644.039))"
B4_R6_C4,B4,4,6,4,AG40XFF5,1,18,143.16000000,70.00000000,150.00000000,78.00000000,2926.13590199,3693.90149151,2926,3694,397073.86384122,4435644.00096964,40.06477085,-88.20691872,2979.95554650,3694.96002987,2980,3695,397075.79669479,4435643.96295535,40.06477074,-88.20689606,2978.74005357,3763.10740754,2979,3763,397075.75304214,4435641.51564270,40.06474869,-88.20689618,2924.92040906,3762.04886918,2925,3762,397073.82018858,4435641.55365699,40.06474880,-88.20691884,2952.43797778,3728.50444952,397074.80844168,4435642.75830617,40.06475977,-88.20690745,4.73193359,"POLYGON((2926.136 3693.901, 2979.956 3694.960, 2978.740 3763.107, 2924.920 3762.049, 2926.136 3693.901))","POLYGON((397073.864 4435644.001, 397075.797 4435643.963, 397075.753 4435641.516, 397073.820 4435641.554, 397073.864 4435644.001))"
B4_R7_C0,B4,4,7,0,LD20-11748,5,17,115.81000000,80.00000000,122.65000000,88.00000000,2712.45537381,3604.48466357,2712,3604,397066.18981858,4435647.21211206,40.06479883,-88.20700920,2766.27501832,3605.54320193,2766,3606,397068.12267215,4435647.17409776,40.06479873,-88.20698653,2765.05952539,3673.69057959,2765,3674,397068.07901950,4435644.72678511,40.06477668,-88.20698666,2711.23988089,3672.63204123,2711,3673,397066.14616594,4435644.76479940,40.06477678,-88.20700932,2738.75744960,3639.08762158,397067.13441904,4435645.96944858,40.06478776,-88.20699793,4.73242188,"POLYGON((2712.455 3604.485, 2766.275 3605.543, 2765.060 3673.691, 2711.240 3672.632, 2712.455 3604.485))","POLYGON((397066.190 4435647.212, 397068.123 4435647.174, 397068.079 4435644.727, 397066.146 4435644.765, 397066.190 4435647.212))"
B4_R7_C1,B4,4,7,1,AG35XF5,4,17,122.65000000,80.00000000,129.49000000,88.00000000,2766.27501832,3605.54320193,2766,3606,397068.12267215,4435647.17409776,40.06479873,-88.20698653,2820.09466283,3606.60174029,2820,3607,397070.05552571,4435647.13608347,40.06479862,-88.20696387,2818.87916990,3674.74911795,2819,3675,397070.01187307,4435644.68877082,40.06477657,-88.20696399,2765.05952539,3673.69057959,2765,3674,397068.07901950,4435644.72678511,40.06477668,-88.20698666,2792.57709411,3640.14615994,397069.06727261,4435645.93143429,40.06478765,-88.20697526,4.73242188,"POLYGON((2766.275 3605.543, 2820.095 3606.602, 2818.879 3674.749, 2765.060 3673.691, 2766.275 3605.543))","POLYGON((397068.123 4435647.174, 397070.056 4435647.136, 397070.012 4435644.689, 397068.079 4435644.727, 397068.123 4435647.174))"
B4_R7_C2,B4,4,7,2,LD21-7234,3,17,129.49000000,80.00000000,136.33000000,88.00000000,2820.09466283,3606.60174029,2820,3607,397070.05552571,4435647.13608347,40.06479862,-88.20696387,2873.91430733,3607.66027865,2874,3608,397071.98837928,4435647.09806918,40.06479852,-88.20694120,2872.69881441,3675.80765631,2873,3676,397071.94472663,4435644.65075652,40.06477647,-88.20694132,2818.87916990,3674.74911795,2819,3675,397070.01187307,4435644.68877082,40.06477657,-88.20696399,2846.39673862,3641.20469830,397071.00012617,4435645.89342000,40.06478754,-88.20695260,4.73193359,"POLYGON((2820.095 3606.602, 2873.914 3607.660, 2872.699 3675.808, 2818.879 3674.749, 2820.095 3606.602))","POLYGON((397070.056 4435647.136, 397071.988 4435647.098, 397071.945 4435644.651, 397070.012 4435644.689, 397070.056 4435647.136))"
B4_R7_C3,B4,4,7,3,AG36XF4,2,17,136.32000000,80.00000000,143.16000000,88.00000000,2873.83562364,3607.65873108,2874,3608,397071.98555347,4435647.09812476,40.06479852,-88.20694123,2927.65526815,3608.71726944,2928,3609,397073.91840703,4435647.06011046,40.06479841,-88.20691857,2926.43977522,3676.86464710,2926,3677,397073.87475438,4435644.61279781,40.06477636,-88.20691869,2872.62013072,3675.80610874,2873,3676,397071.94190082,4435644.65081210,40.06477647,-88.20694136,2900.13769943,3642.26168909,397072.93015393,4435645.85546128,40.06478744,-88.20692996,4.73242188,"POLYGON((2873.836 3607.659, 2927.655 3608.717, 2926.440 3676.865, 2872.620 3675.806, 2873.836 3607.659))","POLYGON((397071.986 4435647.098, 397073.918 4435647.060, 397073.875 4435644.613, 397071.942 4435644.651, 397071.986 4435647.098))"
B4_R7_C4,B4,4,7,4,LD21-3090,1,17,143.16000000,80.00000000,150.00000000,88.00000000,2927.65526815,3608.71726944,2928,3609,397073.91840703,4435647.06011046,40.06479841,-88.20691857,2981.47491266,3609.77580780,2981,3610,397075.85126059,4435647.02209617,40.06479830,-88.20689590,2980.25941973,3677.92318546,2980,3678,397075.80760795,4435644.57478352,40.06477625,-88.20689603,2926.43977522,3676.86464710,2926,3677,397073.87475438,4435644.61279781,40.06477636,-88.20691869,2953.95734394,3643.32022745,397074.86300749,4435645.81744699,40.06478733,-88.20690730,4.73193359,"POLYGON((2927.655 3608.717, 2981.475 3609.776, 2980.259 3677.923, 2926.440 3676.865, 2927.655 3608.717))","POLYGON((397073.918 4435647.060, 397075.851 4435647.022, 397075.808 4435644.575, 397073.875 4435644.613, 397073.918 4435647.060))"
B5_R0_C0,B5,5,0,0,AG36XF4,20,16,9.50000000,90.00000000,16.34000000,98.00000000,1877.48842308,3502.84821736,1877,3503,397036.20320568,4435650.86208612,40.06482805,-88.20736133,1931.30806759,3503.90675572,1931,3504,397038.13605925,4435650.82407183,40.06482794,-88.20733867,1930.09257466,3572.05413338,1930,3572,397038.09240660,4435648.37675917,40.06480589,-88.20733879,1876.27293015,3570.99559502,1876,3571,397036.15955304,4435648.41477347,40.06480600,-88.20736145,1903.79049887,3537.45117537,397037.14780614,4435649.61942265,40.06481697,-88.20735006,4.73144531,"POLYGON((1877.488 3502.848, 1931.308 3503.907, 1930.093 3572.054, 1876.273 3570.996, 1877.488 3502.848))","POLYGON((397036.203 4435650.862, 397038.136 4435650.824, 397038.092 4435648.377, 397036.160 4435648.415, 397036.203 4435650.862))"
B5_R0_C1,B5,5,0,1,LD21-5665,19,16,16.34000000,90.00000000,23.18000000,98.00000000,1931.30806759,3503.90675572,1931,3504,397038.13605925,4435650.82407183,40.06482794,-88.20733867,1985.12771210,3504.96529408,1985,3505,397040.06891281,4435650.78605754,40.06482784,-88.20731600,1983.91221917,3573.11267174,1984,3573,397040.02526017,4435648.33874488,40.06480579,-88.20731612,1930.09257466,3572.05413338,1930,3572,397038.09240660,4435648.37675917,40.06480589,-88.20733879,1957.61014338,3538.50971373,397039.08065971,4435649.58140836,40.06481686,-88.20732739,4.73193359,"POLYGON((1931.308 3503.907, 1985.128 3504.965, 1983.912 3573.113, 1930.093 3572.054, 1931.308 3503.907))","POLYGON((397038.136 4435650.824, 397040.069 4435650.786, 397040.025 4435648.339, 397038.092 4435648.377, 397038.136 4435650.824))"
B5_R0_C2,B5,5,0,2,AG38XF6,18,16,23.17000000,90.00000000,30.01000000,98.00000000,1985.04902840,3504.96374651,1985,3505,397040.06608700,4435650.78611311,40.06482784,-88.20731603,2038.86867291,3506.02228487,2039,3506,397041.99894056,4435650.74809882,40.06482773,-88.20729337,2037.65317998,3574.16966253,2038,3574,397041.95528792,4435648.30078617,40.06480568,-88.20729349,1983.83353548,3573.11112417,1984,3573,397040.02243436,4435648.33880046,40.06480579,-88.20731616,2011.35110419,3539.56670452,397041.01068746,4435649.54344964,40.06481676,-88.20730476,4.73144531,"POLYGON((1985.049 3504.964, 2038.869 3506.022, 2037.653 3574.170, 1983.834 3573.111, 1985.049 3504.964))","POLYGON((397040.066 4435650.786, 397041.999 4435650.748, 397041.955 4435648.301, 397040.022 4435648.339, 397040.066 4435650.786))"
B5_R0_C3,B5,5,0,3,LD07-3395bf,17,16,30.01000000,90.00000000,36.85000000,98.00000000,2038.86867291,3506.02228487,2039,3506,397041.99894056,4435650.74809882,40.06482773,-88.20729337,2092.68831742,3507.08082323,2093,3507,397043.93179413,4435650.71008453,40.06482762,-88.20727070,2091.47282449,3575.22820089,2091,3575,397043.88814148,4435648.26277187,40.06480557,-88.20727082,2037.65317998,3574.16966253,2038,3574,397041.95528792,4435648.30078617,40.06480568,-88.20729349,2065.17074870,3540.62524288,397042.94354102,4435649.50543535,40.06481665,-88.20728210,4.73193359,"POLYGON((2038.869 3506.022, 2092.688 3507.081, 2091.473 3575.228, 2037.653 3574.170, 2038.869 3506.022))","POLYGON((397041.999 4435650.748, 397043.932 4435650.710, 397043.888 4435648.263, 397041.955 4435648.301, 397041.999 4435650.748))"
B5_R0_C4,B5,5,0,4,AG35XF5,16,16,36.85000000,90.00000000,43.69000000,98.00000000,2092.68831742,3507.08082323,2093,3507,397043.93179413,4435650.71008453,40.06482762,-88.20727070,2146.50796193,3508.13936159,2147,3508,397045.86464769,4435650.67207024,40.06482752,-88.20724803,2145.29246900,3576.28673925,2145,3576,397045.82099505,4435648.22475758,40.06480547,-88.20724816,2091.47282449,3575.22820089,2091,3575,397043.88814148,4435648.26277187,40.06480557,-88.20727082,2118.99039321,3541.68378124,397044.87639459,4435649.46742106,40.06481655,-88.20725943,4.73242188,"POLYGON((2092.688 3507.081, 2146.508 3508.139, 2145.292 3576.287, 2091.473 3575.228, 2092.688 3507.081))","POLYGON((397043.932 4435650.710, 397045.865 4435650.672, 397045.821 4435648.225, 397043.888 4435648.263, 397043.932 4435650.710))"
B5_R1_C0,B5,5,1,0,LD21-7234,20,15,9.50000000,100.00000000,16.34000000,108.00000000,1879.00778924,3417.66399528,1879,3418,397036.25777149,4435653.92122694,40.06485561,-88.20736118,1932.82743375,3418.72253364,1933,3419,397038.19062505,4435653.88321265,40.06485550,-88.20733851,1931.61194082,3486.86991131,1932,3487,397038.14697241,4435651.43589999,40.06483345,-88.20733864,1877.79229631,3485.81137295,1878,3486,397036.21411884,4435651.47391429,40.06483356,-88.20736130,1905.30986503,3452.26695329,397037.20237195,4435652.67856347,40.06484453,-88.20734991,4.73144531,"POLYGON((1879.008 3417.664, 1932.827 3418.723, 1931.612 3486.870, 1877.792 3485.811, 1879.008 3417.664))","POLYGON((397036.258 4435653.921, 397038.191 4435653.883, 397038.147 4435651.436, 397036.214 4435651.474, 397036.258 4435653.921))"
B5_R1_C1,B5,5,1,1,AG34XF6,19,15,16.34000000,100.00000000,23.18000000,108.00000000,1932.82743375,3418.72253364,1933,3419,397038.19062505,4435653.88321265,40.06485550,-88.20733851,1986.64707825,3419.78107200,1987,3420,397040.12347862,4435653.84519836,40.06485540,-88.20731585,1985.43158533,3487.92844967,1985,3488,397040.07982597,4435651.39788570,40.06483335,-88.20731597,1931.61194082,3486.86991131,1932,3487,397038.14697241,4435651.43589999,40.06483345,-88.20733864,1959.12950954,3453.32549165,397039.13522551,4435652.64054917,40.06484443,-88.20732724,4.73193359,"POLYGON((1932.827 3418.723, 1986.647 3419.781, 1985.432 3487.928, 1931.612 3486.870, 1932.827 3418.723))","POLYGON((397038.191 4435653.883, 397040.123 4435653.845, 397040.080 4435651.398, 397038.147 4435651.436, 397038.191 4435653.883))"
B5_R1_C2,B5,5,1,2,LD20-11748,18,15,23.17000000,100.00000000,30.01000000,108.00000000,1986.56839456,3419.77952443,1987,3420,397040.12065281,4435653.84525393,40.06485540,-88.20731588,2040.38803907,3420.83806279,2040,3421,397042.05350637,4435653.80723964,40.06485529,-88.20729321,2039.17254614,3488.98544045,2039,3489,397042.00985373,4435651.35992699,40.06483324,-88.20729334,1985.35290164,3487.92690210,1985,3488,397040.07700016,4435651.39794128,40.06483335,-88.20731600,2012.87047035,3454.38248244,397041.06525327,4435652.60259046,40.06484432,-88.20730461,4.73242188,"POLYGON((1986.568 3419.780, 2040.388 3420.838, 2039.173 3488.985, 1985.353 3487.927, 1986.568 3419.780))","POLYGON((397040.121 4435653.845, 397042.054 4435653.807, 397042.010 4435651.360, 397040.077 4435651.398, 397040.121 4435653.845))"
B5_R1_C3,B5,5,1,3,AG40XFF5,17,15,30.01000000,100.00000000,36.85000000,108.00000000,2040.38803907,3420.83806279,2040,3421,397042.05350637,4435653.80723964,40.06485529,-88.20729321,2094.20768358,3421.89660115,2094,3422,397043.98635993,4435653.76922535,40.06485519,-88.20727055,2092.99219065,3490.04397881,2093,3490,397043.94270729,4435651.32191269,40.06483314,-88.20727067,2039.17254614,3488.98544045,2039,3489,397042.00985373,4435651.35992699,40.06483324,-88.20729334,2066.69011486,3455.44102080,397042.99810683,4435652.56457617,40.06484421,-88.20728194,4.73193359,"POLYGON((2040.388 3420.838, 2094.208 3421.897, 2092.992 3490.044, 2039.173 3488.985, 2040.388 3420.838))","POLYGON((397042.054 4435653.807, 397043.986 4435653.769, 397043.943 4435651.322, 397042.010 4435651.360, 397042.054 4435653.807))"
B5_R1_C4,B5,5,1,4,LD21-5253,16,15,36.85000000,100.00000000,43.69000000,108.00000000,2094.20768358,3421.89660115,2094,3422,397043.98635993,4435653.76922535,40.06485519,-88.20727055,2148.02732808,3422.95513951,2148,3423,397045.91921350,4435653.73121106,40.06485508,-88.20724788,2146.81183516,3491.10251717,2147,3491,397045.87556085,4435651.28389840,40.06483303,-88.20724800,2092.99219065,3490.04397881,2093,3490,397043.94270729,4435651.32191269,40.06483314,-88.20727067,2120.50975937,3456.49955916,397044.93096039,4435652.52656187,40.06484411,-88.20725928,4.73144531,"POLYGON((2094.208 3421.897, 2148.027 3422.955, 2146.812 3491.103, 2092.992 3490.044, 2094.208 3421.897))","POLYGON((397043.986 4435653.769, 397045.919 4435653.731, 397045.876 4435651.284, 397043.943 4435651.322, 397043.986 4435653.769))"
B5_R2_C0,B5,5,2,0,AG35XF5,20,14,9.50000000,110.00000000,16.34000000,118.00000000,1880.52715540,3332.47977321,1881,3332,397036.31233730,4435656.98036776,40.06488317,-88.20736103,1934.34679991,3333.53831157,1934,3334,397038.24519086,4435656.94235347,40.06488307,-88.20733836,1933.13130698,3401.68568923,1933,3402,397038.20153821,4435654.49504081,40.06486102,-88.20733848,1879.31166247,3400.62715087,1879,3401,397036.26868465,4435654.53305510,40.06486112,-88.20736115,1906.82923119,3367.08273122,397037.25693775,4435655.73770429,40.06487210,-88.20734975,4.73144531,"POLYGON((1880.527 3332.480, 1934.347 3333.538, 1933.131 3401.686, 1879.312 3400.627, 1880.527 3332.480))","POLYGON((397036.312 4435656.980, 397038.245 4435656.942, 397038.202 4435654.495, 397036.269 4435654.533, 397036.312 4435656.980))"
B5_R2_C1,B5,5,2,1,LD21-5944,19,14,16.34000000,110.00000000,23.18000000,118.00000000,1934.34679991,3333.53831157,1934,3334,397038.24519086,4435656.94235347,40.06488307,-88.20733836,1988.16644441,3334.59684993,1988,3335,397040.17804442,4435656.90433918,40.06488296,-88.20731569,1986.95095149,3402.74422759,1987,3403,397040.13439178,4435654.45702652,40.06486091,-88.20731582,1933.13130698,3401.68568923,1933,3402,397038.20153821,4435654.49504081,40.06486102,-88.20733848,1960.64887570,3368.14126958,397039.18979132,4435655.69968999,40.06487199,-88.20732709,4.73242188,"POLYGON((1934.347 3333.538, 1988.166 3334.597, 1986.951 3402.744, 1933.131 3401.686, 1934.347 3333.538))","POLYGON((397038.245 4435656.942, 397040.178 4435656.904, 397040.134 4435654.457, 397038.202 4435654.495, 397038.245 4435656.942))"
B5_R2_C2,B5,5,2,2,AG36XF4,18,14,23.17000000,110.00000000,30.01000000,118.00000000,1988.08776072,3334.59530236,1988,3335,397040.17521861,4435656.90439475,40.06488296,-88.20731573,2041.90740523,3335.65384072,2042,3336,397042.10807218,4435656.86638046,40.06488285,-88.20729306,2040.69191230,3403.80121838,2041,3404,397042.06441953,4435654.41906780,40.06486080,-88.20729318,1986.87226780,3402.74268002,1987,3403,397040.13156597,4435654.45708210,40.06486091,-88.20731585,2014.38983651,3369.19826037,397041.11981907,4435655.66173128,40.06487188,-88.20730445,4.73242188,"POLYGON((1988.088 3334.595, 2041.907 3335.654, 2040.692 3403.801, 1986.872 3402.743, 1988.088 3334.595))","POLYGON((397040.175 4435656.904, 397042.108 4435656.866, 397042.064 4435654.419, 397040.132 4435654.457, 397040.175 4435656.904))"
B5_R2_C3,B5,5,2,3,LD21-3090,17,14,30.01000000,110.00000000,36.85000000,118.00000000,2041.90740523,3335.65384072,2042,3336,397042.10807218,4435656.86638046,40.06488285,-88.20729306,2095.72704974,3336.71237908,2096,3337,397044.04092574,4435656.82836617,40.06488275,-88.20727039,2094.51155681,3404.85975674,2095,3405,397043.99727310,4435654.38105351,40.06486070,-88.20727052,2040.69191230,3403.80121838,2041,3404,397042.06441953,4435654.41906780,40.06486080,-88.20729318,2068.20948102,3370.25679873,397043.05267264,4435655.62371699,40.06487178,-88.20728179,4.73193359,"POLYGON((2041.907 3335.654, 2095.727 3336.712, 2094.512 3404.860, 2040.692 3403.801, 2041.907 3335.654))","POLYGON((397042.108 4435656.866, 397044.041 4435656.828, 397043.997 4435654.381, 397042.064 4435654.419, 397042.108 4435656.866))"
B5_R2_C4,B5,5,2,4,AG38XF6,16,14,36.85000000,110.00000000,43.69000000,118.00000000,2095.72704974,3336.71237908,2096,3337,397044.04092574,4435656.82836617,40.06488275,-88.20727039,2149.54669424,3337.77091744,2150,3338,397045.97377930,4435656.79035188,40.06488264,-88.20724773,2148.33120132,3405.91829510,2148,3406,397045.93012666,4435654.34303922,40.06486059,-88.20724785,2094.51155681,3404.85975674,2095,3405,397043.99727310,4435654.38105351,40.06486070,-88.20727052,2122.02912553,3371.31533709,397044.98552620,4435655.58570269,40.06487167,-88.20725912,4.73193359,"POLYGON((2095.727 3336.712, 2149.547 3337.771, 2148.331 3405.918, 2094.512 3404.860, 2095.727 3336.712))","POLYGON((397044.041 4435656.828, 397045.974 4435656.790, 397045.930 4435654.343, 397043.997 4435654.381, 397044.041 4435656.828))"
B5_R3_C0,B5,5,3,0,LD17-10473F,20,13,9.50000000,120.00000000,16.34000000,128.00000000,1882.04652156,3247.29555113,1882,3247,397036.36690310,4435660.03950858,40.06491074,-88.20736087,1935.86616607,3248.35408949,1936,3248,397038.29975667,4435660.00149429,40.06491063,-88.20733821,1934.65067314,3316.50146715,1935,3317,397038.25610402,4435657.55418163,40.06488858,-88.20733833,1880.83102863,3315.44292879,1881,3315,397036.32325046,4435657.59219592,40.06488869,-88.20736099,1908.34859735,3281.89850914,397037.31150356,4435658.79684511,40.06489966,-88.20734960,4.73193359,"POLYGON((1882.047 3247.296, 1935.866 3248.354, 1934.651 3316.501, 1880.831 3315.443, 1882.047 3247.296))","POLYGON((397036.367 4435660.040, 397038.300 4435660.001, 397038.256 4435657.554, 397036.323 4435657.592, 397036.367 4435660.040))"
B5_R3_C1,B5,5,3,1,AG40XFF5,19,13,16.34000000,120.00000000,23.18000000,128.00000000,1935.86616607,3248.35408949,1936,3248,397038.29975667,4435660.00149429,40.06491063,-88.20733821,1989.68581057,3249.41262785,1990,3249,397040.23261023,4435659.96348000,40.06491052,-88.20731554,1988.47031765,3317.56000551,1988,3318,397040.18895758,4435657.51616734,40.06488847,-88.20731566,1934.65067314,3316.50146715,1935,3317,397038.25610402,4435657.55418163,40.06488858,-88.20733833,1962.16824186,3282.95704750,397039.24435712,4435658.75883081,40.06489955,-88.20732693,4.73193359,"POLYGON((1935.866 3248.354, 1989.686 3249.413, 1988.470 3317.560, 1934.651 3316.501, 1935.866 3248.354))","POLYGON((397038.300 4435660.001, 397040.233 4435659.963, 397040.189 4435657.516, 397038.256 4435657.554, 397038.300 4435660.001))"
B5_R3_C2,B5,5,3,2,LD21-5665,18,13,23.17000000,120.00000000,30.01000000,128.00000000,1989.60712688,3249.41108028,1990,3249,397040.22978442,4435659.96353557,40.06491052,-88.20731557,2043.42677139,3250.46961864,2043,3250,397042.16263798,4435659.92552128,40.06491042,-88.20729291,2042.21127846,3318.61699630,2042,3319,397042.11898534,4435657.47820862,40.06488837,-88.20729303,1988.39163395,3317.55845794,1988,3318,397040.18613178,4435657.51622292,40.06488847,-88.20731570,2015.90920267,3284.01403829,397041.17438488,4435658.72087210,40.06489945,-88.20730430,4.73193359,"POLYGON((1989.607 3249.411, 2043.427 3250.470, 2042.211 3318.617, 1988.392 3317.558, 1989.607 3249.411))","POLYGON((397040.230 4435659.964, 397042.163 4435659.926, 397042.119 4435657.478, 397040.186 4435657.516, 397040.230 4435659.964))"
B5_R3_C3,B5,5,3,3,AG34XF6,17,13,30.01000000,120.00000000,36.85000000,128.00000000,2043.42677139,3250.46961864,2043,3250,397042.16263798,4435659.92552128,40.06491042,-88.20729291,2097.24641590,3251.52815700,2097,3252,397044.09549155,4435659.88750699,40.06491031,-88.20727024,2096.03092297,3319.67553466,2096,3320,397044.05183890,4435657.44019433,40.06488826,-88.20727036,2042.21127846,3318.61699630,2042,3319,397042.11898534,4435657.47820862,40.06488837,-88.20729303,2069.72884718,3285.07257665,397043.10723844,4435658.68285781,40.06489934,-88.20728164,4.73242188,"POLYGON((2043.427 3250.470, 2097.246 3251.528, 2096.031 3319.676, 2042.211 3318.617, 2043.427 3250.470))","POLYGON((397042.163 4435659.926, 397044.095 4435659.888, 397044.052 4435657.440, 397042.119 4435657.478, 397042.163 4435659.926))"
B5_R3_C4,B5,5,3,4,LD21-5253,16,13,36.85000000,120.00000000,43.69000000,128.00000000,2097.24641590,3251.52815700,2097,3252,397044.09549155,4435659.88750699,40.06491031,-88.20727024,2151.06606040,3252.58669536,2151,3253,397046.02834511,4435659.84949270,40.06491020,-88.20724757,2149.85056748,3320.73407302,2150,3321,397045.98469247,4435657.40218004,40.06488815,-88.20724770,2096.03092297,3319.67553466,2096,3320,397044.05183890,4435657.44019433,40.06488826,-88.20727036,2123.54849169,3286.13111501,397045.04009201,4435658.64484351,40.06489923,-88.20725897,4.73144531,"POLYGON((2097.246 3251.528, 2151.066 3252.587, 2149.851 3320.734, 2096.031 3319.676, 2097.246 3251.528))","POLYGON((397044.095 4435659.888, 397046.028 4435659.849, 397045.985 4435657.402, 397044.052 4435657.440, 397044.095 4435659.888))"
B5_R4_C0,B5,5,4,0,AG35XF5,20,12,9.50000000,130.00000000,16.34000000,138.00000000,1883.56588772,3162.11132905,1884,3162,397036.42146891,4435663.09864940,40.06493830,-88.20736072,1937.38553223,3163.16986741,1937,3163,397038.35432247,4435663.06063511,40.06493819,-88.20733805,1936.17003930,3231.31724507,1936,3231,397038.31066983,4435660.61332245,40.06491614,-88.20733818,1882.35039479,3230.25870671,1882,3230,397036.37781626,4435660.65133674,40.06491625,-88.20736084,1909.86796351,3196.71428706,397037.36606937,4435661.85598593,40.06492722,-88.20734945,4.73193359,"POLYGON((1883.566 3162.111, 1937.386 3163.170, 1936.170 3231.317, 1882.350 3230.259, 1883.566 3162.111))","POLYGON((397036.421 4435663.099, 397038.354 4435663.061, 397038.311 4435660.613, 397036.378 4435660.651, 397036.421 4435663.099))"
B5_R4_C1,B5,5,4,1,LD20-11748,19,12,16.34000000,130.00000000,23.18000000,138.00000000,1937.38553223,3163.16986741,1937,3163,397038.35432247,4435663.06063511,40.06493819,-88.20733805,1991.20517673,3164.22840577,1991,3164,397040.28717604,4435663.02262081,40.06493809,-88.20731539,1989.98968380,3232.37578343,1990,3232,397040.24352339,4435660.57530816,40.06491604,-88.20731551,1936.17003930,3231.31724507,1936,3231,397038.31066983,4435660.61332245,40.06491614,-88.20733818,1963.68760802,3197.77282542,397039.29892293,4435661.81797163,40.06492711,-88.20732678,4.73242188,"POLYGON((1937.386 3163.170, 1991.205 3164.228, 1989.990 3232.376, 1936.170 3231.317, 1937.386 3163.170))","POLYGON((397038.354 4435663.061, 397040.287 4435663.023, 397040.244 4435660.575, 397038.311 4435660.613, 397038.354 4435663.061))"
B5_R4_C2,B5,5,4,2,AG36XF4,18,12,23.17000000,130.00000000,30.01000000,138.00000000,1991.12649304,3164.22685820,1991,3164,397040.28435023,4435663.02267639,40.06493809,-88.20731542,2044.94613755,3165.28539656,2045,3165,397042.21720379,4435662.98466210,40.06493798,-88.20729275,2043.73064462,3233.43277422,2044,3233,397042.17355115,4435660.53734944,40.06491593,-88.20729288,1989.91100011,3232.37423586,1990,3232,397040.24069758,4435660.57536374,40.06491604,-88.20731554,2017.42856883,3198.82981621,397041.22895069,4435661.78001292,40.06492701,-88.20730415,4.73193359,"POLYGON((1991.126 3164.227, 2044.946 3165.285, 2043.731 3233.433, 1989.911 3232.374, 1991.126 3164.227))","POLYGON((397040.284 4435663.023, 397042.217 4435662.985, 397042.174 4435660.537, 397040.241 4435660.575, 397040.284 4435663.023))"
B5_R4_C3,B5,5,4,3,LD07-3395bf,17,12,30.01000000,130.00000000,36.85000000,138.00000000,2044.94613755,3165.28539656,2045,3165,397042.21720379,4435662.98466210,40.06493798,-88.20729275,2098.76578206,3166.34393492,2099,3166,397044.15005735,4435662.94664781,40.06493787,-88.20727009,2097.55028913,3234.49131258,2098,3234,397044.10640471,4435660.49933515,40.06491582,-88.20727021,2043.73064462,3233.43277422,2044,3233,397042.17355115,4435660.53734944,40.06491593,-88.20729288,2071.24821334,3199.88835457,397043.16180425,4435661.74199862,40.06492690,-88.20728148,4.73193359,"POLYGON((2044.946 3165.285, 2098.766 3166.344, 2097.550 3234.491, 2043.731 3233.433, 2044.946 3165.285))","POLYGON((397042.217 4435662.985, 397044.150 4435662.947, 397044.106 4435660.499, 397042.174 4435660.537, 397042.217 4435662.985))"
B5_R4_C4,B5,5,4,4,AG40XFF5,16,12,36.85000000,130.00000000,43.69000000,138.00000000,2098.76578206,3166.34393492,2099,3166,397044.15005735,4435662.94664781,40.06493787,-88.20727009,2152.58542656,3167.40247328,2153,3167,397046.08291092,4435662.90863351,40.06493777,-88.20724742,2151.36993363,3235.54985094,2151,3236,397046.03925827,4435660.46132086,40.06491572,-88.20724754,2097.55028913,3234.49131258,2098,3234,397044.10640471,4435660.49933515,40.06491582,-88.20727021,2125.06785785,3200.94689293,397045.09465781,4435661.70398433,40.06492680,-88.20725882,4.73144531,"POLYGON((2098.766 3166.344, 2152.585 3167.402, 2151.370 3235.550, 2097.550 3234.491, 2098.766 3166.344))","POLYGON((397044.150 4435662.947, 397046.083 4435662.909, 397046.039 4435660.461, 397044.106 4435660.499, 397044.150 4435662.947))"
B5_R5_C0,B5,5,5,0,LD21-5944,20,11,9.50000000,140.00000000,16.34000000,148.00000000,1885.08525388,3076.92710697,1885,3077,397036.47603471,4435666.15779022,40.06496586,-88.20736057,1938.90489838,3077.98564533,1939,3078,397038.40888828,4435666.11977593,40.06496575,-88.20733790,1937.68940546,3146.13302300,1938,3146,397038.36523563,4435663.67246327,40.06494370,-88.20733802,1883.86976095,3145.07448464,1884,3145,397036.43238207,4435663.71047756,40.06494381,-88.20736069,1911.38732967,3111.53006499,397037.42063517,4435664.91512674,40.06495478,-88.20734929,4.73242188,"POLYGON((1885.085 3076.927, 1938.905 3077.986, 1937.689 3146.133, 1883.870 3145.074, 1885.085 3076.927))","POLYGON((397036.476 4435666.158, 397038.409 4435666.120, 397038.365 4435663.672, 397036.432 4435663.710, 397036.476 4435666.158))"
B5_R5_C1,B5,5,5,1,AG38XF6,19,11,16.34000000,140.00000000,23.18000000,148.00000000,1938.90489838,3077.98564533,1939,3078,397038.40888828,4435666.11977593,40.06496575,-88.20733790,1992.72454289,3079.04418369,1993,3079,397040.34174184,4435666.08176163,40.06496565,-88.20731523,1991.50904996,3147.19156136,1992,3147,397040.29808920,4435663.63444898,40.06494360,-88.20731536,1937.68940546,3146.13302300,1938,3146,397038.36523563,4435663.67246327,40.06494370,-88.20733802,1965.20697417,3112.58860335,397039.35348874,4435664.87711245,40.06495468,-88.20732663,4.73144531,"POLYGON((1938.905 3077.986, 1992.725 3079.044, 1991.509 3147.192, 1937.689 3146.133, 1938.905 3077.986))","POLYGON((397038.409 4435666.120, 397040.342 4435666.082, 397040.298 4435663.634, 397038.365 4435663.672, 397038.409 4435666.120))"
B5_R5_C2,B5,5,5,2,LD17-10473F,18,11,23.17000000,140.00000000,30.01000000,148.00000000,1992.64585920,3079.04263612,1993,3079,397040.33891603,4435666.08181721,40.06496565,-88.20731527,2046.46550371,3080.10117448,2046,3080,397042.27176960,4435666.04380292,40.06496554,-88.20729260,2045.25001078,3148.24855215,2045,3148,397042.22811695,4435663.59649026,40.06494349,-88.20729272,1991.43036627,3147.19001379,1991,3147,397040.29526339,4435663.63450455,40.06494360,-88.20731539,2018.94793499,3113.64559413,397041.28351649,4435664.83915374,40.06495457,-88.20730400,4.73193359,"POLYGON((1992.646 3079.043, 2046.466 3080.101, 2045.250 3148.249, 1991.430 3147.190, 1992.646 3079.043))","POLYGON((397040.339 4435666.082, 397042.272 4435666.044, 397042.228 4435663.596, 397040.295 4435663.635, 397040.339 4435666.082))"
B5_R5_C3,B5,5,5,3,AG34XF6,17,11,30.01000000,140.00000000,36.85000000,148.00000000,2046.46550371,3080.10117448,2046,3080,397042.27176960,4435666.04380292,40.06496554,-88.20729260,2100.28514821,3081.15971284,2100,3081,397044.20462316,4435666.00578863,40.06496544,-88.20726993,2099.06965529,3149.30709051,2099,3149,397044.16097051,4435663.55847597,40.06494339,-88.20727006,2045.25001078,3148.24855215,2045,3148,397042.22811695,4435663.59649026,40.06494349,-88.20729272,2072.76757950,3114.70413249,397043.21637006,4435664.80113944,40.06495446,-88.20728133,4.73242188,"POLYGON((2046.466 3080.101, 2100.285 3081.160, 2099.070 3149.307, 2045.250 3148.249, 2046.466 3080.101))","POLYGON((397042.272 4435666.044, 397044.205 4435666.006, 397044.161 4435663.558, 397042.228 4435663.596, 397042.272 4435666.044))"
B5_R5_C4,B5,5,5,4,LD21-3090,16,11,36.85000000,140.00000000,43.69000000,148.00000000,2100.28514821,3081.15971284,2100,3081,397044.20462316,4435666.00578863,40.06496544,-88.20726993,2154.10479272,3082.21825120,2154,3082,397046.13747672,4435665.96777433,40.06496533,-88.20724727,2152.88929979,3150.36562887,2153,3150,397046.09382408,4435663.52046168,40.06494328,-88.20724739,2099.06965529,3149.30709051,2099,3149,397044.16097051,4435663.55847597,40.06494339,-88.20727006,2126.58722400,3115.76267085,397045.14922362,4435664.76312515,40.06495436,-88.20725866,4.73144531,"POLYGON((2100.285 3081.160, 2154.105 3082.218, 2152.889 3150.366, 2099.070 3149.307, 2100.285 3081.160))","POLYGON((397044.205 4435666.006, 397046.137 4435665.968, 397046.094 4435663.520, 397044.161 4435663.558, 397044.205 4435666.006))"
B5_R6_C0,B5,5,6,0,AG34XF6,20,10,9.50000000,150.00000000,16.34000000,158.00000000,1886.60462004,2991.74288490,1887,2992,397036.53060052,4435669.21693104,40.06499342,-88.20736041,1940.42426454,2992.80142326,1940,2993,397038.46345408,4435669.17891675,40.06499332,-88.20733775,1939.20877162,3060.94880092,1939,3061,397038.41980144,4435666.73160409,40.06497127,-88.20733787,1885.38912711,3059.89026256,1885,3060,397036.48694788,4435666.76961838,40.06497137,-88.20736054,1912.90669583,3026.34584291,397037.47520098,4435667.97426756,40.06498235,-88.20734914,4.73193359,"POLYGON((1886.605 2991.743, 1940.424 2992.801, 1939.209 3060.949, 1885.389 3059.890, 1886.605 2991.743))","POLYGON((397036.531 4435669.217, 397038.463 4435669.179, 397038.420 4435666.732, 397036.487 4435666.770, 397036.531 4435669.217))"
B5_R6_C1,B5,5,6,1,LD21-7234,19,10,16.34000000,150.00000000,23.18000000,158.00000000,1940.42426454,2992.80142326,1940,2993,397038.46345408,4435669.17891675,40.06499332,-88.20733775,1994.24390905,2993.85996162,1994,2994,397040.39630765,4435669.14090245,40.06499321,-88.20731508,1993.02841612,3062.00733928,1993,3062,397040.35265500,4435666.69358980,40.06497116,-88.20731520,1939.20877162,3060.94880092,1939,3061,397038.41980144,4435666.73160409,40.06497127,-88.20733787,1966.72634033,3027.40438127,397039.40805454,4435667.93625327,40.06498224,-88.20732647,4.73193359,"POLYGON((1940.424 2992.801, 1994.244 2993.860, 1993.028 3062.007, 1939.209 3060.949, 1940.424 2992.801))","POLYGON((397038.463 4435669.179, 397040.396 4435669.141, 397040.353 4435666.694, 397038.420 4435666.732, 397038.463 4435669.179))"
B5_R6_C2,B5,5,6,2,AG36XF4,18,10,23.17000000,150.00000000,30.01000000,158.00000000,1994.16522536,2993.85841405,1994,2994,397040.39348184,4435669.14095803,40.06499321,-88.20731511,2047.98486987,2994.91695241,2048,2995,397042.32633540,4435669.10294374,40.06499310,-88.20729245,2046.76937694,3063.06433007,2047,3063,397042.28268276,4435666.65563108,40.06497105,-88.20729257,1992.94973243,3062.00579171,1993,3062,397040.34982919,4435666.69364537,40.06497116,-88.20731524,2020.46730115,3028.46137206,397041.33808230,4435667.89829456,40.06498213,-88.20730384,4.73193359,"POLYGON((1994.165 2993.858, 2047.985 2994.917, 2046.769 3063.064, 1992.950 3062.006, 1994.165 2993.858))","POLYGON((397040.393 4435669.141, 397042.326 4435669.103, 397042.283 4435666.656, 397040.350 4435666.694, 397040.393 4435669.141))"
B5_R6_C3,B5,5,6,3,LD21-3090,17,10,30.01000000,150.00000000,36.85000000,158.00000000,2047.98486987,2994.91695241,2048,2995,397042.32633540,4435669.10294374,40.06499310,-88.20729245,2101.80451437,2995.97549077,2102,2996,397044.25918897,4435669.06492945,40.06499300,-88.20726978,2100.58902145,3064.12286843,2101,3064,397044.21553632,4435666.61761679,40.06497095,-88.20726990,2046.76937694,3063.06433007,2047,3063,397042.28268276,4435666.65563108,40.06497105,-88.20729257,2074.28694566,3029.51991042,397043.27093586,4435667.86028026,40.06498203,-88.20728118,4.73193359,"POLYGON((2047.985 2994.917, 2101.805 2995.975, 2100.589 3064.123, 2046.769 3063.064, 2047.985 2994.917))","POLYGON((397042.326 4435669.103, 397044.259 4435669.065, 397044.216 4435666.618, 397042.283 4435666.656, 397042.326 4435669.103))"
B5_R6_C4,B5,5,6,4,AG35XF5,16,10,36.85000000,150.00000000,43.69000000,158.00000000,2101.80451437,2995.97549077,2102,2996,397044.25918897,4435669.06492945,40.06499300,-88.20726978,2155.62415888,2997.03402913,2156,2997,397046.19204253,4435669.02691515,40.06499289,-88.20724712,2154.40866595,3065.18140679,2154,3065,397046.14838988,4435666.57960250,40.06497084,-88.20724724,2100.58902145,3064.12286843,2101,3064,397044.21553632,4435666.61761679,40.06497095,-88.20726990,2128.10659016,3030.57844878,397045.20378943,4435667.82226597,40.06498192,-88.20725851,4.73193359,"POLYGON((2101.805 2995.975, 2155.624 2997.034, 2154.409 3065.181, 2100.589 3064.123, 2101.805 2995.975))","POLYGON((397044.259 4435669.065, 397046.192 4435669.027, 397046.148 4435666.580, 397044.216 4435666.618, 397044.259 4435669.065))"
B5_R7_C0,B5,5,7,0,LD17-10473F,20,9,9.50000000,160.00000000,16.34000000,168.00000000,1888.12398620,2906.55866282,1888,2907,397036.58516633,4435672.27607186,40.06502099,-88.20736026,1941.94363070,2907.61720118,1942,2908,397038.51801989,4435672.23805756,40.06502088,-88.20733759,1940.72813778,2975.76457884,1941,2976,397038.47436725,4435669.79074491,40.06499883,-88.20733772,1886.90849327,2974.70604048,1887,2975,397036.54151368,4435669.82875920,40.06499894,-88.20736038,1914.42606199,2941.16162083,397037.52976679,4435671.03340838,40.06500991,-88.20734899,4.73193359,"POLYGON((1888.124 2906.559, 1941.944 2907.617, 1940.728 2975.765, 1886.908 2974.706, 1888.124 2906.559))","POLYGON((397036.585 4435672.276, 397038.518 4435672.238, 397038.474 4435669.791, 397036.542 4435669.829, 397036.585 4435672.276))"
B5_R7_C1,B5,5,7,1,AG40XFF5,19,9,16.34000000,160.00000000,23.18000000,168.00000000,1941.94363070,2907.61720118,1942,2908,397038.51801989,4435672.23805756,40.06502088,-88.20733759,1995.76327521,2908.67573954,1996,2909,397040.45087345,4435672.20004327,40.06502077,-88.20731493,1994.54778228,2976.82311720,1995,2977,397040.40722081,4435669.75273062,40.06499872,-88.20731505,1940.72813778,2975.76457884,1941,2976,397038.47436725,4435669.79074491,40.06499883,-88.20733772,1968.24570649,2942.22015919,397039.46262035,4435670.99539409,40.06500980,-88.20732632,4.73193359,"POLYGON((1941.944 2907.617, 1995.763 2908.676, 1994.548 2976.823, 1940.728 2975.765, 1941.944 2907.617))","POLYGON((397038.518 4435672.238, 397040.451 4435672.200, 397040.407 4435669.753, 397038.474 4435669.791, 397038.518 4435672.238))"
B5_R7_C2,B5,5,7,2,LD21-7234,18,9,23.17000000,160.00000000,30.01000000,168.00000000,1995.68459152,2908.67419197,1996,2909,397040.44804765,4435672.20009885,40.06502077,-88.20731496,2049.50423603,2909.73273033,2050,2910,397042.38090121,4435672.16208456,40.06502067,-88.20729229,2048.28874310,2977.88010799,2048,2978,397042.33724856,4435669.71477190,40.06499862,-88.20729242,1994.46909859,2976.82156963,1994,2977,397040.40439500,4435669.75278619,40.06499872,-88.20731508,2021.98666731,2943.27714998,397041.39264810,4435670.95743538,40.06500970,-88.20730369,4.73193359,"POLYGON((1995.685 2908.674, 2049.504 2909.733, 2048.289 2977.880, 1994.469 2976.822, 1995.685 2908.674))","POLYGON((397040.448 4435672.200, 397042.381 4435672.162, 397042.337 4435669.715, 397040.404 4435669.753, 397040.448 4435672.200))"
B5_R7_C3,B5,5,7,3,AG38XF6,17,9,30.01000000,160.00000000,36.85000000,168.00000000,2049.50423603,2909.73273033,2050,2910,397042.38090121,4435672.16208456,40.06502067,-88.20729229,2103.32388053,2910.79126869,2103,2911,397044.31375477,4435672.12407027,40.06502056,-88.20726963,2102.10838761,2978.93864635,2102,2979,397044.27010213,4435669.67675761,40.06499851,-88.20726975,2048.28874310,2977.88010799,2048,2978,397042.33724856,4435669.71477190,40.06499862,-88.20729242,2075.80631182,2944.33568834,397043.32550167,4435670.91942108,40.06500959,-88.20728102,4.73193359,"POLYGON((2049.504 2909.733, 2103.324 2910.791, 2102.108 2978.939, 2048.289 2977.880, 2049.504 2909.733))","POLYGON((397042.381 4435672.162, 397044.314 4435672.124, 397044.270 4435669.677, 397042.337 4435669.715, 397042.381 4435672.162))"
B5_R7_C4,B5,5,7,4,LD21-5665,16,9,36.85000000,160.00000000,43.69000000,168.00000000,2103.32388053,2910.79126869,2103,2911,397044.31375477,4435672.12407027,40.06502056,-88.20726963,2157.14352504,2911.84980705,2157,2912,397046.24660834,4435672.08605597,40.06502045,-88.20724696,2155.92803211,2979.99718471,2156,2980,397046.20295569,4435669.63874332,40.06499840,-88.20724708,2102.10838761,2978.93864635,2102,2979,397044.27010213,4435669.67675761,40.06499851,-88.20726975,2129.62595632,2945.39422670,397045.25835523,4435670.88140679,40.06500948,-88.20725836,4.73242188,"POLYGON((2103.324 2910.791, 2157.144 2911.850, 2155.928 2979.997, 2102.108 2978.939, 2103.324 2910.791))","POLYGON((397044.314 4435672.124, 397046.247 4435672.086, 397046.203 4435669.639, 397044.270 4435669.677, 397044.314 4435672.124))"
B6_R0_C0,B6,6,0,0,AG36XF4,15,16,44.94000000,90.00000000,51.78000000,98.00000000,2156.34342328,3508.33280793,2156,3508,397046.21787386,4435650.66512318,40.06482750,-88.20724389,2210.16306778,3509.39134629,2210,3509,397048.15072742,4435650.62710889,40.06482739,-88.20722123,2208.94757485,3577.53872395,2209,3578,397048.10707477,4435648.17979623,40.06480534,-88.20722135,2155.12793035,3576.48018559,2155,3576,397046.17422121,4435648.21781053,40.06480545,-88.20724402,2182.64549906,3542.93576594,397047.16247431,4435649.42245971,40.06481642,-88.20723262,4.73193359,"POLYGON((2156.343 3508.333, 2210.163 3509.391, 2208.948 3577.539, 2155.128 3576.480, 2156.343 3508.333))","POLYGON((397046.218 4435650.665, 397048.151 4435650.627, 397048.107 4435648.180, 397046.174 4435648.218, 397046.218 4435650.665))"
B6_R0_C1,B6,6,0,1,LG3216,14,16,51.77000000,90.00000000,58.61000000,98.00000000,2210.08438409,3509.38979872,2210,3509,397048.14790161,4435650.62716447,40.06482739,-88.20722126,2263.90402860,3510.44833708,2264,3510,397050.08075517,4435650.58915017,40.06482729,-88.20719859,2262.68853567,3578.59571474,2263,3579,397050.03710253,4435648.14183752,40.06480524,-88.20719872,2208.86889116,3577.53717638,2209,3578,397048.10424896,4435648.17985181,40.06480534,-88.20722138,2236.38645988,3543.99275673,397049.09250207,4435649.38450099,40.06481631,-88.20720999,4.73144531,"POLYGON((2210.084 3509.390, 2263.904 3510.448, 2262.689 3578.596, 2208.869 3577.537, 2210.084 3509.390))","POLYGON((397048.148 4435650.627, 397050.081 4435650.589, 397050.037 4435648.142, 397048.104 4435648.180, 397048.148 4435650.627))"
B6_R0_C2,B6,6,0,2,AG29XF4,13,16,58.61000000,90.00000000,65.45000000,98.00000000,2263.90402860,3510.44833708,2264,3510,397050.08075517,4435650.58915017,40.06482729,-88.20719859,2317.72367311,3511.50687544,2318,3512,397052.01360874,4435650.55113588,40.06482718,-88.20717593,2316.50818018,3579.65425310,2317,3580,397051.96995609,4435648.10382323,40.06480513,-88.20717605,2262.68853567,3578.59571474,2263,3579,397050.03710253,4435648.14183752,40.06480524,-88.20719872,2290.20610439,3545.05129509,397051.02535563,4435649.34648670,40.06481621,-88.20718732,4.73193359,"POLYGON((2263.904 3510.448, 2317.724 3511.507, 2316.508 3579.654, 2262.689 3578.596, 2263.904 3510.448))","POLYGON((397050.081 4435650.589, 397052.014 4435650.551, 397051.970 4435648.104, 397050.037 4435648.142, 397050.081 4435650.589))"
B6_R0_C3,B6,6,0,3,LG3216,12,16,65.45000000,90.00000000,72.29000000,98.00000000,2317.72367311,3511.50687544,2318,3512,397052.01360874,4435650.55113588,40.06482718,-88.20717593,2371.54331761,3512.56541380,2372,3513,397053.94646230,4435650.51312159,40.06482707,-88.20715326,2370.32782468,3580.71279146,2370,3581,397053.90280966,4435648.06580893,40.06480502,-88.20715338,2316.50818018,3579.65425310,2317,3580,397051.96995609,4435648.10382323,40.06480513,-88.20717605,2344.02574889,3546.10983345,397052.95820920,4435649.30847241,40.06481610,-88.20716466,4.73242188,"POLYGON((2317.724 3511.507, 2371.543 3512.565, 2370.328 3580.713, 2316.508 3579.654, 2317.724 3511.507))","POLYGON((397052.014 4435650.551, 397053.946 4435650.513, 397053.903 4435648.066, 397051.970 4435648.104, 397052.014 4435650.551))"
B6_R0_C4,B6,6,0,4,AG40XFF5,11,16,72.29000000,90.00000000,79.13000000,98.00000000,2371.54331761,3512.56541380,2372,3513,397053.94646230,4435650.51312159,40.06482707,-88.20715326,2425.36296212,3513.62395216,2425,3514,397055.87931586,4435650.47510730,40.06482697,-88.20713060,2424.14746919,3581.77132982,2424,3582,397055.83566322,4435648.02779464,40.06480492,-88.20713072,2370.32782468,3580.71279146,2370,3581,397053.90280966,4435648.06580893,40.06480502,-88.20715338,2397.84539340,3547.16837181,397054.89106276,4435649.27045811,40.06481599,-88.20714199,4.73242188,"POLYGON((2371.543 3512.565, 2425.363 3513.624, 2424.147 3581.771, 2370.328 3580.713, 2371.543 3512.565))","POLYGON((397053.946 4435650.513, 397055.879 4435650.475, 397055.836 4435648.028, 397053.903 4435648.066, 397053.946 4435650.513))"
B6_R1_C0,B6,6,1,0,LG3216,15,15,44.94000000,100.00000000,51.78000000,108.00000000,2157.86278943,3423.14858585,2158,3423,397046.27243966,4435653.72426400,40.06485506,-88.20724374,2211.68243394,3424.20712421,2212,3424,397048.20529323,4435653.68624971,40.06485495,-88.20722107,2210.46694101,3492.35450187,2210,3492,397048.16164058,4435651.23893705,40.06483290,-88.20722120,2156.64729651,3491.29596351,2157,3491,397046.22878702,4435651.27695134,40.06483301,-88.20724386,2184.16486522,3457.75154386,397047.21704012,4435652.48160053,40.06484398,-88.20723247,4.73242188,"POLYGON((2157.863 3423.149, 2211.682 3424.207, 2210.467 3492.355, 2156.647 3491.296, 2157.863 3423.149))","POLYGON((397046.272 4435653.724, 397048.205 4435653.686, 397048.162 4435651.239, 397046.229 4435651.277, 397046.272 4435653.724))"
B6_R1_C1,B6,6,1,1,AG38XF6,14,15,51.77000000,100.00000000,58.61000000,108.00000000,2211.60375025,3424.20557664,2212,3424,397048.20246742,4435653.68630528,40.06485495,-88.20722111,2265.42339476,3425.26411500,2265,3425,397050.13532098,4435653.64829099,40.06485485,-88.20719844,2264.20790183,3493.41149266,2264,3493,397050.09166833,4435651.20097834,40.06483280,-88.20719856,2210.38825732,3492.35295430,2210,3492,397048.15881477,4435651.23899263,40.06483290,-88.20722123,2237.90582604,3458.80853465,397049.14706788,4435652.44364181,40.06484388,-88.20720983,4.73193359,"POLYGON((2211.604 3424.206, 2265.423 3425.264, 2264.208 3493.411, 2210.388 3492.353, 2211.604 3424.206))","POLYGON((397048.202 4435653.686, 397050.135 4435653.648, 397050.092 4435651.201, 397048.159 4435651.239, 397048.202 4435653.686))"
B6_R1_C2,B6,6,1,2,LG3216,13,15,58.61000000,100.00000000,65.45000000,108.00000000,2265.42339476,3425.26411500,2265,3425,397050.13532098,4435653.64829099,40.06485485,-88.20719844,2319.24303926,3426.32265336,2319,3426,397052.06817454,4435653.61027670,40.06485474,-88.20717577,2318.02754634,3494.47003102,2318,3494,397052.02452190,4435651.16296405,40.06483269,-88.20717590,2264.20790183,3493.41149266,2264,3493,397050.09166833,4435651.20097834,40.06483280,-88.20719856,2291.72547055,3459.86707301,397051.07992144,4435652.40562752,40.06484377,-88.20718717,4.73193359,"POLYGON((2265.423 3425.264, 2319.243 3426.323, 2318.028 3494.470, 2264.208 3493.411, 2265.423 3425.264))","POLYGON((397050.135 4435653.648, 397052.068 4435653.610, 397052.025 4435651.163, 397050.092 4435651.201, 397050.135 4435653.648))"
B6_R1_C3,B6,6,1,3,AG29XF5,12,15,65.45000000,100.00000000,72.29000000,108.00000000,2319.24303926,3426.32265336,2319,3426,397052.06817454,4435653.61027670,40.06485474,-88.20717577,2373.06268377,3427.38119172,2373,3427,397054.00102811,4435653.57226241,40.06485464,-88.20715311,2371.84719084,3495.52856938,2372,3496,397053.95737546,4435651.12494975,40.06483259,-88.20715323,2318.02754634,3494.47003102,2318,3494,397052.02452190,4435651.16296405,40.06483269,-88.20717590,2345.54511505,3460.92561137,397053.01277500,4435652.36761323,40.06484366,-88.20716450,4.73144531,"POLYGON((2319.243 3426.323, 2373.063 3427.381, 2371.847 3495.529, 2318.028 3494.470, 2319.243 3426.323))","POLYGON((397052.068 4435653.610, 397054.001 4435653.572, 397053.957 4435651.125, 397052.025 4435651.163, 397052.068 4435653.610))"
B6_R1_C4,B6,6,1,4,LG3216,11,15,72.29000000,100.00000000,79.13000000,108.00000000,2373.06268377,3427.38119172,2373,3427,397054.00102811,4435653.57226241,40.06485464,-88.20715311,2426.88232828,3428.43973008,2427,3428,397055.93388167,4435653.53424812,40.06485453,-88.20713044,2425.66683535,3496.58710774,2426,3497,397055.89022903,4435651.08693546,40.06483248,-88.20713056,2371.84719084,3495.52856938,2372,3496,397053.95737546,4435651.12494975,40.06483259,-88.20715323,2399.36475956,3461.98414973,397054.94562857,4435652.32959893,40.06484356,-88.20714184,4.73193359,"POLYGON((2373.063 3427.381, 2426.882 3428.440, 2425.667 3496.587, 2371.847 3495.529, 2373.063 3427.381))","POLYGON((397054.001 4435653.572, 397055.934 4435653.534, 397055.890 4435651.087, 397053.957 4435651.125, 397054.001 4435653.572))"
B6_R2_C0,B6,6,2,0,AG34XF6,15,14,44.94000000,110.00000000,51.78000000,118.00000000,2159.38215559,3337.96436377,2159,3338,397046.32700547,4435656.78340482,40.06488262,-88.20724359,2213.20180010,3339.02290213,2213,3339,397048.25985903,4435656.74539053,40.06488252,-88.20722092,2211.98630717,3407.17027979,2212,3407,397048.21620639,4435654.29807787,40.06486047,-88.20722104,2158.16666267,3406.11174143,2158,3406,397046.28335282,4435654.33609216,40.06486057,-88.20724371,2185.68423138,3372.56732178,397047.27160593,4435655.54074135,40.06487154,-88.20723231,4.73242188,"POLYGON((2159.382 3337.964, 2213.202 3339.023, 2211.986 3407.170, 2158.167 3406.112, 2159.382 3337.964))","POLYGON((397046.327 4435656.783, 397048.260 4435656.745, 397048.216 4435654.298, 397046.283 4435654.336, 397046.327 4435656.783))"
B6_R2_C1,B6,6,2,1,LG3216,14,14,51.77000000,110.00000000,58.61000000,118.00000000,2213.12311641,3339.02135456,2213,3339,397048.25703322,4435656.74544610,40.06488252,-88.20722095,2266.94276092,3340.07989292,2267,3340,397050.18988679,4435656.70743181,40.06488241,-88.20719829,2265.72726799,3408.22727058,2266,3408,397050.14623414,4435654.26011916,40.06486036,-88.20719841,2211.90762348,3407.16873222,2212,3407,397048.21338058,4435654.29813345,40.06486047,-88.20722108,2239.42519220,3373.62431257,397049.20163368,4435655.50278263,40.06487144,-88.20720968,4.73193359,"POLYGON((2213.123 3339.021, 2266.943 3340.080, 2265.727 3408.227, 2211.908 3407.169, 2213.123 3339.021))","POLYGON((397048.257 4435656.745, 397050.190 4435656.707, 397050.146 4435654.260, 397048.213 4435654.298, 397048.257 4435656.745))"
B6_R2_C2,B6,6,2,2,AG35XF5,13,14,58.61000000,110.00000000,65.45000000,118.00000000,2266.94276092,3340.07989292,2267,3340,397050.18988679,4435656.70743181,40.06488241,-88.20719829,2320.76240542,3341.13843128,2321,3341,397052.12274035,4435656.66941752,40.06488230,-88.20717562,2319.54691250,3409.28580894,2320,3409,397052.07908770,4435654.22210486,40.06486025,-88.20717574,2265.72726799,3408.22727058,2266,3408,397050.14623414,4435654.26011916,40.06486036,-88.20719841,2293.24483671,3374.68285093,397051.13448725,4435655.46476834,40.06487133,-88.20718702,4.73242188,"POLYGON((2266.943 3340.080, 2320.762 3341.138, 2319.547 3409.286, 2265.727 3408.227, 2266.943 3340.080))","POLYGON((397050.190 4435656.707, 397052.123 4435656.669, 397052.079 4435654.222, 397050.146 4435654.260, 397050.190 4435656.707))"
B6_R2_C3,B6,6,2,3,LG3216,12,14,65.45000000,110.00000000,72.29000000,118.00000000,2320.76240542,3341.13843128,2321,3341,397052.12274035,4435656.66941752,40.06488230,-88.20717562,2374.58204993,3342.19696964,2375,3342,397054.05559391,4435656.63140323,40.06488220,-88.20715295,2373.36655700,3410.34434730,2373,3410,397054.01194127,4435654.18409057,40.06486015,-88.20715308,2319.54691250,3409.28580894,2320,3409,397052.07908770,4435654.22210486,40.06486025,-88.20717574,2347.06448121,3375.74138929,397053.06734081,4435655.42675405,40.06487123,-88.20716435,4.73193359,"POLYGON((2320.762 3341.138, 2374.582 3342.197, 2373.367 3410.344, 2319.547 3409.286, 2320.762 3341.138))","POLYGON((397052.123 4435656.669, 397054.056 4435656.631, 397054.012 4435654.184, 397052.079 4435654.222, 397052.123 4435656.669))"
B6_R2_C4,B6,6,2,4,AG40XFF5,11,14,72.29000000,110.00000000,79.13000000,118.00000000,2374.58204993,3342.19696964,2375,3342,397054.05559391,4435656.63140323,40.06488220,-88.20715295,2428.40169444,3343.25550800,2428,3343,397055.98844748,4435656.59338894,40.06488209,-88.20713029,2427.18620151,3411.40288566,2427,3411,397055.94479483,4435654.14607628,40.06486004,-88.20713041,2373.36655700,3410.34434730,2373,3410,397054.01194127,4435654.18409057,40.06486015,-88.20715308,2400.88412572,3376.79992765,397055.00019437,4435655.38873975,40.06487112,-88.20714168,4.73144531,"POLYGON((2374.582 3342.197, 2428.402 3343.256, 2427.186 3411.403, 2373.367 3410.344, 2374.582 3342.197))","POLYGON((397054.056 4435656.631, 397055.988 4435656.593, 397055.945 4435654.146, 397054.012 4435654.184, 397054.056 4435656.631))"
B6_R3_C0,B6,6,3,0,LG3216,15,13,44.94000000,120.00000000,51.78000000,128.00000000,2160.90152175,3252.78014170,2161,3253,397046.38157127,4435659.84254564,40.06491019,-88.20724343,2214.72116626,3253.83868006,2215,3254,397048.31442484,4435659.80453135,40.06491008,-88.20722077,2213.50567333,3321.98605772,2214,3322,397048.27077219,4435657.35721869,40.06488803,-88.20722089,2159.68602883,3320.92751936,2160,3321,397046.33791863,4435657.39523298,40.06488814,-88.20724356,2187.20359754,3287.38309971,397047.32617173,4435658.59988216,40.06489911,-88.20723216,4.73193359,"POLYGON((2160.902 3252.780, 2214.721 3253.839, 2213.506 3321.986, 2159.686 3320.928, 2160.902 3252.780))","POLYGON((397046.382 4435659.843, 397048.314 4435659.805, 397048.271 4435657.357, 397046.338 4435657.395, 397046.382 4435659.843))"
B6_R3_C1,B6,6,3,1,AG35XF5,14,13,51.77000000,120.00000000,58.61000000,128.00000000,2214.64248257,3253.83713248,2215,3254,397048.31159903,4435659.80458692,40.06491008,-88.20722080,2268.46212708,3254.89567084,2268,3255,397050.24445259,4435659.76657263,40.06490997,-88.20719813,2267.24663415,3323.04304851,2267,3323,397050.20079995,4435657.31925998,40.06488792,-88.20719826,2213.42698964,3321.98451015,2213,3322,397048.26794638,4435657.35727427,40.06488803,-88.20722092,2240.94455836,3288.44009050,397049.25619949,4435658.56192345,40.06489900,-88.20720953,4.73193359,"POLYGON((2214.642 3253.837, 2268.462 3254.896, 2267.247 3323.043, 2213.427 3321.985, 2214.642 3253.837))","POLYGON((397048.312 4435659.805, 397050.244 4435659.767, 397050.201 4435657.319, 397048.268 4435657.357, 397048.312 4435659.805))"
B6_R3_C2,B6,6,3,2,LG3216,13,13,58.61000000,120.00000000,65.45000000,128.00000000,2268.46212708,3254.89567084,2268,3255,397050.24445259,4435659.76657263,40.06490997,-88.20719813,2322.28177158,3255.95420920,2322,3256,397052.17730616,4435659.72855834,40.06490987,-88.20717547,2321.06627866,3324.10158687,2321,3324,397052.13365351,4435657.28124568,40.06488782,-88.20717559,2267.24663415,3323.04304851,2267,3323,397050.20079995,4435657.31925998,40.06488792,-88.20719826,2294.76420287,3289.49862886,397051.18905305,4435658.52390916,40.06489889,-88.20718686,4.73193359,"POLYGON((2268.462 3254.896, 2322.282 3255.954, 2321.066 3324.102, 2267.247 3323.043, 2268.462 3254.896))","POLYGON((397050.244 4435659.767, 397052.177 4435659.729, 397052.134 4435657.281, 397050.201 4435657.319, 397050.244 4435659.767))"
B6_R3_C3,B6,6,3,3,AG36XF4,12,13,65.45000000,120.00000000,72.29000000,128.00000000,2322.28177158,3255.95420920,2322,3256,397052.17730616,4435659.72855834,40.06490987,-88.20717547,2376.10141609,3257.01274756,2376,3257,397054.11015972,4435659.69054405,40.06490976,-88.20715280,2374.88592316,3325.16012523,2375,3325,397054.06650707,4435657.24323139,40.06488771,-88.20715292,2321.06627866,3324.10158687,2321,3324,397052.13365351,4435657.28124568,40.06488782,-88.20717559,2348.58384737,3290.55716722,397053.12190662,4435658.48589487,40.06489879,-88.20716420,4.73193359,"POLYGON((2322.282 3255.954, 2376.101 3257.013, 2374.886 3325.160, 2321.066 3324.102, 2322.282 3255.954))","POLYGON((397052.177 4435659.729, 397054.110 4435659.691, 397054.067 4435657.243, 397052.134 4435657.281, 397052.177 4435659.729))"
B6_R3_C4,B6,6,3,4,LG3216,11,13,72.29000000,120.00000000,79.13000000,128.00000000,2376.10141609,3257.01274756,2376,3257,397054.11015972,4435659.69054405,40.06490976,-88.20715280,2429.92106060,3258.07128592,2430,3258,397056.04301328,4435659.65252975,40.06490965,-88.20713014,2428.70556767,3326.21866359,2429,3326,397055.99936064,4435657.20521710,40.06488760,-88.20713026,2374.88592316,3325.16012523,2375,3325,397054.06650707,4435657.24323139,40.06488771,-88.20715292,2402.40349188,3291.61570558,397055.05476018,4435658.44788057,40.06489868,-88.20714153,4.73242188,"POLYGON((2376.101 3257.013, 2429.921 3258.071, 2428.706 3326.219, 2374.886 3325.160, 2376.101 3257.013))","POLYGON((397054.110 4435659.691, 397056.043 4435659.653, 397055.999 4435657.205, 397054.067 4435657.243, 397054.110 4435659.691))"
B6_R4_C0,B6,6,4,0,AG29XF4,15,12,44.94000000,130.00000000,51.78000000,138.00000000,2162.42088791,3167.59591962,2162,3168,397046.43613708,4435662.90168646,40.06493775,-88.20724328,2216.24053242,3168.65445798,2216,3169,397048.36899064,4435662.86367217,40.06493764,-88.20722061,2215.02503949,3236.80183564,2215,3237,397048.32533800,4435660.41635951,40.06491559,-88.20722074,2161.20539498,3235.74329728,2161,3236,397046.39248444,4435660.45437380,40.06491570,-88.20724340,2188.72296370,3202.19887763,397047.38073754,4435661.65902298,40.06492667,-88.20723201,4.73193359,"POLYGON((2162.421 3167.596, 2216.241 3168.654, 2215.025 3236.802, 2161.205 3235.743, 2162.421 3167.596))","POLYGON((397046.436 4435662.902, 397048.369 4435662.864, 397048.325 4435660.416, 397046.392 4435660.454, 397046.436 4435662.902))"
B6_R4_C1,B6,6,4,1,LG3216,14,12,51.77000000,130.00000000,58.61000000,138.00000000,2216.16184873,3168.65291041,2216,3169,397048.36616483,4435662.86372774,40.06493764,-88.20722065,2269.98149324,3169.71144877,2270,3170,397050.29901840,4435662.82571345,40.06493754,-88.20719798,2268.76600031,3237.85882643,2269,3238,397050.25536575,4435660.37840080,40.06491549,-88.20719810,2214.94635580,3236.80028807,2215,3237,397048.32251219,4435660.41641509,40.06491559,-88.20722077,2242.46392452,3203.25586842,397049.31076529,4435661.62106427,40.06492656,-88.20720937,4.73193359,"POLYGON((2216.162 3168.653, 2269.981 3169.711, 2268.766 3237.859, 2214.946 3236.800, 2216.162 3168.653))","POLYGON((397048.366 4435662.864, 397050.299 4435662.826, 397050.255 4435660.378, 397048.323 4435660.416, 397048.366 4435662.864))"
B6_R4_C2,B6,6,4,2,AG29XF5,13,12,58.61000000,130.00000000,65.45000000,138.00000000,2269.98149324,3169.71144877,2270,3170,397050.29901840,4435662.82571345,40.06493754,-88.20719798,2323.80113774,3170.76998713,2324,3171,397052.23187196,4435662.78769916,40.06493743,-88.20717531,2322.58564481,3238.91736479,2323,3239,397052.18821932,4435660.34038650,40.06491538,-88.20717544,2268.76600031,3237.85882643,2269,3238,397050.25536575,4435660.37840080,40.06491549,-88.20719810,2296.28356903,3204.31440678,397051.24361886,4435661.58304998,40.06492646,-88.20718671,4.73193359,"POLYGON((2269.981 3169.711, 2323.801 3170.770, 2322.586 3238.917, 2268.766 3237.859, 2269.981 3169.711))","POLYGON((397050.299 4435662.826, 397052.232 4435662.788, 397052.188 4435660.340, 397050.255 4435660.378, 397050.299 4435662.826))"
B6_R4_C3,B6,6,4,3,LG3216,12,12,65.45000000,130.00000000,72.29000000,138.00000000,2323.80113774,3170.76998713,2324,3171,397052.23187196,4435662.78769916,40.06493743,-88.20717531,2377.62078225,3171.82852549,2378,3172,397054.16472553,4435662.74968487,40.06493732,-88.20715265,2376.40528932,3239.97590315,2376,3240,397054.12107288,4435660.30237221,40.06491527,-88.20715277,2322.58564481,3238.91736479,2323,3239,397052.18821932,4435660.34038650,40.06491538,-88.20717544,2350.10321353,3205.37294514,397053.17647242,4435661.54503568,40.06492635,-88.20716404,4.73144531,"POLYGON((2323.801 3170.770, 2377.621 3171.829, 2376.405 3239.976, 2322.586 3238.917, 2323.801 3170.770))","POLYGON((397052.232 4435662.788, 397054.165 4435662.750, 397054.121 4435660.302, 397052.188 4435660.340, 397052.232 4435662.788))"
B6_R4_C4,B6,6,4,4,AG38XF6,11,12,72.29000000,130.00000000,79.13000000,138.00000000,2377.62078225,3171.82852549,2378,3172,397054.16472553,4435662.74968487,40.06493732,-88.20715265,2431.44042676,3172.88706385,2431,3173,397056.09757909,4435662.71167057,40.06493722,-88.20712998,2430.22493383,3241.03444151,2430,3241,397056.05392644,4435660.26435792,40.06491517,-88.20713010,2376.40528932,3239.97590315,2376,3240,397054.12107288,4435660.30237221,40.06491527,-88.20715277,2403.92285804,3206.43148350,397055.10932599,4435661.50702139,40.06492624,-88.20714138,4.73242188,"POLYGON((2377.621 3171.829, 2431.440 3172.887, 2430.225 3241.034, 2376.405 3239.976, 2377.621 3171.829))","POLYGON((397054.165 4435662.750, 397056.098 4435662.712, 397056.054 4435660.264, 397054.121 4435660.302, 397054.165 4435662.750))"
B6_R5_C0,B6,6,5,0,LG3216,15,11,44.94000000,140.00000000,51.78000000,148.00000000,2163.94025407,3082.41169754,2164,3082,397046.49070289,4435665.96082728,40.06496531,-88.20724313,2217.75989858,3083.47023590,2218,3083,397048.42355645,4435665.92281299,40.06496520,-88.20722046,2216.54440565,3151.61761356,2217,3152,397048.37990381,4435663.47550033,40.06494315,-88.20722058,2162.72476114,3150.55907520,2163,3151,397046.44705024,4435663.51351462,40.06494326,-88.20724325,2190.24232986,3117.01465555,397047.43530335,4435664.71816380,40.06495423,-88.20723185,4.73193359,"POLYGON((2163.940 3082.412, 2217.760 3083.470, 2216.544 3151.618, 2162.725 3150.559, 2163.940 3082.412))","POLYGON((397046.491 4435665.961, 397048.424 4435665.923, 397048.380 4435663.476, 397046.447 4435663.514, 397046.491 4435665.961))"
B6_R5_C1,B6,6,5,1,AG34XF6,14,11,51.77000000,140.00000000,58.61000000,148.00000000,2217.68121489,3083.46868833,2218,3083,397048.42073064,4435665.92286856,40.06496520,-88.20722049,2271.50085939,3084.52722669,2272,3085,397050.35358420,4435665.88485427,40.06496510,-88.20719783,2270.28536647,3152.67460435,2270,3153,397050.30993156,4435663.43754161,40.06494305,-88.20719795,2216.46572196,3151.61606599,2216,3152,397048.37707800,4435663.47555591,40.06494315,-88.20722062,2243.98329068,3118.07164634,397049.36533110,4435664.68020509,40.06495413,-88.20720922,4.73144531,"POLYGON((2217.681 3083.469, 2271.501 3084.527, 2270.285 3152.675, 2216.466 3151.616, 2217.681 3083.469))","POLYGON((397048.421 4435665.923, 397050.354 4435665.885, 397050.310 4435663.438, 397048.377 4435663.476, 397048.421 4435665.923))"
B6_R5_C2,B6,6,5,2,LG3216,13,11,58.61000000,140.00000000,65.45000000,148.00000000,2271.50085939,3084.52722669,2272,3085,397050.35358420,4435665.88485427,40.06496510,-88.20719783,2325.32050390,3085.58576505,2325,3086,397052.28643777,4435665.84683998,40.06496499,-88.20717516,2324.10501097,3153.73314271,2324,3154,397052.24278512,4435663.39952732,40.06494294,-88.20717528,2270.28536647,3152.67460435,2270,3153,397050.30993156,4435663.43754161,40.06494305,-88.20719795,2297.80293518,3119.13018470,397051.29818466,4435664.64219080,40.06495402,-88.20718656,4.73144531,"POLYGON((2271.501 3084.527, 2325.321 3085.586, 2324.105 3153.733, 2270.285 3152.675, 2271.501 3084.527))","POLYGON((397050.354 4435665.885, 397052.286 4435665.847, 397052.243 4435663.400, 397050.310 4435663.438, 397050.354 4435665.885))"
B6_R5_C3,B6,6,5,3,AG29XF5,12,11,65.45000000,140.00000000,72.29000000,148.00000000,2325.32050390,3085.58576505,2325,3086,397052.28643777,4435665.84683998,40.06496499,-88.20717516,2379.14014841,3086.64430341,2379,3087,397054.21929133,4435665.80882569,40.06496489,-88.20715249,2377.92465548,3154.79168107,2378,3155,397054.17563869,4435663.36151303,40.06494284,-88.20715262,2324.10501097,3153.73314271,2324,3154,397052.24278512,4435663.39952732,40.06494294,-88.20717528,2351.62257969,3120.18872306,397053.23103823,4435664.60417650,40.06495391,-88.20716389,4.73193359,"POLYGON((2325.321 3085.586, 2379.140 3086.644, 2377.925 3154.792, 2324.105 3153.733, 2325.321 3085.586))","POLYGON((397052.286 4435665.847, 397054.219 4435665.809, 397054.176 4435663.362, 397052.243 4435663.400, 397052.286 4435665.847))"
B6_R5_C4,B6,6,5,4,LG3216,11,11,72.29000000,140.00000000,79.13000000,148.00000000,2379.14014841,3086.64430341,2379,3087,397054.21929133,4435665.80882569,40.06496489,-88.20715249,2432.95979292,3087.70284177,2433,3088,397056.15214490,4435665.77081139,40.06496478,-88.20712983,2431.74429999,3155.85021943,2432,3156,397056.10849225,4435663.32349874,40.06494273,-88.20712995,2377.92465548,3154.79168107,2378,3155,397054.17563869,4435663.36151303,40.06494284,-88.20715262,2405.44222420,3121.24726142,397055.16389179,4435664.56616221,40.06495381,-88.20714122,4.73193359,"POLYGON((2379.140 3086.644, 2432.960 3087.703, 2431.744 3155.850, 2377.925 3154.792, 2379.140 3086.644))","POLYGON((397054.219 4435665.809, 397056.152 4435665.771, 397056.108 4435663.323, 397054.176 4435663.362, 397054.219 4435665.809))"
B6_R6_C0,B6,6,6,0,AG35XF5,15,10,44.94000000,150.00000000,51.78000000,158.00000000,2165.45962023,2997.22747546,2165,2997,397046.54526869,4435669.01996810,40.06499287,-88.20724297,2219.27926474,2998.28601382,2219,2998,397048.47812226,4435668.98195381,40.06499277,-88.20722031,2218.06377181,3066.43339149,2218,3066,397048.43446961,4435666.53464115,40.06497072,-88.20722043,2164.24412730,3065.37485313,2164,3065,397046.50161605,4435666.57265544,40.06497082,-88.20724310,2191.76169602,3031.83043347,397047.48986915,4435667.77730462,40.06498179,-88.20723170,4.73242188,"POLYGON((2165.460 2997.227, 2219.279 2998.286, 2218.064 3066.433, 2164.244 3065.375, 2165.460 2997.227))","POLYGON((397046.545 4435669.020, 397048.478 4435668.982, 397048.434 4435666.535, 397046.502 4435666.573, 397046.545 4435669.020))"
B6_R6_C1,B6,6,6,1,LG3216,14,10,51.77000000,150.00000000,58.61000000,158.00000000,2219.20058105,2998.28446625,2219,2998,397048.47529645,4435668.98200938,40.06499277,-88.20722034,2273.02022555,2999.34300461,2273,2999,397050.40815001,4435668.94399509,40.06499266,-88.20719767,2271.80473263,3067.49038227,2272,3067,397050.36449737,4435666.49668243,40.06497061,-88.20719780,2217.98508812,3066.43184391,2218,3066,397048.43164380,4435666.53469673,40.06497072,-88.20722046,2245.50265684,3032.88742426,397049.41989691,4435667.73934591,40.06498169,-88.20720907,4.73193359,"POLYGON((2219.201 2998.284, 2273.020 2999.343, 2271.805 3067.490, 2217.985 3066.432, 2219.201 2998.284))","POLYGON((397048.475 4435668.982, 397050.408 4435668.944, 397050.364 4435666.497, 397048.432 4435666.535, 397048.475 4435668.982))"
B6_R6_C2,B6,6,6,2,AG36XF4,13,10,58.61000000,150.00000000,65.45000000,158.00000000,2273.02022555,2999.34300461,2273,2999,397050.40815001,4435668.94399509,40.06499266,-88.20719767,2326.83987006,3000.40154297,2327,3000,397052.34100357,4435668.90598080,40.06499255,-88.20717501,2325.62437713,3068.54892063,2326,3069,397052.29735093,4435666.45866814,40.06497050,-88.20717513,2271.80473263,3067.49038227,2272,3067,397050.36449737,4435666.49668243,40.06497061,-88.20719780,2299.32230134,3033.94596262,397051.35275047,4435667.70133162,40.06498158,-88.20718640,4.73193359,"POLYGON((2273.020 2999.343, 2326.840 3000.402, 2325.624 3068.549, 2271.805 3067.490, 2273.020 2999.343))","POLYGON((397050.408 4435668.944, 397052.341 4435668.906, 397052.297 4435666.459, 397050.364 4435666.497, 397050.408 4435668.944))"
B6_R6_C3,B6,6,6,3,LG3216,12,10,65.45000000,150.00000000,72.29000000,158.00000000,2326.83987006,3000.40154297,2327,3000,397052.34100357,4435668.90598080,40.06499255,-88.20717501,2380.65951457,3001.46008133,2381,3001,397054.27385714,4435668.86796650,40.06499245,-88.20715234,2379.44402164,3069.60745899,2379,3070,397054.23020449,4435666.42065385,40.06497040,-88.20715246,2325.62437713,3068.54892063,2326,3069,397052.29735093,4435666.45866814,40.06497050,-88.20717513,2353.14194585,3035.00450098,397053.28560403,4435667.66331732,40.06498148,-88.20716374,4.73193359,"POLYGON((2326.840 3000.402, 2380.660 3001.460, 2379.444 3069.607, 2325.624 3068.549, 2326.840 3000.402))","POLYGON((397052.341 4435668.906, 397054.274 4435668.868, 397054.230 4435666.421, 397052.297 4435666.459, 397052.341 4435668.906))"
B6_R6_C4,B6,6,6,4,AG34XF6,11,10,72.29000000,150.00000000,79.13000000,158.00000000,2380.65951457,3001.46008133,2381,3001,397054.27385714,4435668.86796650,40.06499245,-88.20715234,2434.47915907,3002.51861969,2434,3003,397056.20671070,4435668.82995221,40.06499234,-88.20712968,2433.26366615,3070.66599735,2433,3071,397056.16305806,4435666.38263956,40.06497029,-88.20712980,2379.44402164,3069.60745899,2379,3070,397054.23020449,4435666.42065385,40.06497040,-88.20715246,2406.96159036,3036.06303934,397055.21845760,4435667.62530303,40.06498137,-88.20714107,4.73193359,"POLYGON((2380.660 3001.460, 2434.479 3002.519, 2433.264 3070.666, 2379.444 3069.607, 2380.660 3001.460))","POLYGON((397054.274 4435668.868, 397056.207 4435668.830, 397056.163 4435666.383, 397054.230 4435666.421, 397054.274 4435668.868))"
B6_R7_C0,B6,6,7,0,LG3216,15,9,44.94000000,160.00000000,51.78000000,168.00000000,2166.97898639,2912.04325339,2167,2912,397046.59983450,4435672.07910892,40.06502044,-88.20724282,2220.79863090,2913.10179175,2221,2913,397048.53268806,4435672.04109462,40.06502033,-88.20722015,2219.58313797,2981.24916941,2220,2981,397048.48903542,4435669.59378197,40.06499828,-88.20722028,2165.76349346,2980.19063105,2166,2980,397046.55618185,4435669.63179626,40.06499839,-88.20724294,2193.28106218,2946.64621140,397047.54443496,4435670.83644544,40.06500936,-88.20723155,4.73144531,"POLYGON((2166.979 2912.043, 2220.799 2913.102, 2219.583 2981.249, 2165.763 2980.191, 2166.979 2912.043))","POLYGON((397046.600 4435672.079, 397048.533 4435672.041, 397048.489 4435669.594, 397046.556 4435669.632, 397046.600 4435672.079))"
B6_R7_C1,B6,6,7,1,AG38XF6,14,9,51.77000000,160.00000000,58.61000000,168.00000000,2220.71994721,2913.10024418,2221,2913,397048.52986225,4435672.04115020,40.06502033,-88.20722019,2274.53959171,2914.15878254,2275,2914,397050.46271582,4435672.00313591,40.06502022,-88.20719752,2273.32409879,2982.30616020,2273,2982,397050.41906317,4435669.55582325,40.06499817,-88.20719764,2219.50445428,2981.24762184,2220,2981,397048.48620961,4435669.59383755,40.06499828,-88.20722031,2247.02202300,2947.70320219,397049.47446271,4435670.79848673,40.06500925,-88.20720891,4.73193359,"POLYGON((2220.720 2913.100, 2274.540 2914.159, 2273.324 2982.306, 2219.504 2981.248, 2220.720 2913.100))","POLYGON((397048.530 4435672.041, 397050.463 4435672.003, 397050.419 4435669.556, 397048.486 4435669.594, 397048.530 4435672.041))"
B6_R7_C2,B6,6,7,2,LG3216,13,9,58.61000000,160.00000000,65.45000000,168.00000000,2274.53959171,2914.15878254,2275,2914,397050.46271582,4435672.00313591,40.06502022,-88.20719752,2328.35923622,2915.21732089,2328,2915,397052.39556938,4435671.96512162,40.06502012,-88.20717485,2327.14374329,2983.36469856,2327,2983,397052.35191674,4435669.51780896,40.06499807,-88.20717498,2273.32409879,2982.30616020,2273,2982,397050.41906317,4435669.55582325,40.06499817,-88.20719764,2300.84166750,2948.76174055,397051.40731628,4435670.76047243,40.06500914,-88.20718625,4.73193359,"POLYGON((2274.540 2914.159, 2328.359 2915.217, 2327.144 2983.365, 2273.324 2982.306, 2274.540 2914.159))","POLYGON((397050.463 4435672.003, 397052.396 4435671.965, 397052.352 4435669.518, 397050.419 4435669.556, 397050.463 4435672.003))"
B6_R7_C3,B6,6,7,3,AG40XFF5,12,9,65.45000000,160.00000000,72.29000000,168.00000000,2328.35923622,2915.21732089,2328,2915,397052.39556938,4435671.96512162,40.06502012,-88.20717485,2382.17888073,2916.27585925,2382,2916,397054.32842294,4435671.92710732,40.06502001,-88.20715219,2380.96338780,2984.42323692,2381,2984,397054.28477030,4435669.47979467,40.06499796,-88.20715231,2327.14374329,2983.36469856,2327,2983,397052.35191674,4435669.51780896,40.06499807,-88.20717498,2354.66131201,2949.82027891,397053.34016984,4435670.72245814,40.06500904,-88.20716358,4.73193359,"POLYGON((2328.359 2915.217, 2382.179 2916.276, 2380.963 2984.423, 2327.144 2983.365, 2328.359 2915.217))","POLYGON((397052.396 4435671.965, 397054.328 4435671.927, 397054.285 4435669.480, 397052.352 4435669.518, 397052.396 4435671.965))"
B6_R7_C4,B6,6,7,4,LG3216,11,9,72.29000000,160.00000000,79.13000000,168.00000000,2382.17888073,2916.27585925,2382,2916,397054.32842294,4435671.92710732,40.06502001,-88.20715219,2435.99852523,2917.33439761,2436,2917,397056.26127651,4435671.88909303,40.06501990,-88.20712952,2434.78303231,2985.48177528,2435,2985,397056.21762386,4435669.44178038,40.06499785,-88.20712964,2380.96338780,2984.42323692,2381,2984,397054.28477030,4435669.47979467,40.06499796,-88.20715231,2408.48095652,2950.87881727,397055.27302340,4435670.68444385,40.06500893,-88.20714092,4.73144531,"POLYGON((2382.179 2916.276, 2435.999 2917.334, 2434.783 2985.482, 2380.963 2984.423, 2382.179 2916.276))","POLYGON((397054.328 4435671.927, 397056.261 4435671.889, 397056.218 4435669.442, 397054.285 4435669.480, 397054.328 4435671.927))"
B7_R0_C0,B7,7,0,0,LD20-4471,10,16,80.37000000,90.00000000,87.21000000,98.00000000,2435.11973978,3513.81585092,2435,3514,397056.22971622,4435650.46821582,40.06482695,-88.20712649,2488.93938429,3514.87438928,2489,3515,397058.16256978,4435650.43020152,40.06482684,-88.20710382,2487.72389136,3583.02176695,2488,3583,397058.11891714,4435647.98288887,40.06480479,-88.20710394,2433.90424685,3581.96322859,2434,3582,397056.18606357,4435648.02090316,40.06480490,-88.20712661,2461.42181557,3548.41880893,397057.17431668,4435649.22555234,40.06481587,-88.20711521,4.73144531,"POLYGON((2435.120 3513.816, 2488.939 3514.874, 2487.724 3583.022, 2433.904 3581.963, 2435.120 3513.816))","POLYGON((397056.230 4435650.468, 397058.163 4435650.430, 397058.119 4435647.983, 397056.186 4435648.021, 397056.230 4435650.468))"
B7_R0_C1,B7,7,0,1,AG29XF5,9,16,87.21000000,90.00000000,94.05000000,98.00000000,2488.93938429,3514.87438928,2489,3515,397058.16256978,4435650.43020152,40.06482684,-88.20710382,2542.75902879,3515.93292764,2543,3516,397060.09542335,4435650.39218723,40.06482673,-88.20708115,2541.54353586,3584.08030531,2542,3584,397060.05177070,4435647.94487458,40.06480468,-88.20708128,2487.72389136,3583.02176695,2488,3583,397058.11891714,4435647.98288887,40.06480479,-88.20710394,2515.24146007,3549.47734729,397059.10717024,4435649.18753805,40.06481576,-88.20709255,4.73144531,"POLYGON((2488.939 3514.874, 2542.759 3515.933, 2541.544 3584.080, 2487.724 3583.022, 2488.939 3514.874))","POLYGON((397058.163 4435650.430, 397060.095 4435650.392, 397060.052 4435647.945, 397058.119 4435647.983, 397058.163 4435650.430))"
B7_R0_C2,B7,7,0,2,LD20-4542,8,16,94.05000000,90.00000000,100.89000000,98.00000000,2542.75902879,3515.93292764,2543,3516,397060.09542335,4435650.39218723,40.06482673,-88.20708115,2596.57867330,3516.99146600,2597,3517,397062.02827691,4435650.35417294,40.06482663,-88.20705849,2595.36318037,3585.13884367,2595,3585,397061.98462426,4435647.90686028,40.06480458,-88.20705861,2541.54353586,3584.08030531,2542,3584,397060.05177070,4435647.94487458,40.06480468,-88.20708128,2569.06110458,3550.53588565,397061.04002380,4435649.14952376,40.06481566,-88.20706988,4.73193359,"POLYGON((2542.759 3515.933, 2596.579 3516.991, 2595.363 3585.139, 2541.544 3584.080, 2542.759 3515.933))","POLYGON((397060.095 4435650.392, 397062.028 4435650.354, 397061.985 4435647.907, 397060.052 4435647.945, 397060.095 4435650.392))"
B7_R0_C3,B7,7,0,3,AG29XF4,7,16,100.89000000,90.00000000,107.73000000,98.00000000,2596.57867330,3516.99146600,2597,3517,397062.02827691,4435650.35417294,40.06482663,-88.20705849,2650.39831781,3518.05000436,2650,3518,397063.96113047,4435650.31615865,40.06482652,-88.20703582,2649.18282488,3586.19738203,2649,3586,397063.91747783,4435647.86884599,40.06480447,-88.20703594,2595.36318037,3585.13884367,2595,3585,397061.98462426,4435647.90686028,40.06480458,-88.20705861,2622.88074909,3551.59442401,397062.97287737,4435649.11150947,40.06481555,-88.20704722,4.73193359,"POLYGON((2596.579 3516.991, 2650.398 3518.050, 2649.183 3586.197, 2595.363 3585.139, 2596.579 3516.991))","POLYGON((397062.028 4435650.354, 397063.961 4435650.316, 397063.917 4435647.869, 397061.985 4435647.907, 397062.028 4435650.354))"
B7_R0_C4,B7,7,0,4,LD20-5413,6,16,107.72000000,90.00000000,114.56000000,98.00000000,2650.31963412,3518.04845679,2650,3518,397063.95830466,4435650.31621422,40.06482652,-88.20703585,2704.13927862,3519.10699515,2704,3519,397065.89115823,4435650.27819993,40.06482642,-88.20701319,2702.92378569,3587.25437281,2703,3587,397065.84750558,4435647.83088728,40.06480437,-88.20701331,2649.10414119,3586.19583445,2649,3586,397063.91465202,4435647.86890157,40.06480447,-88.20703598,2676.62170990,3552.65141480,397064.90290512,4435649.07355075,40.06481544,-88.20702458,4.73144531,"POLYGON((2650.320 3518.048, 2704.139 3519.107, 2702.924 3587.254, 2649.104 3586.196, 2650.320 3518.048))","POLYGON((397063.958 4435650.316, 397065.891 4435650.278, 397065.848 4435647.831, 397063.915 4435647.869, 397063.958 4435650.316))"
B7_R1_C0,B7,7,1,0,AG29XF4,10,15,80.37000000,100.00000000,87.21000000,108.00000000,2436.63910594,3428.63162885,2437,3429,397056.28428202,4435653.52735664,40.06485451,-88.20712633,2490.45875044,3429.69016721,2490,3430,397058.21713559,4435653.48934234,40.06485440,-88.20710367,2489.24325752,3497.83754487,2489,3498,397058.17348294,4435651.04202969,40.06483235,-88.20710379,2435.42361301,3496.77900651,2435,3497,397056.24062938,4435651.08004398,40.06483246,-88.20712646,2462.94118173,3463.23458686,397057.22888248,4435652.28469316,40.06484343,-88.20711506,4.73144531,"POLYGON((2436.639 3428.632, 2490.459 3429.690, 2489.243 3497.838, 2435.424 3496.779, 2436.639 3428.632))","POLYGON((397056.284 4435653.527, 397058.217 4435653.489, 397058.173 4435651.042, 397056.241 4435651.080, 397056.284 4435653.527))"
B7_R1_C1,B7,7,1,1,LD21-7234,9,15,87.21000000,100.00000000,94.05000000,108.00000000,2490.45875044,3429.69016721,2490,3430,397058.21713559,4435653.48934234,40.06485440,-88.20710367,2544.27839495,3430.74870557,2544,3431,397060.14998915,4435653.45132805,40.06485430,-88.20708100,2543.06290202,3498.89608323,2543,3499,397060.10633651,4435651.00401540,40.06483225,-88.20708112,2489.24325752,3497.83754487,2489,3498,397058.17348294,4435651.04202969,40.06483235,-88.20710379,2516.76082623,3464.29312522,397059.16173605,4435652.24667887,40.06484333,-88.20709239,4.73193359,"POLYGON((2490.459 3429.690, 2544.278 3430.749, 2543.063 3498.896, 2489.243 3497.838, 2490.459 3429.690))","POLYGON((397058.217 4435653.489, 397060.150 4435653.451, 397060.106 4435651.004, 397058.173 4435651.042, 397058.217 4435653.489))"
B7_R1_C2,B7,7,1,2,AG29XF5,8,15,94.05000000,100.00000000,100.89000000,108.00000000,2544.27839495,3430.74870557,2544,3431,397060.14998915,4435653.45132805,40.06485430,-88.20708100,2598.09803946,3431.80724393,2598,3432,397062.08284272,4435653.41331376,40.06485419,-88.20705833,2596.88254653,3499.95462159,2597,3500,397062.03919007,4435650.96600110,40.06483214,-88.20705846,2543.06290202,3498.89608323,2543,3499,397060.10633651,4435651.00401540,40.06483225,-88.20708112,2570.58047074,3465.35166358,397061.09458961,4435652.20866458,40.06484322,-88.20706973,4.73193359,"POLYGON((2544.278 3430.749, 2598.098 3431.807, 2596.883 3499.955, 2543.063 3498.896, 2544.278 3430.749))","POLYGON((397060.150 4435653.451, 397062.083 4435653.413, 397062.039 4435650.966, 397060.106 4435651.004, 397060.150 4435653.451))"
B7_R1_C3,B7,7,1,3,LD20-5738,7,15,100.89000000,100.00000000,107.73000000,108.00000000,2598.09803946,3431.80724393,2598,3432,397062.08284272,4435653.41331376,40.06485419,-88.20705833,2651.91768397,3432.86578229,2652,3433,397064.01569628,4435653.37529947,40.06485408,-88.20703567,2650.70219104,3501.01315995,2651,3501,397063.97204363,4435650.92798681,40.06483203,-88.20703579,2596.88254653,3499.95462159,2597,3500,397062.03919007,4435650.96600110,40.06483214,-88.20705846,2624.40011525,3466.41020194,397063.02744317,4435652.17065029,40.06484311,-88.20704706,4.73193359,"POLYGON((2598.098 3431.807, 2651.918 3432.866, 2650.702 3501.013, 2596.883 3499.955, 2598.098 3431.807))","POLYGON((397062.083 4435653.413, 397064.016 4435653.375, 397063.972 4435650.928, 397062.039 4435650.966, 397062.083 4435653.413))"
B7_R1_C4,B7,7,1,4,AG29XF5,6,15,107.72000000,100.00000000,114.56000000,108.00000000,2651.83900027,3432.86423472,2652,3433,397064.01287047,4435653.37535504,40.06485408,-88.20703570,2705.65864478,3433.92277307,2706,3434,397065.94572403,4435653.33734075,40.06485398,-88.20701304,2704.44315185,3502.07015074,2704,3502,397065.90207139,4435650.89002810,40.06483193,-88.20701316,2650.62350735,3501.01161238,2651,3501,397063.96921782,4435650.92804239,40.06483203,-88.20703582,2678.14107606,3467.46719273,397064.95747093,4435652.13269157,40.06484301,-88.20702443,4.73193359,"POLYGON((2651.839 3432.864, 2705.659 3433.923, 2704.443 3502.070, 2650.624 3501.012, 2651.839 3432.864))","POLYGON((397064.013 4435653.375, 397065.946 4435653.337, 397065.902 4435650.890, 397063.969 4435650.928, 397064.013 4435653.375))"
B7_R2_C0,B7,7,2,0,LD22-4283,10,14,80.37000000,110.00000000,87.21000000,118.00000000,2438.15847210,3343.44740677,2438,3343,397056.33884783,4435656.58649745,40.06488207,-88.20712618,2491.97811660,3344.50594513,2492,3345,397058.27170139,4435656.54848316,40.06488197,-88.20710351,2490.76262368,3412.65332279,2491,3413,397058.22804875,4435654.10117051,40.06485992,-88.20710364,2436.94297917,3411.59478443,2437,3412,397056.29519519,4435654.13918480,40.06486002,-88.20712630,2464.46054789,3378.05036478,397057.28344829,4435655.34383398,40.06487099,-88.20711491,4.73193359,"POLYGON((2438.158 3343.447, 2491.978 3344.506, 2490.763 3412.653, 2436.943 3411.595, 2438.158 3343.447))","POLYGON((397056.339 4435656.586, 397058.272 4435656.548, 397058.228 4435654.101, 397056.295 4435654.139, 397056.339 4435656.586))"
B7_R2_C1,B7,7,2,1,AG29XF4,9,14,87.21000000,110.00000000,94.05000000,118.00000000,2491.97811660,3344.50594513,2492,3345,397058.27170139,4435656.54848316,40.06488197,-88.20710351,2545.79776111,3345.56448349,2546,3346,397060.20455496,4435656.51046887,40.06488186,-88.20708085,2544.58226818,3413.71186115,2545,3414,397060.16090231,4435654.06315622,40.06485981,-88.20708097,2490.76262368,3412.65332279,2491,3413,397058.22804875,4435654.10117051,40.06485992,-88.20710364,2518.28019239,3379.10890314,397059.21630185,4435655.30581969,40.06487089,-88.20709224,4.73144531,"POLYGON((2491.978 3344.506, 2545.798 3345.564, 2544.582 3413.712, 2490.763 3412.653, 2491.978 3344.506))","POLYGON((397058.272 4435656.548, 397060.205 4435656.510, 397060.161 4435654.063, 397058.228 4435654.101, 397058.272 4435656.548))"
B7_R2_C2,B7,7,2,2,LD11-2170,8,14,94.05000000,110.00000000,100.89000000,118.00000000,2545.79776111,3345.56448349,2546,3346,397060.20455496,4435656.51046887,40.06488186,-88.20708085,2599.61740562,3346.62302185,2600,3347,397062.13740852,4435656.47245458,40.06488175,-88.20705818,2598.40191269,3414.77039951,2598,3415,397062.09375588,4435654.02514192,40.06485970,-88.20705830,2544.58226818,3413.71186115,2545,3414,397060.16090231,4435654.06315622,40.06485981,-88.20708097,2572.09983690,3380.16744150,397061.14915542,4435655.26780540,40.06487078,-88.20706958,4.73193359,"POLYGON((2545.798 3345.564, 2599.617 3346.623, 2598.402 3414.770, 2544.582 3413.712, 2545.798 3345.564))","POLYGON((397060.205 4435656.510, 397062.137 4435656.472, 397062.094 4435654.025, 397060.161 4435654.063, 397060.205 4435656.510))"
B7_R2_C3,B7,7,2,3,AG29XF4,7,14,100.89000000,110.00000000,107.73000000,118.00000000,2599.61740562,3346.62302185,2600,3347,397062.13740852,4435656.47245458,40.06488175,-88.20705818,2653.43705012,3347.68156021,2653,3348,397064.07026209,4435656.43444029,40.06488165,-88.20703552,2652.22155720,3415.82893787,2652,3416,397064.02660944,4435653.98712763,40.06485960,-88.20703564,2598.40191269,3414.77039951,2598,3415,397062.09375588,4435654.02514192,40.06485970,-88.20705830,2625.91948141,3381.22597986,397063.08200898,4435655.22979110,40.06487068,-88.20704691,4.73242188,"POLYGON((2599.617 3346.623, 2653.437 3347.682, 2652.222 3415.829, 2598.402 3414.770, 2599.617 3346.623))","POLYGON((397062.137 4435656.472, 397064.070 4435656.434, 397064.027 4435653.987, 397062.094 4435654.025, 397062.137 4435656.472))"
B7_R2_C4,B7,7,2,4,LD21-5253,6,14,107.72000000,110.00000000,114.56000000,118.00000000,2653.35836643,3347.68001264,2653,3348,397064.06743628,4435656.43449586,40.06488165,-88.20703555,2707.17801094,3348.73855100,2707,3349,397066.00028984,4435656.39648157,40.06488154,-88.20701288,2705.96251801,3416.88592866,2706,3417,397065.95663719,4435653.94916892,40.06485949,-88.20701300,2652.14287351,3415.82739030,2652,3416,397064.02378363,4435653.98718321,40.06485960,-88.20703567,2679.66044222,3382.28297065,397065.01203674,4435655.19183239,40.06487057,-88.20702428,4.73242188,"POLYGON((2653.358 3347.680, 2707.178 3348.739, 2705.963 3416.886, 2652.143 3415.827, 2653.358 3347.680))","POLYGON((397064.067 4435656.434, 397066.000 4435656.396, 397065.957 4435653.949, 397064.024 4435653.987, 397064.067 4435656.434))"
B7_R3_C0,B7,7,3,0,AG29XF5,10,13,80.37000000,120.00000000,87.21000000,128.00000000,2439.67783826,3258.26318469,2440,3258,397056.39341364,4435659.64563827,40.06490963,-88.20712603,2493.49748276,3259.32172305,2493,3259,397058.32626720,4435659.60762398,40.06490953,-88.20710336,2492.28198984,3327.46910071,2492,3327,397058.28261456,4435657.16031133,40.06488748,-88.20710348,2438.46234533,3326.41056235,2438,3326,397056.34976099,4435657.19832562,40.06488758,-88.20712615,2465.97991405,3292.86614270,397057.33801410,4435658.40297480,40.06489856,-88.20711475,4.73193359,"POLYGON((2439.678 3258.263, 2493.497 3259.322, 2492.282 3327.469, 2438.462 3326.411, 2439.678 3258.263))","POLYGON((397056.393 4435659.646, 397058.326 4435659.608, 397058.283 4435657.160, 397056.350 4435657.198, 397056.393 4435659.646))"
B7_R3_C1,B7,7,3,1,LD20-4988,9,13,87.21000000,120.00000000,94.05000000,128.00000000,2493.49748276,3259.32172305,2493,3259,397058.32626720,4435659.60762398,40.06490953,-88.20710336,2547.31712727,3260.38026141,2547,3260,397060.25912076,4435659.56960969,40.06490942,-88.20708069,2546.10163434,3328.52763907,2546,3329,397060.21546812,4435657.12229703,40.06488737,-88.20708082,2492.28198984,3327.46910071,2492,3327,397058.28261456,4435657.16031133,40.06488748,-88.20710348,2519.79955855,3293.92468106,397059.27086766,4435658.36496051,40.06489845,-88.20709209,4.73144531,"POLYGON((2493.497 3259.322, 2547.317 3260.380, 2546.102 3328.528, 2492.282 3327.469, 2493.497 3259.322))","POLYGON((397058.326 4435659.608, 397060.259 4435659.570, 397060.215 4435657.122, 397058.283 4435657.160, 397058.326 4435659.608))"
B7_R3_C2,B7,7,3,2,AG29XF4,8,13,94.05000000,120.00000000,100.89000000,128.00000000,2547.31712727,3260.38026141,2547,3260,397060.25912076,4435659.56960969,40.06490942,-88.20708069,2601.13677178,3261.43879977,2601,3261,397062.19197433,4435659.53159540,40.06490932,-88.20705803,2599.92127885,3329.58617743,2600,3330,397062.14832168,4435657.08428274,40.06488727,-88.20705815,2546.10163434,3328.52763907,2546,3329,397060.21546812,4435657.12229703,40.06488737,-88.20708082,2573.61920306,3294.98321942,397061.20372122,4435658.32694622,40.06489834,-88.20706942,4.73144531,"POLYGON((2547.317 3260.380, 2601.137 3261.439, 2599.921 3329.586, 2546.102 3328.528, 2547.317 3260.380))","POLYGON((397060.259 4435659.570, 397062.192 4435659.532, 397062.148 4435657.084, 397060.215 4435657.122, 397060.259 4435659.570))"
B7_R3_C3,B7,7,3,3,LD22-4283,7,13,100.89000000,120.00000000,107.73000000,128.00000000,2601.13677178,3261.43879977,2601,3261,397062.19197433,4435659.53159540,40.06490932,-88.20705803,2654.95641628,3262.49733813,2655,3262,397064.12482789,4435659.49358111,40.06490921,-88.20703536,2653.74092336,3330.64471579,2654,3331,397064.08117525,4435657.04626845,40.06488716,-88.20703548,2599.92127885,3329.58617743,2600,3330,397062.14832168,4435657.08428274,40.06488727,-88.20705815,2627.43884757,3296.04175778,397063.13657479,4435658.28893192,40.06489824,-88.20704676,4.73193359,"POLYGON((2601.137 3261.439, 2654.956 3262.497, 2653.741 3330.645, 2599.921 3329.586, 2601.137 3261.439))","POLYGON((397062.192 4435659.532, 397064.125 4435659.494, 397064.081 4435657.046, 397062.148 4435657.084, 397062.192 4435659.532))"
B7_R3_C4,B7,7,3,4,AG29XF5,6,13,107.72000000,120.00000000,114.56000000,128.00000000,2654.87773259,3262.49579056,2655,3262,397064.12200208,4435659.49363668,40.06490921,-88.20703539,2708.69737710,3263.55432892,2709,3264,397066.05485565,4435659.45562239,40.06490910,-88.20701273,2707.48188417,3331.70170658,2707,3332,397066.01120300,4435657.00830973,40.06488705,-88.20701285,2653.66223967,3330.64316822,2654,3331,397064.07834944,4435657.04632403,40.06488716,-88.20703552,2681.17980838,3297.09874857,397065.06660254,4435658.25097321,40.06489813,-88.20702412,4.73242188,"POLYGON((2654.878 3262.496, 2708.697 3263.554, 2707.482 3331.702, 2653.662 3330.643, 2654.878 3262.496))","POLYGON((397064.122 4435659.494, 397066.055 4435659.456, 397066.011 4435657.008, 397064.078 4435657.046, 397064.122 4435659.494))"
B7_R4_C0,B7,7,4,0,LD20-4542,10,12,80.37000000,130.00000000,87.21000000,138.00000000,2441.19720442,3173.07896261,2441,3173,397056.44797944,4435662.70477909,40.06493720,-88.20712587,2495.01684892,3174.13750097,2495,3174,397058.38083301,4435662.66676480,40.06493709,-88.20710321,2493.80135599,3242.28487864,2494,3242,397058.33718036,4435660.21945215,40.06491504,-88.20710333,2439.98171149,3241.22634028,2440,3241,397056.40432680,4435660.25746644,40.06491515,-88.20712600,2467.49928021,3207.68192062,397057.39257990,4435661.46211562,40.06492612,-88.20711460,4.73242188,"POLYGON((2441.197 3173.079, 2495.017 3174.138, 2493.801 3242.285, 2439.982 3241.226, 2441.197 3173.079))","POLYGON((397056.448 4435662.705, 397058.381 4435662.667, 397058.337 4435660.219, 397056.404 4435660.257, 397056.448 4435662.705))"
B7_R4_C1,B7,7,4,1,AG29XF4,9,12,87.21000000,130.00000000,94.05000000,138.00000000,2495.01684892,3174.13750097,2495,3174,397058.38083301,4435662.66676480,40.06493709,-88.20710321,2548.83649343,3175.19603933,2549,3175,397060.31368657,4435662.62875051,40.06493698,-88.20708054,2547.62100050,3243.34341700,2548,3243,397060.27003393,4435660.18143785,40.06491493,-88.20708066,2493.80135599,3242.28487864,2494,3242,397058.33718036,4435660.21945215,40.06491504,-88.20710333,2521.31892471,3208.74045898,397059.32543347,4435661.42410133,40.06492601,-88.20709194,4.73242188,"POLYGON((2495.017 3174.138, 2548.836 3175.196, 2547.621 3243.343, 2493.801 3242.285, 2495.017 3174.138))","POLYGON((397058.381 4435662.667, 397060.314 4435662.629, 397060.270 4435660.181, 397058.337 4435660.219, 397058.381 4435662.667))"
B7_R4_C2,B7,7,4,2,LD11-2170,8,12,94.05000000,130.00000000,100.89000000,138.00000000,2548.83649343,3175.19603933,2549,3175,397060.31368657,4435662.62875051,40.06493698,-88.20708054,2602.65613794,3176.25457769,2603,3176,397062.24654013,4435662.59073622,40.06493688,-88.20705787,2601.44064501,3244.40195536,2601,3244,397062.20288749,4435660.14342356,40.06491483,-88.20705800,2547.62100050,3243.34341700,2548,3243,397060.27003393,4435660.18143785,40.06491493,-88.20708066,2575.13856922,3209.79899734,397061.25828703,4435661.38608704,40.06492591,-88.20706927,4.73242188,"POLYGON((2548.836 3175.196, 2602.656 3176.255, 2601.441 3244.402, 2547.621 3243.343, 2548.836 3175.196))","POLYGON((397060.314 4435662.629, 397062.247 4435662.591, 397062.203 4435660.143, 397060.270 4435660.181, 397060.314 4435662.629))"
B7_R4_C3,B7,7,4,3,AG29XF5,7,12,100.89000000,130.00000000,107.73000000,138.00000000,2602.65613794,3176.25457769,2603,3176,397062.24654013,4435662.59073622,40.06493688,-88.20705787,2656.47578244,3177.31311605,2656,3177,397064.17939370,4435662.55272193,40.06493677,-88.20703521,2655.26028952,3245.46049372,2655,3245,397064.13574105,4435660.10540927,40.06491472,-88.20703533,2601.44064501,3244.40195536,2601,3244,397062.20288749,4435660.14342356,40.06491483,-88.20705800,2628.95821373,3210.85753570,397063.19114059,4435661.34807274,40.06492580,-88.20704660,4.73193359,"POLYGON((2602.656 3176.255, 2656.476 3177.313, 2655.260 3245.460, 2601.441 3244.402, 2602.656 3176.255))","POLYGON((397062.247 4435662.591, 397064.179 4435662.553, 397064.136 4435660.105, 397062.203 4435660.143, 397062.247 4435662.591))"
B7_R4_C4,B7,7,4,4,LD20-5413,6,12,107.72000000,130.00000000,114.56000000,138.00000000,2656.39709875,3177.31156848,2656,3177,397064.17656789,4435662.55277750,40.06493677,-88.20703524,2710.21674326,3178.37010684,2710,3178,397066.10942145,4435662.51476321,40.06493667,-88.20701258,2709.00125033,3246.51748450,2709,3247,397066.06576881,4435660.06745055,40.06491462,-88.20701270,2655.18160582,3245.45894614,2655,3245,397064.13291524,4435660.10546485,40.06491472,-88.20703536,2682.69917454,3211.91452649,397065.12116835,4435661.31011403,40.06492569,-88.20702397,4.73193359,"POLYGON((2656.397 3177.312, 2710.217 3178.370, 2709.001 3246.517, 2655.182 3245.459, 2656.397 3177.312))","POLYGON((397064.177 4435662.553, 397066.109 4435662.515, 397066.066 4435660.067, 397064.133 4435660.105, 397064.177 4435662.553))"
B7_R5_C0,B7,7,5,0,AG29XF5,10,11,80.37000000,140.00000000,87.21000000,148.00000000,2442.71657057,3087.89474054,2443,3088,397056.50254525,4435665.76391991,40.06496476,-88.20712572,2496.53621508,3088.95327890,2497,3089,397058.43539881,4435665.72590562,40.06496465,-88.20710305,2495.32072215,3157.10065656,2495,3157,397058.39174617,4435663.27859297,40.06494260,-88.20710318,2441.50107765,3156.04211820,2442,3156,397056.45889260,4435663.31660726,40.06494271,-88.20712584,2469.01864636,3122.49769855,397057.44714571,4435664.52125644,40.06495368,-88.20711445,4.73144531,"POLYGON((2442.717 3087.895, 2496.536 3088.953, 2495.321 3157.101, 2441.501 3156.042, 2442.717 3087.895))","POLYGON((397056.503 4435665.764, 397058.435 4435665.726, 397058.392 4435663.279, 397056.459 4435663.317, 397056.503 4435665.764))"
B7_R5_C1,B7,7,5,1,LD20-4988,9,11,87.21000000,140.00000000,94.05000000,148.00000000,2496.53621508,3088.95327890,2497,3089,397058.43539881,4435665.72590562,40.06496465,-88.20710305,2550.35585959,3090.01181726,2550,3090,397060.36825238,4435665.68789133,40.06496455,-88.20708039,2549.14036666,3158.15919492,2549,3158,397060.32459973,4435663.24057867,40.06494250,-88.20708051,2495.32072215,3157.10065656,2495,3157,397058.39174617,4435663.27859297,40.06494260,-88.20710318,2522.83829087,3123.55623691,397059.37999927,4435664.48324215,40.06495358,-88.20709178,4.73242188,"POLYGON((2496.536 3088.953, 2550.356 3090.012, 2549.140 3158.159, 2495.321 3157.101, 2496.536 3088.953))","POLYGON((397058.435 4435665.726, 397060.368 4435665.688, 397060.325 4435663.241, 397058.392 4435663.279, 397058.435 4435665.726))"
B7_R5_C2,B7,7,5,2,AG29XF4,8,11,94.05000000,140.00000000,100.89000000,148.00000000,2550.35585959,3090.01181726,2550,3090,397060.36825238,4435665.68789133,40.06496455,-88.20708039,2604.17550410,3091.07035562,2604,3091,397062.30110594,4435665.64987704,40.06496444,-88.20705772,2602.96001117,3159.21773328,2603,3159,397062.25745330,4435663.20256438,40.06494239,-88.20705784,2549.14036666,3158.15919492,2549,3158,397060.32459973,4435663.24057867,40.06494250,-88.20708051,2576.65793538,3124.61477527,397061.31285284,4435664.44522786,40.06495347,-88.20706912,4.73144531,"POLYGON((2550.356 3090.012, 2604.176 3091.070, 2602.960 3159.218, 2549.140 3158.159, 2550.356 3090.012))","POLYGON((397060.368 4435665.688, 397062.301 4435665.650, 397062.257 4435663.203, 397060.325 4435663.241, 397060.368 4435665.688))"
B7_R5_C3,B7,7,5,3,LD21-5253,7,11,100.89000000,140.00000000,107.73000000,148.00000000,2604.17550410,3091.07035562,2604,3091,397062.30110594,4435665.64987704,40.06496444,-88.20705772,2657.99514860,3092.12889398,2658,3092,397064.23395950,4435665.61186275,40.06496433,-88.20703506,2656.77965568,3160.27627164,2657,3160,397064.19030686,4435663.16455009,40.06494228,-88.20703518,2602.96001117,3159.21773328,2603,3159,397062.25745330,4435663.20256438,40.06494239,-88.20705784,2630.47757989,3125.67331363,397063.24570640,4435664.40721356,40.06495336,-88.20704645,4.73144531,"POLYGON((2604.176 3091.070, 2657.995 3092.129, 2656.780 3160.276, 2602.960 3159.218, 2604.176 3091.070))","POLYGON((397062.301 4435665.650, 397064.234 4435665.612, 397064.190 4435663.165, 397062.257 4435663.203, 397062.301 4435665.650))"
B7_R5_C4,B7,7,5,4,AG29XF5,6,11,107.72000000,140.00000000,114.56000000,148.00000000,2657.91646491,3092.12734641,2658,3092,397064.23113370,4435665.61191832,40.06496433,-88.20703509,2711.73610942,3093.18588477,2712,3093,397066.16398726,4435665.57390403,40.06496423,-88.20701242,2710.52061649,3161.33326243,2711,3161,397066.12033461,4435663.12659137,40.06494218,-88.20701254,2656.70097198,3160.27472407,2657,3160,397064.18748105,4435663.16460567,40.06494228,-88.20703521,2684.21854070,3126.73030442,397065.17573415,4435664.36925485,40.06495326,-88.20702382,4.73193359,"POLYGON((2657.916 3092.127, 2711.736 3093.186, 2710.521 3161.333, 2656.701 3160.275, 2657.916 3092.127))","POLYGON((397064.231 4435665.612, 397066.164 4435665.574, 397066.120 4435663.127, 397064.187 4435663.165, 397064.231 4435665.612))"
B7_R6_C0,B7,7,6,0,LD20-5738,10,10,80.37000000,150.00000000,87.21000000,158.00000000,2444.23593673,3002.71051846,2444,3003,397056.55711106,4435668.82306073,40.06499232,-88.20712557,2498.05558124,3003.76905682,2498,3004,397058.48996462,4435668.78504644,40.06499222,-88.20710290,2496.84008831,3071.91643448,2497,3072,397058.44631197,4435666.33773379,40.06497017,-88.20710302,2443.02044381,3070.85789612,2443,3071,397056.51345841,4435666.37574808,40.06497027,-88.20712569,2470.53801252,3037.31347647,397057.50171152,4435667.58039726,40.06498124,-88.20711429,4.73193359,"POLYGON((2444.236 3002.711, 2498.056 3003.769, 2496.840 3071.916, 2443.020 3070.858, 2444.236 3002.711))","POLYGON((397056.557 4435668.823, 397058.490 4435668.785, 397058.446 4435666.338, 397056.513 4435666.376, 397056.557 4435668.823))"
B7_R6_C1,B7,7,6,1,AG29XF4,9,10,87.21000000,150.00000000,94.05000000,158.00000000,2498.05558124,3003.76905682,2498,3004,397058.48996462,4435668.78504644,40.06499222,-88.20710290,2551.87522575,3004.82759518,2552,3005,397060.42281818,4435668.74703215,40.06499211,-88.20708023,2550.65973282,3072.97497284,2551,3073,397060.37916554,4435666.29971949,40.06497006,-88.20708036,2496.84008831,3071.91643448,2497,3072,397058.44631197,4435666.33773379,40.06497017,-88.20710302,2524.35765703,3038.37201483,397059.43456508,4435667.54238297,40.06498114,-88.20709163,4.73193359,"POLYGON((2498.056 3003.769, 2551.875 3004.828, 2550.660 3072.975, 2496.840 3071.916, 2498.056 3003.769))","POLYGON((397058.490 4435668.785, 397060.423 4435668.747, 397060.379 4435666.300, 397058.446 4435666.338, 397058.490 4435668.785))"
B7_R6_C2,B7,7,6,2,LD20-4471,8,10,94.05000000,150.00000000,100.89000000,158.00000000,2551.87522575,3004.82759518,2552,3005,397060.42281818,4435668.74703215,40.06499211,-88.20708023,2605.69487025,3005.88613354,2606,3006,397062.35567175,4435668.70901786,40.06499200,-88.20705757,2604.47937733,3074.03351120,2604,3074,397062.31201910,4435666.26170520,40.06496995,-88.20705769,2550.65973282,3072.97497284,2551,3073,397060.37916554,4435666.29971949,40.06497006,-88.20708036,2578.17730154,3039.43055319,397061.36741864,4435667.50436867,40.06498103,-88.20706896,4.73144531,"POLYGON((2551.875 3004.828, 2605.695 3005.886, 2604.479 3074.034, 2550.660 3072.975, 2551.875 3004.828))","POLYGON((397060.423 4435668.747, 397062.356 4435668.709, 397062.312 4435666.262, 397060.379 4435666.300, 397060.423 4435668.747))"
B7_R6_C3,B7,7,6,3,AG29XF5,7,10,100.89000000,150.00000000,107.73000000,158.00000000,2605.69487025,3005.88613354,2606,3006,397062.35567175,4435668.70901786,40.06499200,-88.20705757,2659.51451476,3006.94467190,2660,3007,397064.28852531,4435668.67100356,40.06499190,-88.20703490,2658.29902183,3075.09204956,2658,3075,397064.24487267,4435666.22369091,40.06496985,-88.20703502,2604.47937733,3074.03351120,2604,3074,397062.31201910,4435666.26170520,40.06496995,-88.20705769,2631.99694604,3040.48909155,397063.30027221,4435667.46635438,40.06498093,-88.20704630,4.73193359,"POLYGON((2605.695 3005.886, 2659.515 3006.945, 2658.299 3075.092, 2604.479 3074.034, 2605.695 3005.886))","POLYGON((397062.356 4435668.709, 397064.289 4435668.671, 397064.245 4435666.224, 397062.312 4435666.262, 397062.356 4435668.709))"
B7_R6_C4,B7,7,6,4,LD21-7234,6,10,107.72000000,150.00000000,114.56000000,158.00000000,2659.43583107,3006.94312433,2659,3007,397064.28569950,4435668.67105914,40.06499190,-88.20703493,2713.25547558,3008.00166269,2713,3008,397066.21855307,4435668.63304485,40.06499179,-88.20701227,2712.03998265,3076.14904035,2712,3076,397066.17490042,4435666.18573219,40.06496974,-88.20701239,2658.22033814,3075.09050199,2658,3075,397064.24204686,4435666.22374649,40.06496985,-88.20703506,2685.73790686,3041.54608234,397065.23029996,4435667.42839567,40.06498082,-88.20702366,4.73193359,"POLYGON((2659.436 3006.943, 2713.255 3008.002, 2712.040 3076.149, 2658.220 3075.091, 2659.436 3006.943))","POLYGON((397064.286 4435668.671, 397066.219 4435668.633, 397066.175 4435666.186, 397064.242 4435666.224, 397064.286 4435668.671))"
B7_R7_C0,B7,7,7,0,AG29XF4,10,9,80.37000000,160.00000000,87.21000000,168.00000000,2445.75530289,2917.52629638,2446,2918,397056.61167686,4435671.88220155,40.06501988,-88.20712541,2499.57494740,2918.58483474,2500,2919,397058.54453043,4435671.84418726,40.06501978,-88.20710275,2498.35945447,2986.73221240,2498,2987,397058.50087778,4435669.39687460,40.06499773,-88.20710287,2444.53980997,2985.67367404,2445,2986,397056.56802422,4435669.43488890,40.06499783,-88.20712554,2472.05737868,2952.12925439,397057.55627732,4435670.63953808,40.06500881,-88.20711414,4.73193359,"POLYGON((2445.755 2917.526, 2499.575 2918.585, 2498.359 2986.732, 2444.540 2985.674, 2445.755 2917.526))","POLYGON((397056.612 4435671.882, 397058.545 4435671.844, 397058.501 4435669.397, 397056.568 4435669.435, 397056.612 4435671.882))"
B7_R7_C1,B7,7,7,1,LD11-2170,9,9,87.21000000,160.00000000,94.05000000,168.00000000,2499.57494740,2918.58483474,2500,2919,397058.54453043,4435671.84418726,40.06501978,-88.20710275,2553.39459191,2919.64337310,2553,2920,397060.47738399,4435671.80617297,40.06501967,-88.20708008,2552.17909898,2987.79075076,2552,2988,397060.43373134,4435669.35886031,40.06499762,-88.20708020,2498.35945447,2986.73221240,2498,2987,397058.50087778,4435669.39687460,40.06499773,-88.20710287,2525.87702319,2953.18779275,397059.48913089,4435670.60152379,40.06500870,-88.20709148,4.73193359,"POLYGON((2499.575 2918.585, 2553.395 2919.643, 2552.179 2987.791, 2498.359 2986.732, 2499.575 2918.585))","POLYGON((397058.545 4435671.844, 397060.477 4435671.806, 397060.434 4435669.359, 397058.501 4435669.397, 397058.545 4435671.844))"
B7_R7_C2,B7,7,7,2,AG29XF5,8,9,94.05000000,160.00000000,100.89000000,168.00000000,2553.39459191,2919.64337310,2553,2920,397060.47738399,4435671.80617297,40.06501967,-88.20708008,2607.21423641,2920.70191146,2607,2921,397062.41023755,4435671.76815868,40.06501957,-88.20705741,2605.99874349,2988.84928912,2606,2989,397062.36658491,4435669.32084602,40.06499752,-88.20705754,2552.17909898,2987.79075076,2552,2988,397060.43373134,4435669.35886031,40.06499762,-88.20708020,2579.69666770,2954.24633111,397061.42198445,4435670.56350949,40.06500859,-88.20706881,4.73242188,"POLYGON((2553.395 2919.643, 2607.214 2920.702, 2605.999 2988.849, 2552.179 2987.791, 2553.395 2919.643))","POLYGON((397060.477 4435671.806, 397062.410 4435671.768, 397062.367 4435669.321, 397060.434 4435669.359, 397060.477 4435671.806))"
B7_R7_C3,B7,7,7,3,LD20-5413,7,9,100.89000000,160.00000000,107.73000000,168.00000000,2607.21423641,2920.70191146,2607,2921,397062.41023755,4435671.76815868,40.06501957,-88.20705741,2661.03388092,2921.76044982,2661,2922,397064.34309112,4435671.73014438,40.06501946,-88.20703475,2659.81838799,2989.90782748,2660,2990,397064.29943847,4435669.28283173,40.06499741,-88.20703487,2605.99874349,2988.84928912,2606,2989,397062.36658491,4435669.32084602,40.06499752,-88.20705754,2633.51631220,2955.30486947,397063.35483801,4435670.52549520,40.06500849,-88.20704614,4.73242188,"POLYGON((2607.214 2920.702, 2661.034 2921.760, 2659.818 2989.908, 2605.999 2988.849, 2607.214 2920.702))","POLYGON((397062.410 4435671.768, 397064.343 4435671.730, 397064.299 4435669.283, 397062.367 4435669.321, 397062.410 4435671.768))"
B7_R7_C4,B7,7,7,4,AG29XF4,6,9,107.72000000,160.00000000,114.56000000,168.00000000,2660.95519723,2921.75890225,2661,2922,397064.34026531,4435671.73019996,40.06501946,-88.20703478,2714.77484174,2922.81744061,2715,2923,397066.27311887,4435671.69218567,40.06501935,-88.20701212,2713.55934881,2990.96481827,2714,2991,397066.22946623,4435669.24487301,40.06499730,-88.20701224,2659.73970430,2989.90627991,2660,2990,397064.29661266,4435669.28288730,40.06499741,-88.20703490,2687.25727302,2956.36186026,397065.28486577,4435670.48753649,40.06500838,-88.20702351,4.73242188,"POLYGON((2660.955 2921.759, 2714.775 2922.817, 2713.559 2990.965, 2659.740 2989.906, 2660.955 2921.759))","POLYGON((397064.340 4435671.730, 397066.273 4435671.692, 397066.229 4435669.245, 397064.297 4435669.283, 397064.340 4435671.730))"
B8_R0_C0,B8,8,0,0,LD17-10473L,5,16,115.81000000,90.00000000,122.65000000,98.00000000,2713.97473997,3519.30044149,2714,3519,397066.24438439,4435650.27125288,40.06482640,-88.20700905,2767.79438448,3520.35897985,2768,3520,397068.17723795,4435650.23323858,40.06482629,-88.20698638,2766.57889155,3588.50635751,2767,3589,397068.13358531,4435647.78592593,40.06480424,-88.20698650,2712.75924704,3587.44781915,2713,3587,397066.20073175,4435647.82394022,40.06480435,-88.20700917,2740.27681576,3553.90339950,397067.18898485,4435649.02858940,40.06481532,-88.20699777,4.73242188,"POLYGON((2713.975 3519.300, 2767.794 3520.359, 2766.579 3588.506, 2712.759 3587.448, 2713.975 3519.300))","POLYGON((397066.244 4435650.271, 397068.177 4435650.233, 397068.134 4435647.786, 397066.201 4435647.824, 397066.244 4435650.271))"
B8_R0_C1,B8,8,0,1,LG3216,4,16,122.65000000,90.00000000,129.49000000,98.00000000,2767.79438448,3520.35897985,2768,3520,397068.17723795,4435650.23323858,40.06482629,-88.20698638,2821.61402899,3521.41751821,2822,3521,397070.11009152,4435650.19522429,40.06482618,-88.20696371,2820.39853606,3589.56489587,2820,3590,397070.06643887,4435647.74791164,40.06480413,-88.20696384,2766.57889155,3588.50635751,2767,3589,397068.13358531,4435647.78592593,40.06480424,-88.20698650,2794.09646027,3554.96193786,397069.12183841,4435648.99057511,40.06481521,-88.20697511,4.73144531,"POLYGON((2767.794 3520.359, 2821.614 3521.418, 2820.399 3589.565, 2766.579 3588.506, 2767.794 3520.359))","POLYGON((397068.177 4435650.233, 397070.110 4435650.195, 397070.066 4435647.748, 397068.134 4435647.786, 397068.177 4435650.233))"
B8_R0_C2,B8,8,0,2,LD20-4988,3,16,129.49000000,90.00000000,136.33000000,98.00000000,2821.61402899,3521.41751821,2822,3521,397070.11009152,4435650.19522429,40.06482618,-88.20696371,2875.43367349,3522.47605657,2875,3522,397072.04294508,4435650.15721000,40.06482608,-88.20694105,2874.21818057,3590.62343423,2874,3591,397071.99929244,4435647.70989734,40.06480403,-88.20694117,2820.39853606,3589.56489587,2820,3590,397070.06643887,4435647.74791164,40.06480413,-88.20696384,2847.91610478,3556.02047622,397071.05469198,4435648.95256082,40.06481511,-88.20695244,4.73242188,"POLYGON((2821.614 3521.418, 2875.434 3522.476, 2874.218 3590.623, 2820.399 3589.565, 2821.614 3521.418))","POLYGON((397070.110 4435650.195, 397072.043 4435650.157, 397071.999 4435647.710, 397070.066 4435647.748, 397070.110 4435650.195))"
B8_R0_C3,B8,8,0,3,LG3216,2,16,136.32000000,90.00000000,143.16000000,98.00000000,2875.35498980,3522.47450900,2875,3522,397072.04011927,4435650.15726558,40.06482608,-88.20694108,2929.17463431,3523.53304736,2929,3524,397073.97297284,4435650.11925128,40.06482597,-88.20691842,2927.95914138,3591.68042502,2928,3592,397073.92932019,4435647.67193863,40.06480392,-88.20691854,2874.13949687,3590.62188666,2874,3591,397071.99646663,4435647.70995292,40.06480403,-88.20694120,2901.65706559,3557.07746701,397072.98471973,4435648.91460210,40.06481500,-88.20692981,4.73193359,"POLYGON((2875.355 3522.475, 2929.175 3523.533, 2927.959 3591.680, 2874.139 3590.622, 2875.355 3522.475))","POLYGON((397072.040 4435650.157, 397073.973 4435650.119, 397073.929 4435647.672, 397071.996 4435647.710, 397072.040 4435650.157))"
B8_R0_C4,B8,8,0,4,LD20-5738,1,16,143.16000000,90.00000000,150.00000000,98.00000000,2929.17463431,3523.53304736,2929,3524,397073.97297284,4435650.11925128,40.06482597,-88.20691842,2982.99427882,3524.59158572,2983,3525,397075.90582640,4435650.08123699,40.06482587,-88.20689575,2981.77878589,3592.73896338,2982,3593,397075.86217375,4435647.63392434,40.06480382,-88.20689587,2927.95914138,3591.68042502,2928,3592,397073.92932019,4435647.67193863,40.06480392,-88.20691854,2955.47671010,3558.13600537,397074.91757330,4435648.87658781,40.06481489,-88.20690714,4.73193359,"POLYGON((2929.175 3523.533, 2982.994 3524.592, 2981.779 3592.739, 2927.959 3591.680, 2929.175 3523.533))","POLYGON((397073.973 4435650.119, 397075.906 4435650.081, 397075.862 4435647.634, 397073.929 4435647.672, 397073.973 4435650.119))"
B8_R1_C0,B8,8,1,0,LG3216,5,15,115.81000000,100.00000000,122.65000000,108.00000000,2715.49410613,3434.11621941,2715,3434,397066.29895020,4435653.33039370,40.06485396,-88.20700889,2769.31375064,3435.17475777,2769,3435,397068.23180376,4435653.29237940,40.06485385,-88.20698623,2768.09825771,3503.32213543,2768,3503,397068.18815112,4435650.84506675,40.06483180,-88.20698635,2714.27861320,3502.26359707,2714,3502,397066.25529755,4435650.88308104,40.06483191,-88.20700902,2741.79618192,3468.71917742,397067.24355066,4435652.08773022,40.06484288,-88.20699762,4.73193359,"POLYGON((2715.494 3434.116, 2769.314 3435.175, 2768.098 3503.322, 2714.279 3502.264, 2715.494 3434.116))","POLYGON((397066.299 4435653.330, 397068.232 4435653.292, 397068.188 4435650.845, 397066.255 4435650.883, 397066.299 4435653.330))"
B8_R1_C1,B8,8,1,1,LD19-10076,4,15,122.65000000,100.00000000,129.49000000,108.00000000,2769.31375064,3435.17475777,2769,3435,397068.23180376,4435653.29237940,40.06485385,-88.20698623,2823.13339515,3436.23329613,2823,3436,397070.16465732,4435653.25436511,40.06485375,-88.20696356,2821.91790222,3504.38067379,2822,3504,397070.12100468,4435650.80705246,40.06483170,-88.20696368,2768.09825771,3503.32213543,2768,3503,397068.18815112,4435650.84506675,40.06483180,-88.20698635,2795.61582643,3469.77771578,397069.17640422,4435652.04971593,40.06484277,-88.20697496,4.73193359,"POLYGON((2769.314 3435.175, 2823.133 3436.233, 2821.918 3504.381, 2768.098 3503.322, 2769.314 3435.175))","POLYGON((397068.232 4435653.292, 397070.165 4435653.254, 397070.121 4435650.807, 397068.188 4435650.845, 397068.232 4435653.292))"
B8_R1_C2,B8,8,1,2,LG3216,3,15,129.49000000,100.00000000,136.33000000,108.00000000,2823.13339515,3436.23329613,2823,3436,397070.16465732,4435653.25436511,40.06485375,-88.20696356,2876.95303965,3437.29183449,2877,3437,397072.09751089,4435653.21635082,40.06485364,-88.20694090,2875.73754672,3505.43921215,2876,3505,397072.05385824,4435650.76903816,40.06483159,-88.20694102,2821.91790222,3504.38067379,2822,3504,397070.12100468,4435650.80705246,40.06483170,-88.20696368,2849.43547094,3470.83625414,397071.10925778,4435652.01170164,40.06484267,-88.20695229,4.73193359,"POLYGON((2823.133 3436.233, 2876.953 3437.292, 2875.738 3505.439, 2821.918 3504.381, 2823.133 3436.233))","POLYGON((397070.165 4435653.254, 397072.098 4435653.216, 397072.054 4435650.769, 397070.121 4435650.807, 397070.165 4435653.254))"
B8_R1_C3,B8,8,1,3,LD20-11748,2,15,136.32000000,100.00000000,143.16000000,108.00000000,2876.87435596,3437.29028692,2877,3437,397072.09468508,4435653.21640640,40.06485364,-88.20694093,2930.69400047,3438.34882528,2931,3438,397074.02753864,4435653.17839210,40.06485353,-88.20691826,2929.47850754,3506.49620294,2929,3506,397073.98388600,4435650.73107945,40.06483148,-88.20691838,2875.65886303,3505.43766458,2876,3505,397072.05103243,4435650.76909374,40.06483159,-88.20694105,2903.17643175,3471.89324493,397073.03928554,4435651.97374292,40.06484256,-88.20692966,4.73193359,"POLYGON((2876.874 3437.290, 2930.694 3438.349, 2929.479 3506.496, 2875.659 3505.438, 2876.874 3437.290))","POLYGON((397072.095 4435653.216, 397074.028 4435653.178, 397073.984 4435650.731, 397072.051 4435650.769, 397072.095 4435653.216))"
B8_R1_C4,B8,8,1,4,LG3216,1,15,143.16000000,100.00000000,150.00000000,108.00000000,2930.69400047,3438.34882528,2931,3438,397074.02753864,4435653.17839210,40.06485353,-88.20691826,2984.51364498,3439.40736364,2985,3439,397075.96039221,4435653.14037781,40.06485343,-88.20689560,2983.29815205,3507.55474130,2983,3508,397075.91673956,4435650.69306516,40.06483138,-88.20689572,2929.47850754,3506.49620294,2929,3506,397073.98388600,4435650.73107945,40.06483148,-88.20691838,2956.99607626,3472.95178329,397074.97213910,4435651.93572863,40.06484246,-88.20690699,4.73242188,"POLYGON((2930.694 3438.349, 2984.514 3439.407, 2983.298 3507.555, 2929.479 3506.496, 2930.694 3438.349))","POLYGON((397074.028 4435653.178, 397075.960 4435653.140, 397075.917 4435650.693, 397073.984 4435650.731, 397074.028 4435653.178))"
B8_R2_C0,B8,8,2,0,LD21-5991,5,14,115.81000000,110.00000000,122.65000000,118.00000000,2717.01347229,3348.93199734,2717,3349,397066.35351600,4435656.38953451,40.06488152,-88.20700874,2770.83311680,3349.99053570,2771,3350,397068.28636957,4435656.35152022,40.06488142,-88.20698607,2769.61762387,3418.13791336,2770,3418,397068.24271692,4435653.90420757,40.06485937,-88.20698620,2715.79797936,3417.07937500,2716,3417,397066.30986336,4435653.94222186,40.06485947,-88.20700886,2743.31554808,3383.53495535,397067.29811646,4435655.14687104,40.06487044,-88.20699747,4.73242188,"POLYGON((2717.013 3348.932, 2770.833 3349.991, 2769.618 3418.138, 2715.798 3417.079, 2717.013 3348.932))","POLYGON((397066.354 4435656.390, 397068.286 4435656.352, 397068.243 4435653.904, 397066.310 4435653.942, 397066.354 4435656.390))"
B8_R2_C1,B8,8,2,1,LG3216,4,14,122.65000000,110.00000000,129.49000000,118.00000000,2770.83311680,3349.99053570,2771,3350,397068.28636957,4435656.35152022,40.06488142,-88.20698607,2824.65276130,3351.04907405,2825,3351,397070.21922313,4435656.31350593,40.06488131,-88.20696341,2823.43726838,3419.19645172,2823,3419,397070.17557049,4435653.86619327,40.06485926,-88.20696353,2769.61762387,3418.13791336,2770,3418,397068.24271692,4435653.90420757,40.06485937,-88.20698620,2797.13519259,3384.59349371,397069.23097003,4435655.10885675,40.06487034,-88.20697480,4.73193359,"POLYGON((2770.833 3349.991, 2824.653 3351.049, 2823.437 3419.196, 2769.618 3418.138, 2770.833 3349.991))","POLYGON((397068.286 4435656.352, 397070.219 4435656.314, 397070.176 4435653.866, 397068.243 4435653.904, 397068.286 4435656.352))"
B8_R2_C2,B8,8,2,2,LD21-5253,3,14,129.49000000,110.00000000,136.33000000,118.00000000,2824.65276130,3351.04907405,2825,3351,397070.21922313,4435656.31350593,40.06488131,-88.20696341,2878.47240581,3352.10761241,2878,3352,397072.15207669,4435656.27549164,40.06488120,-88.20694074,2877.25691288,3420.25499008,2877,3420,397072.10842405,4435653.82817898,40.06485915,-88.20694086,2823.43726838,3419.19645172,2823,3419,397070.17557049,4435653.86619327,40.06485926,-88.20696353,2850.95483709,3385.65203207,397071.16382359,4435655.07084246,40.06487023,-88.20695214,4.73193359,"POLYGON((2824.653 3351.049, 2878.472 3352.108, 2877.257 3420.255, 2823.437 3419.196, 2824.653 3351.049))","POLYGON((397070.219 4435656.314, 397072.152 4435656.275, 397072.108 4435653.828, 397070.176 4435653.866, 397070.219 4435656.314))"
B8_R2_C3,B8,8,2,3,LG3216,2,14,136.32000000,110.00000000,143.16000000,118.00000000,2878.39372212,3352.10606484,2878,3352,397072.14925088,4435656.27554721,40.06488120,-88.20694077,2932.21336663,3353.16460320,2932,3353,397074.08210445,4435656.23753292,40.06488110,-88.20691811,2930.99787370,3421.31198087,2931,3421,397074.03845180,4435653.79022027,40.06485905,-88.20691823,2877.17822919,3420.25344251,2877,3420,397072.10559824,4435653.82823456,40.06485915,-88.20694090,2904.69579791,3386.70902286,397073.09385134,4435655.03288374,40.06487012,-88.20692950,4.73193359,"POLYGON((2878.394 3352.106, 2932.213 3353.165, 2930.998 3421.312, 2877.178 3420.253, 2878.394 3352.106))","POLYGON((397072.149 4435656.276, 397074.082 4435656.238, 397074.038 4435653.790, 397072.106 4435653.828, 397072.149 4435656.276))"
B8_R2_C4,B8,8,2,4,LD17-10473F,1,14,143.16000000,110.00000000,150.00000000,118.00000000,2932.21336663,3353.16460320,2932,3353,397074.08210445,4435656.23753292,40.06488110,-88.20691811,2986.03301113,3354.22314156,2986,3354,397076.01495801,4435656.19951863,40.06488099,-88.20689544,2984.81751821,3422.37051923,2985,3422,397075.97130537,4435653.75220597,40.06485894,-88.20689557,2930.99787370,3421.31198087,2931,3421,397074.03845180,4435653.79022027,40.06485905,-88.20691823,2958.51544242,3387.76756121,397075.02670491,4435654.99486945,40.06487002,-88.20690684,4.73242188,"POLYGON((2932.213 3353.165, 2986.033 3354.223, 2984.818 3422.371, 2930.998 3421.312, 2932.213 3353.165))","POLYGON((397074.082 4435656.238, 397076.015 4435656.200, 397075.971 4435653.752, 397074.038 4435653.790, 397074.082 4435656.238))"
B8_R3_C0,B8,8,3,0,LG3216,5,13,115.81000000,120.00000000,122.65000000,128.00000000,2718.53283845,3263.74777526,2719,3264,397066.40808181,4435659.44867533,40.06490908,-88.20700859,2772.35248296,3264.80631362,2772,3265,397068.34093537,4435659.41066104,40.06490898,-88.20698592,2771.13699003,3332.95369128,2771,3333,397068.29728273,4435656.96334839,40.06488693,-88.20698604,2717.31734552,3331.89515292,2717,3332,397066.36442916,4435657.00136268,40.06488703,-88.20700871,2744.83491424,3298.35073327,397067.35268227,4435658.20601186,40.06489801,-88.20699731,4.73242188,"POLYGON((2718.533 3263.748, 2772.352 3264.806, 2771.137 3332.954, 2717.317 3331.895, 2718.533 3263.748))","POLYGON((397066.408 4435659.449, 397068.341 4435659.411, 397068.297 4435656.963, 397066.364 4435657.001, 397066.408 4435659.449))"
B8_R3_C1,B8,8,3,1,LD21-3090,4,13,122.65000000,120.00000000,129.49000000,128.00000000,2772.35248296,3264.80631362,2772,3265,397068.34093537,4435659.41066104,40.06490898,-88.20698592,2826.17212746,3265.86485198,2826,3266,397070.27378894,4435659.37264675,40.06490887,-88.20696325,2824.95663454,3334.01222964,2825,3334,397070.23013629,4435656.92533409,40.06488682,-88.20696338,2771.13699003,3332.95369128,2771,3333,397068.29728273,4435656.96334839,40.06488693,-88.20698604,2798.65455875,3299.40927163,397069.28553583,4435658.16799757,40.06489790,-88.20697465,4.73193359,"POLYGON((2772.352 3264.806, 2826.172 3265.865, 2824.957 3334.012, 2771.137 3332.954, 2772.352 3264.806))","POLYGON((397068.341 4435659.411, 397070.274 4435659.373, 397070.230 4435656.925, 397068.297 4435656.963, 397068.341 4435659.411))"
B8_R3_C2,B8,8,3,2,LG3216,3,13,129.49000000,120.00000000,136.33000000,128.00000000,2826.17212746,3265.86485198,2826,3266,397070.27378894,4435659.37264675,40.06490887,-88.20696325,2879.99177197,3266.92339034,2880,3267,397072.20664250,4435659.33463246,40.06490877,-88.20694059,2878.77627904,3335.07076800,2879,3335,397072.16298986,4435656.88731980,40.06488672,-88.20694071,2824.95663454,3334.01222964,2825,3334,397070.23013629,4435656.92533409,40.06488682,-88.20696338,2852.47420325,3300.46780999,397071.21838940,4435658.12998328,40.06489779,-88.20695198,4.73193359,"POLYGON((2826.172 3265.865, 2879.992 3266.923, 2878.776 3335.071, 2824.957 3334.012, 2826.172 3265.865))","POLYGON((397070.274 4435659.373, 397072.207 4435659.335, 397072.163 4435656.887, 397070.230 4435656.925, 397070.274 4435659.373))"
B8_R3_C3,B8,8,3,3,LD21-5665,2,13,136.32000000,120.00000000,143.16000000,128.00000000,2879.91308828,3266.92184277,2880,3267,397072.20381669,4435659.33468803,40.06490877,-88.20694062,2933.73273279,3267.98038113,2934,3268,397074.13667025,4435659.29667374,40.06490866,-88.20691796,2932.51723986,3336.12775879,2933,3336,397074.09301761,4435656.84936109,40.06488661,-88.20691808,2878.69759535,3335.06922043,2879,3335,397072.16016405,4435656.88737538,40.06488672,-88.20694074,2906.21516407,3301.52480078,397073.14841715,4435658.09202456,40.06489769,-88.20692935,4.73242188,"POLYGON((2879.913 3266.922, 2933.733 3267.980, 2932.517 3336.128, 2878.698 3335.069, 2879.913 3266.922))","POLYGON((397072.204 4435659.335, 397074.137 4435659.297, 397074.093 4435656.849, 397072.160 4435656.887, 397072.204 4435659.335))"
B8_R3_C4,B8,8,3,4,LG3216,1,13,143.16000000,120.00000000,150.00000000,128.00000000,2933.73273279,3267.98038113,2934,3268,397074.13667025,4435659.29667374,40.06490866,-88.20691796,2987.55237729,3269.03891949,2988,3269,397076.06952382,4435659.25865945,40.06490855,-88.20689529,2986.33688437,3337.18629715,2986,3337,397076.02587117,4435656.81134679,40.06488650,-88.20689541,2932.51723986,3336.12775879,2933,3336,397074.09301761,4435656.84936109,40.06488661,-88.20691808,2960.03480858,3302.58333914,397075.08127071,4435658.05401027,40.06489758,-88.20690668,4.73193359,"POLYGON((2933.733 3267.980, 2987.552 3269.039, 2986.337 3337.186, 2932.517 3336.128, 2933.733 3267.980))","POLYGON((397074.137 4435659.297, 397076.070 4435659.259, 397076.026 4435656.811, 397074.093 4435656.849, 397074.137 4435659.297))"
B8_R4_C0,B8,8,4,0,LD20-4471,5,12,115.81000000,130.00000000,122.65000000,138.00000000,2720.05220461,3178.56355318,2720,3179,397066.46264762,4435662.50781615,40.06493665,-88.20700843,2773.87184912,3179.62209154,2774,3180,397068.39550118,4435662.46980186,40.06493654,-88.20698577,2772.65635619,3247.76946920,2773,3248,397068.35184853,4435660.02248921,40.06491449,-88.20698589,2718.83671168,3246.71093084,2719,3247,397066.41899497,4435660.06050350,40.06491460,-88.20700856,2746.35428040,3213.16651119,397067.40724807,4435661.26515268,40.06492557,-88.20699716,4.73193359,"POLYGON((2720.052 3178.564, 2773.872 3179.622, 2772.656 3247.769, 2718.837 3246.711, 2720.052 3178.564))","POLYGON((397066.463 4435662.508, 397068.396 4435662.470, 397068.352 4435660.022, 397066.419 4435660.061, 397066.463 4435662.508))"
B8_R4_C1,B8,8,4,1,LG3216,4,12,122.65000000,130.00000000,129.49000000,138.00000000,2773.87184912,3179.62209154,2774,3180,397068.39550118,4435662.46980186,40.06493654,-88.20698577,2827.69149362,3180.68062990,2828,3181,397070.32835474,4435662.43178757,40.06493643,-88.20696310,2826.47600070,3248.82800756,2826,3249,397070.28470210,4435659.98447491,40.06491438,-88.20696322,2772.65635619,3247.76946920,2773,3248,397068.35184853,4435660.02248921,40.06491449,-88.20698589,2800.17392491,3214.22504955,397069.34010164,4435661.22713839,40.06492546,-88.20697450,4.73144531,"POLYGON((2773.872 3179.622, 2827.691 3180.681, 2826.476 3248.828, 2772.656 3247.769, 2773.872 3179.622))","POLYGON((397068.396 4435662.470, 397070.328 4435662.432, 397070.285 4435659.984, 397068.352 4435660.022, 397068.396 4435662.470))"
B8_R4_C2,B8,8,4,2,LD20-4542,3,12,129.49000000,130.00000000,136.33000000,138.00000000,2827.69149362,3180.68062990,2828,3181,397070.32835474,4435662.43178757,40.06493643,-88.20696310,2881.51113813,3181.73916826,2882,3182,397072.26120831,4435662.39377328,40.06493633,-88.20694043,2880.29564520,3249.88654592,2880,3250,397072.21755566,4435659.94646062,40.06491428,-88.20694056,2826.47600070,3248.82800756,2826,3249,397070.28470210,4435659.98447491,40.06491438,-88.20696322,2853.99356941,3215.28358791,397071.27295520,4435661.18912410,40.06492536,-88.20695183,4.73193359,"POLYGON((2827.691 3180.681, 2881.511 3181.739, 2880.296 3249.887, 2826.476 3248.828, 2827.691 3180.681))","POLYGON((397070.328 4435662.432, 397072.261 4435662.394, 397072.218 4435659.946, 397070.285 4435659.984, 397070.328 4435662.432))"
B8_R4_C3,B8,8,4,3,LG3216,2,12,136.32000000,130.00000000,143.16000000,138.00000000,2881.43245444,3181.73762069,2881,3182,397072.25838250,4435662.39382885,40.06493633,-88.20694047,2935.25209895,3182.79615905,2935,3183,397074.19123606,4435662.35581456,40.06493622,-88.20691780,2934.03660602,3250.94353671,2934,3251,397074.14758342,4435659.90850191,40.06491417,-88.20691792,2880.21696151,3249.88499835,2880,3250,397072.21472985,4435659.94651620,40.06491428,-88.20694059,2907.73453023,3216.34057870,397073.20298296,4435661.15116538,40.06492525,-88.20692920,4.73242188,"POLYGON((2881.432 3181.738, 2935.252 3182.796, 2934.037 3250.944, 2880.217 3249.885, 2881.432 3181.738))","POLYGON((397072.258 4435662.394, 397074.191 4435662.356, 397074.148 4435659.909, 397072.215 4435659.947, 397072.258 4435662.394))"
B8_R4_C4,B8,8,4,4,LD21-5944,1,12,143.16000000,130.00000000,150.00000000,138.00000000,2935.25209895,3182.79615905,2935,3183,397074.19123606,4435662.35581456,40.06493622,-88.20691780,2989.07174345,3183.85469741,2989,3184,397076.12408962,4435662.31780027,40.06493612,-88.20689514,2987.85625053,3252.00207507,2988,3252,397076.08043698,4435659.87048761,40.06491407,-88.20689526,2934.03660602,3250.94353671,2934,3251,397074.14758342,4435659.90850191,40.06491417,-88.20691792,2961.55417474,3217.39911706,397075.13583652,4435661.11315109,40.06492514,-88.20690653,4.73144531,"POLYGON((2935.252 3182.796, 2989.072 3183.855, 2987.856 3252.002, 2934.037 3250.944, 2935.252 3182.796))","POLYGON((397074.191 4435662.356, 397076.124 4435662.318, 397076.080 4435659.870, 397074.148 4435659.909, 397074.191 4435662.356))"
B8_R5_C0,B8,8,5,0,LG3216,5,11,115.81000000,140.00000000,122.65000000,148.00000000,2721.57157077,3093.37933110,2722,3093,397066.51721342,4435665.56695697,40.06496421,-88.20700828,2775.39121528,3094.43786946,2775,3094,397068.45006699,4435665.52894268,40.06496410,-88.20698561,2774.17572235,3162.58524712,2774,3163,397068.40641434,4435663.08163003,40.06494205,-88.20698574,2720.35607784,3161.52670876,2720,3162,397066.47356078,4435663.11964432,40.06494216,-88.20700840,2747.87364656,3127.98228911,397067.46181388,4435664.32429350,40.06495313,-88.20699701,4.73242188,"POLYGON((2721.572 3093.379, 2775.391 3094.438, 2774.176 3162.585, 2720.356 3161.527, 2721.572 3093.379))","POLYGON((397066.517 4435665.567, 397068.450 4435665.529, 397068.406 4435663.082, 397066.474 4435663.120, 397066.517 4435665.567))"
B8_R5_C1,B8,8,5,1,LD20-5413,4,11,122.65000000,140.00000000,129.49000000,148.00000000,2775.39121528,3094.43786946,2775,3094,397068.45006699,4435665.52894268,40.06496410,-88.20698561,2829.21085978,3095.49640782,2829,3095,397070.38292055,4435665.49092839,40.06496400,-88.20696295,2827.99536686,3163.64378548,2828,3164,397070.33926790,4435663.04361573,40.06494195,-88.20696307,2774.17572235,3162.58524712,2774,3163,397068.40641434,4435663.08163003,40.06494205,-88.20698574,2801.69329107,3129.04082747,397069.39466744,4435664.28627921,40.06495302,-88.20697434,4.73193359,"POLYGON((2775.391 3094.438, 2829.211 3095.496, 2827.995 3163.644, 2774.176 3162.585, 2775.391 3094.438))","POLYGON((397068.450 4435665.529, 397070.383 4435665.491, 397070.339 4435663.044, 397068.406 4435663.082, 397068.450 4435665.529))"
B8_R5_C2,B8,8,5,2,LG3216,3,11,129.49000000,140.00000000,136.33000000,148.00000000,2829.21085978,3095.49640782,2829,3095,397070.38292055,4435665.49092839,40.06496400,-88.20696295,2883.03050429,3096.55494618,2883,3097,397072.31577411,4435665.45291410,40.06496389,-88.20694028,2881.81501136,3164.70232384,2882,3165,397072.27212147,4435663.00560144,40.06494184,-88.20694040,2827.99536686,3163.64378548,2828,3164,397070.33926790,4435663.04361573,40.06494195,-88.20696307,2855.51293557,3130.09936583,397071.32752101,4435664.24826491,40.06495292,-88.20695168,4.73193359,"POLYGON((2829.211 3095.496, 2883.031 3096.555, 2881.815 3164.702, 2827.995 3163.644, 2829.211 3095.496))","POLYGON((397070.383 4435665.491, 397072.316 4435665.453, 397072.272 4435663.006, 397070.339 4435663.044, 397070.383 4435665.491))"
B8_R5_C3,B8,8,5,3,LD11-2170,2,11,136.32000000,140.00000000,143.16000000,148.00000000,2882.95182060,3096.55339861,2883,3097,397072.31294830,4435665.45296967,40.06496389,-88.20694031,2936.77146511,3097.61193697,2937,3098,397074.24580187,4435665.41495538,40.06496378,-88.20691765,2935.55597218,3165.75931463,2936,3166,397074.20214922,4435662.96764273,40.06494173,-88.20691777,2881.73632767,3164.70077627,2882,3165,397072.26929566,4435663.00565702,40.06494184,-88.20694044,2909.25389639,3131.15635662,397073.25754876,4435664.21030620,40.06495281,-88.20692904,4.73193359,"POLYGON((2882.952 3096.553, 2936.771 3097.612, 2935.556 3165.759, 2881.736 3164.701, 2882.952 3096.553))","POLYGON((397072.313 4435665.453, 397074.246 4435665.415, 397074.202 4435662.968, 397072.269 4435663.006, 397072.313 4435665.453))"
B8_R5_C4,B8,8,5,4,LG3216,1,11,143.16000000,140.00000000,150.00000000,148.00000000,2936.77146511,3097.61193697,2937,3098,397074.24580187,4435665.41495538,40.06496378,-88.20691765,2990.59110961,3098.67047533,2991,3099,397076.17865543,4435665.37694109,40.06496368,-88.20689498,2989.37561669,3166.81785299,2989,3167,397076.13500279,4435662.92962843,40.06494163,-88.20689511,2935.55597218,3165.75931463,2936,3166,397074.20214922,4435662.96764273,40.06494173,-88.20691777,2963.07354090,3132.21489498,397075.19040233,4435664.17229191,40.06495271,-88.20690638,4.73144531,"POLYGON((2936.771 3097.612, 2990.591 3098.670, 2989.376 3166.818, 2935.556 3165.759, 2936.771 3097.612))","POLYGON((397074.246 4435665.415, 397076.179 4435665.377, 397076.135 4435662.930, 397074.202 4435662.968, 397074.246 4435665.415))"
B8_R6_C0,B8,8,6,0,LD22-4283,5,10,115.81000000,150.00000000,122.65000000,158.00000000,2723.09093693,3008.19510903,2723,3008,397066.57177923,4435668.62609779,40.06499177,-88.20700813,2776.91058143,3009.25364739,2777,3009,397068.50463279,4435668.58808350,40.06499167,-88.20698546,2775.69508851,3077.40102505,2776,3077,397068.46098015,4435666.14077084,40.06496962,-88.20698558,2721.87544400,3076.34248669,2722,3076,397066.52812658,4435666.17878514,40.06496972,-88.20700825,2749.39301272,3042.79806704,397067.51637969,4435667.38343432,40.06498069,-88.20699685,4.73193359,"POLYGON((2723.091 3008.195, 2776.911 3009.254, 2775.695 3077.401, 2721.875 3076.342, 2723.091 3008.195))","POLYGON((397066.572 4435668.626, 397068.505 4435668.588, 397068.461 4435666.141, 397066.528 4435666.179, 397066.572 4435668.626))"
B8_R6_C1,B8,8,6,1,LG3216,4,10,122.65000000,150.00000000,129.49000000,158.00000000,2776.91058143,3009.25364739,2777,3009,397068.50463279,4435668.58808350,40.06499167,-88.20698546,2830.73022594,3010.31218575,2831,3010,397070.43748636,4435668.55006921,40.06499156,-88.20696279,2829.51473301,3078.45956341,2830,3078,397070.39383371,4435666.10275655,40.06496951,-88.20696292,2775.69508851,3077.40102505,2776,3077,397068.46098015,4435666.14077084,40.06496962,-88.20698558,2803.21265722,3043.85660540,397069.44923325,4435667.34542003,40.06498059,-88.20697419,4.73144531,"POLYGON((2776.911 3009.254, 2830.730 3010.312, 2829.515 3078.460, 2775.695 3077.401, 2776.911 3009.254))","POLYGON((397068.505 4435668.588, 397070.437 4435668.550, 397070.394 4435666.103, 397068.461 4435666.141, 397068.505 4435668.588))"
B8_R6_C2,B8,8,6,2,LD21-7234,3,10,129.49000000,150.00000000,136.33000000,158.00000000,2830.73022594,3010.31218575,2831,3010,397070.43748636,4435668.55006921,40.06499156,-88.20696279,2884.54987045,3011.37072411,2885,3011,397072.37033992,4435668.51205492,40.06499145,-88.20694013,2883.33437752,3079.51810177,2883,3080,397072.32668727,4435666.06474226,40.06496940,-88.20694025,2829.51473301,3078.45956341,2830,3078,397070.39383371,4435666.10275655,40.06496951,-88.20696292,2857.03230173,3044.91514376,397071.38208681,4435667.30740573,40.06498048,-88.20695152,4.73193359,"POLYGON((2830.730 3010.312, 2884.550 3011.371, 2883.334 3079.518, 2829.515 3078.460, 2830.730 3010.312))","POLYGON((397070.437 4435668.550, 397072.370 4435668.512, 397072.327 4435666.065, 397070.394 4435666.103, 397070.437 4435668.550))"
B8_R6_C3,B8,8,6,3,LG3216,2,10,136.32000000,150.00000000,143.16000000,158.00000000,2884.47118676,3011.36917653,2884,3011,397072.36751411,4435668.51211049,40.06499145,-88.20694016,2938.29083126,3012.42771489,2938,3012,397074.30036767,4435668.47409620,40.06499135,-88.20691750,2937.07533834,3080.57509256,2937,3081,397074.25671503,4435666.02678354,40.06496930,-88.20691762,2883.25569383,3079.51655420,2883,3080,397072.32386146,4435666.06479784,40.06496940,-88.20694028,2910.77326255,3045.97213455,397073.31211457,4435667.26944702,40.06498037,-88.20692889,4.73242188,"POLYGON((2884.471 3011.369, 2938.291 3012.428, 2937.075 3080.575, 2883.256 3079.517, 2884.471 3011.369))","POLYGON((397072.368 4435668.512, 397074.300 4435668.474, 397074.257 4435666.027, 397072.324 4435666.065, 397072.368 4435668.512))"
B8_R6_C4,B8,8,6,4,LD19-10244,1,10,143.16000000,150.00000000,150.00000000,158.00000000,2938.29083126,3012.42771489,2938,3012,397074.30036767,4435668.47409620,40.06499135,-88.20691750,2992.11047577,3013.48625325,2992,3013,397076.23322124,4435668.43608191,40.06499124,-88.20689483,2990.89498284,3081.63363092,2991,3082,397076.18956859,4435665.98876925,40.06496919,-88.20689495,2937.07533834,3080.57509256,2937,3081,397074.25671503,4435666.02678354,40.06496930,-88.20691762,2964.59290705,3047.03067291,397075.24496813,4435667.23143273,40.06498027,-88.20690622,4.73193359,"POLYGON((2938.291 3012.428, 2992.110 3013.486, 2990.895 3081.634, 2937.075 3080.575, 2938.291 3012.428))","POLYGON((397074.300 4435668.474, 397076.233 4435668.436, 397076.190 4435665.989, 397074.257 4435666.027, 397074.300 4435668.474))"
B8_R7_C0,B8,8,7,0,LG3216,5,9,115.81000000,160.00000000,122.65000000,168.00000000,2724.61030309,2923.01088695,2725,2923,397066.62634503,4435671.68523861,40.06501933,-88.20700797,2778.42994759,2924.06942531,2778,2924,397068.55919860,4435671.64722432,40.06501923,-88.20698531,2777.21445467,2992.21680297,2777,2992,397068.51554595,4435669.19991166,40.06499718,-88.20698543,2723.39481016,2991.15826461,2723,2991,397066.58269239,4435669.23792596,40.06499728,-88.20700810,2750.91237888,2957.61384496,397067.57094549,4435670.44257514,40.06500826,-88.20699670,4.73193359,"POLYGON((2724.610 2923.011, 2778.430 2924.069, 2777.214 2992.217, 2723.395 2991.158, 2724.610 2923.011))","POLYGON((397066.626 4435671.685, 397068.559 4435671.647, 397068.516 4435669.200, 397066.583 4435669.238, 397066.626 4435671.685))"
B8_R7_C1,B8,8,7,1,LD07-3395bf,4,9,122.65000000,160.00000000,129.49000000,168.00000000,2778.42994759,2924.06942531,2778,2924,397068.55919860,4435671.64722432,40.06501923,-88.20698531,2832.24959210,2925.12796367,2832,2925,397070.49205216,4435671.60921003,40.06501912,-88.20696264,2831.03409917,2993.27534133,2831,2993,397070.44839952,4435669.16189737,40.06499707,-88.20696276,2777.21445467,2992.21680297,2777,2992,397068.51554595,4435669.19991166,40.06499718,-88.20698543,2804.73202338,2958.67238332,397069.50379906,4435670.40456085,40.06500815,-88.20697404,4.73242188,"POLYGON((2778.430 2924.069, 2832.250 2925.128, 2831.034 2993.275, 2777.214 2992.217, 2778.430 2924.069))","POLYGON((397068.559 4435671.647, 397070.492 4435671.609, 397070.448 4435669.162, 397068.516 4435669.200, 397068.559 4435671.647))"
B8_R7_C2,B8,8,7,2,LG3216,3,9,129.49000000,160.00000000,136.33000000,168.00000000,2832.24959210,2925.12796367,2832,2925,397070.49205216,4435671.60921003,40.06501912,-88.20696264,2886.06923661,2926.18650203,2886,2926,397072.42490573,4435671.57119573,40.06501902,-88.20693997,2884.85374368,2994.33387969,2885,2994,397072.38125308,4435669.12388308,40.06499697,-88.20694010,2831.03409917,2993.27534133,2831,2993,397070.44839952,4435669.16189737,40.06499707,-88.20696276,2858.55166789,2959.73092168,397071.43665262,4435670.36654655,40.06500804,-88.20695137,4.73144531,"POLYGON((2832.250 2925.128, 2886.069 2926.187, 2884.854 2994.334, 2831.034 2993.275, 2832.250 2925.128))","POLYGON((397070.492 4435671.609, 397072.425 4435671.571, 397072.381 4435669.124, 397070.448 4435669.162, 397070.492 4435671.609))"
B8_R7_C3,B8,8,7,3,LD00-2817P,2,9,136.32000000,160.00000000,143.16000000,168.00000000,2885.99055292,2926.18495446,2886,2926,397072.42207992,4435671.57125131,40.06501902,-88.20694001,2939.81019742,2927.24349282,2940,2927,397074.35493348,4435671.53323702,40.06501891,-88.20691734,2938.59470450,2995.39087048,2939,2995,397074.31128083,4435669.08592436,40.06499686,-88.20691746,2884.77505999,2994.33233212,2885,2994,397072.37842727,4435669.12393866,40.06499697,-88.20694013,2912.29262871,2960.78791247,397073.36668038,4435670.32858784,40.06500794,-88.20692874,4.73193359,"POLYGON((2885.991 2926.185, 2939.810 2927.243, 2938.595 2995.391, 2884.775 2994.332, 2885.991 2926.185))","POLYGON((397072.422 4435671.571, 397074.355 4435671.533, 397074.311 4435669.086, 397072.378 4435669.124, 397072.422 4435671.571))"
B8_R7_C4,B8,8,7,4,LG3216,1,9,143.16000000,160.00000000,150.00000000,168.00000000,2939.81019742,2927.24349282,2940,2927,397074.35493348,4435671.53323702,40.06501891,-88.20691734,2993.62984193,2928.30203118,2994,2928,397076.28778704,4435671.49522273,40.06501880,-88.20689468,2992.41434900,2996.44940884,2992,2996,397076.24413440,4435669.04791007,40.06499675,-88.20689480,2938.59470450,2995.39087048,2939,2995,397074.31128083,4435669.08592436,40.06499686,-88.20691746,2966.11227321,2961.84645083,397075.29953394,4435670.29057355,40.06500783,-88.20690607,4.73193359,"POLYGON((2939.810 2927.243, 2993.630 2928.302, 2992.414 2996.449, 2938.595 2995.391, 2939.810 2927.243))","POLYGON((397074.355 4435671.533, 397076.288 4435671.495, 397076.244 4435669.048, 397074.311 4435669.086, 397074.355 4435671.533))"
B9_R0_C0,B9,9,0,0,LD20-11748,20,8,9.50000000,170.00000000,16.34000000,178.00000000,1889.64335236,2821.37444074,1890,2821,397036.63973213,4435675.33521268,40.06504855,-88.20736011,1943.46299686,2822.43297910,1943,2822,397038.57258570,4435675.29719838,40.06504844,-88.20733744,1942.24750394,2890.58035676,1942,2891,397038.52893305,4435672.84988573,40.06502639,-88.20733756,1888.42785943,2889.52181840,1888,2890,397036.59607949,4435672.88790002,40.06502650,-88.20736023,1915.94542815,2855.97739875,397037.58433259,4435674.09254920,40.06503747,-88.20734883,4.73242188,"POLYGON((1889.643 2821.374, 1943.463 2822.433, 1942.248 2890.580, 1888.428 2889.522, 1889.643 2821.374))","POLYGON((397036.640 4435675.335, 397038.573 4435675.297, 397038.529 4435672.850, 397036.596 4435672.888, 397036.640 4435675.335))"
B9_R0_C1,B9,9,0,1,LG3216,19,8,16.34000000,170.00000000,23.18000000,178.00000000,1943.46299686,2822.43297910,1943,2822,397038.57258570,4435675.29719838,40.06504844,-88.20733744,1997.28264137,2823.49151746,1997,2823,397040.50543926,4435675.25918409,40.06504834,-88.20731477,1996.06714844,2891.63889512,1996,2892,397040.46178662,4435672.81187144,40.06502629,-88.20731490,1942.24750394,2890.58035676,1942,2891,397038.52893305,4435672.84988573,40.06502639,-88.20733756,1969.76507265,2857.03593711,397039.51718616,4435674.05453491,40.06503736,-88.20732617,4.73193359,"POLYGON((1943.463 2822.433, 1997.283 2823.492, 1996.067 2891.639, 1942.248 2890.580, 1943.463 2822.433))","POLYGON((397038.573 4435675.297, 397040.505 4435675.259, 397040.462 4435672.812, 397038.529 4435672.850, 397038.573 4435675.297))"
B9_R0_C2,B9,9,0,2,LD20-4542,18,8,23.17000000,170.00000000,30.01000000,178.00000000,1997.20395768,2823.48996989,1997,2823,397040.50261345,4435675.25923967,40.06504834,-88.20731481,2051.02360219,2824.54850825,2051,2825,397042.43546702,4435675.22122538,40.06504823,-88.20729214,2049.80810926,2892.69588591,2050,2893,397042.39181437,4435672.77391272,40.06502618,-88.20729226,1995.98846475,2891.63734755,1996,2892,397040.45896081,4435672.81192701,40.06502629,-88.20731493,2023.50603347,2858.09292790,397041.44721391,4435674.01657620,40.06503726,-88.20730354,4.73193359,"POLYGON((1997.204 2823.490, 2051.024 2824.549, 2049.808 2892.696, 1995.988 2891.637, 1997.204 2823.490))","POLYGON((397040.503 4435675.259, 397042.435 4435675.221, 397042.392 4435672.774, 397040.459 4435672.812, 397040.503 4435675.259))"
B9_R0_C3,B9,9,0,3,LG3216,17,8,30.01000000,170.00000000,36.85000000,178.00000000,2051.02360219,2824.54850825,2051,2825,397042.43546702,4435675.22122538,40.06504823,-88.20729214,2104.84324669,2825.60704661,2105,2826,397044.36832058,4435675.18321108,40.06504812,-88.20726947,2103.62775377,2893.75442427,2104,2894,397044.32466793,4435672.73589843,40.06502607,-88.20726960,2049.80810926,2892.69588591,2050,2893,397042.39181437,4435672.77391272,40.06502618,-88.20729226,2077.32567798,2859.15146626,397043.38006747,4435673.97856190,40.06503715,-88.20728087,4.73193359,"POLYGON((2051.024 2824.549, 2104.843 2825.607, 2103.628 2893.754, 2049.808 2892.696, 2051.024 2824.549))","POLYGON((397042.435 4435675.221, 397044.368 4435675.183, 397044.325 4435672.736, 397042.392 4435672.774, 397042.435 4435675.221))"
B9_R0_C4,B9,9,0,4,LD21-3090,16,8,36.85000000,170.00000000,43.69000000,178.00000000,2104.84324669,2825.60704661,2105,2826,397044.36832058,4435675.18321108,40.06504812,-88.20726947,2158.66289120,2826.66558497,2159,2827,397046.30117414,4435675.14519679,40.06504802,-88.20724681,2157.44739827,2894.81296263,2157,2895,397046.25752150,4435672.69788414,40.06502597,-88.20724693,2103.62775377,2893.75442427,2104,2894,397044.32466793,4435672.73589843,40.06502607,-88.20726960,2131.14532248,2860.21000462,397045.31292104,4435673.94054761,40.06503705,-88.20725820,4.73242188,"POLYGON((2104.843 2825.607, 2158.663 2826.666, 2157.447 2894.813, 2103.628 2893.754, 2104.843 2825.607))","POLYGON((397044.368 4435675.183, 397046.301 4435675.145, 397046.258 4435672.698, 397044.325 4435672.736, 397044.368 4435675.183))"
B9_R1_C0,B9,9,1,0,LG3216,20,7,9.50000000,180.00000000,16.34000000,188.00000000,1891.16271852,2736.19021866,1891,2736,397036.69429794,4435678.39435350,40.06507611,-88.20735995,1944.98236302,2737.24875702,1945,2737,397038.62715150,4435678.35633920,40.06507600,-88.20733729,1943.76687009,2805.39613469,1944,2805,397038.58349886,4435675.90902655,40.06505395,-88.20733741,1889.94722559,2804.33759633,1890,2804,397036.65064529,4435675.94704084,40.06505406,-88.20736008,1917.46479430,2770.79317668,397037.63889840,4435677.15169002,40.06506503,-88.20734868,4.73242188,"POLYGON((1891.163 2736.190, 1944.982 2737.249, 1943.767 2805.396, 1889.947 2804.338, 1891.163 2736.190))","POLYGON((397036.694 4435678.394, 397038.627 4435678.356, 397038.583 4435675.909, 397036.651 4435675.947, 397036.694 4435678.394))"
B9_R1_C1,B9,9,1,1,LD20-5413,19,7,16.34000000,180.00000000,23.18000000,188.00000000,1944.98236302,2737.24875702,1945,2737,397038.62715150,4435678.35633920,40.06507600,-88.20733729,1998.80200753,2738.30729538,1999,2738,397040.56000507,4435678.31832491,40.06507590,-88.20731462,1997.58651460,2806.45467305,1998,2806,397040.51635242,4435675.87101226,40.06505385,-88.20731474,1943.76687009,2805.39613469,1944,2805,397038.58349886,4435675.90902655,40.06505395,-88.20733741,1971.28443881,2771.85171504,397039.57175196,4435677.11367573,40.06506493,-88.20732602,4.73193359,"POLYGON((1944.982 2737.249, 1998.802 2738.307, 1997.587 2806.455, 1943.767 2805.396, 1944.982 2737.249))","POLYGON((397038.627 4435678.356, 397040.560 4435678.318, 397040.516 4435675.871, 397038.583 4435675.909, 397038.627 4435678.356))"
B9_R1_C2,B9,9,1,2,LG3216,18,7,23.17000000,180.00000000,30.01000000,188.00000000,1998.72332384,2738.30574781,1999,2738,397040.55717926,4435678.31838049,40.06507590,-88.20731465,2052.54296835,2739.36428617,2053,2739,397042.49003282,4435678.28036620,40.06507579,-88.20729199,2051.32747542,2807.51166384,2051,2808,397042.44638018,4435675.83305354,40.06505374,-88.20729211,1997.50783091,2806.45312548,1998,2806,397040.51352661,4435675.87106783,40.06505385,-88.20731478,2025.02539963,2772.90870582,397041.50177972,4435677.07571701,40.06506482,-88.20730338,4.73242188,"POLYGON((1998.723 2738.306, 2052.543 2739.364, 2051.327 2807.512, 1997.508 2806.453, 1998.723 2738.306))","POLYGON((397040.557 4435678.318, 397042.490 4435678.280, 397042.446 4435675.833, 397040.514 4435675.871, 397040.557 4435678.318))"
B9_R1_C3,B9,9,1,3,LD21-5944,17,7,30.01000000,180.00000000,36.85000000,188.00000000,2052.54296835,2739.36428617,2053,2739,397042.49003282,4435678.28036620,40.06507579,-88.20729199,2106.36261285,2740.42282453,2106,2740,397044.42288639,4435678.24235190,40.06507569,-88.20726932,2105.14711992,2808.57020220,2105,2809,397044.37923374,4435675.79503925,40.06505364,-88.20726944,2051.32747542,2807.51166384,2051,2808,397042.44638018,4435675.83305354,40.06505374,-88.20729211,2078.84504413,2773.96724418,397043.43463328,4435677.03770272,40.06506471,-88.20728072,4.73193359,"POLYGON((2052.543 2739.364, 2106.363 2740.423, 2105.147 2808.570, 2051.327 2807.512, 2052.543 2739.364))","POLYGON((397042.490 4435678.280, 397044.423 4435678.242, 397044.379 4435675.795, 397042.446 4435675.833, 397042.490 4435678.280))"
B9_R1_C4,B9,9,1,4,LG3216,16,7,36.85000000,180.00000000,43.69000000,188.00000000,2106.36261285,2740.42282453,2106,2740,397044.42288639,4435678.24235190,40.06507569,-88.20726932,2160.18225736,2741.48136289,2160,2741,397046.35573995,4435678.20433761,40.06507558,-88.20724666,2158.96676443,2809.62874056,2159,2810,397046.31208730,4435675.75702496,40.06505353,-88.20724678,2105.14711992,2808.57020220,2105,2809,397044.37923374,4435675.79503925,40.06505364,-88.20726944,2132.66468864,2775.02578254,397045.36748684,4435676.99968843,40.06506461,-88.20725805,4.73144531,"POLYGON((2106.363 2740.423, 2160.182 2741.481, 2158.967 2809.629, 2105.147 2808.570, 2106.363 2740.423))","POLYGON((397044.423 4435678.242, 397046.356 4435678.204, 397046.312 4435675.757, 397044.379 4435675.795, 397044.423 4435678.242))"
B9_R2_C0,B9,9,2,0,LD21-5991,20,6,9.50000000,190.00000000,16.34000000,198.00000000,1892.68208467,2651.00599659,1893,2651,397036.74886375,4435681.45349432,40.06510367,-88.20735980,1946.50172918,2652.06453495,1947,2652,397038.68171731,4435681.41548002,40.06510357,-88.20733713,1945.28623625,2720.21191261,1945,2720,397038.63806466,4435678.96816737,40.06508152,-88.20733726,1891.46659175,2719.15337425,1891,2719,397036.70521110,4435679.00618166,40.06508162,-88.20735992,1918.98416046,2685.60895460,397037.69346421,4435680.21083084,40.06509260,-88.20734853,4.73193359,"POLYGON((1892.682 2651.006, 1946.502 2652.065, 1945.286 2720.212, 1891.467 2719.153, 1892.682 2651.006))","POLYGON((397036.749 4435681.453, 397038.682 4435681.415, 397038.638 4435678.968, 397036.705 4435679.006, 397036.749 4435681.453))"
B9_R2_C1,B9,9,2,1,LG3216,19,6,16.34000000,190.00000000,23.18000000,198.00000000,1946.50172918,2652.06453495,1947,2652,397038.68171731,4435681.41548002,40.06510357,-88.20733713,2000.32137369,2653.12307331,2000,2653,397040.61457087,4435681.37746573,40.06510346,-88.20731447,1999.10588076,2721.27045097,1999,2721,397040.57091823,4435678.93015308,40.06508141,-88.20731459,1945.28623625,2720.21191261,1945,2720,397038.63806466,4435678.96816737,40.06508152,-88.20733726,1972.80380497,2686.66749296,397039.62631777,4435680.17281655,40.06509249,-88.20732586,4.73193359,"POLYGON((1946.502 2652.065, 2000.321 2653.123, 1999.106 2721.270, 1945.286 2720.212, 1946.502 2652.065))","POLYGON((397038.682 4435681.415, 397040.615 4435681.377, 397040.571 4435678.930, 397038.638 4435678.968, 397038.682 4435681.415))"
B9_R2_C2,B9,9,2,2,LD00-2817P,18,6,23.17000000,190.00000000,30.01000000,198.00000000,2000.24269000,2653.12152574,2000,2653,397040.61174506,4435681.37752131,40.06510346,-88.20731450,2054.06233450,2654.18006410,2054,2654,397042.54459863,4435681.33950702,40.06510335,-88.20729183,2052.84684158,2722.32744176,2053,2722,397042.50094598,4435678.89219436,40.06508130,-88.20729196,1999.02719707,2721.26890340,1999,2721,397040.56809242,4435678.93020865,40.06508141,-88.20731462,2026.54476579,2687.72448375,397041.55634552,4435680.13485783,40.06509238,-88.20730323,4.73144531,"POLYGON((2000.243 2653.122, 2054.062 2654.180, 2052.847 2722.327, 1999.027 2721.269, 2000.243 2653.122))","POLYGON((397040.612 4435681.378, 397042.545 4435681.340, 397042.501 4435678.892, 397040.568 4435678.930, 397040.612 4435681.378))"
B9_R2_C3,B9,9,2,3,LG3216,17,6,30.01000000,190.00000000,36.85000000,198.00000000,2054.06233450,2654.18006410,2054,2654,397042.54459863,4435681.33950702,40.06510335,-88.20729183,2107.88197901,2655.23860246,2108,2655,397044.47745219,4435681.30149272,40.06510325,-88.20726917,2106.66648608,2723.38598012,2107,2723,397044.43379955,4435678.85418007,40.06508120,-88.20726929,2052.84684158,2722.32744176,2053,2722,397042.50094598,4435678.89219436,40.06508130,-88.20729196,2080.36441029,2688.78302211,397043.48919909,4435680.09684354,40.06509228,-88.20728056,4.73193359,"POLYGON((2054.062 2654.180, 2107.882 2655.239, 2106.666 2723.386, 2052.847 2722.327, 2054.062 2654.180))","POLYGON((397042.545 4435681.340, 397044.477 4435681.301, 397044.434 4435678.854, 397042.501 4435678.892, 397042.545 4435681.340))"
B9_R2_C4,B9,9,2,4,LD22-4283,16,6,36.85000000,190.00000000,43.69000000,198.00000000,2107.88197901,2655.23860246,2108,2655,397044.47745219,4435681.30149272,40.06510325,-88.20726917,2161.70162352,2656.29714082,2162,2656,397046.41030576,4435681.26347843,40.06510314,-88.20724650,2160.48613059,2724.44451848,2160,2724,397046.36665311,4435678.81616578,40.06508109,-88.20724662,2106.66648608,2723.38598012,2107,2723,397044.43379955,4435678.85418007,40.06508120,-88.20726929,2134.18405480,2689.84156047,397045.42205265,4435680.05882925,40.06509217,-88.20725790,4.73193359,"POLYGON((2107.882 2655.239, 2161.702 2656.297, 2160.486 2724.445, 2106.666 2723.386, 2107.882 2655.239))","POLYGON((397044.477 4435681.301, 397046.410 4435681.263, 397046.367 4435678.816, 397044.434 4435678.854, 397044.477 4435681.301))"
B9_R3_C0,B9,9,3,0,LG3216,20,5,9.50000000,200.00000000,16.34000000,208.00000000,1894.20145083,2565.82177451,1894,2566,397036.80342955,4435684.51263514,40.06513124,-88.20735965,1948.02109534,2566.88031287,1948,2567,397038.73628312,4435684.47462084,40.06513113,-88.20733698,1946.80560241,2635.02769053,1947,2635,397038.69263047,4435682.02730819,40.06510908,-88.20733710,1892.98595791,2633.96915217,1893,2634,397036.75977691,4435682.06532248,40.06510919,-88.20735977,1920.50352662,2600.42473252,397037.74803001,4435683.26997166,40.06512016,-88.20734837,4.73144531,"POLYGON((1894.201 2565.822, 1948.021 2566.880, 1946.806 2635.028, 1892.986 2633.969, 1894.201 2565.822))","POLYGON((397036.803 4435684.513, 397038.736 4435684.475, 397038.693 4435682.027, 397036.760 4435682.065, 397036.803 4435684.513))"
B9_R3_C1,B9,9,3,1,LD17-10473F,19,5,16.34000000,200.00000000,23.18000000,208.00000000,1948.02109534,2566.88031287,1948,2567,397038.73628312,4435684.47462084,40.06513113,-88.20733698,2001.84073985,2567.93885123,2002,2568,397040.66913668,4435684.43660655,40.06513102,-88.20731431,2000.62524692,2636.08622889,2001,2636,397040.62548403,4435681.98929389,40.06510897,-88.20731444,1946.80560241,2635.02769053,1947,2635,397038.69263047,4435682.02730819,40.06510908,-88.20733710,1974.32317113,2601.48327088,397039.68088358,4435683.23195737,40.06512005,-88.20732571,4.73242188,"POLYGON((1948.021 2566.880, 2001.841 2567.939, 2000.625 2636.086, 1946.806 2635.028, 1948.021 2566.880))","POLYGON((397038.736 4435684.475, 397040.669 4435684.437, 397040.625 4435681.989, 397038.693 4435682.027, 397038.736 4435684.475))"
B9_R3_C2,B9,9,3,2,LG3216,18,5,23.17000000,200.00000000,30.01000000,208.00000000,2001.76205616,2567.93730366,2002,2568,397040.66631087,4435684.43666213,40.06513102,-88.20731435,2055.58170066,2568.99584202,2056,2569,397042.59916443,4435684.39864783,40.06513092,-88.20729168,2054.36620774,2637.14321968,2054,2637,397042.55551179,4435681.95133518,40.06510887,-88.20729180,2000.54656323,2636.08468132,2001,2636,397040.62265823,4435681.98934947,40.06510897,-88.20731447,2028.06413195,2602.54026167,397041.61091133,4435683.19399865,40.06511995,-88.20730308,4.73242188,"POLYGON((2001.762 2567.937, 2055.582 2568.996, 2054.366 2637.143, 2000.547 2636.085, 2001.762 2567.937))","POLYGON((397040.666 4435684.437, 397042.599 4435684.399, 397042.556 4435681.951, 397040.623 4435681.989, 397040.666 4435684.437))"
B9_R3_C3,B9,9,3,3,LD19-10076,17,5,30.01000000,200.00000000,36.85000000,208.00000000,2055.58170066,2568.99584202,2056,2569,397042.59916443,4435684.39864783,40.06513092,-88.20729168,2109.40134517,2570.05438038,2109,2570,397044.53201800,4435684.36063354,40.06513081,-88.20726902,2108.18585224,2638.20175804,2108,2638,397044.48836535,4435681.91332089,40.06510876,-88.20726914,2054.36620774,2637.14321968,2054,2637,397042.55551179,4435681.95133518,40.06510887,-88.20729180,2081.88377645,2603.59880003,397043.54376489,4435683.15598436,40.06511984,-88.20728041,4.73193359,"POLYGON((2055.582 2568.996, 2109.401 2570.054, 2108.186 2638.202, 2054.366 2637.143, 2055.582 2568.996))","POLYGON((397042.599 4435684.399, 397044.532 4435684.361, 397044.488 4435681.913, 397042.556 4435681.951, 397042.599 4435684.399))"
B9_R3_C4,B9,9,3,4,LG3216,16,5,36.85000000,200.00000000,43.69000000,208.00000000,2109.40134517,2570.05438038,2109,2570,397044.53201800,4435684.36063354,40.06513081,-88.20726902,2163.22098968,2571.11291874,2163,2571,397046.46487156,4435684.32261925,40.06513070,-88.20724635,2162.00549675,2639.26029640,2162,2639,397046.42121892,4435681.87530660,40.06510865,-88.20724647,2108.18585224,2638.20175804,2108,2638,397044.48836535,4435681.91332089,40.06510876,-88.20726914,2135.70342096,2604.65733839,397045.47661846,4435683.11797007,40.06511973,-88.20725774,4.73242188,"POLYGON((2109.401 2570.054, 2163.221 2571.113, 2162.005 2639.260, 2108.186 2638.202, 2109.401 2570.054))","POLYGON((397044.532 4435684.361, 397046.465 4435684.323, 397046.421 4435681.875, 397044.488 4435681.913, 397044.532 4435684.361))"
B9_R4_C0,B9,9,4,0,LD11-2170,20,4,9.50000000,210.00000000,16.34000000,218.00000000,1895.72081699,2480.63755243,1896,2481,397036.85799536,4435687.57177595,40.06515880,-88.20735949,1949.54046150,2481.69609079,1950,2482,397038.79084892,4435687.53376166,40.06515869,-88.20733683,1948.32496857,2549.84346845,1948,2550,397038.74719628,4435685.08644901,40.06513664,-88.20733695,1894.50532407,2548.78493009,1895,2549,397036.81434271,4435685.12446330,40.06513675,-88.20735962,1922.02289278,2515.24051044,397037.80259582,4435686.32911248,40.06514772,-88.20734822,4.73193359,"POLYGON((1895.721 2480.638, 1949.540 2481.696, 1948.325 2549.843, 1894.505 2548.785, 1895.721 2480.638))","POLYGON((397036.858 4435687.572, 397038.791 4435687.534, 397038.747 4435685.086, 397036.814 4435685.124, 397036.858 4435687.572))"
B9_R4_C1,B9,9,4,1,LG3216,19,4,16.34000000,210.00000000,23.18000000,218.00000000,1949.54046150,2481.69609079,1950,2482,397038.79084892,4435687.53376166,40.06515869,-88.20733683,2003.36010601,2482.75462915,2003,2483,397040.72370249,4435687.49574737,40.06515859,-88.20731416,2002.14461308,2550.90200681,2002,2551,397040.68004984,4435685.04843471,40.06513654,-88.20731428,1948.32496857,2549.84346845,1948,2550,397038.74719628,4435685.08644901,40.06513664,-88.20733695,1975.84253729,2516.29904880,397039.73544938,4435686.29109819,40.06514761,-88.20732556,4.73193359,"POLYGON((1949.540 2481.696, 2003.360 2482.755, 2002.145 2550.902, 1948.325 2549.843, 1949.540 2481.696))","POLYGON((397038.791 4435687.534, 397040.724 4435687.496, 397040.680 4435685.048, 397038.747 4435685.086, 397038.791 4435687.534))"
B9_R4_C2,B9,9,4,2,LD21-7234,18,4,23.17000000,210.00000000,30.01000000,218.00000000,2003.28142232,2482.75308158,2003,2483,397040.72087668,4435687.49580295,40.06515859,-88.20731419,2057.10106682,2483.81161994,2057,2484,397042.65373024,4435687.45778865,40.06515848,-88.20729153,2055.88557390,2551.95899760,2056,2552,397042.61007760,4435685.01047600,40.06513643,-88.20729165,2002.06592939,2550.90045924,2002,2551,397040.67722403,4435685.04849029,40.06513654,-88.20731432,2029.58349811,2517.35603959,397041.66547714,4435686.25313947,40.06514751,-88.20730292,4.73242188,"POLYGON((2003.281 2482.753, 2057.101 2483.812, 2055.886 2551.959, 2002.066 2550.900, 2003.281 2482.753))","POLYGON((397040.721 4435687.496, 397042.654 4435687.458, 397042.610 4435685.010, 397040.677 4435685.048, 397040.721 4435687.496))"
B9_R4_C3,B9,9,4,3,LG3216,17,4,30.01000000,210.00000000,36.85000000,218.00000000,2057.10106682,2483.81161994,2057,2484,397042.65373024,4435687.45778865,40.06515848,-88.20729153,2110.92071133,2484.87015830,2111,2485,397044.58658380,4435687.41977436,40.06515837,-88.20726886,2109.70521840,2553.01753596,2110,2553,397044.54293116,4435684.97246171,40.06513632,-88.20726898,2055.88557390,2551.95899760,2056,2552,397042.61007760,4435685.01047600,40.06513643,-88.20729165,2083.40314261,2518.41457795,397043.59833070,4435686.21512518,40.06514740,-88.20728026,4.73193359,"POLYGON((2057.101 2483.812, 2110.921 2484.870, 2109.705 2553.018, 2055.886 2551.959, 2057.101 2483.812))","POLYGON((397042.654 4435687.458, 397044.587 4435687.420, 397044.543 4435684.972, 397042.610 4435685.010, 397042.654 4435687.458))"
B9_R4_C4,B9,9,4,4,LD21-5253,16,4,36.85000000,210.00000000,43.69000000,218.00000000,2110.92071133,2484.87015830,2111,2485,397044.58658380,4435687.41977436,40.06515837,-88.20726886,2164.74035584,2485.92869666,2165,2486,397046.51943737,4435687.38176007,40.06515827,-88.20724620,2163.52486291,2554.07607432,2164,2554,397046.47578472,4435684.93444741,40.06513622,-88.20724632,2109.70521840,2553.01753596,2110,2553,397044.54293116,4435684.97246171,40.06513632,-88.20726898,2137.22278712,2519.47311631,397045.53118426,4435686.17711089,40.06514730,-88.20725759,4.73193359,"POLYGON((2110.921 2484.870, 2164.740 2485.929, 2163.525 2554.076, 2109.705 2553.018, 2110.921 2484.870))","POLYGON((397044.587 4435687.420, 397046.519 4435687.382, 397046.476 4435684.934, 397044.543 4435684.972, 397044.587 4435687.420))"
B9_R5_C0,B9,9,5,0,LG3216,20,3,9.50000000,220.00000000,16.34000000,228.00000000,1897.24018315,2395.45333036,1897,2395,397036.91256116,4435690.63091677,40.06518636,-88.20735934,1951.05982766,2396.51186871,1951,2397,397038.84541473,4435690.59290248,40.06518625,-88.20733667,1949.84433473,2464.65924638,1950,2465,397038.80176208,4435688.14558983,40.06516420,-88.20733680,1896.02469023,2463.60070802,1896,2464,397036.86890852,4435688.18360412,40.06516431,-88.20735946,1923.54225894,2430.05628837,397037.85716162,4435689.38825330,40.06517528,-88.20734807,4.73144531,"POLYGON((1897.240 2395.453, 1951.060 2396.512, 1949.844 2464.659, 1896.025 2463.601, 1897.240 2395.453))","POLYGON((397036.913 4435690.631, 397038.845 4435690.593, 397038.802 4435688.146, 397036.869 4435688.184, 397036.913 4435690.631))"
B9_R5_C1,B9,9,5,1,LD07-3395bf,19,3,16.34000000,220.00000000,23.18000000,228.00000000,1951.05982766,2396.51186871,1951,2397,397038.84541473,4435690.59290248,40.06518625,-88.20733667,2004.87947217,2397.57040707,2005,2398,397040.77826829,4435690.55488819,40.06518615,-88.20731401,2003.66397924,2465.71778474,2004,2466,397040.73461565,4435688.10757553,40.06516410,-88.20731413,1949.84433473,2464.65924638,1950,2465,397038.80176208,4435688.14558983,40.06516420,-88.20733680,1977.36190345,2431.11482673,397039.79001519,4435689.35023901,40.06517518,-88.20732540,4.73144531,"POLYGON((1951.060 2396.512, 2004.879 2397.570, 2003.664 2465.718, 1949.844 2464.659, 1951.060 2396.512))","POLYGON((397038.845 4435690.593, 397040.778 4435690.555, 397040.735 4435688.108, 397038.802 4435688.146, 397038.845 4435690.593))"
B9_R5_C2,B9,9,5,2,LG3216,18,3,23.17000000,220.00000000,30.01000000,228.00000000,2004.80078848,2397.56885950,2005,2398,397040.77544248,4435690.55494377,40.06518615,-88.20731404,2058.62043298,2398.62739786,2059,2399,397042.70829605,4435690.51692947,40.06518604,-88.20729137,2057.40494006,2466.77477553,2057,2467,397042.66464340,4435688.06961682,40.06516399,-88.20729150,2003.58529555,2465.71623717,2004,2466,397040.73178984,4435688.10763111,40.06516410,-88.20731416,2031.10286427,2432.17181752,397041.72004294,4435689.31228029,40.06517507,-88.20730277,4.73242188,"POLYGON((2004.801 2397.569, 2058.620 2398.627, 2057.405 2466.775, 2003.585 2465.716, 2004.801 2397.569))","POLYGON((397040.775 4435690.555, 397042.708 4435690.517, 397042.665 4435688.070, 397040.732 4435688.108, 397040.775 4435690.555))"
B9_R5_C3,B9,9,5,3,LD20-5738,17,3,30.01000000,220.00000000,36.85000000,228.00000000,2058.62043298,2398.62739786,2059,2399,397042.70829605,4435690.51692947,40.06518604,-88.20729137,2112.44007749,2399.68593622,2112,2400,397044.64114961,4435690.47891518,40.06518594,-88.20726871,2111.22458456,2467.83331389,2111,2468,397044.59749697,4435688.03160253,40.06516389,-88.20726883,2057.40494006,2466.77477553,2057,2467,397042.66464340,4435688.06961682,40.06516399,-88.20729150,2084.92250877,2433.23035587,397043.65289651,4435689.27426600,40.06517496,-88.20728010,4.73193359,"POLYGON((2058.620 2398.627, 2112.440 2399.686, 2111.225 2467.833, 2057.405 2466.775, 2058.620 2398.627))","POLYGON((397042.708 4435690.517, 397044.641 4435690.479, 397044.597 4435688.032, 397042.665 4435688.070, 397042.708 4435690.517))"
B9_R5_C4,B9,9,5,4,LG3216,16,3,36.85000000,220.00000000,43.69000000,228.00000000,2112.44007749,2399.68593622,2112,2400,397044.64114961,4435690.47891518,40.06518594,-88.20726871,2166.25972200,2400.74447458,2166,2401,397046.57400317,4435690.44090089,40.06518583,-88.20724604,2165.04422907,2468.89185225,2165,2469,397046.53035053,4435687.99358823,40.06516378,-88.20724617,2111.22458456,2467.83331389,2111,2468,397044.59749697,4435688.03160253,40.06516389,-88.20726883,2138.74215328,2434.28889423,397045.58575007,4435689.23625171,40.06517486,-88.20725744,4.73193359,"POLYGON((2112.440 2399.686, 2166.260 2400.744, 2165.044 2468.892, 2111.225 2467.833, 2112.440 2399.686))","POLYGON((397044.641 4435690.479, 397046.574 4435690.441, 397046.530 4435687.994, 397044.597 4435688.032, 397044.641 4435690.479))"
B9_R6_C0,B9,9,6,0,LD20-4471,20,2,9.50000000,230.00000000,16.34000000,238.00000000,1898.75954931,2310.26910828,1899,2310,397036.96712697,4435693.69005759,40.06521392,-88.20735919,1952.57919382,2311.32764664,1953,2311,397038.89998053,4435693.65204330,40.06521382,-88.20733652,1951.36370089,2379.47502430,1951,2379,397038.85632789,4435691.20473064,40.06519177,-88.20733664,1897.54405638,2378.41648594,1898,2378,397036.92347433,4435691.24274494,40.06519187,-88.20735931,1925.06162510,2344.87206629,397037.91172743,4435692.44739412,40.06520285,-88.20734792,4.73242188,"POLYGON((1898.760 2310.269, 1952.579 2311.328, 1951.364 2379.475, 1897.544 2378.416, 1898.760 2310.269))","POLYGON((397036.967 4435693.690, 397038.900 4435693.652, 397038.856 4435691.205, 397036.923 4435691.243, 397036.967 4435693.690))"
B9_R6_C1,B9,9,6,1,LG3216,19,2,16.34000000,230.00000000,23.18000000,238.00000000,1952.57919382,2311.32764664,1953,2311,397038.89998053,4435693.65204330,40.06521382,-88.20733652,2006.39883833,2312.38618500,2006,2312,397040.83283410,4435693.61402901,40.06521371,-88.20731385,2005.18334540,2380.53356266,2005,2381,397040.78918145,4435691.16671635,40.06519166,-88.20731398,1951.36370089,2379.47502430,1951,2379,397038.85632789,4435691.20473064,40.06519177,-88.20733664,1978.88126961,2345.93060465,397039.84458099,4435692.40937983,40.06520274,-88.20732525,4.73193359,"POLYGON((1952.579 2311.328, 2006.399 2312.386, 2005.183 2380.534, 1951.364 2379.475, 1952.579 2311.328))","POLYGON((397038.900 4435693.652, 397040.833 4435693.614, 397040.789 4435691.167, 397038.856 4435691.205, 397038.900 4435693.652))"
B9_R6_C2,B9,9,6,2,LD19-10244,18,2,23.17000000,230.00000000,30.01000000,238.00000000,2006.32015463,2312.38463743,2006,2312,397040.83000829,4435693.61408458,40.06521371,-88.20731389,2060.13979914,2313.44317579,2060,2313,397042.76286185,4435693.57607029,40.06521360,-88.20729122,2058.92430621,2381.59055345,2059,2382,397042.71920921,4435691.12875764,40.06519155,-88.20729134,2005.10466171,2380.53201509,2005,2381,397040.78635564,4435691.16677193,40.06519166,-88.20731401,2032.62223042,2346.98759544,397041.77460875,4435692.37142111,40.06520263,-88.20730262,4.73193359,"POLYGON((2006.320 2312.385, 2060.140 2313.443, 2058.924 2381.591, 2005.105 2380.532, 2006.320 2312.385))","POLYGON((397040.830 4435693.614, 397042.763 4435693.576, 397042.719 4435691.129, 397040.786 4435691.167, 397040.830 4435693.614))"
B9_R6_C3,B9,9,6,3,LG3216,17,2,30.01000000,230.00000000,36.85000000,238.00000000,2060.13979914,2313.44317579,2060,2313,397042.76286185,4435693.57607029,40.06521360,-88.20729122,2113.95944365,2314.50171415,2114,2315,397044.69571542,4435693.53805600,40.06521350,-88.20726856,2112.74395072,2382.64909181,2113,2383,397044.65206277,4435691.09074335,40.06519145,-88.20726868,2058.92430621,2381.59055345,2059,2382,397042.71920921,4435691.12875764,40.06519155,-88.20729134,2086.44187493,2348.04613380,397043.70746231,4435692.33340682,40.06520253,-88.20727995,4.73144531,"POLYGON((2060.140 2313.443, 2113.959 2314.502, 2112.744 2382.649, 2058.924 2381.591, 2060.140 2313.443))","POLYGON((397042.763 4435693.576, 397044.696 4435693.538, 397044.652 4435691.091, 397042.719 4435691.129, 397042.763 4435693.576))"
B9_R6_C4,B9,9,6,4,LD17-10473L,16,2,36.85000000,230.00000000,43.69000000,238.00000000,2113.95944365,2314.50171415,2114,2315,397044.69571542,4435693.53805600,40.06521350,-88.20726856,2167.77908816,2315.56025251,2168,2316,397046.62856898,4435693.50004171,40.06521339,-88.20724589,2166.56359523,2383.70763017,2167,2384,397046.58491634,4435691.05272905,40.06519134,-88.20724601,2112.74395072,2382.64909181,2113,2383,397044.65206277,4435691.09074335,40.06519145,-88.20726868,2140.26151944,2349.10467216,397045.64031588,4435692.29539253,40.06520242,-88.20725728,4.73144531,"POLYGON((2113.959 2314.502, 2167.779 2315.560, 2166.564 2383.708, 2112.744 2382.649, 2113.959 2314.502))","POLYGON((397044.696 4435693.538, 397046.629 4435693.500, 397046.585 4435691.053, 397044.652 4435691.091, 397044.696 4435693.538))"
B9_R7_C0,B9,9,7,0,LG3216,20,1,9.50000000,240.00000000,16.34000000,248.00000000,1900.27891547,2225.08488620,1900,2225,397037.02169278,4435696.74919841,40.06524149,-88.20735903,1954.09855998,2226.14342456,1954,2226,397038.95454634,4435696.71118412,40.06524138,-88.20733637,1952.88306705,2294.29080222,1953,2294,397038.91089370,4435694.26387146,40.06521933,-88.20733649,1899.06342254,2293.23226386,1899,2293,397036.97804013,4435694.30188576,40.06521944,-88.20735916,1926.58099126,2259.68784421,397037.96629324,4435695.50653494,40.06523041,-88.20734776,4.73193359,"POLYGON((1900.279 2225.085, 1954.099 2226.143, 1952.883 2294.291, 1899.063 2293.232, 1900.279 2225.085))","POLYGON((397037.022 4435696.749, 397038.955 4435696.711, 397038.911 4435694.264, 397036.978 4435694.302, 397037.022 4435696.749))"
B9_R7_C1,B9,9,7,1,LD20-4988,19,1,16.34000000,240.00000000,23.18000000,248.00000000,1954.09855998,2226.14342456,1954,2226,397038.95454634,4435696.71118412,40.06524138,-88.20733637,2007.91820449,2227.20196292,2008,2227,397040.88739990,4435696.67316983,40.06524127,-88.20731370,2006.70271156,2295.34934058,2007,2295,397040.84374726,4435694.22585717,40.06521922,-88.20731382,1952.88306705,2294.29080222,1953,2294,397038.91089370,4435694.26387146,40.06521933,-88.20733649,1980.40063577,2260.74638257,397039.89914680,4435695.46852065,40.06523030,-88.20732510,4.73193359,"POLYGON((1954.099 2226.143, 2007.918 2227.202, 2006.703 2295.349, 1952.883 2294.291, 1954.099 2226.143))","POLYGON((397038.955 4435696.711, 397040.887 4435696.673, 397040.844 4435694.226, 397038.911 4435694.264, 397038.955 4435696.711))"
B9_R7_C2,B9,9,7,2,LG3216,18,1,23.17000000,240.00000000,30.01000000,248.00000000,2007.83952079,2227.20041535,2008,2227,397040.88457410,4435696.67322540,40.06524127,-88.20731373,2061.65916530,2228.25895371,2062,2228,397042.81742766,4435696.63521111,40.06524117,-88.20729107,2060.44367237,2296.40633137,2060,2296,397042.77377501,4435694.18789846,40.06521912,-88.20729119,2006.62402787,2295.34779301,2007,2295,397040.84092145,4435694.22591275,40.06521922,-88.20731386,2034.14159658,2261.80337336,397041.82917455,4435695.43056193,40.06523020,-88.20730246,4.73242188,"POLYGON((2007.840 2227.200, 2061.659 2228.259, 2060.444 2296.406, 2006.624 2295.348, 2007.840 2227.200))","POLYGON((397040.885 4435696.673, 397042.817 4435696.635, 397042.774 4435694.188, 397040.841 4435694.226, 397040.885 4435696.673))"
B9_R7_C3,B9,9,7,3,LD21-5665,17,1,30.01000000,240.00000000,36.85000000,248.00000000,2061.65916530,2228.25895371,2062,2228,397042.81742766,4435696.63521111,40.06524117,-88.20729107,2115.47880981,2229.31749207,2115,2229,397044.75028122,4435696.59719682,40.06524106,-88.20726840,2114.26331688,2297.46486973,2114,2297,397044.70662858,4435694.14988416,40.06521901,-88.20726852,2060.44367237,2296.40633137,2060,2296,397042.77377501,4435694.18789846,40.06521912,-88.20729119,2087.96124109,2262.86191172,397043.76202812,4435695.39254764,40.06523009,-88.20727980,4.73193359,"POLYGON((2061.659 2228.259, 2115.479 2229.317, 2114.263 2297.465, 2060.444 2296.406, 2061.659 2228.259))","POLYGON((397042.817 4435696.635, 397044.750 4435696.597, 397044.707 4435694.150, 397042.774 4435694.188, 397042.817 4435696.635))"
B9_R7_C4,B9,9,7,4,LG3216,16,1,36.85000000,240.00000000,43.69000000,248.00000000,2115.47880981,2229.31749207,2115,2229,397044.75028122,4435696.59719682,40.06524106,-88.20726840,2169.29845432,2230.37603043,2169,2230,397046.68313479,4435696.55918253,40.06524095,-88.20724574,2168.08296139,2298.52340809,2168,2299,397046.63948214,4435694.11186987,40.06521890,-88.20724586,2114.26331688,2297.46486973,2114,2297,397044.70662858,4435694.14988416,40.06521901,-88.20726852,2141.78088560,2263.92045008,397045.69488168,4435695.35453335,40.06522998,-88.20725713,4.73144531,"POLYGON((2115.479 2229.317, 2169.298 2230.376, 2168.083 2298.523, 2114.263 2297.465, 2115.479 2229.317))","POLYGON((397044.750 4435696.597, 397046.683 4435696.559, 397046.639 4435694.112, 397044.707 4435694.150, 397044.750 4435696.597))"
B10_R0_C0,B10,10,0,0,AG36XF4,15,8,44.94000000,170.00000000,51.78000000,178.00000000,2168.49835255,2826.85903131,2168,2827,397046.65440031,4435675.13824974,40.06504800,-88.20724267,2222.31799706,2827.91756967,2222,2828,397048.58725387,4435675.10023544,40.06504789,-88.20722000,2221.10250413,2896.06494733,2221,2896,397048.54360122,4435672.65292279,40.06502584,-88.20722012,2167.28285962,2895.00640897,2167,2895,397046.61074766,4435672.69093708,40.06502595,-88.20724279,2194.80042834,2861.46198932,397047.59900076,4435673.89558626,40.06503692,-88.20723139,4.73242188,"POLYGON((2168.498 2826.859, 2222.318 2827.918, 2221.103 2896.065, 2167.283 2895.006, 2168.498 2826.859))","POLYGON((397046.654 4435675.138, 397048.587 4435675.100, 397048.544 4435672.653, 397046.611 4435672.691, 397046.654 4435675.138))"
B10_R0_C1,B10,10,0,1,LD21-7234,14,8,51.77000000,170.00000000,58.61000000,178.00000000,2222.23931337,2827.91602210,2222,2828,397048.58442806,4435675.10029102,40.06504789,-88.20722003,2276.05895787,2828.97456046,2276,2829,397050.51728162,4435675.06227673,40.06504779,-88.20719737,2274.84346495,2897.12193812,2275,2897,397050.47362898,4435672.61496407,40.06502574,-88.20719749,2221.02382044,2896.06339976,2221,2896,397048.54077541,4435672.65297836,40.06502584,-88.20722016,2248.54138916,2862.51898011,397049.52902852,4435673.85762755,40.06503681,-88.20720876,4.73242188,"POLYGON((2222.239 2827.916, 2276.059 2828.975, 2274.843 2897.122, 2221.024 2896.063, 2222.239 2827.916))","POLYGON((397048.584 4435675.100, 397050.517 4435675.062, 397050.474 4435672.615, 397048.541 4435672.653, 397048.584 4435675.100))"
B10_R0_C2,B10,10,0,2,AG38XF6,13,8,58.61000000,170.00000000,65.45000000,178.00000000,2276.05895787,2828.97456046,2276,2829,397050.51728162,4435675.06227673,40.06504779,-88.20719737,2329.87860238,2830.03309882,2330,2830,397052.45013519,4435675.02426244,40.06504768,-88.20717470,2328.66310945,2898.18047648,2329,2898,397052.40648254,4435672.57694978,40.06502563,-88.20717482,2274.84346495,2897.12193812,2275,2897,397050.47362898,4435672.61496407,40.06502574,-88.20719749,2302.36103366,2863.57751847,397051.46188208,4435673.81961325,40.06503671,-88.20718610,4.73193359,"POLYGON((2276.059 2828.975, 2329.879 2830.033, 2328.663 2898.180, 2274.843 2897.122, 2276.059 2828.975))","POLYGON((397050.517 4435675.062, 397052.450 4435675.024, 397052.406 4435672.577, 397050.474 4435672.615, 397050.517 4435675.062))"
B10_R0_C3,B10,10,0,3,LD21-5944,12,8,65.45000000,170.00000000,72.29000000,178.00000000,2329.87860238,2830.03309882,2330,2830,397052.45013519,4435675.02426244,40.06504768,-88.20717470,2383.69824689,2831.09163718,2384,2831,397054.38298875,4435674.98624814,40.06504757,-88.20715203,2382.48275396,2899.23901484,2382,2899,397054.33933611,4435672.53893549,40.06502552,-88.20715216,2328.66310945,2898.18047648,2329,2898,397052.40648254,4435672.57694978,40.06502563,-88.20717482,2356.18067817,2864.63605683,397053.39473565,4435673.78159896,40.06503660,-88.20716343,4.73193359,"POLYGON((2329.879 2830.033, 2383.698 2831.092, 2382.483 2899.239, 2328.663 2898.180, 2329.879 2830.033))","POLYGON((397052.450 4435675.024, 397054.383 4435674.986, 397054.339 4435672.539, 397052.406 4435672.577, 397052.450 4435675.024))"
B10_R0_C4,B10,10,0,4,AG35XF5,11,8,72.29000000,170.00000000,79.13000000,178.00000000,2383.69824689,2831.09163718,2384,2831,397054.38298875,4435674.98624814,40.06504757,-88.20715203,2437.51789139,2832.15017554,2438,2832,397056.31584231,4435674.94823385,40.06504747,-88.20712937,2436.30239847,2900.29755320,2436,2900,397056.27218967,4435672.50092120,40.06502542,-88.20712949,2382.48275396,2899.23901484,2382,2899,397054.33933611,4435672.53893549,40.06502552,-88.20715216,2410.00032268,2865.69459519,397055.32758921,4435673.74358467,40.06503649,-88.20714076,4.73193359,"POLYGON((2383.698 2831.092, 2437.518 2832.150, 2436.302 2900.298, 2382.483 2899.239, 2383.698 2831.092))","POLYGON((397054.383 4435674.986, 397056.316 4435674.948, 397056.272 4435672.501, 397054.339 4435672.539, 397054.383 4435674.986))"
B10_R1_C0,B10,10,1,0,LD21-3090,15,7,44.94000000,180.00000000,51.78000000,188.00000000,2170.01771871,2741.67480923,2170,2742,397046.70896611,4435678.19739056,40.06507556,-88.20724251,2223.83736322,2742.73334759,2224,2743,397048.64181968,4435678.15937626,40.06507545,-88.20721985,2222.62187029,2810.88072525,2223,2811,397048.59816703,4435675.71206361,40.06505340,-88.20721997,2168.80222578,2809.82218689,2169,2810,397046.66531347,4435675.75007790,40.06505351,-88.20724264,2196.31979450,2776.27776724,397047.65356657,4435676.95472708,40.06506448,-88.20723124,4.73193359,"POLYGON((2170.018 2741.675, 2223.837 2742.733, 2222.622 2810.881, 2168.802 2809.822, 2170.018 2741.675))","POLYGON((397046.709 4435678.197, 397048.642 4435678.159, 397048.598 4435675.712, 397046.665 4435675.750, 397046.709 4435678.197))"
B10_R1_C1,B10,10,1,1,AG34XF6,14,7,51.77000000,180.00000000,58.61000000,188.00000000,2223.75867953,2742.73180002,2224,2743,397048.63899387,4435678.15943184,40.06507545,-88.20721988,2277.57832403,2743.79033838,2278,2744,397050.57184743,4435678.12141755,40.06507535,-88.20719721,2276.36283110,2811.93771604,2276,2812,397050.52819478,4435675.67410489,40.06505330,-88.20719734,2222.54318660,2810.87917768,2223,2811,397048.59534122,4435675.71211918,40.06505340,-88.20722000,2250.06075531,2777.33475803,397049.58359433,4435676.91676837,40.06506438,-88.20720861,4.73193359,"POLYGON((2223.759 2742.732, 2277.578 2743.790, 2276.363 2811.938, 2222.543 2810.879, 2223.759 2742.732))","POLYGON((397048.639 4435678.159, 397050.572 4435678.121, 397050.528 4435675.674, 397048.595 4435675.712, 397048.639 4435678.159))"
B10_R1_C2,B10,10,1,2,LD20-11748,13,7,58.61000000,180.00000000,65.45000000,188.00000000,2277.57832403,2743.79033838,2278,2744,397050.57184743,4435678.12141755,40.06507535,-88.20719721,2331.39796854,2744.84887674,2331,2745,397052.50470099,4435678.08340325,40.06507524,-88.20717455,2330.18247561,2812.99625440,2330,2813,397052.46104835,4435675.63609060,40.06505319,-88.20717467,2276.36283110,2811.93771604,2276,2812,397050.52819478,4435675.67410489,40.06505330,-88.20719734,2303.88039982,2778.39329639,397051.51644789,4435676.87875407,40.06506427,-88.20718594,4.73144531,"POLYGON((2277.578 2743.790, 2331.398 2744.849, 2330.182 2812.996, 2276.363 2811.938, 2277.578 2743.790))","POLYGON((397050.572 4435678.121, 397052.505 4435678.083, 397052.461 4435675.636, 397050.528 4435675.674, 397050.572 4435678.121))"
B10_R1_C3,B10,10,1,3,AG40XFF5,12,7,65.45000000,180.00000000,72.29000000,188.00000000,2331.39796854,2744.84887674,2331,2745,397052.50470099,4435678.08340325,40.06507524,-88.20717455,2385.21761305,2745.90741510,2385,2746,397054.43755456,4435678.04538896,40.06507514,-88.20715188,2384.00212012,2814.05479276,2384,2814,397054.39390191,4435675.59807631,40.06505309,-88.20715200,2330.18247561,2812.99625440,2330,2813,397052.46104835,4435675.63609060,40.06505319,-88.20717467,2357.70004433,2779.45183475,397053.44930145,4435676.84073978,40.06506416,-88.20716328,4.73193359,"POLYGON((2331.398 2744.849, 2385.218 2745.907, 2384.002 2814.055, 2330.182 2812.996, 2331.398 2744.849))","POLYGON((397052.505 4435678.083, 397054.438 4435678.045, 397054.394 4435675.598, 397052.461 4435675.636, 397052.505 4435678.083))"
B10_R1_C4,B10,10,1,4,LD21-5665,11,7,72.29000000,180.00000000,79.13000000,188.00000000,2385.21761305,2745.90741510,2385,2746,397054.43755456,4435678.04538896,40.06507514,-88.20715188,2439.03725755,2746.96595346,2439,2747,397056.37040812,4435678.00737467,40.06507503,-88.20712922,2437.82176463,2815.11333112,2438,2815,397056.32675548,4435675.56006202,40.06505298,-88.20712934,2384.00212012,2814.05479276,2384,2814,397054.39390191,4435675.59807631,40.06505309,-88.20715200,2411.51968884,2780.51037311,397055.38215502,4435676.80272549,40.06506406,-88.20714061,4.73144531,"POLYGON((2385.218 2745.907, 2439.037 2746.966, 2437.822 2815.113, 2384.002 2814.055, 2385.218 2745.907))","POLYGON((397054.438 4435678.045, 397056.370 4435678.007, 397056.327 4435675.560, 397054.394 4435675.598, 397054.438 4435678.045))"
B10_R2_C0,B10,10,2,0,AG38XF6,15,6,44.94000000,190.00000000,51.78000000,198.00000000,2171.53708487,2656.49058715,2172,2656,397046.76353192,4435681.25653137,40.06510312,-88.20724236,2225.35672938,2657.54912551,2225,2658,397048.69638548,4435681.21851708,40.06510302,-88.20721969,2224.14123645,2725.69650318,2224,2726,397048.65273284,4435678.77120443,40.06508097,-88.20721982,2170.32159194,2724.63796482,2170,2725,397046.71987927,4435678.80921872,40.06508107,-88.20724248,2197.83916066,2691.09354516,397047.70813238,4435680.01386790,40.06509204,-88.20723109,4.73242188,"POLYGON((2171.537 2656.491, 2225.357 2657.549, 2224.141 2725.697, 2170.322 2724.638, 2171.537 2656.491))","POLYGON((397046.764 4435681.257, 397048.696 4435681.219, 397048.653 4435678.771, 397046.720 4435678.809, 397046.764 4435681.257))"
B10_R2_C1,B10,10,2,1,LD07-3395bf,14,6,51.77000000,190.00000000,58.61000000,198.00000000,2225.27804568,2657.54757794,2225,2658,397048.69355967,4435681.21857266,40.06510302,-88.20721973,2279.09769019,2658.60611630,2279,2659,397050.62641324,4435681.18055837,40.06510291,-88.20719706,2277.88219726,2726.75349396,2278,2727,397050.58276059,4435678.73324571,40.06508086,-88.20719718,2224.06255276,2725.69495560,2224,2726,397048.64990703,4435678.77126000,40.06508097,-88.20721985,2251.58012147,2692.15053595,397049.63816013,4435679.97590918,40.06509194,-88.20720846,4.73193359,"POLYGON((2225.278 2657.548, 2279.098 2658.606, 2277.882 2726.753, 2224.063 2725.695, 2225.278 2657.548))","POLYGON((397048.694 4435681.219, 397050.626 4435681.181, 397050.583 4435678.733, 397048.650 4435678.771, 397048.694 4435681.219))"
B10_R2_C2,B10,10,2,2,AG36XF4,13,6,58.61000000,190.00000000,65.45000000,198.00000000,2279.09769019,2658.60611630,2279,2659,397050.62641324,4435681.18055837,40.06510291,-88.20719706,2332.91733470,2659.66465466,2333,2660,397052.55926680,4435681.14254407,40.06510280,-88.20717439,2331.70184177,2727.81203232,2332,2728,397052.51561415,4435678.69523142,40.06508075,-88.20717452,2277.88219726,2726.75349396,2278,2727,397050.58276059,4435678.73324571,40.06508086,-88.20719718,2305.39976598,2693.20907431,397051.57101370,4435679.93789489,40.06509183,-88.20718579,4.73144531,"POLYGON((2279.098 2658.606, 2332.917 2659.665, 2331.702 2727.812, 2277.882 2726.753, 2279.098 2658.606))","POLYGON((397050.626 4435681.181, 397052.559 4435681.143, 397052.516 4435678.695, 397050.583 4435678.733, 397050.626 4435681.181))"
B10_R2_C3,B10,10,2,3,LD21-5253,12,6,65.45000000,190.00000000,72.29000000,198.00000000,2332.91733470,2659.66465466,2333,2660,397052.55926680,4435681.14254407,40.06510280,-88.20717439,2386.73697921,2660.72319302,2387,2661,397054.49212036,4435681.10452978,40.06510270,-88.20715173,2385.52148628,2728.87057068,2386,2729,397054.44846772,4435678.65721713,40.06508065,-88.20715185,2331.70184177,2727.81203232,2332,2728,397052.51561415,4435678.69523142,40.06508075,-88.20717452,2359.21941049,2694.26761267,397053.50386726,4435679.89988060,40.06509173,-88.20716312,4.73193359,"POLYGON((2332.917 2659.665, 2386.737 2660.723, 2385.521 2728.871, 2331.702 2727.812, 2332.917 2659.665))","POLYGON((397052.559 4435681.143, 397054.492 4435681.105, 397054.448 4435678.657, 397052.516 4435678.695, 397052.559 4435681.143))"
B10_R2_C4,B10,10,2,4,AG34XF6,11,6,72.29000000,190.00000000,79.13000000,198.00000000,2386.73697921,2660.72319302,2387,2661,397054.49212036,4435681.10452978,40.06510270,-88.20715173,2440.55662371,2661.78173138,2441,2662,397056.42497393,4435681.06651549,40.06510259,-88.20712906,2439.34113078,2729.92910904,2439,2730,397056.38132128,4435678.61920283,40.06508054,-88.20712918,2385.52148628,2728.87057068,2386,2729,397054.44846772,4435678.65721713,40.06508065,-88.20715185,2413.03905500,2695.32615103,397055.43672082,4435679.86186631,40.06509162,-88.20714046,4.73193359,"POLYGON((2386.737 2660.723, 2440.557 2661.782, 2439.341 2729.929, 2385.521 2728.871, 2386.737 2660.723))","POLYGON((397054.492 4435681.105, 397056.425 4435681.067, 397056.381 4435678.619, 397054.448 4435678.657, 397054.492 4435681.105))"
B10_R3_C0,B10,10,3,0,LD17-10473F,15,5,44.94000000,200.00000000,51.78000000,208.00000000,2173.05645103,2571.30636508,2173,2571,397046.81809772,4435684.31567219,40.06513069,-88.20724221,2226.87609553,2572.36490344,2227,2572,397048.75095129,4435684.27765790,40.06513058,-88.20721954,2225.66060261,2640.51228110,2226,2641,397048.70729864,4435681.83034525,40.06510853,-88.20721966,2171.84095810,2639.45374274,2172,2639,397046.77444508,4435681.86835954,40.06510864,-88.20724233,2199.35852682,2605.90932309,397047.76269818,4435683.07300872,40.06511961,-88.20723093,4.73144531,"POLYGON((2173.056 2571.306, 2226.876 2572.365, 2225.661 2640.512, 2171.841 2639.454, 2173.056 2571.306))","POLYGON((397046.818 4435684.316, 397048.751 4435684.278, 397048.707 4435681.830, 397046.774 4435681.868, 397046.818 4435684.316))"
B10_R3_C1,B10,10,3,1,AG40XFF5,14,5,51.77000000,200.00000000,58.61000000,208.00000000,2226.79741184,2572.36335587,2227,2572,397048.74812548,4435684.27771348,40.06513058,-88.20721957,2280.61705635,2573.42189423,2281,2573,397050.68097904,4435684.23969919,40.06513047,-88.20719691,2279.40156342,2641.56927189,2279,2642,397050.63732640,4435681.79238653,40.06510842,-88.20719703,2225.58191892,2640.51073353,2226,2641,397048.70447283,4435681.83040082,40.06510853,-88.20721970,2253.09948763,2606.96631388,397049.69272594,4435683.03505000,40.06511950,-88.20720830,4.73193359,"POLYGON((2226.797 2572.363, 2280.617 2573.422, 2279.402 2641.569, 2225.582 2640.511, 2226.797 2572.363))","POLYGON((397048.748 4435684.278, 397050.681 4435684.240, 397050.637 4435681.792, 397048.704 4435681.830, 397048.748 4435684.278))"
B10_R3_C2,B10,10,3,2,LD21-5253,13,5,58.61000000,200.00000000,65.45000000,208.00000000,2280.61705635,2573.42189423,2281,2573,397050.68097904,4435684.23969919,40.06513047,-88.20719691,2334.43670086,2574.48043259,2334,2574,397052.61383261,4435684.20168489,40.06513037,-88.20717424,2333.22120793,2642.62781025,2333,2643,397052.57017996,4435681.75437224,40.06510832,-88.20717436,2279.40156342,2641.56927189,2279,2642,397050.63732640,4435681.79238653,40.06510842,-88.20719703,2306.91913214,2608.02485224,397051.62557950,4435682.99703571,40.06511939,-88.20718564,4.73193359,"POLYGON((2280.617 2573.422, 2334.437 2574.480, 2333.221 2642.628, 2279.402 2641.569, 2280.617 2573.422))","POLYGON((397050.681 4435684.240, 397052.614 4435684.202, 397052.570 4435681.754, 397050.637 4435681.792, 397050.681 4435684.240))"
B10_R3_C3,B10,10,3,3,AG35XF5,12,5,65.45000000,200.00000000,72.29000000,208.00000000,2334.43670086,2574.48043259,2334,2574,397052.61383261,4435684.20168489,40.06513037,-88.20717424,2388.25634536,2575.53897095,2388,2576,397054.54668617,4435684.16367060,40.06513026,-88.20715158,2387.04085244,2643.68634861,2387,2644,397054.50303352,4435681.71635795,40.06510821,-88.20715170,2333.22120793,2642.62781025,2333,2643,397052.57017996,4435681.75437224,40.06510832,-88.20717436,2360.73877665,2609.08339060,397053.55843307,4435682.95902142,40.06511929,-88.20716297,4.73144531,"POLYGON((2334.437 2574.480, 2388.256 2575.539, 2387.041 2643.686, 2333.221 2642.628, 2334.437 2574.480))","POLYGON((397052.614 4435684.202, 397054.547 4435684.164, 397054.503 4435681.716, 397052.570 4435681.754, 397052.614 4435684.202))"
B10_R3_C4,B10,10,3,4,LD21-5944,11,5,72.29000000,200.00000000,79.13000000,208.00000000,2388.25634536,2575.53897095,2388,2576,397054.54668617,4435684.16367060,40.06513026,-88.20715158,2442.07598987,2576.59750931,2442,2577,397056.47953973,4435684.12565631,40.06513015,-88.20712891,2440.86049694,2644.74488697,2441,2645,397056.43588709,4435681.67834365,40.06510810,-88.20712903,2387.04085244,2643.68634861,2387,2644,397054.50303352,4435681.71635795,40.06510821,-88.20715170,2414.55842115,2610.14192896,397055.49128663,4435682.92100713,40.06511918,-88.20714030,4.73144531,"POLYGON((2388.256 2575.539, 2442.076 2576.598, 2440.860 2644.745, 2387.041 2643.686, 2388.256 2575.539))","POLYGON((397054.547 4435684.164, 397056.480 4435684.126, 397056.436 4435681.678, 397054.503 4435681.716, 397054.547 4435684.164))"
B10_R4_C0,B10,10,4,0,AG38XF6,15,4,44.94000000,210.00000000,51.78000000,218.00000000,2174.57581719,2486.12214300,2175,2486,397046.87266353,4435687.37481301,40.06515825,-88.20724205,2228.39546169,2487.18068136,2228,2487,397048.80551709,4435687.33679872,40.06515814,-88.20721939,2227.17996877,2555.32805902,2227,2555,397048.76186445,4435684.88948607,40.06513609,-88.20721951,2173.36032426,2554.26952066,2173,2554,397046.82901089,4435684.92750036,40.06513620,-88.20724218,2200.87789298,2520.72510101,397047.81726399,4435686.13214954,40.06514717,-88.20723078,4.73242188,"POLYGON((2174.576 2486.122, 2228.395 2487.181, 2227.180 2555.328, 2173.360 2554.270, 2174.576 2486.122))","POLYGON((397046.873 4435687.375, 397048.806 4435687.337, 397048.762 4435684.889, 397046.829 4435684.928, 397046.873 4435687.375))"
B10_R4_C1,B10,10,4,1,LD21-3090,14,4,51.77000000,210.00000000,58.61000000,218.00000000,2228.31677800,2487.17913379,2228,2487,397048.80269128,4435687.33685430,40.06515814,-88.20721942,2282.13642251,2488.23767215,2282,2488,397050.73554485,4435687.29884001,40.06515804,-88.20719675,2280.92092958,2556.38504981,2281,2556,397050.69189220,4435684.85152735,40.06513599,-88.20719688,2227.10128508,2555.32651145,2227,2555,397048.75903864,4435684.88954164,40.06513609,-88.20721954,2254.61885379,2521.78209180,397049.74729174,4435686.09419082,40.06514706,-88.20720815,4.73144531,"POLYGON((2228.317 2487.179, 2282.136 2488.238, 2280.921 2556.385, 2227.101 2555.327, 2228.317 2487.179))","POLYGON((397048.803 4435687.337, 397050.736 4435687.299, 397050.692 4435684.852, 397048.759 4435684.890, 397048.803 4435687.337))"
B10_R4_C2,B10,10,4,2,AG35XF5,13,4,58.61000000,210.00000000,65.45000000,218.00000000,2282.13642251,2488.23767215,2282,2488,397050.73554485,4435687.29884001,40.06515804,-88.20719675,2335.95606702,2489.29621051,2336,2489,397052.66839841,4435687.26082571,40.06515793,-88.20717409,2334.74057409,2557.44358817,2335,2557,397052.62474577,4435684.81351306,40.06513588,-88.20717421,2280.92092958,2556.38504981,2281,2556,397050.69189220,4435684.85152735,40.06513599,-88.20719688,2308.43849830,2522.84063016,397051.68014531,4435686.05617653,40.06514696,-88.20718548,4.73193359,"POLYGON((2282.136 2488.238, 2335.956 2489.296, 2334.741 2557.444, 2280.921 2556.385, 2282.136 2488.238))","POLYGON((397050.736 4435687.299, 397052.668 4435687.261, 397052.625 4435684.814, 397050.692 4435684.852, 397050.736 4435687.299))"
B10_R4_C3,B10,10,4,3,LD21-7234,12,4,65.45000000,210.00000000,72.29000000,218.00000000,2335.95606702,2489.29621051,2336,2489,397052.66839841,4435687.26082571,40.06515793,-88.20717409,2389.77571152,2490.35474887,2390,2490,397054.60125198,4435687.22281142,40.06515782,-88.20715142,2388.56021860,2558.50212653,2389,2559,397054.55759933,4435684.77549877,40.06513577,-88.20715154,2334.74057409,2557.44358817,2335,2557,397052.62474577,4435684.81351306,40.06513588,-88.20717421,2362.25814281,2523.89916852,397053.61299887,4435686.01816224,40.06514685,-88.20716282,4.73242188,"POLYGON((2335.956 2489.296, 2389.776 2490.355, 2388.560 2558.502, 2334.741 2557.444, 2335.956 2489.296))","POLYGON((397052.668 4435687.261, 397054.601 4435687.223, 397054.558 4435684.775, 397052.625 4435684.814, 397052.668 4435687.261))"
B10_R4_C4,B10,10,4,4,AG34XF6,11,4,72.29000000,210.00000000,79.13000000,218.00000000,2389.77571152,2490.35474887,2390,2490,397054.60125198,4435687.22281142,40.06515782,-88.20715142,2443.59535603,2491.41328723,2444,2491,397056.53410554,4435687.18479713,40.06515772,-88.20712876,2442.37986310,2559.56066489,2442,2560,397056.49045289,4435684.73748447,40.06513567,-88.20712888,2388.56021860,2558.50212653,2389,2559,397054.55759933,4435684.77549877,40.06513577,-88.20715154,2416.07778731,2524.95770688,397055.54585244,4435685.98014795,40.06514674,-88.20714015,4.73242188,"POLYGON((2389.776 2490.355, 2443.595 2491.413, 2442.380 2559.561, 2388.560 2558.502, 2389.776 2490.355))","POLYGON((397054.601 4435687.223, 397056.534 4435687.185, 397056.490 4435684.737, 397054.558 4435684.775, 397054.601 4435687.223))"
B10_R5_C0,B10,10,5,0,LD20-11748,15,3,44.94000000,220.00000000,51.78000000,228.00000000,2176.09518335,2400.93792092,2176,2401,397046.92722934,4435690.43395383,40.06518581,-88.20724190,2229.91482785,2401.99645928,2230,2402,397048.86008290,4435690.39593954,40.06518570,-88.20721923,2228.69933493,2470.14383694,2229,2470,397048.81643026,4435687.94862689,40.06516365,-88.20721936,2174.87969042,2469.08529858,2175,2469,397046.88357669,4435687.98664118,40.06516376,-88.20724202,2202.39725914,2435.54087893,397047.87182980,4435689.19129036,40.06517473,-88.20723063,4.73242188,"POLYGON((2176.095 2400.938, 2229.915 2401.996, 2228.699 2470.144, 2174.880 2469.085, 2176.095 2400.938))","POLYGON((397046.927 4435690.434, 397048.860 4435690.396, 397048.816 4435687.949, 397046.884 4435687.987, 397046.927 4435690.434))"
B10_R5_C1,B10,10,5,1,AG36XF4,14,3,51.77000000,220.00000000,58.61000000,228.00000000,2229.83614416,2401.99491171,2230,2402,397048.85725709,4435690.39599512,40.06518570,-88.20721927,2283.65578867,2403.05345007,2284,2403,397050.79011065,4435690.35798083,40.06518560,-88.20719660,2282.44029574,2471.20082773,2282,2471,397050.74645801,4435687.91066817,40.06516355,-88.20719672,2228.62065124,2470.14228937,2229,2470,397048.81360445,4435687.94868246,40.06516365,-88.20721939,2256.13821995,2436.59786972,397049.80185755,4435689.15333164,40.06517463,-88.20720800,4.73242188,"POLYGON((2229.836 2401.995, 2283.656 2403.053, 2282.440 2471.201, 2228.621 2470.142, 2229.836 2401.995))","POLYGON((397048.857 4435690.396, 397050.790 4435690.358, 397050.746 4435687.911, 397048.814 4435687.949, 397048.857 4435690.396))"
B10_R5_C2,B10,10,5,2,LD17-10473F,13,3,58.61000000,220.00000000,65.45000000,228.00000000,2283.65578867,2403.05345007,2284,2403,397050.79011065,4435690.35798083,40.06518560,-88.20719660,2337.47543318,2404.11198843,2337,2404,397052.72296422,4435690.31996653,40.06518549,-88.20717393,2336.25994025,2472.25936609,2336,2472,397052.67931157,4435687.87265388,40.06516344,-88.20717406,2282.44029574,2471.20082773,2282,2471,397050.74645801,4435687.91066817,40.06516355,-88.20719672,2309.95786446,2437.65640808,397051.73471111,4435689.11531735,40.06517452,-88.20718533,4.73242188,"POLYGON((2283.656 2403.053, 2337.475 2404.112, 2336.260 2472.259, 2282.440 2471.201, 2283.656 2403.053))","POLYGON((397050.790 4435690.358, 397052.723 4435690.320, 397052.679 4435687.873, 397050.746 4435687.911, 397050.790 4435690.358))"
B10_R5_C3,B10,10,5,3,AG40XFF5,12,3,65.45000000,220.00000000,72.29000000,228.00000000,2337.47543318,2404.11198843,2337,2404,397052.72296422,4435690.31996653,40.06518549,-88.20717393,2391.29507768,2405.17052679,2391,2405,397054.65581778,4435690.28195224,40.06518539,-88.20715127,2390.07958476,2473.31790445,2390,2473,397054.61216514,4435687.83463958,40.06516334,-88.20715139,2336.25994025,2472.25936609,2336,2472,397052.67931157,4435687.87265388,40.06516344,-88.20717406,2363.77750897,2438.71494644,397053.66756468,4435689.07730306,40.06517441,-88.20716266,4.73193359,"POLYGON((2337.475 2404.112, 2391.295 2405.171, 2390.080 2473.318, 2336.260 2472.259, 2337.475 2404.112))","POLYGON((397052.723 4435690.320, 397054.656 4435690.282, 397054.612 4435687.835, 397052.679 4435687.873, 397052.723 4435690.320))"
B10_R5_C4,B10,10,5,4,LD07-3395bf,11,3,72.29000000,220.00000000,79.13000000,228.00000000,2391.29507768,2405.17052679,2391,2405,397054.65581778,4435690.28195224,40.06518539,-88.20715127,2445.11472219,2406.22906515,2445,2406,397056.58867135,4435690.24393795,40.06518528,-88.20712860,2443.89922926,2474.37644281,2444,2474,397056.54501870,4435687.79662529,40.06516323,-88.20712873,2390.07958476,2473.31790445,2390,2473,397054.61216514,4435687.83463958,40.06516334,-88.20715139,2417.59715347,2439.77348480,397055.60041824,4435689.03928877,40.06517431,-88.20714000,4.73144531,"POLYGON((2391.295 2405.171, 2445.115 2406.229, 2443.899 2474.376, 2390.080 2473.318, 2391.295 2405.171))","POLYGON((397054.656 4435690.282, 397056.589 4435690.244, 397056.545 4435687.797, 397054.612 4435687.835, 397054.656 4435690.282))"
B10_R6_C0,B10,10,6,0,AG35XF5,15,2,44.94000000,230.00000000,51.78000000,238.00000000,2177.61454951,2315.75369884,2178,2316,397046.98179514,4435693.49309465,40.06521337,-88.20724175,2231.43419401,2316.81223720,2231,2317,397048.91464871,4435693.45508036,40.06521327,-88.20721908,2230.21870109,2384.95961487,2230,2385,397048.87099606,4435691.00776770,40.06519122,-88.20721920,2176.39905658,2383.90107651,2176,2384,397046.93814250,4435691.04578200,40.06519132,-88.20724187,2203.91662530,2350.35665685,397047.92639560,4435692.25043118,40.06520229,-88.20723048,4.73242188,"POLYGON((2177.615 2315.754, 2231.434 2316.812, 2230.219 2384.960, 2176.399 2383.901, 2177.615 2315.754))","POLYGON((397046.982 4435693.493, 397048.915 4435693.455, 397048.871 4435691.008, 397046.938 4435691.046, 397046.982 4435693.493))"
B10_R6_C1,B10,10,6,1,LD21-5665,14,2,51.77000000,230.00000000,58.61000000,238.00000000,2231.35551032,2316.81068963,2231,2317,397048.91182290,4435693.45513594,40.06521327,-88.20721911,2285.17515483,2317.86922799,2285,2318,397050.84467646,4435693.41712164,40.06521316,-88.20719645,2283.95966190,2386.01660566,2284,2386,397050.80102382,4435690.96980899,40.06519111,-88.20719657,2230.14001739,2384.95806730,2230,2385,397048.86817025,4435691.00782328,40.06519122,-88.20721924,2257.65758611,2351.41364764,397049.85642336,4435692.21247246,40.06520219,-88.20720784,4.73193359,"POLYGON((2231.356 2316.811, 2285.175 2317.869, 2283.960 2386.017, 2230.140 2384.958, 2231.356 2316.811))","POLYGON((397048.912 4435693.455, 397050.845 4435693.417, 397050.801 4435690.970, 397048.868 4435691.008, 397048.912 4435693.455))"
B10_R6_C2,B10,10,6,2,AG34XF6,13,2,58.61000000,230.00000000,65.45000000,238.00000000,2285.17515483,2317.86922799,2285,2318,397050.84467646,4435693.41712164,40.06521316,-88.20719645,2338.99479934,2318.92776635,2339,2319,397052.77753002,4435693.37910735,40.06521305,-88.20717378,2337.77930641,2387.07514401,2338,2387,397052.73387738,4435690.93179470,40.06519100,-88.20717390,2283.95966190,2386.01660566,2284,2386,397050.80102382,4435690.96980899,40.06519111,-88.20719657,2311.47723062,2352.47218600,397051.78927692,4435692.17445817,40.06520208,-88.20718518,4.73242188,"POLYGON((2285.175 2317.869, 2338.995 2318.928, 2337.779 2387.075, 2283.960 2386.017, 2285.175 2317.869))","POLYGON((397050.845 4435693.417, 397052.778 4435693.379, 397052.734 4435690.932, 397050.801 4435690.970, 397050.845 4435693.417))"
B10_R6_C3,B10,10,6,3,LD21-5944,12,2,65.45000000,230.00000000,72.29000000,238.00000000,2338.99479934,2318.92776635,2339,2319,397052.77753002,4435693.37910735,40.06521305,-88.20717378,2392.81444384,2319.98630471,2393,2320,397054.71038359,4435693.34109306,40.06521295,-88.20715112,2391.59895092,2388.13368237,2392,2388,397054.66673094,4435690.89378040,40.06519090,-88.20715124,2337.77930641,2387.07514401,2338,2387,397052.73387738,4435690.93179470,40.06519100,-88.20717390,2365.29687513,2353.53072436,397053.72213048,4435692.13644388,40.06520198,-88.20716251,4.73144531,"POLYGON((2338.995 2318.928, 2392.814 2319.986, 2391.599 2388.134, 2337.779 2387.075, 2338.995 2318.928))","POLYGON((397052.778 4435693.379, 397054.710 4435693.341, 397054.667 4435690.894, 397052.734 4435690.932, 397052.778 4435693.379))"
B10_R6_C4,B10,10,6,4,AG38XF6,11,2,72.29000000,230.00000000,79.13000000,238.00000000,2392.81444384,2319.98630471,2393,2320,397054.71038359,4435693.34109306,40.06521295,-88.20715112,2446.63408835,2321.04484307,2447,2321,397056.64323715,4435693.30307877,40.06521284,-88.20712845,2445.41859542,2389.19222073,2445,2389,397056.59958451,4435690.85576611,40.06519079,-88.20712857,2391.59895092,2388.13368237,2392,2388,397054.66673094,4435690.89378040,40.06519090,-88.20715124,2419.11651963,2354.58926272,397055.65498405,4435692.09842959,40.06520187,-88.20713984,4.73242188,"POLYGON((2392.814 2319.986, 2446.634 2321.045, 2445.419 2389.192, 2391.599 2388.134, 2392.814 2319.986))","POLYGON((397054.710 4435693.341, 397056.643 4435693.303, 397056.600 4435690.856, 397054.667 4435690.894, 397054.710 4435693.341))"
B10_R7_C0,B10,10,7,0,LD21-5665,15,1,44.94000000,240.00000000,51.78000000,248.00000000,2179.13391567,2230.56947677,2179,2231,397047.03636095,4435696.55223547,40.06524094,-88.20724159,2232.95356017,2231.62801513,2233,2232,397048.96921451,4435696.51422118,40.06524083,-88.20721893,2231.73806724,2299.77539279,2232,2300,397048.92556187,4435694.06690852,40.06521878,-88.20721905,2177.91842274,2298.71685443,2178,2299,397046.99270830,4435694.10492282,40.06521889,-88.20724172,2205.43599145,2265.17243478,397047.98096141,4435695.30957200,40.06522986,-88.20723032,4.73193359,"POLYGON((2179.134 2230.569, 2232.954 2231.628, 2231.738 2299.775, 2177.918 2298.717, 2179.134 2230.569))","POLYGON((397047.036 4435696.552, 397048.969 4435696.514, 397048.926 4435694.067, 397046.993 4435694.105, 397047.036 4435696.552))"
B10_R7_C1,B10,10,7,1,AG36XF4,14,1,51.77000000,240.00000000,58.61000000,248.00000000,2232.87487648,2231.62646756,2233,2232,397048.96638870,4435696.51427676,40.06524083,-88.20721896,2286.69452099,2232.68500592,2287,2233,397050.89924227,4435696.47626246,40.06524072,-88.20719629,2285.47902806,2300.83238358,2285,2301,397050.85558962,4435694.02894981,40.06521867,-88.20719642,2231.65938355,2299.77384522,2232,2300,397048.92273606,4435694.06696410,40.06521878,-88.20721908,2259.17695227,2266.22942557,397049.91098916,4435695.27161328,40.06522975,-88.20720769,4.73193359,"POLYGON((2232.875 2231.626, 2286.695 2232.685, 2285.479 2300.832, 2231.659 2299.774, 2232.875 2231.626))","POLYGON((397048.966 4435696.514, 397050.899 4435696.476, 397050.856 4435694.029, 397048.923 4435694.067, 397048.966 4435696.514))"
B10_R7_C2,B10,10,7,2,LD21-7234,13,1,58.61000000,240.00000000,65.45000000,248.00000000,2286.69452099,2232.68500592,2287,2233,397050.89924227,4435696.47626246,40.06524072,-88.20719629,2340.51416550,2233.74354428,2341,2234,397052.83209583,4435696.43824817,40.06524062,-88.20717363,2339.29867257,2301.89092194,2339,2302,397052.78844319,4435693.99093552,40.06521857,-88.20717375,2285.47902806,2300.83238358,2285,2301,397050.85558962,4435694.02894981,40.06521867,-88.20719642,2312.99659678,2267.28796393,397051.84384273,4435695.23359899,40.06522964,-88.20718502,4.73193359,"POLYGON((2286.695 2232.685, 2340.514 2233.744, 2339.299 2301.891, 2285.479 2300.832, 2286.695 2232.685))","POLYGON((397050.899 4435696.476, 397052.832 4435696.438, 397052.788 4435693.991, 397050.856 4435694.029, 397050.899 4435696.476))"
B10_R7_C3,B10,10,7,3,AG40XFF5,12,1,65.45000000,240.00000000,72.29000000,248.00000000,2340.51416550,2233.74354428,2341,2234,397052.83209583,4435696.43824817,40.06524062,-88.20717363,2394.33381000,2234.80208264,2394,2235,397054.76494939,4435696.40023388,40.06524051,-88.20715096,2393.11831707,2302.94946030,2393,2303,397054.72129675,4435693.95292122,40.06521846,-88.20715108,2339.29867257,2301.89092194,2339,2302,397052.78844319,4435693.99093552,40.06521857,-88.20717375,2366.81624128,2268.34650229,397053.77669629,4435695.19558470,40.06522954,-88.20716236,4.73242188,"POLYGON((2340.514 2233.744, 2394.334 2234.802, 2393.118 2302.949, 2339.299 2301.891, 2340.514 2233.744))","POLYGON((397052.832 4435696.438, 397054.765 4435696.400, 397054.721 4435693.953, 397052.788 4435693.991, 397052.832 4435696.438))"
B10_R7_C4,B10,10,7,4,LD20-11748,11,1,72.29000000,240.00000000,79.13000000,248.00000000,2394.33381000,2234.80208264,2394,2235,397054.76494939,4435696.40023388,40.06524051,-88.20715096,2448.15345451,2235.86062100,2448,2236,397056.69780296,4435696.36221959,40.06524040,-88.20712830,2446.93796158,2304.00799866,2447,2304,397056.65415031,4435693.91490693,40.06521835,-88.20712842,2393.11831707,2302.94946030,2393,2303,397054.72129675,4435693.95292122,40.06521846,-88.20715108,2420.63588579,2269.40504065,397055.70954985,4435695.15757041,40.06522943,-88.20713969,4.73242188,"POLYGON((2394.334 2234.802, 2448.153 2235.861, 2446.938 2304.008, 2393.118 2302.949, 2394.334 2234.802))","POLYGON((397054.765 4435696.400, 397056.698 4435696.362, 397056.654 4435693.915, 397054.721 4435693.953, 397054.765 4435696.400))"
B11_R0_C0,B11,11,0,0,AG35XF5,10,8,80.37000000,170.00000000,87.21000000,178.00000000,2447.27466905,2832.34207430,2447,2832,397056.66624267,4435674.94134237,40.06504745,-88.20712526,2501.09431356,2833.40061266,2501,2833,397058.59909623,4435674.90332808,40.06504734,-88.20710259,2499.87882063,2901.54799033,2500,2902,397058.55544359,4435672.45601542,40.06502529,-88.20710272,2446.05917613,2900.48945197,2446,2900,397056.62259002,4435672.49402972,40.06502540,-88.20712538,2473.57674484,2866.94503232,397057.61084313,4435673.69867890,40.06503637,-88.20711399,4.73193359,"POLYGON((2447.275 2832.342, 2501.094 2833.401, 2499.879 2901.548, 2446.059 2900.489, 2447.275 2832.342))","POLYGON((397056.666 4435674.941, 397058.599 4435674.903, 397058.555 4435672.456, 397056.623 4435672.494, 397056.666 4435674.941))"
B11_R0_C1,B11,11,0,1,LG3216,9,8,87.21000000,170.00000000,94.05000000,178.00000000,2501.09431356,2833.40061266,2501,2833,397058.59909623,4435674.90332808,40.06504734,-88.20710259,2554.91395807,2834.45915102,2555,2834,397060.53194980,4435674.86531379,40.06504723,-88.20707993,2553.69846514,2902.60652869,2554,2903,397060.48829715,4435672.41800113,40.06502518,-88.20708005,2499.87882063,2901.54799033,2500,2902,397058.55544359,4435672.45601542,40.06502529,-88.20710272,2527.39638935,2868.00357068,397059.54369669,4435673.66066461,40.06503626,-88.20709132,4.73193359,"POLYGON((2501.094 2833.401, 2554.914 2834.459, 2553.698 2902.607, 2499.879 2901.548, 2501.094 2833.401))","POLYGON((397058.599 4435674.903, 397060.532 4435674.865, 397060.488 4435672.418, 397058.555 4435672.456, 397058.599 4435674.903))"
B11_R0_C2,B11,11,0,2,AG34XF6,8,8,94.05000000,170.00000000,100.89000000,178.00000000,2554.91395807,2834.45915102,2555,2834,397060.53194980,4435674.86531379,40.06504723,-88.20707993,2608.73360257,2835.51768938,2609,2836,397062.46480336,4435674.82729950,40.06504713,-88.20705726,2607.51810965,2903.66506705,2608,2904,397062.42115071,4435672.37998684,40.06502508,-88.20705738,2553.69846514,2902.60652869,2554,2903,397060.48829715,4435672.41800113,40.06502518,-88.20708005,2581.21603386,2869.06210903,397061.47655026,4435673.62265031,40.06503616,-88.20706866,4.73144531,"POLYGON((2554.914 2834.459, 2608.734 2835.518, 2607.518 2903.665, 2553.698 2902.607, 2554.914 2834.459))","POLYGON((397060.532 4435674.865, 397062.465 4435674.827, 397062.421 4435672.380, 397060.488 4435672.418, 397060.532 4435674.865))"
B11_R0_C3,B11,11,0,3,LG3216,7,8,100.89000000,170.00000000,107.73000000,178.00000000,2608.73360257,2835.51768938,2609,2836,397062.46480336,4435674.82729950,40.06504713,-88.20705726,2662.55324708,2836.57622774,2663,2837,397064.39765692,4435674.78928520,40.06504702,-88.20703460,2661.33775415,2904.72360541,2661,2905,397064.35400428,4435672.34197255,40.06502497,-88.20703472,2607.51810965,2903.66506705,2608,2904,397062.42115071,4435672.37998684,40.06502508,-88.20705738,2635.03567836,2870.12064739,397063.40940382,4435673.58463602,40.06503605,-88.20704599,4.73242188,"POLYGON((2608.734 2835.518, 2662.553 2836.576, 2661.338 2904.724, 2607.518 2903.665, 2608.734 2835.518))","POLYGON((397062.465 4435674.827, 397064.398 4435674.789, 397064.354 4435672.342, 397062.421 4435672.380, 397062.465 4435674.827))"
B11_R0_C4,B11,11,0,4,AG36XF4,6,8,107.72000000,170.00000000,114.56000000,178.00000000,2662.47456339,2836.57468017,2662,2837,397064.39483111,4435674.78934078,40.06504702,-88.20703463,2716.29420790,2837.63321853,2716,2838,397066.32768468,4435674.75132649,40.06504692,-88.20701196,2715.07871497,2905.78059619,2715,2906,397066.28403203,4435672.30401383,40.06502487,-88.20701208,2661.25907046,2904.72205784,2661,2905,397064.35117847,4435672.34202812,40.06502497,-88.20703475,2688.77663918,2871.17763818,397065.33943157,4435673.54667731,40.06503594,-88.20702336,4.73144531,"POLYGON((2662.475 2836.575, 2716.294 2837.633, 2715.079 2905.781, 2661.259 2904.722, 2662.475 2836.575))","POLYGON((397064.395 4435674.789, 397066.328 4435674.751, 397066.284 4435672.304, 397064.351 4435672.342, 397064.395 4435674.789))"
B11_R1_C0,B11,11,1,0,LG3216,10,7,80.37000000,180.00000000,87.21000000,188.00000000,2448.79403521,2747.15785223,2449,2747,397056.72080847,4435678.00048319,40.06507501,-88.20712511,2502.61367972,2748.21639059,2503,2748,397058.65366204,4435677.96246890,40.06507490,-88.20710244,2501.39818679,2816.36376825,2501,2816,397058.61000939,4435675.51515624,40.06505285,-88.20710256,2447.57854228,2815.30522989,2448,2815,397056.67715583,4435675.55317054,40.06505296,-88.20712523,2475.09611100,2781.76081024,397057.66540893,4435676.75781972,40.06506393,-88.20711383,4.73144531,"POLYGON((2448.794 2747.158, 2502.614 2748.216, 2501.398 2816.364, 2447.579 2815.305, 2448.794 2747.158))","POLYGON((397056.721 4435678.000, 397058.654 4435677.962, 397058.610 4435675.515, 397056.677 4435675.553, 397056.721 4435678.000))"
B11_R1_C1,B11,11,1,1,AG40XFF5,9,7,87.21000000,180.00000000,94.05000000,188.00000000,2502.61367972,2748.21639059,2503,2748,397058.65366204,4435677.96246890,40.06507490,-88.20710244,2556.43332423,2749.27492895,2556,2749,397060.58651560,4435677.92445461,40.06507480,-88.20707977,2555.21783130,2817.42230661,2555,2817,397060.54286296,4435675.47714195,40.06505275,-88.20707990,2501.39818679,2816.36376825,2501,2816,397058.61000939,4435675.51515624,40.06505285,-88.20710256,2528.91575551,2782.81934860,397059.59826250,4435676.71980543,40.06506383,-88.20709117,4.73242188,"POLYGON((2502.614 2748.216, 2556.433 2749.275, 2555.218 2817.422, 2501.398 2816.364, 2502.614 2748.216))","POLYGON((397058.654 4435677.962, 397060.587 4435677.924, 397060.543 4435675.477, 397058.610 4435675.515, 397058.654 4435677.962))"
B11_R1_C2,B11,11,1,2,LG3216,8,7,94.05000000,180.00000000,100.89000000,188.00000000,2556.43332423,2749.27492895,2556,2749,397060.58651560,4435677.92445461,40.06507480,-88.20707977,2610.25296873,2750.33346731,2610,2750,397062.51936917,4435677.88644031,40.06507469,-88.20705711,2609.03747581,2818.48084497,2609,2818,397062.47571652,4435675.43912766,40.06505264,-88.20705723,2555.21783130,2817.42230661,2555,2817,397060.54286296,4435675.47714195,40.06505275,-88.20707990,2582.73540002,2783.87788696,397061.53111606,4435676.68179113,40.06506372,-88.20706850,4.73193359,"POLYGON((2556.433 2749.275, 2610.253 2750.333, 2609.037 2818.481, 2555.218 2817.422, 2556.433 2749.275))","POLYGON((397060.587 4435677.924, 397062.519 4435677.886, 397062.476 4435675.439, 397060.543 4435675.477, 397060.587 4435677.924))"
B11_R1_C3,B11,11,1,3,AG29XF5,7,7,100.89000000,180.00000000,107.73000000,188.00000000,2610.25296873,2750.33346731,2610,2750,397062.51936917,4435677.88644031,40.06507469,-88.20705711,2664.07261324,2751.39200567,2664,2751,397064.45222273,4435677.84842602,40.06507458,-88.20703444,2662.85712031,2819.53938333,2663,2820,397064.40857008,4435675.40111337,40.06505253,-88.20703456,2609.03747581,2818.48084497,2609,2818,397062.47571652,4435675.43912766,40.06505264,-88.20705723,2636.55504452,2784.93642532,397063.46396963,4435676.64377684,40.06506361,-88.20704584,4.73193359,"POLYGON((2610.253 2750.333, 2664.073 2751.392, 2662.857 2819.539, 2609.037 2818.481, 2610.253 2750.333))","POLYGON((397062.519 4435677.886, 397064.452 4435677.848, 397064.409 4435675.401, 397062.476 4435675.439, 397062.519 4435677.886))"
B11_R1_C4,B11,11,1,4,LG3216,6,7,107.72000000,180.00000000,114.56000000,188.00000000,2663.99392955,2751.39045810,2664,2751,397064.44939692,4435677.84848160,40.06507458,-88.20703447,2717.81357406,2752.44899646,2718,2752,397066.38225048,4435677.81046731,40.06507448,-88.20701181,2716.59808113,2820.59637412,2717,2821,397066.33859784,4435675.36315465,40.06505243,-88.20701193,2662.77843662,2819.53783576,2663,2820,397064.40574428,4435675.40116894,40.06505253,-88.20703460,2690.29600534,2785.99341611,397065.39399738,4435676.60581813,40.06506351,-88.20702320,4.73193359,"POLYGON((2663.994 2751.390, 2717.814 2752.449, 2716.598 2820.596, 2662.778 2819.538, 2663.994 2751.390))","POLYGON((397064.449 4435677.848, 397066.382 4435677.810, 397066.339 4435675.363, 397064.406 4435675.401, 397064.449 4435677.848))"
B11_R2_C0,B11,11,2,0,AG38XF6,10,6,80.37000000,190.00000000,87.21000000,198.00000000,2450.31340137,2661.97363015,2450,2662,397056.77537428,4435681.05962401,40.06510257,-88.20712495,2504.13304588,2663.03216851,2504,2663,397058.70822784,4435681.02160972,40.06510247,-88.20710229,2502.91755295,2731.17954617,2503,2731,397058.66457520,4435678.57429706,40.06508042,-88.20710241,2449.09790844,2730.12100781,2449,2730,397056.73172164,4435678.61231135,40.06508052,-88.20712508,2476.61547716,2696.57658816,397057.71997474,4435679.81696054,40.06509149,-88.20711368,4.73242188,"POLYGON((2450.313 2661.974, 2504.133 2663.032, 2502.918 2731.180, 2449.098 2730.121, 2450.313 2661.974))","POLYGON((397056.775 4435681.060, 397058.708 4435681.022, 397058.665 4435678.574, 397056.732 4435678.612, 397056.775 4435681.060))"
B11_R2_C1,B11,11,2,1,LG3216,9,6,87.21000000,190.00000000,94.05000000,198.00000000,2504.13304588,2663.03216851,2504,2663,397058.70822784,4435681.02160972,40.06510247,-88.20710229,2557.95269039,2664.09070687,2558,2664,397060.64108141,4435680.98359543,40.06510236,-88.20707962,2556.73719746,2732.23808453,2557,2732,397060.59742876,4435678.53628277,40.06508031,-88.20707974,2502.91755295,2731.17954617,2503,2731,397058.66457520,4435678.57429706,40.06508042,-88.20710241,2530.43512167,2697.63512652,397059.65282830,4435679.77894624,40.06509139,-88.20709102,4.73242188,"POLYGON((2504.133 2663.032, 2557.953 2664.091, 2556.737 2732.238, 2502.918 2731.180, 2504.133 2663.032))","POLYGON((397058.708 4435681.022, 397060.641 4435680.984, 397060.597 4435678.536, 397058.665 4435678.574, 397058.708 4435681.022))"
B11_R2_C2,B11,11,2,2,AG29XF4,8,6,94.05000000,190.00000000,100.89000000,198.00000000,2557.95269039,2664.09070687,2558,2664,397060.64108141,4435680.98359543,40.06510236,-88.20707962,2611.77233489,2665.14924523,2612,2665,397062.57393497,4435680.94558113,40.06510225,-88.20705695,2610.55684196,2733.29662289,2611,2733,397062.53028233,4435678.49826848,40.06508020,-88.20705708,2556.73719746,2732.23808453,2557,2732,397060.59742876,4435678.53628277,40.06508031,-88.20707974,2584.25476618,2698.69366488,397061.58568187,4435679.74093195,40.06509128,-88.20706835,4.73193359,"POLYGON((2557.953 2664.091, 2611.772 2665.149, 2610.557 2733.297, 2556.737 2732.238, 2557.953 2664.091))","POLYGON((397060.641 4435680.984, 397062.574 4435680.946, 397062.530 4435678.498, 397060.597 4435678.536, 397060.641 4435680.984))"
B11_R2_C3,B11,11,2,3,LG3216,7,6,100.89000000,190.00000000,107.73000000,198.00000000,2611.77233489,2665.14924523,2612,2665,397062.57393497,4435680.94558113,40.06510225,-88.20705695,2665.59197940,2666.20778359,2666,2666,397064.50678854,4435680.90756684,40.06510215,-88.20703429,2664.37648647,2734.35516125,2664,2734,397064.46313589,4435678.46025419,40.06508010,-88.20703441,2610.55684196,2733.29662289,2611,2733,397062.53028233,4435678.49826848,40.06508020,-88.20705708,2638.07441068,2699.75220324,397063.51853543,4435679.70291766,40.06509118,-88.20704568,4.73193359,"POLYGON((2611.772 2665.149, 2665.592 2666.208, 2664.376 2734.355, 2610.557 2733.297, 2611.772 2665.149))","POLYGON((397062.574 4435680.946, 397064.507 4435680.908, 397064.463 4435678.460, 397062.530 4435678.498, 397062.574 4435680.946))"
B11_R2_C4,B11,11,2,4,AG38XF6,6,6,107.72000000,190.00000000,114.56000000,198.00000000,2665.51329571,2666.20623602,2666,2666,397064.50396273,4435680.90762242,40.06510215,-88.20703432,2719.33294022,2667.26477438,2719,2667,397066.43681629,4435680.86960813,40.06510204,-88.20701166,2718.11744729,2735.41215204,2718,2735,397066.39316365,4435678.42229547,40.06507999,-88.20701178,2664.29780278,2734.35361368,2664,2734,397064.46031008,4435678.46030976,40.06508010,-88.20703444,2691.81537150,2700.80919403,397065.44856319,4435679.66495894,40.06509107,-88.20702305,4.73144531,"POLYGON((2665.513 2666.206, 2719.333 2667.265, 2718.117 2735.412, 2664.298 2734.354, 2665.513 2666.206))","POLYGON((397064.504 4435680.908, 397066.437 4435680.870, 397066.393 4435678.422, 397064.460 4435678.460, 397064.504 4435680.908))"
B11_R3_C0,B11,11,3,0,LG3216,10,5,80.37000000,200.00000000,87.21000000,208.00000000,2451.83276753,2576.78940807,2452,2577,397056.82994009,4435684.11876483,40.06513013,-88.20712480,2505.65241204,2577.84794643,2506,2578,397058.76279365,4435684.08075054,40.06513003,-88.20710213,2504.43691911,2645.99532409,2504,2646,397058.71914101,4435681.63343788,40.06510798,-88.20710226,2450.61727460,2644.93678573,2451,2645,397056.78628744,4435681.67145217,40.06510808,-88.20712492,2478.13484332,2611.39236608,397057.77454055,4435682.87610136,40.06511906,-88.20711353,4.73242188,"POLYGON((2451.833 2576.789, 2505.652 2577.848, 2504.437 2645.995, 2450.617 2644.937, 2451.833 2576.789))","POLYGON((397056.830 4435684.119, 397058.763 4435684.081, 397058.719 4435681.633, 397056.786 4435681.671, 397056.830 4435684.119))"
B11_R3_C1,B11,11,3,1,AG29XF4,9,5,87.21000000,200.00000000,94.05000000,208.00000000,2505.65241204,2577.84794643,2506,2578,397058.76279365,4435684.08075054,40.06513003,-88.20710213,2559.47205654,2578.90648479,2559,2579,397060.69564721,4435684.04273625,40.06512992,-88.20707947,2558.25656362,2647.05386245,2558,2647,397060.65199457,4435681.59542359,40.06510787,-88.20707959,2504.43691911,2645.99532409,2504,2646,397058.71914101,4435681.63343788,40.06510798,-88.20710226,2531.95448783,2612.45090444,397059.70739411,4435682.83808706,40.06511895,-88.20709086,4.73242188,"POLYGON((2505.652 2577.848, 2559.472 2578.906, 2558.257 2647.054, 2504.437 2645.995, 2505.652 2577.848))","POLYGON((397058.763 4435684.081, 397060.696 4435684.043, 397060.652 4435681.595, 397058.719 4435681.633, 397058.763 4435684.081))"
B11_R3_C2,B11,11,3,2,LG3216,8,5,94.05000000,200.00000000,100.89000000,208.00000000,2559.47205654,2578.90648479,2559,2579,397060.69564721,4435684.04273625,40.06512992,-88.20707947,2613.29170105,2579.96502315,2613,2580,397062.62850078,4435684.00472195,40.06512982,-88.20705680,2612.07620812,2648.11240081,2612,2648,397062.58484813,4435681.55740930,40.06510777,-88.20705692,2558.25656362,2647.05386245,2558,2647,397060.65199457,4435681.59542359,40.06510787,-88.20707959,2585.77413233,2613.50944280,397061.64024767,4435682.80007277,40.06511884,-88.20706820,4.73193359,"POLYGON((2559.472 2578.906, 2613.292 2579.965, 2612.076 2648.112, 2558.257 2647.054, 2559.472 2578.906))","POLYGON((397060.696 4435684.043, 397062.629 4435684.005, 397062.585 4435681.557, 397060.652 4435681.595, 397060.696 4435684.043))"
B11_R3_C3,B11,11,3,3,AG40XFF5,7,5,100.89000000,200.00000000,107.73000000,208.00000000,2613.29170105,2579.96502315,2613,2580,397062.62850078,4435684.00472195,40.06512982,-88.20705680,2667.11134556,2581.02356151,2667,2581,397064.56135434,4435683.96670766,40.06512971,-88.20703414,2665.89585263,2649.17093917,2666,2649,397064.51770170,4435681.51939501,40.06510766,-88.20703426,2612.07620812,2648.11240081,2612,2648,397062.58484813,4435681.55740930,40.06510777,-88.20705692,2639.59377684,2614.56798116,397063.57310124,4435682.76205848,40.06511874,-88.20704553,4.73193359,"POLYGON((2613.292 2579.965, 2667.111 2581.024, 2665.896 2649.171, 2612.076 2648.112, 2613.292 2579.965))","POLYGON((397062.629 4435684.005, 397064.561 4435683.967, 397064.518 4435681.519, 397062.585 4435681.557, 397062.629 4435684.005))"
B11_R3_C4,B11,11,3,4,LG3216,6,5,107.72000000,200.00000000,114.56000000,208.00000000,2667.03266187,2581.02201394,2667,2581,397064.55852853,4435683.96676324,40.06512971,-88.20703417,2720.85230637,2582.08055230,2721,2582,397066.49138210,4435683.92874895,40.06512960,-88.20701150,2719.63681345,2650.22792996,2720,2650,397066.44772945,4435681.48143629,40.06510755,-88.20701162,2665.81716894,2649.16939160,2666,2649,397064.51487589,4435681.51945058,40.06510766,-88.20703429,2693.33473766,2615.62497195,397065.50312899,4435682.72409976,40.06511863,-88.20702290,4.73242188,"POLYGON((2667.033 2581.022, 2720.852 2582.081, 2719.637 2650.228, 2665.817 2649.169, 2667.033 2581.022))","POLYGON((397064.559 4435683.967, 397066.491 4435683.929, 397066.448 4435681.481, 397064.515 4435681.519, 397064.559 4435683.967))"
B11_R4_C0,B11,11,4,0,AG34XF6,10,4,80.37000000,210.00000000,87.21000000,218.00000000,2453.35213369,2491.60518599,2453,2492,397056.88450589,4435687.17790565,40.06515770,-88.20712465,2507.17177820,2492.66372435,2507,2493,397058.81735946,4435687.13989136,40.06515759,-88.20710198,2505.95628527,2560.81110202,2506,2561,397058.77370681,4435684.69257870,40.06513554,-88.20710210,2452.13664076,2559.75256366,2452,2560,397056.84085325,4435684.73059299,40.06513565,-88.20712477,2479.65420948,2526.20814401,397057.82910635,4435685.93524218,40.06514662,-88.20711337,4.73144531,"POLYGON((2453.352 2491.605, 2507.172 2492.664, 2505.956 2560.811, 2452.137 2559.753, 2453.352 2491.605))","POLYGON((397056.885 4435687.178, 397058.817 4435687.140, 397058.774 4435684.693, 397056.841 4435684.731, 397056.885 4435687.178))"
B11_R4_C1,B11,11,4,1,LG3216,9,4,87.21000000,210.00000000,94.05000000,218.00000000,2507.17177820,2492.66372435,2507,2493,397058.81735946,4435687.13989136,40.06515759,-88.20710198,2560.99142270,2493.72226271,2561,2494,397060.75021302,4435687.10187706,40.06515748,-88.20707931,2559.77592978,2561.86964038,2560,2562,397060.70656038,4435684.65456441,40.06513543,-88.20707944,2505.95628527,2560.81110202,2506,2561,397058.77370681,4435684.69257870,40.06513554,-88.20710210,2533.47385399,2527.26668237,397059.76195992,4435685.89722788,40.06514651,-88.20709071,4.73193359,"POLYGON((2507.172 2492.664, 2560.991 2493.722, 2559.776 2561.870, 2505.956 2560.811, 2507.172 2492.664))","POLYGON((397058.817 4435687.140, 397060.750 4435687.102, 397060.707 4435684.655, 397058.774 4435684.693, 397058.817 4435687.140))"
B11_R4_C2,B11,11,4,2,AG35XF5,8,4,94.05000000,210.00000000,100.89000000,218.00000000,2560.99142270,2493.72226271,2561,2494,397060.75021302,4435687.10187706,40.06515748,-88.20707931,2614.81106721,2494.78080107,2615,2495,397062.68306658,4435687.06386277,40.06515738,-88.20705665,2613.59557428,2562.92817874,2614,2563,397062.63941394,4435684.61655012,40.06513533,-88.20705677,2559.77592978,2561.86964038,2560,2562,397060.70656038,4435684.65456441,40.06513543,-88.20707944,2587.29349849,2528.32522073,397061.69481348,4435685.85921359,40.06514641,-88.20706804,4.73144531,"POLYGON((2560.991 2493.722, 2614.811 2494.781, 2613.596 2562.928, 2559.776 2561.870, 2560.991 2493.722))","POLYGON((397060.750 4435687.102, 397062.683 4435687.064, 397062.639 4435684.617, 397060.707 4435684.655, 397060.750 4435687.102))"
B11_R4_C3,B11,11,4,3,LG3216,7,4,100.89000000,210.00000000,107.73000000,218.00000000,2614.81106721,2494.78080107,2615,2495,397062.68306658,4435687.06386277,40.06515738,-88.20705665,2668.63071172,2495.83933943,2669,2496,397064.61592015,4435687.02584848,40.06515727,-88.20703398,2667.41521879,2563.98671710,2667,2564,397064.57226750,4435684.57853583,40.06513522,-88.20703410,2613.59557428,2562.92817874,2614,2563,397062.63941394,4435684.61655012,40.06513533,-88.20705677,2641.11314300,2529.38375909,397063.62766704,4435685.82119930,40.06514630,-88.20704538,4.73193359,"POLYGON((2614.811 2494.781, 2668.631 2495.839, 2667.415 2563.987, 2613.596 2562.928, 2614.811 2494.781))","POLYGON((397062.683 4435687.064, 397064.616 4435687.026, 397064.572 4435684.579, 397062.639 4435684.617, 397062.683 4435687.064))"
B11_R4_C4,B11,11,4,4,AG29XF5,6,4,107.72000000,210.00000000,114.56000000,218.00000000,2668.55202803,2495.83779186,2669,2496,397064.61309434,4435687.02590406,40.06515727,-88.20703401,2722.37167253,2496.89633022,2722,2497,397066.54594790,4435686.98788976,40.06515717,-88.20701135,2721.15617961,2565.04370789,2721,2565,397066.50229526,4435684.54057711,40.06513512,-88.20701147,2667.33653510,2563.98516953,2667,2564,397064.56944169,4435684.57859140,40.06513522,-88.20703414,2694.85410382,2530.44074987,397065.55769480,4435685.78324058,40.06514619,-88.20702274,4.73193359,"POLYGON((2668.552 2495.838, 2722.372 2496.896, 2721.156 2565.044, 2667.337 2563.985, 2668.552 2495.838))","POLYGON((397064.613 4435687.026, 397066.546 4435686.988, 397066.502 4435684.541, 397064.569 4435684.579, 397064.613 4435687.026))"
B11_R5_C0,B11,11,5,0,LG3216,10,3,80.37000000,220.00000000,87.21000000,228.00000000,2454.87149985,2406.42096392,2455,2406,397056.93907170,4435690.23704647,40.06518526,-88.20712449,2508.69114436,2407.47950228,2509,2407,397058.87192526,4435690.19903218,40.06518515,-88.20710183,2507.47565143,2475.62687994,2507,2476,397058.82827262,4435687.75171952,40.06516310,-88.20710195,2453.65600692,2474.56834158,2454,2475,397056.89541905,4435687.78973381,40.06516321,-88.20712462,2481.17357564,2441.02392193,397057.88367216,4435688.99438300,40.06517418,-88.20711322,4.73242188,"POLYGON((2454.871 2406.421, 2508.691 2407.480, 2507.476 2475.627, 2453.656 2474.568, 2454.871 2406.421))","POLYGON((397056.939 4435690.237, 397058.872 4435690.199, 397058.828 4435687.752, 397056.895 4435687.790, 397056.939 4435690.237))"
B11_R5_C1,B11,11,5,1,AG36XF4,9,3,87.21000000,220.00000000,94.05000000,228.00000000,2508.69114436,2407.47950228,2509,2407,397058.87192526,4435690.19903218,40.06518515,-88.20710183,2562.51078886,2408.53804064,2563,2409,397060.80477883,4435690.16101788,40.06518505,-88.20707916,2561.29529594,2476.68541830,2561,2477,397060.76112618,4435687.71370523,40.06516300,-88.20707928,2507.47565143,2475.62687994,2507,2476,397058.82827262,4435687.75171952,40.06516310,-88.20710195,2534.99322015,2442.08246029,397059.81652572,4435688.95636870,40.06517408,-88.20709056,4.73193359,"POLYGON((2508.691 2407.480, 2562.511 2408.538, 2561.295 2476.685, 2507.476 2475.627, 2508.691 2407.480))","POLYGON((397058.872 4435690.199, 397060.805 4435690.161, 397060.761 4435687.714, 397058.828 4435687.752, 397058.872 4435690.199))"
B11_R5_C2,B11,11,5,2,LG3216,8,3,94.05000000,220.00000000,100.89000000,228.00000000,2562.51078886,2408.53804064,2563,2409,397060.80477883,4435690.16101788,40.06518505,-88.20707916,2616.33043337,2409.59657900,2616,2410,397062.73763239,4435690.12300359,40.06518494,-88.20705649,2615.11494044,2477.74395666,2615,2478,397062.69397975,4435687.67569094,40.06516289,-88.20705662,2561.29529594,2476.68541830,2561,2477,397060.76112618,4435687.71370523,40.06516300,-88.20707928,2588.81286465,2443.14099865,397061.74937929,4435688.91835441,40.06517397,-88.20706789,4.73193359,"POLYGON((2562.511 2408.538, 2616.330 2409.597, 2615.115 2477.744, 2561.295 2476.685, 2562.511 2408.538))","POLYGON((397060.805 4435690.161, 397062.738 4435690.123, 397062.694 4435687.676, 397060.761 4435687.714, 397060.805 4435690.161))"
B11_R5_C3,B11,11,5,3,AG29XF5,7,3,100.89000000,220.00000000,107.73000000,228.00000000,2616.33043337,2409.59657900,2616,2410,397062.73763239,4435690.12300359,40.06518494,-88.20705649,2670.15007788,2410.65511736,2670,2411,397064.67048595,4435690.08498930,40.06518483,-88.20703383,2668.93458495,2478.80249502,2669,2479,397064.62683331,4435687.63767664,40.06516278,-88.20703395,2615.11494044,2477.74395666,2615,2478,397062.69397975,4435687.67569094,40.06516289,-88.20705662,2642.63250916,2444.19953701,397063.68223285,4435688.88034012,40.06517386,-88.20704522,4.73144531,"POLYGON((2616.330 2409.597, 2670.150 2410.655, 2668.935 2478.802, 2615.115 2477.744, 2616.330 2409.597))","POLYGON((397062.738 4435690.123, 397064.670 4435690.085, 397064.627 4435687.638, 397062.694 4435687.676, 397062.738 4435690.123))"
B11_R5_C4,B11,11,5,4,LG3216,6,3,107.72000000,220.00000000,114.56000000,228.00000000,2670.07139419,2410.65356979,2670,2411,397064.66766015,4435690.08504488,40.06518483,-88.20703386,2723.89103869,2411.71210815,2724,2412,397066.60051371,4435690.04703058,40.06518473,-88.20701120,2722.67554577,2479.85948581,2723,2480,397066.55686106,4435687.59971793,40.06516268,-88.20701132,2668.85590126,2478.80094745,2669,2479,397064.62400750,4435687.63773222,40.06516278,-88.20703398,2696.37346998,2445.25652780,397065.61226060,4435688.84238140,40.06517376,-88.20702259,4.73144531,"POLYGON((2670.071 2410.654, 2723.891 2411.712, 2722.676 2479.859, 2668.856 2478.801, 2670.071 2410.654))","POLYGON((397064.668 4435690.085, 397066.601 4435690.047, 397066.557 4435687.600, 397064.624 4435687.638, 397064.668 4435690.085))"
B11_R6_C0,B11,11,6,0,AG29XF4,10,2,80.37000000,230.00000000,87.21000000,238.00000000,2456.39086601,2321.23674184,2456,2321,397056.99363751,4435693.29618729,40.06521282,-88.20712434,2510.21051052,2322.29528020,2510,2322,397058.92649107,4435693.25817300,40.06521272,-88.20710167,2508.99501759,2390.44265786,2509,2390,397058.88283842,4435690.81086034,40.06519067,-88.20710180,2455.17537308,2389.38411950,2455,2389,397056.94998486,4435690.84887463,40.06519077,-88.20712446,2482.69294180,2355.83969985,397057.93823797,4435692.05352381,40.06520174,-88.20711307,4.73193359,"POLYGON((2456.391 2321.237, 2510.211 2322.295, 2508.995 2390.443, 2455.175 2389.384, 2456.391 2321.237))","POLYGON((397056.994 4435693.296, 397058.926 4435693.258, 397058.883 4435690.811, 397056.950 4435690.849, 397056.994 4435693.296))"
B11_R6_C1,B11,11,6,1,LG3216,9,2,87.21000000,230.00000000,94.05000000,238.00000000,2510.21051052,2322.29528020,2510,2322,397058.92649107,4435693.25817300,40.06521272,-88.20710167,2564.03015502,2323.35381856,2564,2323,397060.85934463,4435693.22015870,40.06521261,-88.20707901,2562.81466210,2391.50119622,2563,2392,397060.81569199,4435690.77284605,40.06519056,-88.20707913,2508.99501759,2390.44265786,2509,2390,397058.88283842,4435690.81086034,40.06519067,-88.20710180,2536.51258631,2356.89823821,397059.87109153,4435692.01550952,40.06520164,-88.20709040,4.73193359,"POLYGON((2510.211 2322.295, 2564.030 2323.354, 2562.815 2391.501, 2508.995 2390.443, 2510.211 2322.295))","POLYGON((397058.926 4435693.258, 397060.859 4435693.220, 397060.816 4435690.773, 397058.883 4435690.811, 397058.926 4435693.258))"
B11_R6_C2,B11,11,6,2,AG36XF4,8,2,94.05000000,230.00000000,100.89000000,238.00000000,2564.03015502,2323.35381856,2564,2323,397060.85934463,4435693.22015870,40.06521261,-88.20707901,2617.84979953,2324.41235692,2618,2324,397062.79219820,4435693.18214441,40.06521250,-88.20705634,2616.63430660,2392.55973458,2617,2393,397062.74854555,4435690.73483176,40.06519045,-88.20705646,2562.81466210,2391.50119622,2563,2392,397060.81569199,4435690.77284605,40.06519056,-88.20707913,2590.33223081,2357.95677657,397061.80394509,4435691.97749523,40.06520153,-88.20706774,4.73193359,"POLYGON((2564.030 2323.354, 2617.850 2324.412, 2616.634 2392.560, 2562.815 2391.501, 2564.030 2323.354))","POLYGON((397060.859 4435693.220, 397062.792 4435693.182, 397062.749 4435690.735, 397060.816 4435690.773, 397060.859 4435693.220))"
B11_R6_C3,B11,11,6,3,LG3216,7,2,100.89000000,230.00000000,107.73000000,238.00000000,2617.84979953,2324.41235692,2618,2324,397062.79219820,4435693.18214441,40.06521250,-88.20705634,2671.66944404,2325.47089528,2672,2325,397064.72505176,4435693.14413012,40.06521240,-88.20703368,2670.45395111,2393.61827294,2670,2394,397064.68139912,4435690.69681746,40.06519035,-88.20703380,2616.63430660,2392.55973458,2617,2393,397062.74854555,4435690.73483176,40.06519045,-88.20705646,2644.15187532,2359.01531493,397063.73679866,4435691.93948094,40.06520143,-88.20704507,4.73242188,"POLYGON((2617.850 2324.412, 2671.669 2325.471, 2670.454 2393.618, 2616.634 2392.560, 2617.850 2324.412))","POLYGON((397062.792 4435693.182, 397064.725 4435693.144, 397064.681 4435690.697, 397062.749 4435690.735, 397062.792 4435693.182))"
B11_R6_C4,B11,11,6,4,AG40XFF5,6,2,107.72000000,230.00000000,114.56000000,238.00000000,2671.59076035,2325.46934771,2672,2325,397064.72222595,4435693.14418570,40.06521240,-88.20703371,2725.41040485,2326.52788607,2725,2327,397066.65507952,4435693.10617140,40.06521229,-88.20701104,2724.19491193,2394.67526373,2724,2395,397066.61142687,4435690.65885875,40.06519024,-88.20701116,2670.37526742,2393.61672537,2670,2394,397064.67857331,4435690.69687304,40.06519035,-88.20703383,2697.89283614,2360.07230572,397065.66682641,4435691.90152222,40.06520132,-88.20702244,4.73144531,"POLYGON((2671.591 2325.469, 2725.410 2326.528, 2724.195 2394.675, 2670.375 2393.617, 2671.591 2325.469))","POLYGON((397064.722 4435693.144, 397066.655 4435693.106, 397066.611 4435690.659, 397064.679 4435690.697, 397064.722 4435693.144))"
B11_R7_C0,B11,11,7,0,LG3216,10,1,80.37000000,240.00000000,87.21000000,248.00000000,2457.91023217,2236.05251976,2458,2236,397057.04820331,4435696.35532811,40.06524038,-88.20712419,2511.72987668,2237.11105812,2512,2237,397058.98105688,4435696.31731382,40.06524028,-88.20710152,2510.51438375,2305.25843578,2511,2305,397058.93740423,4435693.87000116,40.06521823,-88.20710164,2456.69473924,2304.19989742,2457,2304,397057.00455067,4435693.90801545,40.06521833,-88.20712431,2484.21230796,2270.65547777,397057.99280377,4435695.11266463,40.06522931,-88.20711291,4.73193359,"POLYGON((2457.910 2236.053, 2511.730 2237.111, 2510.514 2305.258, 2456.695 2304.200, 2457.910 2236.053))","POLYGON((397057.048 4435696.355, 397058.981 4435696.317, 397058.937 4435693.870, 397057.005 4435693.908, 397057.048 4435696.355))"
B11_R7_C1,B11,11,7,1,AG34XF6,9,1,87.21000000,240.00000000,94.05000000,248.00000000,2511.72987668,2237.11105812,2512,2237,397058.98105688,4435696.31731382,40.06524028,-88.20710152,2565.54952118,2238.16959648,2566,2238,397060.91391044,4435696.27929952,40.06524017,-88.20707885,2564.33402825,2306.31697414,2564,2306,397060.87025779,4435693.83198687,40.06521812,-88.20707898,2510.51438375,2305.25843578,2511,2305,397058.93740423,4435693.87000116,40.06521823,-88.20710164,2538.03195246,2271.71401613,397059.92565734,4435695.07465034,40.06522920,-88.20709025,4.73193359,"POLYGON((2511.730 2237.111, 2565.550 2238.170, 2564.334 2306.317, 2510.514 2305.258, 2511.730 2237.111))","POLYGON((397058.981 4435696.317, 397060.914 4435696.279, 397060.870 4435693.832, 397058.937 4435693.870, 397058.981 4435696.317))"
B11_R7_C2,B11,11,7,2,LG3216,8,1,94.05000000,240.00000000,100.89000000,248.00000000,2565.54952118,2238.16959648,2566,2238,397060.91391044,4435696.27929952,40.06524017,-88.20707885,2619.36916569,2239.22813484,2619,2239,397062.84676400,4435696.24128523,40.06524007,-88.20705619,2618.15367276,2307.37551250,2618,2307,397062.80311136,4435693.79397258,40.06521802,-88.20705631,2564.33402825,2306.31697414,2564,2306,397060.87025779,4435693.83198687,40.06521812,-88.20707898,2591.85159697,2272.77255449,397061.85851090,4435695.03663605,40.06522909,-88.20706758,4.73193359,"POLYGON((2565.550 2238.170, 2619.369 2239.228, 2618.154 2307.376, 2564.334 2306.317, 2565.550 2238.170))","POLYGON((397060.914 4435696.279, 397062.847 4435696.241, 397062.803 4435693.794, 397060.870 4435693.832, 397060.914 4435696.279))"
B11_R7_C3,B11,11,7,3,AG38XF6,7,1,100.89000000,240.00000000,107.73000000,248.00000000,2619.36916569,2239.22813484,2619,2239,397062.84676400,4435696.24128523,40.06524007,-88.20705619,2673.18881020,2240.28667320,2673,2240,397064.77961757,4435696.20327094,40.06523996,-88.20703352,2671.97331727,2308.43405086,2672,2308,397064.73596492,4435693.75595828,40.06521791,-88.20703364,2618.15367276,2307.37551250,2618,2307,397062.80311136,4435693.79397258,40.06521802,-88.20705631,2645.67124148,2273.83109285,397063.79136446,4435694.99862176,40.06522899,-88.20704492,4.73193359,"POLYGON((2619.369 2239.228, 2673.189 2240.287, 2671.973 2308.434, 2618.154 2307.376, 2619.369 2239.228))","POLYGON((397062.847 4435696.241, 397064.780 4435696.203, 397064.736 4435693.756, 397062.803 4435693.794, 397062.847 4435696.241))"
B11_R7_C4,B11,11,7,4,LG3216,6,1,107.72000000,240.00000000,114.56000000,248.00000000,2673.11012651,2240.28512563,2673,2240,397064.77679176,4435696.20332651,40.06523996,-88.20703355,2726.92977101,2241.34366399,2727,2241,397066.70964532,4435696.16531222,40.06523985,-88.20701089,2725.71427808,2309.49104165,2726,2309,397066.66599268,4435693.71799957,40.06521780,-88.20701101,2671.89463358,2308.43250329,2672,2308,397064.73313911,4435693.75601386,40.06521791,-88.20703368,2699.41220229,2274.88808364,397065.72139222,4435694.96066304,40.06522888,-88.20702228,4.73193359,"POLYGON((2673.110 2240.285, 2726.930 2241.344, 2725.714 2309.491, 2671.895 2308.433, 2673.110 2240.285))","POLYGON((397064.777 4435696.203, 397066.710 4435696.165, 397066.666 4435693.718, 397064.733 4435693.756, 397064.777 4435696.203))"
B12_R0_C0,B12,12,0,0,LD11-2170,5,8,115.81000000,170.00000000,122.65000000,178.00000000,2726.12966925,2837.82666487,2726,2838,397066.68091084,4435674.74437943,40.06504690,-88.20700782,2779.94931375,2838.88520323,2780,2839,397068.61376440,4435674.70636514,40.06504679,-88.20698515,2778.73382083,2907.03258089,2779,2907,397068.57011176,4435672.25905248,40.06502474,-88.20698528,2724.91417632,2905.97404253,2725,2906,397066.63725820,4435672.29706678,40.06502485,-88.20700794,2752.43174504,2872.42962288,397067.62551130,4435673.50171596,40.06503582,-88.20699655,4.73193359,"POLYGON((2726.130 2837.827, 2779.949 2838.885, 2778.734 2907.033, 2724.914 2905.974, 2726.130 2837.827))","POLYGON((397066.681 4435674.744, 397068.614 4435674.706, 397068.570 4435672.259, 397066.637 4435672.297, 397066.681 4435674.744))"
B12_R0_C1,B12,12,0,1,AG29XF5,4,8,122.65000000,170.00000000,129.49000000,178.00000000,2779.94931375,2838.88520323,2780,2839,397068.61376440,4435674.70636514,40.06504679,-88.20698515,2833.76895826,2839.94374159,2834,2840,397070.54661797,4435674.66835085,40.06504668,-88.20696249,2832.55346533,2908.09111925,2833,2908,397070.50296532,4435672.22103819,40.06502463,-88.20696261,2778.73382083,2907.03258089,2779,2907,397068.57011176,4435672.25905248,40.06502474,-88.20698528,2806.25138954,2873.48816124,397069.55836486,4435673.46370167,40.06503571,-88.20697388,4.73193359,"POLYGON((2779.949 2838.885, 2833.769 2839.944, 2832.553 2908.091, 2778.734 2907.033, 2779.949 2838.885))","POLYGON((397068.614 4435674.706, 397070.547 4435674.668, 397070.503 4435672.221, 397068.570 4435672.259, 397068.614 4435674.706))"
B12_R0_C2,B12,12,0,2,LD21-5253,3,8,129.49000000,170.00000000,136.33000000,178.00000000,2833.76895826,2839.94374159,2834,2840,397070.54661797,4435674.66835085,40.06504668,-88.20696249,2887.58860277,2841.00227995,2888,2841,397072.47947153,4435674.63033655,40.06504658,-88.20693982,2886.37310984,2909.14965761,2886,2909,397072.43581889,4435672.18302390,40.06502453,-88.20693994,2832.55346533,2908.09111925,2833,2908,397070.50296532,4435672.22103819,40.06502463,-88.20696261,2860.07103405,2874.54669960,397071.49121843,4435673.42568737,40.06503561,-88.20695122,4.73193359,"POLYGON((2833.769 2839.944, 2887.589 2841.002, 2886.373 2909.150, 2832.553 2908.091, 2833.769 2839.944))","POLYGON((397070.547 4435674.668, 397072.479 4435674.630, 397072.436 4435672.183, 397070.503 4435672.221, 397070.547 4435674.668))"
B12_R0_C3,B12,12,0,3,AG29XF4,2,8,136.32000000,170.00000000,143.16000000,178.00000000,2887.50991908,2841.00073238,2888,2841,397072.47664572,4435674.63039213,40.06504658,-88.20693985,2941.32956358,2842.05927074,2941,2842,397074.40949929,4435674.59237784,40.06504647,-88.20691719,2940.11407066,2910.20664840,2940,2910,397074.36584664,4435672.14506518,40.06502442,-88.20691731,2886.29442615,2909.14811004,2886,2909,397072.43299308,4435672.18307948,40.06502453,-88.20693998,2913.81199487,2875.60369039,397073.42124618,4435673.38772866,40.06503550,-88.20692858,4.73144531,"POLYGON((2887.510 2841.001, 2941.330 2842.059, 2940.114 2910.207, 2886.294 2909.148, 2887.510 2841.001))","POLYGON((397072.477 4435674.630, 397074.409 4435674.592, 397074.366 4435672.145, 397072.433 4435672.183, 397072.477 4435674.630))"
B12_R0_C4,B12,12,0,4,LD20-5413,1,8,143.16000000,170.00000000,150.00000000,178.00000000,2941.32956358,2842.05927074,2941,2842,397074.40949929,4435674.59237784,40.06504647,-88.20691719,2995.14920809,2843.11780910,2995,2843,397076.34235285,4435674.55436355,40.06504637,-88.20689452,2993.93371516,2911.26518676,2994,2911,397076.29870020,4435672.10705089,40.06502432,-88.20689464,2940.11407066,2910.20664840,2940,2910,397074.36584664,4435672.14506518,40.06502442,-88.20691731,2967.63163937,2876.66222875,397075.35409975,4435673.34971436,40.06503539,-88.20690592,4.73193359,"POLYGON((2941.330 2842.059, 2995.149 2843.118, 2993.934 2911.265, 2940.114 2910.207, 2941.330 2842.059))","POLYGON((397074.409 4435674.592, 397076.342 4435674.554, 397076.299 4435672.107, 397074.366 4435672.145, 397074.409 4435674.592))"
B12_R1_C0,B12,12,1,0,AG29XF5,5,7,115.81000000,180.00000000,122.65000000,188.00000000,2727.64903541,2752.64244279,2728,2753,397066.73547665,4435677.80352025,40.06507446,-88.20700767,2781.46867991,2753.70098115,2781,2754,397068.66833021,4435677.76550596,40.06507435,-88.20698500,2780.25318699,2821.84835882,2780,2822,397068.62467757,4435675.31819330,40.06505230,-88.20698512,2726.43354248,2820.78982046,2726,2821,397066.69182400,4435675.35620760,40.06505241,-88.20700779,2753.95111120,2787.24540080,397067.68007711,4435676.56085678,40.06506338,-88.20699639,4.73193359,"POLYGON((2727.649 2752.642, 2781.469 2753.701, 2780.253 2821.848, 2726.434 2820.790, 2727.649 2752.642))","POLYGON((397066.735 4435677.804, 397068.668 4435677.766, 397068.625 4435675.318, 397066.692 4435675.356, 397066.735 4435677.804))"
B12_R1_C1,B12,12,1,1,LD21-7234,4,7,122.65000000,180.00000000,129.49000000,188.00000000,2781.46867991,2753.70098115,2781,2754,397068.66833021,4435677.76550596,40.06507435,-88.20698500,2835.28832442,2754.75951951,2835,2755,397070.60118377,4435677.72749167,40.06507425,-88.20696233,2834.07283149,2822.90689717,2834,2823,397070.55753113,4435675.28017901,40.06505220,-88.20696246,2780.25318699,2821.84835882,2780,2822,397068.62467757,4435675.31819330,40.06505230,-88.20698512,2807.77075570,2788.30393916,397069.61293067,4435676.52284248,40.06506327,-88.20697373,4.73242188,"POLYGON((2781.469 2753.701, 2835.288 2754.760, 2834.073 2822.907, 2780.253 2821.848, 2781.469 2753.701))","POLYGON((397068.668 4435677.766, 397070.601 4435677.727, 397070.558 4435675.280, 397068.625 4435675.318, 397068.668 4435677.766))"
B12_R1_C2,B12,12,1,2,AG29XF4,3,7,129.49000000,180.00000000,136.33000000,188.00000000,2835.28832442,2754.75951951,2835,2755,397070.60118377,4435677.72749167,40.06507425,-88.20696233,2889.10796893,2755.81805787,2889,2756,397072.53403734,4435677.68947737,40.06507414,-88.20693967,2887.89247600,2823.96543553,2888,2824,397072.49038469,4435675.24216472,40.06505209,-88.20693979,2834.07283149,2822.90689717,2834,2823,397070.55753113,4435675.28017901,40.06505220,-88.20696246,2861.59040021,2789.36247752,397071.54578423,4435676.48482819,40.06506317,-88.20695106,4.73193359,"POLYGON((2835.288 2754.760, 2889.108 2755.818, 2887.892 2823.965, 2834.073 2822.907, 2835.288 2754.760))","POLYGON((397070.601 4435677.727, 397072.534 4435677.689, 397072.490 4435675.242, 397070.558 4435675.280, 397070.601 4435677.727))"
B12_R1_C3,B12,12,1,3,LD20-4988,2,7,136.32000000,180.00000000,143.16000000,188.00000000,2889.02928524,2755.81651030,2889,2756,397072.53121153,4435677.68953295,40.06507414,-88.20693970,2942.84892974,2756.87504866,2943,2757,397074.46406509,4435677.65151866,40.06507403,-88.20691704,2941.63343682,2825.02242632,2942,2825,397074.42041245,4435675.20420600,40.06505198,-88.20691716,2887.81379231,2823.96388796,2888,2824,397072.48755888,4435675.24222029,40.06505209,-88.20693982,2915.33136103,2790.41946831,397073.47581199,4435676.44686948,40.06506306,-88.20692843,4.73193359,"POLYGON((2889.029 2755.817, 2942.849 2756.875, 2941.633 2825.022, 2887.814 2823.964, 2889.029 2755.817))","POLYGON((397072.531 4435677.690, 397074.464 4435677.652, 397074.420 4435675.204, 397072.488 4435675.242, 397072.531 4435677.690))"
B12_R1_C4,B12,12,1,4,AG29XF4,1,7,143.16000000,180.00000000,150.00000000,188.00000000,2942.84892974,2756.87504866,2943,2757,397074.46406509,4435677.65151866,40.06507403,-88.20691704,2996.66857425,2757.93358702,2997,2758,397076.39691866,4435677.61350437,40.06507393,-88.20689437,2995.45308132,2826.08096468,2995,2826,397076.35326601,4435675.16619171,40.06505188,-88.20689449,2941.63343682,2825.02242632,2942,2825,397074.42041245,4435675.20420600,40.06505198,-88.20691716,2969.15100553,2791.47800667,397075.40866555,4435676.40885518,40.06506296,-88.20690576,4.73242188,"POLYGON((2942.849 2756.875, 2996.669 2757.934, 2995.453 2826.081, 2941.633 2825.022, 2942.849 2756.875))","POLYGON((397074.464 4435677.652, 397076.397 4435677.614, 397076.353 4435675.166, 397074.420 4435675.204, 397074.464 4435677.652))"
B12_R2_C0,B12,12,2,0,LD20-5738,5,6,115.81000000,190.00000000,122.65000000,198.00000000,2729.16840157,2667.45822072,2729,2667,397066.79004245,4435680.86266107,40.06510202,-88.20700751,2782.98804607,2668.51675908,2783,2669,397068.72289602,4435680.82464678,40.06510192,-88.20698485,2781.77255314,2736.66413674,2782,2737,397068.67924337,4435678.37733412,40.06507987,-88.20698497,2727.95290864,2735.60559838,2728,2736,397066.74638981,4435678.41534841,40.06507997,-88.20700764,2755.47047736,2702.06117873,397067.73464291,4435679.61999760,40.06509094,-88.20699624,4.73144531,"POLYGON((2729.168 2667.458, 2782.988 2668.517, 2781.773 2736.664, 2727.953 2735.606, 2729.168 2667.458))","POLYGON((397066.790 4435680.863, 397068.723 4435680.825, 397068.679 4435678.377, 397066.746 4435678.415, 397066.790 4435680.863))"
B12_R2_C1,B12,12,2,1,AG29XF5,4,6,122.65000000,190.00000000,129.49000000,198.00000000,2782.98804607,2668.51675908,2783,2669,397068.72289602,4435680.82464678,40.06510192,-88.20698485,2836.80769058,2669.57529744,2837,2670,397070.65574958,4435680.78663249,40.06510181,-88.20696218,2835.59219765,2737.72267510,2836,2738,397070.61209694,4435678.33931983,40.06507976,-88.20696230,2781.77255314,2736.66413674,2782,2737,397068.67924337,4435678.37733412,40.06507987,-88.20698497,2809.29012186,2703.11971709,397069.66749648,4435679.58198330,40.06509084,-88.20697358,4.73242188,"POLYGON((2782.988 2668.517, 2836.808 2669.575, 2835.592 2737.723, 2781.773 2736.664, 2782.988 2668.517))","POLYGON((397068.723 4435680.825, 397070.656 4435680.787, 397070.612 4435678.339, 397068.679 4435678.377, 397068.723 4435680.825))"
B12_R2_C2,B12,12,2,2,LD20-4542,3,6,129.49000000,190.00000000,136.33000000,198.00000000,2836.80769058,2669.57529744,2837,2670,397070.65574958,4435680.78663249,40.06510181,-88.20696218,2890.62733509,2670.63383580,2891,2671,397072.58860314,4435680.74861819,40.06510170,-88.20693951,2889.41184216,2738.78121346,2889,2739,397072.54495050,4435678.30130554,40.06507965,-88.20693964,2835.59219765,2737.72267510,2836,2738,397070.61209694,4435678.33931983,40.06507976,-88.20696230,2863.10976637,2704.17825545,397071.60035004,4435679.54396901,40.06509073,-88.20695091,4.73193359,"POLYGON((2836.808 2669.575, 2890.627 2670.634, 2889.412 2738.781, 2835.592 2737.723, 2836.808 2669.575))","POLYGON((397070.656 4435680.787, 397072.589 4435680.749, 397072.545 4435678.301, 397070.612 4435678.339, 397070.656 4435680.787))"
B12_R2_C3,B12,12,2,3,AG29XF5,2,6,136.32000000,190.00000000,143.16000000,198.00000000,2890.54865140,2670.63228822,2891,2671,397072.58577733,4435680.74867377,40.06510170,-88.20693955,2944.36829590,2671.69082658,2944,2672,397074.51863090,4435680.71065948,40.06510160,-88.20691688,2943.15280297,2739.83820425,2943,2740,397074.47497825,4435678.26334682,40.06507955,-88.20691700,2889.33315847,2738.77966589,2889,2739,397072.54212469,4435678.30136111,40.06507965,-88.20693967,2916.85072719,2705.23524624,397073.53037779,4435679.50601030,40.06509062,-88.20692828,4.73242188,"POLYGON((2890.549 2670.632, 2944.368 2671.691, 2943.153 2739.838, 2889.333 2738.780, 2890.549 2670.632))","POLYGON((397072.586 4435680.749, 397074.519 4435680.711, 397074.475 4435678.263, 397072.542 4435678.301, 397072.586 4435680.749))"
B12_R2_C4,B12,12,2,4,LD22-4283,1,6,143.16000000,190.00000000,150.00000000,198.00000000,2944.36829590,2671.69082658,2944,2672,397074.51863090,4435680.71065948,40.06510160,-88.20691688,2998.18794041,2672.74936494,2998,2673,397076.45148446,4435680.67264519,40.06510149,-88.20689422,2996.97244748,2740.89674261,2997,2741,397076.40783182,4435678.22533253,40.06507944,-88.20689434,2943.15280297,2739.83820425,2943,2740,397074.47497825,4435678.26334682,40.06507955,-88.20691700,2970.67037169,2706.29378460,397075.46323136,4435679.46799600,40.06509052,-88.20690561,4.73193359,"POLYGON((2944.368 2671.691, 2998.188 2672.749, 2996.972 2740.897, 2943.153 2739.838, 2944.368 2671.691))","POLYGON((397074.519 4435680.711, 397076.451 4435680.673, 397076.408 4435678.225, 397074.475 4435678.263, 397074.519 4435680.711))"
B12_R3_C0,B12,12,3,0,AG29XF4,5,5,115.81000000,200.00000000,122.65000000,208.00000000,2730.68776772,2582.27399864,2731,2582,397066.84460826,4435683.92180189,40.06512958,-88.20700736,2784.50741223,2583.33253700,2785,2583,397068.77746182,4435683.88378760,40.06512948,-88.20698469,2783.29191930,2651.47991466,2783,2651,397068.73380918,4435681.43647494,40.06510743,-88.20698482,2729.47227480,2650.42137630,2729,2650,397066.80095561,4435681.47448923,40.06510753,-88.20700748,2756.98984351,2616.87695665,397067.78920872,4435682.67913842,40.06511851,-88.20699609,4.73144531,"POLYGON((2730.688 2582.274, 2784.507 2583.333, 2783.292 2651.480, 2729.472 2650.421, 2730.688 2582.274))","POLYGON((397066.845 4435683.922, 397068.777 4435683.884, 397068.734 4435681.436, 397066.801 4435681.474, 397066.845 4435683.922))"
B12_R3_C1,B12,12,3,1,LD20-4471,4,5,122.65000000,200.00000000,129.49000000,208.00000000,2784.50741223,2583.33253700,2785,2583,397068.77746182,4435683.88378760,40.06512948,-88.20698469,2838.32705674,2584.39107536,2838,2584,397070.71031539,4435683.84577330,40.06512937,-88.20696203,2837.11156381,2652.53845302,2837,2653,397070.66666274,4435681.39846065,40.06510732,-88.20696215,2783.29191930,2651.47991466,2783,2651,397068.73380918,4435681.43647494,40.06510743,-88.20698482,2810.80948802,2617.93549501,397069.72206228,4435682.64112412,40.06511840,-88.20697342,4.73193359,"POLYGON((2784.507 2583.333, 2838.327 2584.391, 2837.112 2652.538, 2783.292 2651.480, 2784.507 2583.333))","POLYGON((397068.777 4435683.884, 397070.710 4435683.846, 397070.667 4435681.398, 397068.734 4435681.436, 397068.777 4435683.884))"
B12_R3_C2,B12,12,3,2,AG29XF5,3,5,129.49000000,200.00000000,136.33000000,208.00000000,2838.32705674,2584.39107536,2838,2584,397070.71031539,4435683.84577330,40.06512937,-88.20696203,2892.14670125,2585.44961372,2892,2585,397072.64316895,4435683.80775901,40.06512927,-88.20693936,2890.93120832,2653.59699138,2891,2654,397072.59951631,4435681.36044636,40.06510722,-88.20693948,2837.11156381,2652.53845302,2837,2653,397070.66666274,4435681.39846065,40.06510732,-88.20696215,2864.62913253,2618.99403337,397071.65491585,4435682.60310983,40.06511829,-88.20695076,4.73144531,"POLYGON((2838.327 2584.391, 2892.147 2585.450, 2890.931 2653.597, 2837.112 2652.538, 2838.327 2584.391))","POLYGON((397070.710 4435683.846, 397072.643 4435683.808, 397072.600 4435681.360, 397070.667 4435681.398, 397070.710 4435683.846))"
B12_R3_C3,B12,12,3,3,LD20-4542,2,5,136.32000000,200.00000000,143.16000000,208.00000000,2892.06801755,2585.44806615,2892,2585,397072.64034314,4435683.80781459,40.06512927,-88.20693939,2945.88766206,2586.50660451,2946,2587,397074.57319670,4435683.76980030,40.06512916,-88.20691673,2944.67216913,2654.65398217,2945,2655,397074.52954406,4435681.32248764,40.06510711,-88.20691685,2890.85252463,2653.59544381,2891,2654,397072.59669050,4435681.36050193,40.06510722,-88.20693952,2918.37009334,2620.05102416,397073.58494360,4435682.56515111,40.06511819,-88.20692812,4.73193359,"POLYGON((2892.068 2585.448, 2945.888 2586.507, 2944.672 2654.654, 2890.853 2653.595, 2892.068 2585.448))","POLYGON((397072.640 4435683.808, 397074.573 4435683.770, 397074.530 4435681.322, 397072.597 4435681.361, 397072.640 4435683.808))"
B12_R3_C4,B12,12,3,4,AG29XF4,1,5,143.16000000,200.00000000,150.00000000,208.00000000,2945.88766206,2586.50660451,2946,2587,397074.57319670,4435683.76980030,40.06512916,-88.20691673,2999.70730657,2587.56514287,3000,2588,397076.50605027,4435683.73178601,40.06512905,-88.20689406,2998.49181364,2655.71252053,2998,2656,397076.46239762,4435681.28447335,40.06510700,-88.20689418,2944.67216913,2654.65398217,2945,2655,397074.52954406,4435681.32248764,40.06510711,-88.20691685,2972.18973785,2621.10956252,397075.51779716,4435682.52713682,40.06511808,-88.20690546,4.73193359,"POLYGON((2945.888 2586.507, 2999.707 2587.565, 2998.492 2655.713, 2944.672 2654.654, 2945.888 2586.507))","POLYGON((397074.573 4435683.770, 397076.506 4435683.732, 397076.462 4435681.284, 397074.530 4435681.322, 397074.573 4435683.770))"
B12_R4_C0,B12,12,4,0,LD22-4283,5,4,115.81000000,210.00000000,122.65000000,218.00000000,2732.20713388,2497.08977656,2732,2497,397066.89917407,4435686.98094271,40.06515715,-88.20700721,2786.02677839,2498.14831492,2786,2498,397068.83202763,4435686.94292842,40.06515704,-88.20698454,2784.81128546,2566.29569258,2785,2566,397068.78837498,4435684.49561576,40.06513499,-88.20698466,2730.99164096,2565.23715422,2731,2565,397066.85552142,4435684.53363005,40.06513510,-88.20700733,2758.50920967,2531.69273457,397067.84377452,4435685.73827923,40.06514607,-88.20699593,4.73144531,"POLYGON((2732.207 2497.090, 2786.027 2498.148, 2784.811 2566.296, 2730.992 2565.237, 2732.207 2497.090))","POLYGON((397066.899 4435686.981, 397068.832 4435686.943, 397068.788 4435684.496, 397066.856 4435684.534, 397066.899 4435686.981))"
B12_R4_C1,B12,12,4,1,AG29XF5,4,4,122.65000000,210.00000000,129.49000000,218.00000000,2786.02677839,2498.14831492,2786,2498,397068.83202763,4435686.94292842,40.06515704,-88.20698454,2839.84642290,2499.20685328,2840,2499,397070.76488119,4435686.90491412,40.06515693,-88.20696187,2838.63092997,2567.35423094,2839,2567,397070.72122855,4435684.45760147,40.06513488,-88.20696200,2784.81128546,2566.29569258,2785,2566,397068.78837498,4435684.49561576,40.06513499,-88.20698466,2812.32885418,2532.75127293,397069.77662809,4435685.70026494,40.06514596,-88.20697327,4.73193359,"POLYGON((2786.027 2498.148, 2839.846 2499.207, 2838.631 2567.354, 2784.811 2566.296, 2786.027 2498.148))","POLYGON((397068.832 4435686.943, 397070.765 4435686.905, 397070.721 4435684.458, 397068.788 4435684.496, 397068.832 4435686.943))"
B12_R4_C2,B12,12,4,2,LD20-4988,3,4,129.49000000,210.00000000,136.33000000,218.00000000,2839.84642290,2499.20685328,2840,2499,397070.76488119,4435686.90491412,40.06515693,-88.20696187,2893.66606740,2500.26539164,2894,2500,397072.69773476,4435686.86689983,40.06515683,-88.20693921,2892.45057448,2568.41276930,2892,2568,397072.65408211,4435684.41958718,40.06513478,-88.20693933,2838.63092997,2567.35423094,2839,2567,397070.72122855,4435684.45760147,40.06513488,-88.20696200,2866.14849869,2533.80981129,397071.70948165,4435685.66225065,40.06514586,-88.20695060,4.73193359,"POLYGON((2839.846 2499.207, 2893.666 2500.265, 2892.451 2568.413, 2838.631 2567.354, 2839.846 2499.207))","POLYGON((397070.765 4435686.905, 397072.698 4435686.867, 397072.654 4435684.420, 397070.721 4435684.458, 397070.765 4435686.905))"
B12_R4_C3,B12,12,4,3,AG29XF4,2,4,136.32000000,210.00000000,143.16000000,218.00000000,2893.58738371,2500.26384407,2894,2500,397072.69490895,4435686.86695541,40.06515683,-88.20693924,2947.40702822,2501.32238243,2947,2501,397074.62776251,4435686.82894112,40.06515672,-88.20691657,2946.19153529,2569.46976009,2946,2569,397074.58410987,4435684.38162846,40.06513467,-88.20691670,2892.37189079,2568.41122173,2892,2568,397072.65125630,4435684.41964275,40.06513478,-88.20693936,2919.88945950,2534.86680208,397073.63950941,4435685.62429194,40.06514575,-88.20692797,4.73144531,"POLYGON((2893.587 2500.264, 2947.407 2501.322, 2946.192 2569.470, 2892.372 2568.411, 2893.587 2500.264))","POLYGON((397072.695 4435686.867, 397074.628 4435686.829, 397074.584 4435684.382, 397072.651 4435684.420, 397072.695 4435686.867))"
B12_R4_C4,B12,12,4,4,LD20-4471,1,4,143.16000000,210.00000000,150.00000000,218.00000000,2947.40702822,2501.32238243,2947,2501,397074.62776251,4435686.82894112,40.06515672,-88.20691657,3001.22667273,2502.38092079,3001,2502,397076.56061607,4435686.79092682,40.06515662,-88.20689391,3000.01117980,2570.52829845,3000,2571,397076.51696343,4435684.34361417,40.06513457,-88.20689403,2946.19153529,2569.46976009,2946,2569,397074.58410987,4435684.38162846,40.06513467,-88.20691670,2973.70910401,2535.92534044,397075.57236297,4435685.58627764,40.06514564,-88.20690530,4.73193359,"POLYGON((2947.407 2501.322, 3001.227 2502.381, 3000.011 2570.528, 2946.192 2569.470, 2947.407 2501.322))","POLYGON((397074.628 4435686.829, 397076.561 4435686.791, 397076.517 4435684.344, 397074.584 4435684.382, 397074.628 4435686.829))"
B12_R5_C0,B12,12,5,0,AG29XF4,5,3,115.81000000,220.00000000,122.65000000,228.00000000,2733.72650004,2411.90555448,2734,2412,397066.95373987,4435690.04008353,40.06518471,-88.20700705,2787.54614455,2412.96409284,2788,2413,397068.88659344,4435690.00206924,40.06518460,-88.20698439,2786.33065162,2481.11147051,2786,2481,397068.84294079,4435687.55475658,40.06516255,-88.20698451,2732.51100712,2480.05293215,2733,2480,397066.91008723,4435687.59277087,40.06516266,-88.20700718,2760.02857583,2446.50851249,397067.89834033,4435688.79742005,40.06517363,-88.20699578,4.73242188,"POLYGON((2733.727 2411.906, 2787.546 2412.964, 2786.331 2481.111, 2732.511 2480.053, 2733.727 2411.906))","POLYGON((397066.954 4435690.040, 397068.887 4435690.002, 397068.843 4435687.555, 397066.910 4435687.593, 397066.954 4435690.040))"
B12_R5_C1,B12,12,5,1,LD20-5413,4,3,122.65000000,220.00000000,129.49000000,228.00000000,2787.54614455,2412.96409284,2788,2413,397068.88659344,4435690.00206924,40.06518460,-88.20698439,2841.36578906,2414.02263120,2841,2414,397070.81944700,4435689.96405494,40.06518450,-88.20696172,2840.15029613,2482.17000887,2840,2482,397070.77579435,4435687.51674229,40.06516245,-88.20696184,2786.33065162,2481.11147051,2786,2481,397068.84294079,4435687.55475658,40.06516255,-88.20698451,2813.84822034,2447.56705085,397069.83119389,4435688.75940576,40.06517352,-88.20697312,4.73193359,"POLYGON((2787.546 2412.964, 2841.366 2414.023, 2840.150 2482.170, 2786.331 2481.111, 2787.546 2412.964))","POLYGON((397068.887 4435690.002, 397070.819 4435689.964, 397070.776 4435687.517, 397068.843 4435687.555, 397068.887 4435690.002))"
B12_R5_C2,B12,12,5,2,AG29XF5,3,3,129.49000000,220.00000000,136.33000000,228.00000000,2841.36578906,2414.02263120,2841,2414,397070.81944700,4435689.96405494,40.06518450,-88.20696172,2895.18543356,2415.08116956,2895,2415,397072.75230056,4435689.92604065,40.06518439,-88.20693905,2893.96994064,2483.22854723,2894,2483,397072.70864792,4435687.47872800,40.06516234,-88.20693918,2840.15029613,2482.17000887,2840,2482,397070.77579435,4435687.51674229,40.06516245,-88.20696184,2867.66786485,2448.62558921,397071.76404746,4435688.72139147,40.06517342,-88.20695045,4.73242188,"POLYGON((2841.366 2414.023, 2895.185 2415.081, 2893.970 2483.229, 2840.150 2482.170, 2841.366 2414.023))","POLYGON((397070.819 4435689.964, 397072.752 4435689.926, 397072.709 4435687.479, 397070.776 4435687.517, 397070.819 4435689.964))"
B12_R5_C3,B12,12,5,3,LD21-7234,2,3,136.32000000,220.00000000,143.16000000,228.00000000,2895.10674987,2415.07962199,2895,2415,397072.74947475,4435689.92609623,40.06518439,-88.20693909,2948.92639438,2416.13816035,2949,2416,397074.68232832,4435689.88808194,40.06518428,-88.20691642,2947.71090145,2484.28553801,2948,2484,397074.63867567,4435687.44076928,40.06516223,-88.20691654,2893.89125695,2483.22699965,2894,2483,397072.70582211,4435687.47878357,40.06516234,-88.20693921,2921.40882566,2449.68258000,397073.69407521,4435688.68343275,40.06517331,-88.20692782,4.73242188,"POLYGON((2895.107 2415.080, 2948.926 2416.138, 2947.711 2484.286, 2893.891 2483.227, 2895.107 2415.080))","POLYGON((397072.749 4435689.926, 397074.682 4435689.888, 397074.639 4435687.441, 397072.706 4435687.479, 397072.749 4435689.926))"
B12_R5_C4,B12,12,5,4,AG29XF4,1,3,143.16000000,220.00000000,150.00000000,228.00000000,2948.92639438,2416.13816035,2949,2416,397074.68232832,4435689.88808194,40.06518428,-88.20691642,3002.74603889,2417.19669871,3003,2417,397076.61518188,4435689.85006764,40.06518418,-88.20689376,3001.53054596,2485.34407637,3002,2485,397076.57152924,4435687.40275499,40.06516213,-88.20689388,2947.71090145,2484.28553801,2948,2484,397074.63867567,4435687.44076928,40.06516223,-88.20691654,2975.22847017,2450.74111836,397075.62692878,4435688.64541846,40.06517321,-88.20690515,4.73242188,"POLYGON((2948.926 2416.138, 3002.746 2417.197, 3001.531 2485.344, 2947.711 2484.286, 2948.926 2416.138))","POLYGON((397074.682 4435689.888, 397076.615 4435689.850, 397076.572 4435687.403, 397074.639 4435687.441, 397074.682 4435689.888))"
B12_R6_C0,B12,12,6,0,LD20-5738,5,2,115.81000000,230.00000000,122.65000000,238.00000000,2735.24586620,2326.72133241,2735,2327,397067.00830568,4435693.09922435,40.06521227,-88.20700690,2789.06551071,2327.77987077,2789,2328,397068.94115924,4435693.06121005,40.06521217,-88.20698423,2787.85001778,2395.92724843,2788,2396,397068.89750660,4435690.61389740,40.06519012,-88.20698436,2734.03037328,2394.86871007,2734,2395,397066.96465303,4435690.65191169,40.06519022,-88.20700702,2761.54794199,2361.32429042,397067.95290614,4435691.85656087,40.06520119,-88.20699563,4.73193359,"POLYGON((2735.246 2326.721, 2789.066 2327.780, 2787.850 2395.927, 2734.030 2394.869, 2735.246 2326.721))","POLYGON((397067.008 4435693.099, 397068.941 4435693.061, 397068.898 4435690.614, 397066.965 4435690.652, 397067.008 4435693.099))"
B12_R6_C1,B12,12,6,1,AG29XF5,4,2,122.65000000,230.00000000,129.49000000,238.00000000,2789.06551071,2327.77987077,2789,2328,397068.94115924,4435693.06121005,40.06521217,-88.20698423,2842.88515522,2328.83840913,2843,2329,397070.87401281,4435693.02319576,40.06521206,-88.20696157,2841.66966229,2396.98578679,2842,2397,397070.83036016,4435690.57588311,40.06519001,-88.20696169,2787.85001778,2395.92724843,2788,2396,397068.89750660,4435690.61389740,40.06519012,-88.20698436,2815.36758650,2362.38282878,397069.88575970,4435691.81854658,40.06520109,-88.20697296,4.73242188,"POLYGON((2789.066 2327.780, 2842.885 2328.838, 2841.670 2396.986, 2787.850 2395.927, 2789.066 2327.780))","POLYGON((397068.941 4435693.061, 397070.874 4435693.023, 397070.830 4435690.576, 397068.898 4435690.614, 397068.941 4435693.061))"
B12_R6_C2,B12,12,6,2,LD21-5253,3,2,129.49000000,230.00000000,136.33000000,238.00000000,2842.88515522,2328.83840913,2843,2329,397070.87401281,4435693.02319576,40.06521206,-88.20696157,2896.70479972,2329.89694749,2897,2330,397072.80686637,4435692.98518147,40.06521195,-88.20693890,2895.48930680,2398.04432515,2895,2398,397072.76321372,4435690.53786882,40.06518990,-88.20693902,2841.66966229,2396.98578679,2842,2397,397070.83036016,4435690.57588311,40.06519001,-88.20696169,2869.18723101,2363.44136714,397071.81861326,4435691.78053229,40.06520098,-88.20695030,4.73242188,"POLYGON((2842.885 2328.838, 2896.705 2329.897, 2895.489 2398.044, 2841.670 2396.986, 2842.885 2328.838))","POLYGON((397070.874 4435693.023, 397072.807 4435692.985, 397072.763 4435690.538, 397070.830 4435690.576, 397070.874 4435693.023))"
B12_R6_C3,B12,12,6,3,AG29XF5,2,2,136.32000000,230.00000000,143.16000000,238.00000000,2896.62611603,2329.89539992,2897,2330,397072.80404056,4435692.98523705,40.06521195,-88.20693893,2950.44576054,2330.95393827,2950,2331,397074.73689412,4435692.94722276,40.06521185,-88.20691627,2949.23026761,2399.10131594,2949,2399,397074.69324148,4435690.49991010,40.06518980,-88.20691639,2895.41062311,2398.04277758,2895,2398,397072.76038791,4435690.53792439,40.06518990,-88.20693906,2922.92819182,2364.49835793,397073.74864102,4435691.74257357,40.06520087,-88.20692766,4.73242188,"POLYGON((2896.626 2329.895, 2950.446 2330.954, 2949.230 2399.101, 2895.411 2398.043, 2896.626 2329.895))","POLYGON((397072.804 4435692.985, 397074.737 4435692.947, 397074.693 4435690.500, 397072.760 4435690.538, 397072.804 4435692.985))"
B12_R6_C4,B12,12,6,4,LD11-2170,1,2,143.16000000,230.00000000,150.00000000,238.00000000,2950.44576054,2330.95393827,2950,2331,397074.73689412,4435692.94722276,40.06521185,-88.20691627,3004.26540505,2332.01247663,3004,2332,397076.66974769,4435692.90920846,40.06521174,-88.20689360,3003.04991212,2400.15985430,3003,2400,397076.62609504,4435690.46189581,40.06518969,-88.20689372,2949.23026761,2399.10131594,2949,2399,397074.69324148,4435690.49991010,40.06518980,-88.20691639,2976.74783633,2365.55689629,397075.68149458,4435691.70455928,40.06520077,-88.20690500,4.73242188,"POLYGON((2950.446 2330.954, 3004.265 2332.012, 3003.050 2400.160, 2949.230 2399.101, 2950.446 2330.954))","POLYGON((397074.737 4435692.947, 397076.670 4435692.909, 397076.626 4435690.462, 397074.693 4435690.500, 397074.737 4435692.947))"
B12_R7_C0,B12,12,7,0,AG29XF4,5,1,115.81000000,240.00000000,122.65000000,248.00000000,2736.76523236,2241.53711033,2737,2242,397067.06287148,4435696.15836517,40.06523983,-88.20700675,2790.58487687,2242.59564869,2791,2243,397068.99572505,4435696.12035087,40.06523973,-88.20698408,2789.36938394,2310.74302635,2789,2311,397068.95207240,4435693.67303822,40.06521768,-88.20698420,2735.54973943,2309.68448799,2736,2310,397067.01921884,4435693.71105251,40.06521778,-88.20700687,2763.06730815,2276.14006834,397068.00747194,4435694.91570169,40.06522876,-88.20699547,4.73193359,"POLYGON((2736.765 2241.537, 2790.585 2242.596, 2789.369 2310.743, 2735.550 2309.684, 2736.765 2241.537))","POLYGON((397067.063 4435696.158, 397068.996 4435696.120, 397068.952 4435693.673, 397067.019 4435693.711, 397067.063 4435696.158))"
B12_R7_C1,B12,12,7,1,LD20-4542,4,1,122.65000000,240.00000000,129.49000000,248.00000000,2790.58487687,2242.59564869,2791,2243,397068.99572505,4435696.12035087,40.06523973,-88.20698408,2844.40452138,2243.65418705,2844,2244,397070.92857861,4435696.08233658,40.06523962,-88.20696141,2843.18902845,2311.80156471,2843,2312,397070.88492597,4435693.63502393,40.06521757,-88.20696154,2789.36938394,2310.74302635,2789,2311,397068.95207240,4435693.67303822,40.06521768,-88.20698420,2816.88695266,2277.19860670,397069.94032551,4435694.87768740,40.06522865,-88.20697281,4.73193359,"POLYGON((2790.585 2242.596, 2844.405 2243.654, 2843.189 2311.802, 2789.369 2310.743, 2790.585 2242.596))","POLYGON((397068.996 4435696.120, 397070.929 4435696.082, 397070.885 4435693.635, 397068.952 4435693.673, 397068.996 4435696.120))"
B12_R7_C2,B12,12,7,2,AG29XF4,3,1,129.49000000,240.00000000,136.33000000,248.00000000,2844.40452138,2243.65418705,2844,2244,397070.92857861,4435696.08233658,40.06523962,-88.20696141,2898.22416588,2244.71272541,2898,2245,397072.86143218,4435696.04432229,40.06523951,-88.20693875,2897.00867296,2312.86010307,2897,2313,397072.81777953,4435693.59700963,40.06521746,-88.20693887,2843.18902845,2311.80156471,2843,2312,397070.88492597,4435693.63502393,40.06521757,-88.20696154,2870.70659717,2278.25714506,397071.87317907,4435694.83967311,40.06522854,-88.20695014,4.73193359,"POLYGON((2844.405 2243.654, 2898.224 2244.713, 2897.009 2312.860, 2843.189 2311.802, 2844.405 2243.654))","POLYGON((397070.929 4435696.082, 397072.861 4435696.044, 397072.818 4435693.597, 397070.885 4435693.635, 397070.929 4435696.082))"
B12_R7_C3,B12,12,7,3,LD20-4471,2,1,136.32000000,240.00000000,143.16000000,248.00000000,2898.14548219,2244.71117784,2898,2245,397072.85860637,4435696.04437787,40.06523952,-88.20693878,2951.96512670,2245.76971620,2952,2246,397074.79145993,4435696.00636357,40.06523941,-88.20691611,2950.74963377,2313.91709386,2951,2314,397074.74780728,4435693.55905092,40.06521736,-88.20691624,2896.92998926,2312.85855550,2897,2313,397072.81495372,4435693.59706521,40.06521747,-88.20693890,2924.44755798,2279.31413585,397073.80320683,4435694.80171439,40.06522844,-88.20692751,4.73193359,"POLYGON((2898.145 2244.711, 2951.965 2245.770, 2950.750 2313.917, 2896.930 2312.859, 2898.145 2244.711))","POLYGON((397072.859 4435696.044, 397074.791 4435696.006, 397074.748 4435693.559, 397072.815 4435693.597, 397072.859 4435696.044))"
B12_R7_C4,B12,12,7,4,AG29XF5,1,1,143.16000000,240.00000000,150.00000000,248.00000000,2951.96512670,2245.76971620,2952,2246,397074.79145993,4435696.00636357,40.06523941,-88.20691611,3005.78477121,2246.82825456,3006,2247,397076.72431349,4435695.96834928,40.06523930,-88.20689345,3004.56927828,2314.97563222,3005,2315,397076.68066085,4435693.52103663,40.06521725,-88.20689357,2950.74963377,2313.91709386,2951,2314,397074.74780728,4435693.55905092,40.06521736,-88.20691624,2978.26720249,2280.37267421,397075.73606039,4435694.76370010,40.06522833,-88.20690484,4.73193359,"POLYGON((2951.965 2245.770, 3005.785 2246.828, 3004.569 2314.976, 2950.750 2313.917, 2951.965 2245.770))","POLYGON((397074.791 4435696.006, 397076.724 4435695.968, 397076.681 4435693.521, 397074.748 4435693.559, 397074.791 4435696.006))"
