{
"type": "FeatureCollection",
"name": "field_plots",
"crs": { "type": "name", "properties": { "name": "urn:ogc:def:crs:EPSG::32616" } },
"features": [
{ "type": "Feature", "properties": { "Row": 0, "Col": 0, "Label": "AG34XF6", "X_start": 9.5, "Y_start": 10.0, "X_stop": 16.34, "Y_stop": 18.0, "BlockNum": 1, "Block": "B1", "PlotID": "B1_R0_C0", "Design": 1, "HarvestEW": 20, "HarvestNS": 24, "FieldPosition": "E20_N24", "Date/Time": "10/23/2025 10:00:29 AM", "Range": 24, "Row_Harvest": 1, "Weight (kg)": 0.595, "Quick Note": null, "Harvest Sequence": 24, "HarvestSource": "west_last_pass", "HarvestDirection": "S_to_N", "Weight_kg_raw": 0.595, "HarvestIssue": false, "Weight_kg_analysis": 0.595, "HarvestDateTime": "2025-10-23T10:00:29", "Area_m2": 5.0836543476085847 }, "geometry": { "type": "Polygon", "coordinates": [ [ [ 397146.23416506400099, 4435636.441654806956649 ], [ 397144.149333063978702, 4435636.441654806956649 ], [ 397144.149333063978702, 4435634.003254807554185 ], [ 397146.23416506400099, 4435634.003254807554185 ], [ 397146.23416506400099, 4435636.441654806956649 ] ] ] } },
{ "type": "Feature", "properties": { "Row": 0, "Col": 1, "Label": "LG3216", "X_start": 16.34, "Y_start": 10.0, "X_stop": 23.18, "Y_stop": 18.0, "BlockNum": 1, "Block": "B1", "PlotID": "B1_R0_C1", "Design": 1, "HarvestEW": 19, "HarvestNS": 24, "FieldPosition": "E19_N24", "Date/Time": "10/22/2025 3:42:07 PM", "Range": 24, "Row_Harvest": 20, "Weight (kg)": 0.445, "Quick Note": null, "Harvest Sequence": 458, "HarvestSource": "main", "HarvestDirection": "N_to_S", "Weight_kg_raw": 0.445, "HarvestIssue": false, "Weight_kg_analysis": 0.445, "HarvestDateTime": "2025-10-22T15:42:07", "Area_m2": 5.0836543474666511 }, "geometry": { "type": "Polygon", "coordinates": [ [ [ 397144.149333063978702, 4435636.441654806956649 ], [ 397142.064501064014621, 4435636.441654806956649 ], [ 397142.064501064014621, 4435634.003254807554185 ], [ 397144.149333063978702, 4435634.003254807554185 ], [ 397144.149333063978702, 4435636.441654806956649 ] ] ] } },
{ "type": "Feature", "properties": { "Row": 0, "Col": 2, "Label": "AG35XF5", "X_start": 23.17, "Y_start": 10.0, "X_stop": 30.01, "Y_stop": 18.0, "BlockNum": 1, "Block": "B1", "PlotID": "B1_R0_C2", "Design": 1, "HarvestEW": 18, "HarvestNS": 24, "FieldPosition": "E18_N24", "Date/Time": "10/22/2025 3:40:46 PM", "Range": 24, "Row_Harvest": 19, "Weight (kg)": 0.925, "Quick Note": null, "Harvest Sequence": 457, "HarvestSource": "main", "HarvestDirection": "S_to_N", "Weight_kg_raw": 0.925, "HarvestIssue": false, "Weight_kg_analysis": 0.925, "HarvestDateTime": "2025-10-22T15:40:46", "Area_m2": 5.0836543476085847 }, "geometry": { "type": "Polygon", "coordinates": [ [ [ 397142.06754906399874, 4435636.441654806956649 ], [ 397139.982717063976452, 4435636.441654806956649 ], [ 397139.982717063976452, 4435634.003254807554185 ], [ 397142.06754906399874, 4435634.003254807554185 ], [ 397142.06754906399874, 4435636.441654806956649 ] ] ] } },
{ "type": "Feature", "properties": { "Row": 0, "Col": 3, "Label": "LG3216", "X_start": 30.01, "Y_start": 10.0, "X_stop": 36.85, "Y_stop": 18.0, "BlockNum": 1, "Block": "B1", "PlotID": "B1_R0_C3", "Design": 1, "HarvestEW": 17, "HarvestNS": 24, "FieldPosition": "E17_N24", "Date/Time": "10/22/2025 3:19:37 PM", "Range": 24, "Row_Harvest": 18, "Weight (kg)": 0.105, "Quick Note": null, "Harvest Sequence": 410, "HarvestSource": "main", "HarvestDirection": "N_to_S", "Weight_kg_raw": 0.105, "HarvestIssue": false, "Weight_kg_analysis": 0.105, "HarvestDateTime": "2025-10-22T15:19:37", "Area_m2": 5.0836543474666511 }, "geometry": { "type": "Polygon", "coordinates": [ [ [ 397139.982717063976452, 4435636.441654806956649 ], [ 397137.897885064012371, 4435636.441654806956649 ], [ 397137.897885064012371, 4435634.003254807554185 ], [ 397139.982717063976452, 4435634.003254807554185 ], [ 397139.982717063976452, 4435636.441654806956649 ] ] ] } },
{ "type": "Feature", "properties": { "Row": 0, "Col": 4, "Label": "AG36XF4", "X_start": 36.85, "Y_start": 10.0, "X_stop": 43.69, "Y_stop": 18.0, "BlockNum": 1, "Block": "B1", "PlotID": "B1_R0_C4", "Design": 1, "HarvestEW": 16, "HarvestNS": 24, "FieldPosition": "E16_N24", "Date/Time": "10/22/2025 3:18:21 PM", "Range": 24, "Row_Harvest": 17, "Weight (kg)": 0.38, "Quick Note": null, "Harvest Sequence": 409, "HarvestSource": "main", "HarvestDirection": "S_to_N", "Weight_kg_raw": 0.38, "HarvestIssue": false, "Weight_kg_analysis": 0.38, "HarvestDateTime": "2025-10-22T15:18:21", "Area_m2": 5.0836543476085847 }, "geometry": { "type": "Polygon", "coordinates": [ [ [ 397137.897885064012371, 4435636.441654806956649 ], [ 397135.813053063990083, 4435636.441654806956649 ], [ 397135.813053063990083, 4435634.003254807554185 ], [ 397137.897885064012371, 4435634.003254807554185 ], [ 397137.897885064012371, 4435636.441654806956649 ] ] ] } },
{ "type": "Feature", "properties": { "Row": 1, "Col": 0, "Label": "LG3216", "X_start": 9.5, "Y_start": 20.0, "X_stop": 16.34, "Y_stop": 28.0, "BlockNum": 1, "Block": "B1", "PlotID": "B1_R1_C0", "Design": 1, "HarvestEW": 20, "HarvestNS": 23, "FieldPosition": "E20_N23", "Date/Time": "10/23/2025 10:00:01 AM", "Range": 23, "Row_Harvest": 1, "Weight (kg)": 1.06, "Quick Note": null, "Harvest Sequence": 23, "HarvestSource": "west_last_pass", "HarvestDirection": "S_to_N", "Weight_kg_raw": 1.06, "HarvestIssue": false, "Weight_kg_analysis": 1.06, "HarvestDateTime": "2025-10-23T10:00:01", "Area_m2": 5.083654349550236 }, "geometry": { "type": "Polygon", "coordinates": [ [ [ 397146.23416506400099, 4435633.393654807470739 ], [ 397144.149333063978702, 4435633.393654807470739 ], [ 397144.149333063978702, 4435630.955254807136953 ], [ 397146.23416506400099, 4435630.955254807136953 ], [ 397146.23416506400099, 4435633.393654807470739 ] ] ] } },
{ "type": "Feature", "properties": { "Row": 1, "Col": 1, "Label": "AG29XF5", "X_start": 16.34, "Y_start": 20.0, "X_stop": 23.18, "Y_stop": 28.0, "BlockNum": 1, "Block": "B1", "PlotID": "B1_R1_C1", "Design": 1, "HarvestEW": 19, "HarvestNS": 23, "FieldPosition": "E19_N23", "Date/Time": "10/22/2025 3:42:33 PM", "Range": 23, "Row_Harvest": 20, "Weight (kg)": 0.72, "Quick Note": null, "Harvest Sequence": 459, "HarvestSource": "main", "HarvestDirection": "N_to_S", "Weight_kg_raw": 0.72, "HarvestIssue": false, "Weight_kg_analysis": 0.72, "HarvestDateTime": "2025-10-22T15:42:33", "Area_m2": 5.0836543494083024 }, "geometry": { "type": "Polygon", "coordinates": [ [ [ 397144.149333063978702, 4435633.393654807470739 ], [ 397142.064501064014621, 4435633.393654807470739 ], [ 397142.064501064014621, 4435630.955254807136953 ], [ 397144.149333063978702, 4435630.955254807136953 ], [ 397144.149333063978702, 4435633.393654807470739 ] ] ] } },
{ "type": "Feature", "properties": { "Row": 1, "Col": 2, "Label": "LG3216", "X_start": 23.17, "Y_start": 20.0, "X_stop": 30.01, "Y_stop": 28.0, "BlockNum": 1, "Block": "B1", "PlotID": "B1_R1_C2", "Design": 1, "HarvestEW": 18, "HarvestNS": 23, "FieldPosition": "E18_N23", "Date/Time": "10/22/2025 3:40:23 PM", "Range": 23, "Row_Harvest": 19, "Weight (kg)": 1.275, "Quick Note": null, "Harvest Sequence": 456, "HarvestSource": "main", "HarvestDirection": "S_to_N", "Weight_kg_raw": 1.275, "HarvestIssue": false, "Weight_kg_analysis": 1.275, "HarvestDateTime": "2025-10-22T15:40:23", "Area_m2": 5.083654349550236 }, "geometry": { "type": "Polygon", "coordinates": [ [ [ 397142.06754906399874, 4435633.393654807470739 ], [ 397139.982717063976452, 4435633.393654807470739 ], [ 397139.982717063976452, 4435630.955254807136953 ], [ 397142.06754906399874, 4435630.955254807136953 ], [ 397142.06754906399874, 4435633.393654807470739 ] ] ] } },
{ "type": "Feature", "properties": { "Row": 1, "Col": 3, "Label": "AG29XF4", "X_start": 30.01, "Y_start": 20.0, "X_stop": 36.85, "Y_stop": 28.0, "BlockNum": 1, "Block": "B1", "PlotID": "B1_R1_C3", "Design": 1, "HarvestEW": 17, "HarvestNS": 23, "FieldPosition": "E17_N23", "Date/Time": "10/22/2025 3:20:01 PM", "Range": 23, "Row_Harvest": 18, "Weight (kg)": 0.475, "Quick Note": null, "Harvest Sequence": 411, "HarvestSource": "main", "HarvestDirection": "N_to_S", "Weight_kg_raw": 0.475, "HarvestIssue": false, "Weight_kg_analysis": 0.475, "HarvestDateTime": "2025-10-22T15:20:01", "Area_m2": 5.0836543494083024 }, "geometry": { "type": "Polygon", "coordinates": [ [ [ 397139.982717063976452, 4435633.393654807470739 ], [ 397137.897885064012371, 4435633.393654807470739 ], [ 397137.897885064012371, 4435630.955254807136953 ], [ 397139.982717063976452, 4435630.955254807136953 ], [ 397139.982717063976452, 4435633.393654807470739 ] ] ] } },
{ "type": "Feature", "properties": { "Row": 1, "Col": 4, "Label": "LG3216", "X_start": 36.85, "Y_start": 20.0, "X_stop": 43.69, "Y_stop": 28.0, "BlockNum": 1, "Block": "B1", "PlotID": "B1_R1_C4", "Design": 1, "HarvestEW": 16, "HarvestNS": 23, "FieldPosition": "E16_N23", "Date/Time": "10/22/2025 3:17:55 PM", "Range": 23, "Row_Harvest": 17, "Weight (kg)": 0.25, "Quick Note": null, "Harvest Sequence": 408, "HarvestSource": "main", "HarvestDirection": "S_to_N", "Weight_kg_raw": 0.25, "HarvestIssue": false, "Weight_kg_analysis": 0.25, "HarvestDateTime": "2025-10-22T15:17:55", "Area_m2": 5.083654349550236 }, "geometry": { "type": "Polygon", "coordinates": [ [ [ 397137.897885064012371, 4435633.393654807470739 ], [ 397135.813053063990083, 4435633.393654807470739 ], [ 397135.813053063990083, 4435630.955254807136953 ], [ 397137.897885064012371, 4435630.955254807136953 ], [ 397137.897885064012371, 4435633.393654807470739 ] ] ] } },
{ "type": "Feature", "properties": { "Row": 2, "Col": 0, "Label": "AG40XFF5", "X_start": 9.5, "Y_start": 30.0, "X_stop": 16.34, "Y_stop": 38.0, "BlockNum": 1, "Block": "B1", "PlotID": "B1_R2_C0", "Design": 1, "HarvestEW": 20, "HarvestNS": 22, "FieldPosition": "E20_N22", "Date/Time": "10/23/2025 9:59:32 AM", "Range": 22, "Row_Harvest": 1, "Weight (kg)": 0.9, "Quick Note": null, "Harvest Sequence": 22, "HarvestSource": "west_last_pass", "HarvestDirection": "S_to_N", "Weight_kg_raw": 0.9, "HarvestIssue": false, "Weight_kg_analysis": 0.9, "HarvestDateTime": "2025-10-23T09:59:32", "Area_m2": 5.0836543476085847 }, "geometry": { "type": "Polygon", "coordinates": [ [ [ 397146.23416506400099, 4435630.345654807053506 ], [ 397144.149333063978702, 4435630.345654807053506 ], [ 397144.149333063978702, 4435627.907254807651043 ], [ 397146.23416506400099, 4435627.907254807651043 ], [ 397146.23416506400099, 4435630.345654807053506 ] ] ] } },
{ "type": "Feature", "properties": { "Row": 2, "Col": 1, "Label": "LG3216", "X_start": 16.34, "Y_start": 30.0, "X_stop": 23.18, "Y_stop": 38.0, "BlockNum": 1, "Block": "B1", "PlotID": "B1_R2_C1", "Design": 1, "HarvestEW": 19, "HarvestNS": 22, "FieldPosition": "E19_N22", "Date/Time": "10/22/2025 3:43:04 PM", "Range": 22, "Row_Harvest": 20, "Weight (kg)": 0.605, "Quick Note": null, "Harvest Sequence": 460, "HarvestSource": "main", "HarvestDirection": "N_to_S", "Weight_kg_raw": 0.605, "HarvestIssue": false, "Weight_kg_analysis": 0.605, "HarvestDateTime": "2025-10-22T15:43:04", "Area_m2": 5.0836543474666511 }, "geometry": { "type": "Polygon", "coordinates": [ [ [ 397144.149333063978702, 4435630.345654807053506 ], [ 397142.064501064014621, 4435630.345654807053506 ], [ 397142.064501064014621, 4435627.907254807651043 ], [ 397144.149333063978702, 4435627.907254807651043 ], [ 397144.149333063978702, 4435630.345654807053506 ] ] ] } },
{ "type": "Feature", "properties": { "Row": 2, "Col": 2, "Label": "AG38XF6", "X_start": 23.17, "Y_start": 30.0, "X_stop": 30.01, "Y_stop": 38.0, "BlockNum": 1, "Block": "B1", "PlotID": "B1_R2_C2", "Design": 1, "HarvestEW": 18, "HarvestNS": 22, "FieldPosition": "E18_N22", "Date/Time": "10/22/2025 3:39:58 PM", "Range": 22, "Row_Harvest": 19, "Weight (kg)": 1.295, "Quick Note": null, "Harvest Sequence": 455, "HarvestSource": "main", "HarvestDirection": "S_to_N", "Weight_kg_raw": 1.295, "HarvestIssue": false, "Weight_kg_analysis": 1.295, "HarvestDateTime": "2025-10-22T15:39:58", "Area_m2": 5.0836543476085847 }, "geometry": { "type": "Polygon", "coordinates": [ [ [ 397142.06754906399874, 4435630.345654807053506 ], [ 397139.982717063976452, 4435630.345654807053506 ], [ 397139.982717063976452, 4435627.907254807651043 ], [ 397142.06754906399874, 4435627.907254807651043 ], [ 397142.06754906399874, 4435630.345654807053506 ] ] ] } },
{ "type": "Feature", "properties": { "Row": 2, "Col": 3, "Label": "LG3216", "X_start": 30.01, "Y_start": 30.0, "X_stop": 36.85, "Y_stop": 38.0, "BlockNum": 1, "Block": "B1", "PlotID": "B1_R2_C3", "Design": 1, "HarvestEW": 17, "HarvestNS": 22, "FieldPosition": "E17_N22", "Date/Time": "10/22/2025 3:20:28 PM", "Range": 22, "Row_Harvest": 18, "Weight (kg)": 1.07, "Quick Note": null, "Harvest Sequence": 412, "HarvestSource": "main", "HarvestDirection": "N_to_S", "Weight_kg_raw": 1.07, "HarvestIssue": false, "Weight_kg_analysis": 1.07, "HarvestDateTime": "2025-10-22T15:20:28", "Area_m2": 5.0836543474666511 }, "geometry": { "type": "Polygon", "coordinates": [ [ [ 397139.982717063976452, 4435630.345654807053506 ], [ 397137.897885064012371, 4435630.345654807053506 ], [ 397137.897885064012371, 4435627.907254807651043 ], [ 397139.982717063976452, 4435627.907254807651043 ], [ 397139.982717063976452, 4435630.345654807053506 ] ] ] } },
{ "type": "Feature", "properties": { "Row": 2, "Col": 4, "Label": "AG36XF4", "X_start": 36.85, "Y_start": 30.0, "X_stop": 43.69, "Y_stop": 38.0, "BlockNum": 1, "Block": "B1", "PlotID": "B1_R2_C4", "Design": 1, "HarvestEW": 16, "HarvestNS": 22, "FieldPosition": "E16_N22", "Date/Time": "10/22/2025 3:17:28 PM", "Range": 22, "Row_Harvest": 17, "Weight (kg)": 0.075, "Quick Note": null, "Harvest Sequence": 407, "HarvestSource": "main", "HarvestDirection": "S_to_N", "Weight_kg_raw": 0.075, "HarvestIssue": false, "Weight_kg_analysis": 0.075, "HarvestDateTime": "2025-10-22T15:17:28", "Area_m2": 5.0836543476085847 }, "geometry": { "type": "Polygon", "coordinates": [ [ [ 397137.897885064012371, 4435630.345654807053506 ], [ 397135.813053063990083, 4435630.345654807053506 ], [ 397135.813053063990083, 4435627.907254807651043 ], [ 397137.897885064012371, 4435627.907254807651043 ], [ 397137.897885064012371, 4435630.345654807053506 ] ] ] } },
{ "type": "Feature", "properties": { "Row": 3, "Col": 0, "Label": "LG3216", "X_start": 9.5, "Y_start": 40.0, "X_stop": 16.34, "Y_stop": 48.0, "BlockNum": 1, "Block": "B1", "PlotID": "B1_R3_C0", "Design": 1, "HarvestEW": 20, "HarvestNS": 21, "FieldPosition": "E20_N21", "Date/Time": "10/23/2025 9:59:05 AM", "Range": 21, "Row_Harvest": 1, "Weight (kg)": 0.51, "Quick Note": null, "Harvest Sequence": 21, "HarvestSource": "west_last_pass", "HarvestDirection": "S_to_N", "Weight_kg_raw": 0.51, "HarvestIssue": false, "Weight_kg_analysis": 0.51, "HarvestDateTime": "2025-10-23T09:59:05", "Area_m2": 5.083654349550236 }, "geometry": { "type": "Polygon", "coordinates": [ [ [ 397146.23416506400099, 4435627.297654807567596 ], [ 397144.149333063978702, 4435627.297654807567596 ], [ 397144.149333063978702, 4435624.85925480723381 ], [ 397146.23416506400099, 4435624.85925480723381 ], [ 397146.23416506400099, 4435627.297654807567596 ] ] ] } },
{ "type": "Feature", "properties": { "Row": 3, "Col": 1, "Label": "AG38XF6", "X_start": 16.34, "Y_start": 40.0, "X_stop": 23.18, "Y_stop": 48.0, "BlockNum": 1, "Block": "B1", "PlotID": "B1_R3_C1", "Design": 1, "HarvestEW": 19, "HarvestNS": 21, "FieldPosition": "E19_N21", "Date/Time": "10/22/2025 3:43:32 PM", "Range": 21, "Row_Harvest": 20, "Weight (kg)": 0.685, "Quick Note": null, "Harvest Sequence": 461, "HarvestSource": "main", "HarvestDirection": "N_to_S", "Weight_kg_raw": 0.685, "HarvestIssue": false, "Weight_kg_analysis": 0.685, "HarvestDateTime": "2025-10-22T15:43:32", "Area_m2": 5.0836543494083024 }, "geometry": { "type": "Polygon", "coordinates": [ [ [ 397144.149333063978702, 4435627.297654807567596 ], [ 397142.064501064014621, 4435627.297654807567596 ], [ 397142.064501064014621, 4435624.85925480723381 ], [ 397144.149333063978702, 4435624.85925480723381 ], [ 397144.149333063978702, 4435627.297654807567596 ] ] ] } },
{ "type": "Feature", "properties": { "Row": 3, "Col": 2, "Label": "LG3216", "X_start": 23.17, "Y_start": 40.0, "X_stop": 30.01, "Y_stop": 48.0, "BlockNum": 1, "Block": "B1", "PlotID": "B1_R3_C2", "Design": 1, "HarvestEW": 18, "HarvestNS": 21, "FieldPosition": "E18_N21", "Date/Time": "10/22/2025 3:39:29 PM", "Range": 21, "Row_Harvest": 19, "Weight (kg)": 1.0, "Quick Note": null, "Harvest Sequence": 454, "HarvestSource": "main", "HarvestDirection": "S_to_N", "Weight_kg_raw": 1.0, "HarvestIssue": false, "Weight_kg_analysis": 1.0, "HarvestDateTime": "2025-10-22T15:39:29", "Area_m2": 5.083654349550236 }, "geometry": { "type": "Polygon", "coordinates": [ [ [ 397142.06754906399874, 4435627.297654807567596 ], [ 397139.982717063976452, 4435627.297654807567596 ], [ 397139.982717063976452, 4435624.85925480723381 ], [ 397142.06754906399874, 4435624.85925480723381 ], [ 397142.06754906399874, 4435627.297654807567596 ] ] ] } },
{ "type": "Feature", "properties": { "Row": 3, "Col": 3, "Label": "AG29XF5", "X_start": 30.01, "Y_start": 40.0, "X_stop": 36.85, "Y_stop": 48.0, "BlockNum": 1, "Block": "B1", "PlotID": "B1_R3_C3", "Design": 1, "HarvestEW": 17, "HarvestNS": 21, "FieldPosition": "E17_N21", "Date/Time": "10/22/2025 3:20:56 PM", "Range": 21, "Row_Harvest": 18, "Weight (kg)": 1.025, "Quick Note": null, "Harvest Sequence": 413, "HarvestSource": "main", "HarvestDirection": "N_to_S", "Weight_kg_raw": 1.025, "HarvestIssue": false, "Weight_kg_analysis": 1.025, "HarvestDateTime": "2025-10-22T15:20:56", "Area_m2": 5.0836543494083024 }, "geometry": { "type": "Polygon", "coordinates": [ [ [ 397139.982717063976452, 4435627.297654807567596 ], [ 397137.897885064012371, 4435627.297654807567596 ], [ 397137.897885064012371, 4435624.85925480723381 ], [ 397139.982717063976452, 4435624.85925480723381 ], [ 397139.982717063976452, 4435627.297654807567596 ] ] ] } },
{ "type": "Feature", "properties": { "Row": 3, "Col": 4, "Label": "LG3216", "X_start": 36.85, "Y_start": 40.0, "X_stop": 43.69, "Y_stop": 48.0, "BlockNum": 1, "Block": "B1", "PlotID": "B1_R3_C4", "Design": 1, "HarvestEW": 16, "HarvestNS": 21, "FieldPosition": "E16_N21", "Date/Time": "10/22/2025 3:17:06 PM", "Range": 21, "Row_Harvest": 17, "Weight (kg)": 0.23, "Quick Note": null, "Harvest Sequence": 406, "HarvestSource": "main", "HarvestDirection": "S_to_N", "Weight_kg_raw": 0.23, "HarvestIssue": false, "Weight_kg_analysis": 0.23, "HarvestDateTime": "2025-10-22T15:17:06", "Area_m2": 5.083654349550236 }, "geometry": { "type": "Polygon", "coordinates": [ [ [ 397137.897885064012371, 4435627.297654807567596 ], [ 397135.813053063990083, 4435627.297654807567596 ], [ 397135.813053063990083, 4435624.85925480723381 ], [ 397137.897885064012371, 4435624.85925480723381 ], [ 397137.897885064012371, 4435627.297654807567596 ] ] ] } },
{ "type": "Feature", "properties": { "Row": 4, "Col": 0, "Label": "AG29XF4", "X_start": 9.5, "Y_start": 50.0, "X_stop": 16.34, "Y_stop": 58.0, "BlockNum": 1, "Block": "B1", "PlotID": "B1_R4_C0", "Design": 1, "HarvestEW": 20, "HarvestNS": 20, "FieldPosition": "E20_N20", "Date/Time": "10/23/2025 9:58:37 AM", "Range": 20, "Row_Harvest": 1, "Weight (kg)": 0.8, "Quick Note": null, "Harvest Sequence": 20, "HarvestSource": "west_last_pass", "HarvestDirection": "S_to_N", "Weight_kg_raw": 0.8, "HarvestIssue": false, "Weight_kg_analysis": 0.8, "HarvestDateTime": "2025-10-23T09:58:37", "Area_m2": 5.0836543476085847 }, "geometry": { "type": "Polygon", "coordinates": [ [ [ 397146.23416506400099, 4435624.249654807150364 ], [ 397144.149333063978702, 4435624.249654807150364 ], [ 397144.149333063978702, 4435621.8112548077479 ], [ 397146.23416506400099, 4435621.8112548077479 ], [ 397146.23416506400099, 4435624.249654807150364 ] ] ] } },
{ "type": "Feature", "properties": { "Row": 4, "Col": 1, "Label": "LG3216", "X_start": 16.34, "Y_start": 50.0, "X_stop": 23.18, "Y_stop": 58.0, "BlockNum": 1, "Block": "B1", "PlotID": "B1_R4_C1", "Design": 1, "HarvestEW": 19, "HarvestNS": 20, "FieldPosition": "E19_N20", "Date/Time": "10/22/2025 3:43:53 PM", "Range": 20, "Row_Harvest": 20, "Weight (kg)": 0.455, "Quick Note": null, "Harvest Sequence": 462, "HarvestSource": "main", "HarvestDirection": "N_to_S", "Weight_kg_raw": 0.455, "HarvestIssue": false, "Weight_kg_analysis": 0.455, "HarvestDateTime": "2025-10-22T15:43:53", "Area_m2": 5.0836543474666511 }, "geometry": { "type": "Polygon", "coordinates": [ [ [ 397144.149333063978702, 4435624.249654807150364 ], [ 397142.064501064014621, 4435624.249654807150364 ], [ 397142.064501064014621, 4435621.8112548077479 ], [ 397144.149333063978702, 4435621.8112548077479 ], [ 397144.149333063978702, 4435624.249654807150364 ] ] ] } },
{ "type": "Feature", "properties": { "Row": 4, "Col": 2, "Label": "AG34XF6", "X_start": 23.17, "Y_start": 50.0, "X_stop": 30.01, "Y_stop": 58.0, "BlockNum": 1, "Block": "B1", "PlotID": "B1_R4_C2", "Design": 1, "HarvestEW": 18, "HarvestNS": 20, "FieldPosition": "E18_N20", "Date/Time": "10/22/2025 3:39:05 PM", "Range": 20, "Row_Harvest": 19, "Weight (kg)": 1.33, "Quick Note": null, "Harvest Sequence": 453, "HarvestSource": "main", "HarvestDirection": "S_to_N", "Weight_kg_raw": 1.33, "HarvestIssue": false, "Weight_kg_analysis": 1.33, "HarvestDateTime": "2025-10-22T15:39:05", "Area_m2": 5.0836543476085847 }, "geometry": { "type": "Polygon", "coordinates": [ [ [ 397142.06754906399874, 4435624.249654807150364 ], [ 397139.982717063976452, 4435624.249654807150364 ], [ 397139.982717063976452, 4435621.8112548077479 ], [ 397142.06754906399874, 4435621.8112548077479 ], [ 397142.06754906399874, 4435624.249654807150364 ] ] ] } },
{ "type": "Feature", "properties": { "Row": 4, "Col": 3, "Label": "LG3216", "X_start": 30.01, "Y_start": 50.0, "X_stop": 36.85, "Y_stop": 58.0, "BlockNum": 1, "Block": "B1", "PlotID": "B1_R4_C3", "Design": 1, "HarvestEW": 17, "HarvestNS": 20, "FieldPosition": "E17_N20", "Date/Time": "10/22/2025 3:21:19 PM", "Range": 20, "Row_Harvest": 18, "Weight (kg)": 0.99, "Quick Note": null, "Harvest Sequence": 414, "HarvestSource": "main", "HarvestDirection": "N_to_S", "Weight_kg_raw": 0.99, "HarvestIssue": false, "Weight_kg_analysis": 0.99, "HarvestDateTime": "2025-10-22T15:21:19", "Area_m2": 5.0836543474666511 }, "geometry": { "type": "Polygon", "coordinates": [ [ [ 397139.982717063976452, 4435624.249654807150364 ], [ 397137.897885064012371, 4435624.249654807150364 ], [ 397137.897885064012371, 4435621.8112548077479 ], [ 397139.982717063976452, 4435621.8112548077479 ], [ 397139.982717063976452, 4435624.249654807150364 ] ] ] } },
{ "type": "Feature", "properties": { "Row": 4, "Col": 4, "Label": "AG40XFF5", "X_start": 36.85, "Y_start": 50.0, "X_stop": 43.69, "Y_stop": 58.0, "BlockNum": 1, "Block": "B1", "PlotID": "B1_R4_C4", "Design": 1, "HarvestEW": 16, "HarvestNS": 20, "FieldPosition": "E16_N20", "Date/Time": "10/22/2025 3:16:43 PM", "Range": 20, "Row_Harvest": 17, "Weight (kg)": 0.505, "Quick Note": null, "Harvest Sequence": 405, "HarvestSource": "main", "HarvestDirection": "S_to_N", "Weight_kg_raw": 0.505, "HarvestIssue": false, "Weight_kg_analysis": 0.505, "HarvestDateTime": "2025-10-22T15:16:43", "Area_m2": 5.0836543476085847 }, "geometry": { "type": "Polygon", "coordinates": [ [ [ 397137.897885064012371, 4435624.249654807150364 ], [ 397135.813053063990083, 4435624.249654807150364 ], [ 397135.813053063990083, 4435621.8112548077479 ], [ 397137.897885064012371, 4435621.8112548077479 ], [ 397137.897885064012371, 4435624.249654807150364 ] ] ] } },
{ "type": "Feature", "properties": { "Row": 5, "Col": 0, "Label": "LG3216", "X_start": 9.5, "Y_start": 60.0, "X_stop": 16.34, "Y_stop": 68.0, "BlockNum": 1, "Block": "B1", "PlotID": "B1_R5_C0", "Design": 1, "HarvestEW": 20, "HarvestNS": 19, "FieldPosition": "E20_N19", "Date/Time": "10/23/2025 9:58:09 AM", "Range": 19, "Row_Harvest": 1, "Weight (kg)": 0.7, "Quick Note": null, "Harvest Sequence": 19, "HarvestSource": "west_last_pass", "HarvestDirection": "S_to_N", "Weight_kg_raw": 0.7, "HarvestIssue": false, "Weight_kg_analysis": 0.7, "HarvestDateTime": "2025-10-23T09:58:09", "Area_m2": 5.083654349550236 }, "geometry": { "type": "Polygon", "coordinates": [ [ [ 397146.23416506400099, 4435621.201654807664454 ], [ 397144.149333063978702, 4435621.201654807664454 ], [ 397144.149333063978702, 4435618.763254807330668 ], [ 397146.23416506400099, 4435618.763254807330668 ], [ 397146.23416506400099, 4435621.201654807664454 ] ] ] } },
{ "type": "Feature", "properties": { "Row": 5, "Col": 1, "Label": "AG35XF5", "X_start": 16.34, "Y_start": 60.0, "X_stop": 23.18, "Y_stop": 68.0, "BlockNum": 1, "Block": "B1", "PlotID": "B1_R5_C1", "Design": 1, "HarvestEW": 19, "HarvestNS": 19, "FieldPosition": "E19_N19", "Date/Time": "10/22/2025 3:44:20 PM", "Range": 19, "Row_Harvest": 20, "Weight (kg)": 0.545, "Quick Note": null, "Harvest Sequence": 463, "HarvestSource": "main", "HarvestDirection": "N_to_S", "Weight_kg_raw": 0.545, "HarvestIssue": false, "Weight_kg_analysis": 0.545, "HarvestDateTime": "2025-10-22T15:44:20", "Area_m2": 5.0836543494083024 }, "geometry": { "type": "Polygon", "coordinates": [ [ [ 397144.149333063978702, 4435621.201654807664454 ], [ 397142.064501064014621, 4435621.201654807664454 ], [ 397142.064501064014621, 4435618.763254807330668 ], [ 397144.149333063978702, 4435618.763254807330668 ], [ 397144.149333063978702, 4435621.201654807664454 ] ] ] } },
{ "type": "Feature", "properties": { "Row": 5, "Col": 2, "Label": "LG3216", "X_start": 23.17, "Y_start": 60.0, "X_stop": 30.01, "Y_stop": 68.0, "BlockNum": 1, "Block": "B1", "PlotID": "B1_R5_C2", "Design": 1, "HarvestEW": 18, "HarvestNS": 19, "FieldPosition": "E18_N19", "Date/Time": "10/22/2025 3:38:37 PM", "Range": 19, "Row_Harvest": 19, "Weight (kg)": 1.6, "Quick Note": null, "Harvest Sequence": 452, "HarvestSource": "main", "HarvestDirection": "S_to_N", "Weight_kg_raw": 1.6, "HarvestIssue": false, "Weight_kg_analysis": 1.6, "HarvestDateTime": "2025-10-22T15:38:37", "Area_m2": 5.083654349550236 }, "geometry": { "type": "Polygon", "coordinates": [ [ [ 397142.06754906399874, 4435621.201654807664454 ], [ 397139.982717063976452, 4435621.201654807664454 ], [ 397139.982717063976452, 4435618.763254807330668 ], [ 397142.06754906399874, 4435618.763254807330668 ], [ 397142.06754906399874, 4435621.201654807664454 ] ] ] } },
{ "type": "Feature", "properties": { "Row": 5, "Col": 3, "Label": "AG36XF4", "X_start": 30.01, "Y_start": 60.0, "X_stop": 36.85, "Y_stop": 68.0, "BlockNum": 1, "Block": "B1", "PlotID": "B1_R5_C3", "Design": 1, "HarvestEW": 17, "HarvestNS": 19, "FieldPosition": "E17_N19", "Date/Time": "10/22/2025 3:21:42 PM", "Range": 19, "Row_Harvest": 18, "Weight (kg)": 0.585, "Quick Note": null, "Harvest Sequence": 415, "HarvestSource": "main", "HarvestDirection": "N_to_S", "Weight_kg_raw": 0.585, "HarvestIssue": false, "Weight_kg_analysis": 0.585, "HarvestDateTime": "2025-10-22T15:21:42", "Area_m2": 5.0836543494083024 }, "geometry": { "type": "Polygon", "coordinates": [ [ [ 397139.982717063976452, 4435621.201654807664454 ], [ 397137.897885064012371, 4435621.201654807664454 ], [ 397137.897885064012371, 4435618.763254807330668 ], [ 397139.982717063976452, 4435618.763254807330668 ], [ 397139.982717063976452, 4435621.201654807664454 ] ] ] } },
{ "type": "Feature", "properties": { "Row": 5, "Col": 4, "Label": "LG3216", "X_start": 36.85, "Y_start": 60.0, "X_stop": 43.69, "Y_stop": 68.0, "BlockNum": 1, "Block": "B1", "PlotID": "B1_R5_C4", "Design": 1, "HarvestEW": 16, "HarvestNS": 19, "FieldPosition": "E16_N19", "Date/Time": "10/22/2025 3:16:20 PM", "Range": 19, "Row_Harvest": 17, "Weight (kg)": 0.575, "Quick Note": null, "Harvest Sequence": 404, "HarvestSource": "main", "HarvestDirection": "S_to_N", "Weight_kg_raw": 0.575, "HarvestIssue": false, "Weight_kg_analysis": 0.575, "HarvestDateTime": "2025-10-22T15:16:20", "Area_m2": 5.083654349550236 }, "geometry": { "type": "Polygon", "coordinates": [ [ [ 397137.897885064012371, 4435621.201654807664454 ], [ 397135.813053063990083, 4435621.201654807664454 ], [ 397135.813053063990083, 4435618.763254807330668 ], [ 397137.897885064012371, 4435618.763254807330668 ], [ 397137.897885064012371, 4435621.201654807664454 ] ] ] } },
{ "type": "Feature", "properties": { "Row": 6, "Col": 0, "Label": "AG35XF5", "X_start": 9.5, "Y_start": 70.0, "X_stop": 16.34, "Y_stop": 78.0, "BlockNum": 1, "Block": "B1", "PlotID": "B1_R6_C0", "Design": 1, "HarvestEW": 20, "HarvestNS": 18, "FieldPosition": "E20_N18", "Date/Time": "10/23/2025 9:57:41 AM", "Range": 18, "Row_Harvest": 1, "Weight (kg)": 0.72, "Quick Note": null, "Harvest Sequence": 18, "HarvestSource": "west_last_pass", "HarvestDirection": "S_to_N", "Weight_kg_raw": 0.72, "HarvestIssue": false, "Weight_kg_analysis": 0.72, "HarvestDateTime": "2025-10-23T09:57:41", "Area_m2": 5.083654349550236 }, "geometry": { "type": "Polygon", "coordinates": [ [ [ 397146.23416506400099, 4435618.153654807247221 ], [ 397144.149333063978702, 4435618.153654807247221 ], [ 397144.149333063978702, 4435615.715254806913435 ], [ 397146.23416506400099, 4435615.715254806913435 ], [ 397146.23416506400099, 4435618.153654807247221 ] ] ] } },
{ "type": "Feature", "properties": { "Row": 6, "Col": 1, "Label": "LG3216", "X_start": 16.34, "Y_start": 70.0, "X_stop": 23.18, "Y_stop": 78.0, "BlockNum": 1, "Block": "B1", "PlotID": "B1_R6_C1", "Design": 1, "HarvestEW": 19, "HarvestNS": 18, "FieldPosition": "E19_N18", "Date/Time": "10/22/2025 3:44:40 PM", "Range": 18, "Row_Harvest": 20, "Weight (kg)": 0.165, "Quick Note": null, "Harvest Sequence": 464, "HarvestSource": "main", "HarvestDirection": "N_to_S", "Weight_kg_raw": 0.165, "HarvestIssue": false, "Weight_kg_analysis": 0.165, "HarvestDateTime": "2025-10-22T15:44:40", "Area_m2": 5.0836543494083024 }, "geometry": { "type": "Polygon", "coordinates": [ [ [ 397144.149333063978702, 4435618.153654807247221 ], [ 397142.064501064014621, 4435618.153654807247221 ], [ 397142.064501064014621, 4435615.715254806913435 ], [ 397144.149333063978702, 4435615.715254806913435 ], [ 397144.149333063978702, 4435618.153654807247221 ] ] ] } },
{ "type": "Feature", "properties": { "Row": 6, "Col": 2, "Label": "AG34XF6", "X_start": 23.17, "Y_start": 70.0, "X_stop": 30.01, "Y_stop": 78.0, "BlockNum": 1, "Block": "B1", "PlotID": "B1_R6_C2", "Design": 1, "HarvestEW": 18, "HarvestNS": 18, "FieldPosition": "E18_N18", "Date/Time": "10/22/2025 3:38:13 PM", "Range": 18, "Row_Harvest": 19, "Weight (kg)": 0.85, "Quick Note": null, "Harvest Sequence": 451, "HarvestSource": "main", "HarvestDirection": "S_to_N", "Weight_kg_raw": 0.85, "HarvestIssue": false, "Weight_kg_analysis": 0.85, "HarvestDateTime": "2025-10-22T15:38:13", "Area_m2": 5.083654349550236 }, "geometry": { "type": "Polygon", "coordinates": [ [ [ 397142.06754906399874, 4435618.153654807247221 ], [ 397139.982717063976452, 4435618.153654807247221 ], [ 397139.982717063976452, 4435615.715254806913435 ], [ 397142.06754906399874, 4435615.715254806913435 ], [ 397142.06754906399874, 4435618.153654807247221 ] ] ] } },
{ "type": "Feature", "properties": { "Row": 6, "Col": 3, "Label": "LG3216", "X_start": 30.01, "Y_start": 70.0, "X_stop": 36.85, "Y_stop": 78.0, "BlockNum": 1, "Block": "B1", "PlotID": "B1_R6_C3", "Design": 1, "HarvestEW": 17, "HarvestNS": 18, "FieldPosition": "E17_N18", "Date/Time": "10/22/2025 3:22:07 PM", "Range": 18, "Row_Harvest": 18, "Weight (kg)": 0.665, "Quick Note": null, "Harvest Sequence": 416, "HarvestSource": "main", "HarvestDirection": "N_to_S", "Weight_kg_raw": 0.665, "HarvestIssue": false, "Weight_kg_analysis": 0.665, "HarvestDateTime": "2025-10-22T15:22:07", "Area_m2": 5.0836543494083024 }, "geometry": { "type": "Polygon", "coordinates": [ [ [ 397139.982717063976452, 4435618.153654807247221 ], [ 397137.897885064012371, 4435618.153654807247221 ], [ 397137.897885064012371, 4435615.715254806913435 ], [ 397139.982717063976452, 4435615.715254806913435 ], [ 397139.982717063976452, 4435618.153654807247221 ] ] ] } },
{ "type": "Feature", "properties": { "Row": 6, "Col": 4, "Label": "AG29XF5", "X_start": 36.85, "Y_start": 70.0, "X_stop": 43.69, "Y_stop": 78.0, "BlockNum": 1, "Block": "B1", "PlotID": "B1_R6_C4", "Design": 1, "HarvestEW": 16, "HarvestNS": 18, "FieldPosition": "E16_N18", "Date/Time": "10/22/2025 3:15:55 PM", "Range": 18, "Row_Harvest": 17, "Weight (kg)": 0.76, "Quick Note": null, "Harvest Sequence": 403, "HarvestSource": "main", "HarvestDirection": "S_to_N", "Weight_kg_raw": 0.76, "HarvestIssue": false, "Weight_kg_analysis": 0.76, "HarvestDateTime": "2025-10-22T15:15:55", "Area_m2": 5.083654349550236 }, "geometry": { "type": "Polygon", "coordinates": [ [ [ 397137.897885064012371, 4435618.153654807247221 ], [ 397135.813053063990083, 4435618.153654807247221 ], [ 397135.813053063990083, 4435615.715254806913435 ], [ 397137.897885064012371, 4435615.715254806913435 ], [ 397137.897885064012371, 4435618.153654807247221 ] ] ] } },
{ "type": "Feature", "properties": { "Row": 7, "Col": 0, "Label": "LG3216", "X_start": 9.5, "Y_start": 80.0, "X_stop": 16.34, "Y_stop": 88.0, "BlockNum": 1, "Block": "B1", "PlotID": "B1_R7_C0", "Design": 1, "HarvestEW": 20, "HarvestNS": 17, "FieldPosition": "E20_N17", "Date/Time": "10/23/2025 9:57:11 AM", "Range": 17, "Row_Harvest": 1, "Weight (kg)": 0.675, "Quick Note": null, "Harvest Sequence": 17, "HarvestSource": "west_last_pass", "HarvestDirection": "S_to_N", "Weight_kg_raw": 0.675, "HarvestIssue": false, "Weight_kg_analysis": 0.675, "HarvestDateTime": "2025-10-23T09:57:11", "Area_m2": 5.083654349550236 }, "geometry": { "type": "Polygon", "coordinates": [ [ [ 397146.23416506400099, 4435615.105654807761312 ], [ 397144.149333063978702, 4435615.105654807761312 ], [ 397144.149333063978702, 4435612.667254807427526 ], [ 397146.23416506400099, 4435612.667254807427526 ], [ 397146.23416506400099, 4435615.105654807761312 ] ] ] } },
{ "type": "Feature", "properties": { "Row": 7, "Col": 1, "Label": "AG40XFF5", "X_start": 16.34, "Y_start": 80.0, "X_stop": 23.18, "Y_stop": 88.0, "BlockNum": 1, "Block": "B1", "PlotID": "B1_R7_C1", "Design": 1, "HarvestEW": 19, "HarvestNS": 17, "FieldPosition": "E19_N17", "Date/Time": "10/22/2025 3:45:05 PM", "Range": 17, "Row_Harvest": 20, "Weight (kg)": 0.455, "Quick Note": null, "Harvest Sequence": 465, "HarvestSource": "main", "HarvestDirection": "N_to_S", "Weight_kg_raw": 0.455, "HarvestIssue": false, "Weight_kg_analysis": 0.455, "HarvestDateTime": "2025-10-22T15:45:05", "Area_m2": 5.0836543494083024 }, "geometry": { "type": "Polygon", "coordinates": [ [ [ 397144.149333063978702, 4435615.105654807761312 ], [ 397142.064501064014621, 4435615.105654807761312 ], [ 397142.064501064014621, 4435612.667254807427526 ], [ 397144.149333063978702, 4435612.667254807427526 ], [ 397144.149333063978702, 4435615.105654807761312 ] ] ] } },
{ "type": "Feature", "properties": { "Row": 7, "Col": 2, "Label": "LG3216", "X_start": 23.17, "Y_start": 80.0, "X_stop": 30.01, "Y_stop": 88.0, "BlockNum": 1, "Block": "B1", "PlotID": "B1_R7_C2", "Design": 1, "HarvestEW": 18, "HarvestNS": 17, "FieldPosition": "E18_N17", "Date/Time": "10/22/2025 3:37:49 PM", "Range": 17, "Row_Harvest": 19, "Weight (kg)": 1.145, "Quick Note": null, "Harvest Sequence": 450, "HarvestSource": "main", "HarvestDirection": "S_to_N", "Weight_kg_raw": 1.145, "HarvestIssue": false, "Weight_kg_analysis": 1.145, "HarvestDateTime": "2025-10-22T15:37:49", "Area_m2": 5.083654349550236 }, "geometry": { "type": "Polygon", "coordinates": [ [ [ 397142.06754906399874, 4435615.105654807761312 ], [ 397139.982717063976452, 4435615.105654807761312 ], [ 397139.982717063976452, 4435612.667254807427526 ], [ 397142.06754906399874, 4435612.667254807427526 ], [ 397142.06754906399874, 4435615.105654807761312 ] ] ] } },
{ "type": "Feature", "properties": { "Row": 7, "Col": 3, "Label": "AG38XF6", "X_start": 30.01, "Y_start": 80.0, "X_stop": 36.85, "Y_stop": 88.0, "BlockNum": 1, "Block": "B1", "PlotID": "B1_R7_C3", "Design": 1, "HarvestEW": 17, "HarvestNS": 17, "FieldPosition": "E17_N17", "Date/Time": "10/22/2025 3:22:30 PM", "Range": 17, "Row_Harvest": 18, "Weight (kg)": 1.095, "Quick Note": null, "Harvest Sequence": 417, "HarvestSource": "main", "HarvestDirection": "N_to_S", "Weight_kg_raw": 1.095, "HarvestIssue": false, "Weight_kg_analysis": 1.095, "HarvestDateTime": "2025-10-22T15:22:30", "Area_m2": 5.0836543494083024 }, "geometry": { "type": "Polygon", "coordinates": [ [ [ 397139.982717063976452, 4435615.105654807761312 ], [ 397137.897885064012371, 4435615.105654807761312 ], [ 397137.897885064012371, 4435612.667254807427526 ], [ 397139.982717063976452, 4435612.667254807427526 ], [ 397139.982717063976452, 4435615.105654807761312 ] ] ] } },
{ "type": "Feature", "properties": { "Row": 7, "Col": 4, "Label": "LG3216", "X_start": 36.85, "Y_start": 80.0, "X_stop": 43.69, "Y_stop": 88.0, "BlockNum": 1, "Block": "B1", "PlotID": "B1_R7_C4", "Design": 1, "HarvestEW": 16, "HarvestNS": 17, "FieldPosition": "E16_N17", "Date/Time": "10/22/2025 3:15:33 PM", "Range": 17, "Row_Harvest": 17, "Weight (kg)": 1.05, "Quick Note": null, "Harvest Sequence": 402, "HarvestSource": "main", "HarvestDirection": "S_to_N", "Weight_kg_raw": 1.05, "HarvestIssue": false, "Weight_kg_analysis": 1.05, "HarvestDateTime": "2025-10-22T15:15:33", "Area_m2": 5.083654349550236 }, "geometry": { "type": "Polygon", "coordinates": [ [ [ 397137.897885064012371, 4435615.105654807761312 ], [ 397135.813053063990083, 4435615.105654807761312 ], [ 397135.813053063990083, 4435612.667254807427526 ], [ 397137.897885064012371, 4435612.667254807427526 ], [ 397137.897885064012371, 4435615.105654807761312 ] ] ] } },
{ "type": "Feature", "properties": { "Row": 0, "Col": 0, "Label": "LD20-4542", "X_start": 44.94, "Y_start": 10.0, "X_stop": 51.78, "Y_stop": 18.0, "BlockNum": 2, "Block": "B2", "PlotID": "B2_R0_C0", "Design": 2, "HarvestEW": 15, "HarvestNS": 24, "FieldPosition": "E15_N24", "Date/Time": "10/22/2025 2:36:18 PM", "Range": 24, "Row_Harvest": 16, "Weight (kg)": 1.085, "Quick Note": null, "Harvest Sequence": 362, "HarvestSource": "main", "HarvestDirection": "N_to_S", "Weight_kg_raw": 1.085, "HarvestIssue": false, "Weight_kg_analysis": 1.085, "HarvestDateTime": "2025-10-22T14:36:18", "Area_m2": 5.0836543476085847 }, "geometry": { "type": "Polygon", "coordinates": [ [ [ 397135.432053063996136, 4435636.441654806956649 ], [ 397133.347221063973848, 4435636.441654806956649 ], [ 397133.347221063973848, 4435634.003254807554185 ], [ 397135.432053063996136, 4435634.003254807554185 ], [ 397135.432053063996136, 4435636.441654806956649 ] ] ] } },
{ "type": "Feature", "properties": { "Row": 0, "Col": 1, "Label": "AG29XF5", "X_start": 51.77, "Y_start": 10.0, "X_stop": 58.61, "Y_stop": 18.0, "BlockNum": 2, "Block": "B2", "PlotID": "B2_R0_C1", "Design": 2, "HarvestEW": 14, "HarvestNS": 24, "FieldPosition": "E14_N24", "Date/Time": "10/22/2025 2:34:47 PM", "Range": 24, "Row_Harvest": 15, "Weight (kg)": 0.48, "Quick Note": null, "Harvest Sequence": 361, "HarvestSource": "main", "HarvestDirection": "S_to_N", "Weight_kg_raw": 0.48, "HarvestIssue": false, "Weight_kg_analysis": 0.48, "HarvestDateTime": "2025-10-22T14:34:47", "Area_m2": 5.0836543476085847 }, "geometry": { "type": "Polygon", "coordinates": [ [ [ 397133.350269064016175, 4435636.441654806956649 ], [ 397131.265437063993886, 4435636.441654806956649 ], [ 397131.265437063993886, 4435634.003254807554185 ], [ 397133.350269064016175, 4435634.003254807554185 ], [ 397133.350269064016175, 4435636.441654806956649 ] ] ] } },
{ "type": "Feature", "properties": { "Row": 0, "Col": 2, "Label": "LD11-2170", "X_start": 58.61, "Y_start": 10.0, "X_stop": 65.45, "Y_stop": 18.0, "BlockNum": 2, "Block": "B2", "PlotID": "B2_R0_C2", "Design": 2, "HarvestEW": 13, "HarvestNS": 24, "FieldPosition": "E13_N24", "Date/Time": "10/22/2025 2:13:44 PM", "Range": 24, "Row_Harvest": 14, "Weight (kg)": 0.57, "Quick Note": null, "Harvest Sequence": 314, "HarvestSource": "main", "HarvestDirection": "N_to_S", "Weight_kg_raw": 0.57, "HarvestIssue": false, "Weight_kg_analysis": 0.57, "HarvestDateTime": "2025-10-22T14:13:44", "Area_m2": 5.0836543476085847 }, "geometry": { "type": "Polygon", "coordinates": [ [ [ 397131.265437063993886, 4435636.441654806956649 ], [ 397129.180605063971598, 4435636.441654806956649 ], [ 397129.180605063971598, 4435634.003254807554185 ], [ 397131.265437063993886, 4435634.003254807554185 ], [ 397131.265437063993886, 4435636.441654806956649 ] ] ] } },
{ "type": "Feature", "properties": { "Row": 0, "Col": 3, "Label": "AG29XF4", "X_start": 65.45, "Y_start": 10.0, "X_stop": 72.29, "Y_stop": 18.0, "BlockNum": 2, "Block": "B2", "PlotID": "B2_R0_C3", "Design": 2, "HarvestEW": 12, "HarvestNS": 24, "FieldPosition": "E12_N24", "Date/Time": "10/22/2025 2:12:23 PM", "Range": 24, "Row_Harvest": 13, "Weight (kg)": 0.66, "Quick Note": null, "Harvest Sequence": 313, "HarvestSource": "main", "HarvestDirection": "S_to_N", "Weight_kg_raw": 0.66, "HarvestIssue": false, "Weight_kg_analysis": 0.66, "HarvestDateTime": "2025-10-22T14:12:23", "Area_m2": 5.0836543474666511 }, "geometry": { "type": "Polygon", "coordinates": [ [ [ 397129.180605063971598, 4435636.441654806956649 ], [ 397127.095773064007517, 4435636.441654806956649 ], [ 397127.095773064007517, 4435634.003254807554185 ], [ 397129.180605063971598, 4435634.003254807554185 ], [ 397129.180605063971598, 4435636.441654806956649 ] ] ] } },
{ "type": "Feature", "properties": { "Row": 0, "Col": 4, "Label": "LD20-4471", "X_start": 72.29, "Y_start": 10.0, "X_stop": 79.13, "Y_stop": 18.0, "BlockNum": 2, "Block": "B2", "PlotID": "B2_R0_C4", "Design": 2, "HarvestEW": 11, "HarvestNS": 24, "FieldPosition": "E11_N24", "Date/Time": "10/22/2025 1:50:47 PM", "Range": 24, "Row_Harvest": 12, "Weight (kg)": 0.74, "Quick Note": null, "Harvest Sequence": 266, "HarvestSource": "main", "HarvestDirection": "N_to_S", "Weight_kg_raw": 0.74, "HarvestIssue": false, "Weight_kg_analysis": 0.74, "HarvestDateTime": "2025-10-22T13:50:47", "Area_m2": 5.0836543476085847 }, "geometry": { "type": "Polygon", "coordinates": [ [ [ 397127.095773064007517, 4435636.441654806956649 ], [ 397125.010941063985229, 4435636.441654806956649 ], [ 397125.010941063985229, 4435634.003254807554185 ], [ 397127.095773064007517, 4435634.003254807554185 ], [ 397127.095773064007517, 4435636.441654806956649 ] ] ] } },
{ "type": "Feature", "properties": { "Row": 1, "Col": 0, "Label": "AG29XF4", "X_start": 44.94, "Y_start": 20.0, "X_stop": 51.78, "Y_stop": 28.0, "BlockNum": 2, "Block": "B2", "PlotID": "B2_R1_C0", "Design": 2, "HarvestEW": 15, "HarvestNS": 23, "FieldPosition": "E15_N23", "Date/Time": "10/22/2025 2:36:47 PM", "Range": 23, "Row_Harvest": 16, "Weight (kg)": 1.72, "Quick Note": null, "Harvest Sequence": 363, "HarvestSource": "main", "HarvestDirection": "N_to_S", "Weight_kg_raw": 1.72, "HarvestIssue": false, "Weight_kg_analysis": 1.72, "HarvestDateTime": "2025-10-22T14:36:47", "Area_m2": 5.083654349550236 }, "geometry": { "type": "Polygon", "coordinates": [ [ [ 397135.432053063996136, 4435633.393654807470739 ], [ 397133.347221063973848, 4435633.393654807470739 ], [ 397133.347221063973848, 4435630.955254807136953 ], [ 397135.432053063996136, 4435630.955254807136953 ], [ 397135.432053063996136, 4435633.393654807470739 ] ] ] } },
{ "type": "Feature", "properties": { "Row": 1, "Col": 1, "Label": "LD20-5413", "X_start": 51.77, "Y_start": 20.0, "X_stop": 58.61, "Y_stop": 28.0, "BlockNum": 2, "Block": "B2", "PlotID": "B2_R1_C1", "Design": 2, "HarvestEW": 14, "HarvestNS": 23, "FieldPosition": "E14_N23", "Date/Time": "10/22/2025 2:34:21 PM", "Range": 23, "Row_Harvest": 15, "Weight (kg)": 0.815, "Quick Note": null, "Harvest Sequence": 360, "HarvestSource": "main", "HarvestDirection": "S_to_N", "Weight_kg_raw": 0.815, "HarvestIssue": false, "Weight_kg_analysis": 0.815, "HarvestDateTime": "2025-10-22T14:34:21", "Area_m2": 5.083654349550236 }, "geometry": { "type": "Polygon", "coordinates": [ [ [ 397133.350269064016175, 4435633.393654807470739 ], [ 397131.265437063993886, 4435633.393654807470739 ], [ 397131.265437063993886, 4435630.955254807136953 ], [ 397133.350269064016175, 4435630.955254807136953 ], [ 397133.350269064016175, 4435633.393654807470739 ] ] ] } },
{ "type": "Feature", "properties": { "Row": 1, "Col": 2, "Label": "AG29XF5", "X_start": 58.61, "Y_start": 20.0, "X_stop": 65.45, "Y_stop": 28.0, "BlockNum": 2, "Block": "B2", "PlotID": "B2_R1_C2", "Design": 2, "HarvestEW": 13, "HarvestNS": 23, "FieldPosition": "E13_N23", "Date/Time": "10/22/2025 2:14:04 PM", "Range": 23, "Row_Harvest": 14, "Weight (kg)": 0.47, "Quick Note": null, "Harvest Sequence": 315, "HarvestSource": "main", "HarvestDirection": "N_to_S", "Weight_kg_raw": 0.47, "HarvestIssue": false, "Weight_kg_analysis": 0.47, "HarvestDateTime": "2025-10-22T14:14:04", "Area_m2": 5.083654349550236 }, "geometry": { "type": "Polygon", "coordinates": [ [ [ 397131.265437063993886, 4435633.393654807470739 ], [ 397129.180605063971598, 4435633.393654807470739 ], [ 397129.180605063971598, 4435630.955254807136953 ], [ 397131.265437063993886, 4435630.955254807136953 ], [ 397131.265437063993886, 4435633.393654807470739 ] ] ] } },
{ "type": "Feature", "properties": { "Row": 1, "Col": 3, "Label": "LD22-4283", "X_start": 65.45, "Y_start": 20.0, "X_stop": 72.29, "Y_stop": 28.0, "BlockNum": 2, "Block": "B2", "PlotID": "B2_R1_C3", "Design": 2, "HarvestEW": 12, "HarvestNS": 23, "FieldPosition": "E12_N23", "Date/Time": "10/22/2025 2:12:01 PM", "Range": 23, "Row_Harvest": 13, "Weight (kg)": 0.84, "Quick Note": null, "Harvest Sequence": 312, "HarvestSource": "main", "HarvestDirection": "S_to_N", "Weight_kg_raw": 0.84, "HarvestIssue": false, "Weight_kg_analysis": 0.84, "HarvestDateTime": "2025-10-22T14:12:01", "Area_m2": 5.0836543494083024 }, "geometry": { "type": "Polygon", "coordinates": [ [ [ 397129.180605063971598, 4435633.393654807470739 ], [ 397127.095773064007517, 4435633.393654807470739 ], [ 397127.095773064007517, 4435630.955254807136953 ], [ 397129.180605063971598, 4435630.955254807136953 ], [ 397129.180605063971598, 4435633.393654807470739 ] ] ] } },
{ "type": "Feature", "properties": { "Row": 1, "Col": 4, "Label": "AG29XF5", "X_start": 72.29, "Y_start": 20.0, "X_stop": 79.13, "Y_stop": 28.0, "BlockNum": 2, "Block": "B2", "PlotID": "B2_R1_C4", "Design": 2, "HarvestEW": 11, "HarvestNS": 23, "FieldPosition": "E11_N23", "Date/Time": "10/22/2025 1:51:15 PM", "Range": 23, "Row_Harvest": 12, "Weight (kg)": 1.775, "Quick Note": null, "Harvest Sequence": 267, "HarvestSource": "main", "HarvestDirection": "N_to_S", "Weight_kg_raw": 1.775, "HarvestIssue": false, "Weight_kg_analysis": 1.775, "HarvestDateTime": "2025-10-22T13:51:15", "Area_m2": 5.083654349550236 }, "geometry": { "type": "Polygon", "coordinates": [ [ [ 397127.095773064007517, 4435633.393654807470739 ], [ 397125.010941063985229, 4435633.393654807470739 ], [ 397125.010941063985229, 4435630.955254807136953 ], [ 397127.095773064007517, 4435630.955254807136953 ], [ 397127.095773064007517, 4435633.393654807470739 ] ] ] } },
{ "type": "Feature", "properties": { "Row": 2, "Col": 0, "Label": "LD20-5738", "X_start": 44.94, "Y_start": 30.0, "X_stop": 51.78, "Y_stop": 38.0, "BlockNum": 2, "Block": "B2", "PlotID": "B2_R2_C0", "Design": 2, "HarvestEW": 15, "HarvestNS": 22, "FieldPosition": "E15_N22", "Date/Time": "10/22/2025 2:37:15 PM", "Range": 22, "Row_Harvest": 16, "Weight (kg)": 1.135, "Quick Note": null, "Harvest Sequence": 364, "HarvestSource": "main", "HarvestDirection": "N_to_S", "Weight_kg_raw": 1.135, "HarvestIssue": false, "Weight_kg_analysis": 1.135, "HarvestDateTime": "2025-10-22T14:37:15", "Area_m2": 5.0836543476085847 }, "geometry": { "type": "Polygon", "coordinates": [ [ [ 397135.432053063996136, 4435630.345654807053506 ], [ 397133.347221063973848, 4435630.345654807053506 ], [ 397133.347221063973848, 4435627.907254807651043 ], [ 397135.432053063996136, 4435627.907254807651043 ], [ 397135.432053063996136, 4435630.345654807053506 ] ] ] } },
{ "type": "Feature", "properties": { "Row": 2, "Col": 1, "Label": "AG29XF4", "X_start": 51.77, "Y_start": 30.0, "X_stop": 58.61, "Y_stop": 38.0, "BlockNum": 2, "Block": "B2", "PlotID": "B2_R2_C1", "Design": 2, "HarvestEW": 14, "HarvestNS": 22, "FieldPosition": "E14_N22", "Date/Time": "10/22/2025 2:33:52 PM", "Range": 22, "Row_Harvest": 15, "Weight (kg)": 0.43, "Quick Note": null, "Harvest Sequence": 359, "HarvestSource": "main", "HarvestDirection": "S_to_N", "Weight_kg_raw": 0.43, "HarvestIssue": false, "Weight_kg_analysis": 0.43, "HarvestDateTime": "2025-10-22T14:33:52", "Area_m2": 5.0836543476085847 }, "geometry": { "type": "Polygon", "coordinates": [ [ [ 397133.350269064016175, 4435630.345654807053506 ], [ 397131.265437063993886, 4435630.345654807053506 ], [ 397131.265437063993886, 4435627.907254807651043 ], [ 397133.350269064016175, 4435627.907254807651043 ], [ 397133.350269064016175, 4435630.345654807053506 ] ] ] } },
{ "type": "Feature", "properties": { "Row": 2, "Col": 2, "Label": "LD21-5253", "X_start": 58.61, "Y_start": 30.0, "X_stop": 65.45, "Y_stop": 38.0, "BlockNum": 2, "Block": "B2", "PlotID": "B2_R2_C2", "Design": 2, "HarvestEW": 13, "HarvestNS": 22, "FieldPosition": "E13_N22", "Date/Time": "10/22/2025 2:14:27 PM", "Range": 22, "Row_Harvest": 14, "Weight (kg)": 0.66, "Quick Note": null, "Harvest Sequence": 316, "HarvestSource": "main", "HarvestDirection": "N_to_S", "Weight_kg_raw": 0.66, "HarvestIssue": false, "Weight_kg_analysis": 0.66, "HarvestDateTime": "2025-10-22T14:14:27", "Area_m2": 5.0836543476085847 }, "geometry": { "type": "Polygon", "coordinates": [ [ [ 397131.265437063993886, 4435630.345654807053506 ], [ 397129.180605063971598, 4435630.345654807053506 ], [ 397129.180605063971598, 4435627.907254807651043 ], [ 397131.265437063993886, 4435627.907254807651043 ], [ 397131.265437063993886, 4435630.345654807053506 ] ] ] } },
{ "type": "Feature", "properties": { "Row": 2, "Col": 3, "Label": "AG29XF4", "X_start": 65.45, "Y_start": 30.0, "X_stop": 72.29, "Y_stop": 38.0, "BlockNum": 2, "Block": "B2", "PlotID": "B2_R2_C3", "Design": 2, "HarvestEW": 12, "HarvestNS": 22, "FieldPosition": "E12_N22", "Date/Time": "10/22/2025 2:11:35 PM", "Range": 22, "Row_Harvest": 13, "Weight (kg)": 1.195, "Quick Note": null, "Harvest Sequence": 311, "HarvestSource": "main", "HarvestDirection": "S_to_N", "Weight_kg_raw": 1.195, "HarvestIssue": false, "Weight_kg_analysis": 1.195, "HarvestDateTime": "2025-10-22T14:11:35", "Area_m2": 5.0836543474666511 }, "geometry": { "type": "Polygon", "coordinates": [ [ [ 397129.180605063971598, 4435630.345654807053506 ], [ 397127.095773064007517, 4435630.345654807053506 ], [ 397127.095773064007517, 4435627.907254807651043 ], [ 397129.180605063971598, 4435627.907254807651043 ], [ 397129.180605063971598, 4435630.345654807053506 ] ] ] } },
{ "type": "Feature", "properties": { "Row": 2, "Col": 4, "Label": "LD20-4988", "X_start": 72.29, "Y_start": 30.0, "X_stop": 79.13, "Y_stop": 38.0, "BlockNum": 2, "Block": "B2", "PlotID": "B2_R2_C4", "Design": 2, "HarvestEW": 11, "HarvestNS": 22, "FieldPosition": "E11_N22", "Date/Time": "10/22/2025 1:51:43 PM", "Range": 22, "Row_Harvest": 12, "Weight (kg)": 1.155, "Quick Note": null, "Harvest Sequence": 268, "HarvestSource": "main", "HarvestDirection": "N_to_S", "Weight_kg_raw": 1.155, "HarvestIssue": false, "Weight_kg_analysis": 1.155, "HarvestDateTime": "2025-10-22T13:51:43", "Area_m2": 5.0836543476085847 }, "geometry": { "type": "Polygon", "coordinates": [ [ [ 397127.095773064007517, 4435630.345654807053506 ], [ 397125.010941063985229, 4435630.345654807053506 ], [ 397125.010941063985229, 4435627.907254807651043 ], [ 397127.095773064007517, 4435627.907254807651043 ], [ 397127.095773064007517, 4435630.345654807053506 ] ] ] } },
{ "type": "Feature", "properties": { "Row": 3, "Col": 0, "Label": "AG29XF5", "X_start": 44.94, "Y_start": 40.0, "X_stop": 51.78, "Y_stop": 48.0, "BlockNum": 2, "Block": "B2", "PlotID": "B2_R3_C0", "Design": 2, "HarvestEW": 15, "HarvestNS": 21, "FieldPosition": "E15_N21", "Date/Time": "10/22/2025 2:37:44 PM", "Range": 21, "Row_Harvest": 16, "Weight (kg)": 2.28, "Quick Note": null, "Harvest Sequence": 365, "HarvestSource": "main", "HarvestDirection": "N_to_S", "Weight_kg_raw": 2.28, "HarvestIssue": false, "Weight_kg_analysis": 2.28, "HarvestDateTime": "2025-10-22T14:37:44", "Area_m2": 5.083654349550236 }, "geometry": { "type": "Polygon", "coordinates": [ [ [ 397135.432053063996136, 4435627.297654807567596 ], [ 397133.347221063973848, 4435627.297654807567596 ], [ 397133.347221063973848, 4435624.85925480723381 ], [ 397135.432053063996136, 4435624.85925480723381 ], [ 397135.432053063996136, 4435627.297654807567596 ] ] ] } },
{ "type": "Feature", "properties": { "Row": 3, "Col": 1, "Label": "LD21-7234", "X_start": 51.77, "Y_start": 40.0, "X_stop": 58.61, "Y_stop": 48.0, "BlockNum": 2, "Block": "B2", "PlotID": "B2_R3_C1", "Design": 2, "HarvestEW": 14, "HarvestNS": 21, "FieldPosition": "E14_N21", "Date/Time": "10/22/2025 2:33:27 PM", "Range": 21, "Row_Harvest": 15, "Weight (kg)": 1.01, "Quick Note": null, "Harvest Sequence": 358, "HarvestSource": "main", "HarvestDirection": "S_to_N", "Weight_kg_raw": 1.01, "HarvestIssue": false, "Weight_kg_analysis": 1.01, "HarvestDateTime": "2025-10-22T14:33:27", "Area_m2": 5.083654349550236 }, "geometry": { "type": "Polygon", "coordinates": [ [ [ 397133.350269064016175, 4435627.297654807567596 ], [ 397131.265437063993886, 4435627.297654807567596 ], [ 397131.265437063993886, 4435624.85925480723381 ], [ 397133.350269064016175, 4435624.85925480723381 ], [ 397133.350269064016175, 4435627.297654807567596 ] ] ] } },
{ "type": "Feature", "properties": { "Row": 3, "Col": 2, "Label": "AG29XF4", "X_start": 58.61, "Y_start": 40.0, "X_stop": 65.45, "Y_stop": 48.0, "BlockNum": 2, "Block": "B2", "PlotID": "B2_R3_C2", "Design": 2, "HarvestEW": 13, "HarvestNS": 21, "FieldPosition": "E13_N21", "Date/Time": "10/22/2025 2:14:50 PM", "Range": 21, "Row_Harvest": 14, "Weight (kg)": 0.85, "Quick Note": null, "Harvest Sequence": 317, "HarvestSource": "main", "HarvestDirection": "N_to_S", "Weight_kg_raw": 0.85, "HarvestIssue": false, "Weight_kg_analysis": 0.85, "HarvestDateTime": "2025-10-22T14:14:50", "Area_m2": 5.083654349550236 }, "geometry": { "type": "Polygon", "coordinates": [ [ [ 397131.265437063993886, 4435627.297654807567596 ], [ 397129.180605063971598, 4435627.297654807567596 ], [ 397129.180605063971598, 4435624.85925480723381 ], [ 397131.265437063993886, 4435624.85925480723381 ], [ 397131.265437063993886, 4435627.297654807567596 ] ] ] } },
{ "type": "Feature", "properties": { "Row": 3, "Col": 3, "Label": "LD20-4471", "X_start": 65.45, "Y_start": 40.0, "X_stop": 72.29, "Y_stop": 48.0, "BlockNum": 2, "Block": "B2", "PlotID": "B2_R3_C3", "Design": 2, "HarvestEW": 12, "HarvestNS": 21, "FieldPosition": "E12_N21", "Date/Time": "10/22/2025 2:11:09 PM", "Range": 21, "Row_Harvest": 13, "Weight (kg)": 1.08, "Quick Note": null, "Harvest Sequence": 310, "HarvestSource": "main", "HarvestDirection": "S_to_N", "Weight_kg_raw": 1.08, "HarvestIssue": false, "Weight_kg_analysis": 1.08, "HarvestDateTime": "2025-10-22T14:11:09", "Area_m2": 5.0836543494083024 }, "geometry": { "type": "Polygon", "coordinates": [ [ [ 397129.180605063971598, 4435627.297654807567596 ], [ 397127.095773064007517, 4435627.297654807567596 ], [ 397127.095773064007517, 4435624.85925480723381 ], [ 397129.180605063971598, 4435624.85925480723381 ], [ 397129.180605063971598, 4435627.297654807567596 ] ] ] } },
{ "type": "Feature", "properties": { "Row": 3, "Col": 4, "Label": "AG29XF5", "X_start": 72.29, "Y_start": 40.0, "X_stop": 79.13, "Y_stop": 48.0, "BlockNum": 2, "Block": "B2", "PlotID": "B2_R3_C4", "Design": 2, "HarvestEW": 11, "HarvestNS": 21, "FieldPosition": "E11_N21", "Date/Time": "10/22/2025 1:52:13 PM", "Range": 21, "Row_Harvest": 12, "Weight (kg)": 1.345, "Quick Note": null, "Harvest Sequence": 269, "HarvestSource": "main", "HarvestDirection": "N_to_S", "Weight_kg_raw": 1.345, "HarvestIssue": false, "Weight_kg_analysis": 1.345, "HarvestDateTime": "2025-10-22T13:52:13", "Area_m2": 5.083654349550236 }, "geometry": { "type": "Polygon", "coordinates": [ [ [ 397127.095773064007517, 4435627.297654807567596 ], [ 397125.010941063985229, 4435627.297654807567596 ], [ 397125.010941063985229, 4435624.85925480723381 ], [ 397127.095773064007517, 4435624.85925480723381 ], [ 397127.095773064007517, 4435627.297654807567596 ] ] ] } },
{ "type": "Feature", "properties": { "Row": 4, "Col": 0, "Label": "LD11-2170", "X_start": 44.94, "Y_start": 50.0, "X_stop": 51.78, "Y_stop": 58.0, "BlockNum": 2, "Block": "B2", "PlotID": "B2_R4_C0", "Design": 2, "HarvestEW": 15, "HarvestNS": 20, "FieldPosition": "E15_N20", "Date/Time": "10/22/2025 2:38:11 PM", "Range": 20, "Row_Harvest": 16, "Weight (kg)": 1.415, "Quick Note": null, "Harvest Sequence": 366, "HarvestSource": "main", "HarvestDirection": "N_to_S", "Weight_kg_raw": 1.415, "HarvestIssue": false, "Weight_kg_analysis": 1.415, "HarvestDateTime": "2025-10-22T14:38:11", "Area_m2": 5.0836543476085847 }, "geometry": { "type": "Polygon", "coordinates": [ [ [ 397135.432053063996136, 4435624.249654807150364 ], [ 397133.347221063973848, 4435624.249654807150364 ], [ 397133.347221063973848, 4435621.8112548077479 ], [ 397135.432053063996136, 4435621.8112548077479 ], [ 397135.432053063996136, 4435624.249654807150364 ] ] ] } },
{ "type": "Feature", "properties": { "Row": 4, "Col": 1, "Label": "AG29XF5", "X_start": 51.77, "Y_start": 50.0, "X_stop": 58.61, "Y_stop": 58.0, "BlockNum": 2, "Block": "B2", "PlotID": "B2_R4_C1", "Design": 2, "HarvestEW": 14, "HarvestNS": 20, "FieldPosition": "E14_N20", "Date/Time": "10/22/2025 2:33:03 PM", "Range": 20, "Row_Harvest": 15, "Weight (kg)": 0.935, "Quick Note": null, "Harvest Sequence": 357, "HarvestSource": "main", "HarvestDirection": "S_to_N", "Weight_kg_raw": 0.935, "HarvestIssue": false, "Weight_kg_analysis": 0.935, "HarvestDateTime": "2025-10-22T14:33:03", "Area_m2": 5.0836543476085847 }, "geometry": { "type": "Polygon", "coordinates": [ [ [ 397133.350269064016175, 4435624.249654807150364 ], [ 397131.265437063993886, 4435624.249654807150364 ], [ 397131.265437063993886, 4435621.8112548077479 ], [ 397133.350269064016175, 4435621.8112548077479 ], [ 397133.350269064016175, 4435624.249654807150364 ] ] ] } },
{ "type": "Feature", "properties": { "Row": 4, "Col": 2, "Label": "LD20-5738", "X_start": 58.61, "Y_start": 50.0, "X_stop": 65.45, "Y_stop": 58.0, "BlockNum": 2, "Block": "B2", "PlotID": "B2_R4_C2", "Design": 2, "HarvestEW": 13, "HarvestNS": 20, "FieldPosition": "E13_N20", "Date/Time": "10/22/2025 2:15:20 PM", "Range": 20, "Row_Harvest": 14, "Weight (kg)": 1.125, "Quick Note": null, "Harvest Sequence": 318, "HarvestSource": "main", "HarvestDirection": "N_to_S", "Weight_kg_raw": 1.125, "HarvestIssue": false, "Weight_kg_analysis": 1.125, "HarvestDateTime": "2025-10-22T14:15:20", "Area_m2": 5.0836543476085847 }, "geometry": { "type": "Polygon", "coordinates": [ [ [ 397131.265437063993886, 4435624.249654807150364 ], [ 397129.180605063971598, 4435624.249654807150364 ], [ 397129.180605063971598, 4435621.8112548077479 ], [ 397131.265437063993886, 4435621.8112548077479 ], [ 397131.265437063993886, 4435624.249654807150364 ] ] ] } },
{ "type": "Feature", "properties": { "Row": 4, "Col": 3, "Label": "AG29XF4", "X_start": 65.45, "Y_start": 50.0, "X_stop": 72.29, "Y_stop": 58.0, "BlockNum": 2, "Block": "B2", "PlotID": "B2_R4_C3", "Design": 2, "HarvestEW": 12, "HarvestNS": 20, "FieldPosition": "E12_N20", "Date/Time": "10/22/2025 2:10:41 PM", "Range": 20, "Row_Harvest": 13, "Weight (kg)": 1.045, "Quick Note": null, "Harvest Sequence": 309, "HarvestSource": "main", "HarvestDirection": "S_to_N", "Weight_kg_raw": 1.045, "HarvestIssue": false, "Weight_kg_analysis": 1.045, "HarvestDateTime": "2025-10-22T14:10:41", "Area_m2": 5.0836543474666511 }, "geometry": { "type": "Polygon", "coordinates": [ [ [ 397129.180605063971598, 4435624.249654807150364 ], [ 397127.095773064007517, 4435624.249654807150364 ], [ 397127.095773064007517, 4435621.8112548077479 ], [ 397129.180605063971598, 4435621.8112548077479 ], [ 397129.180605063971598, 4435624.249654807150364 ] ] ] } },
{ "type": "Feature", "properties": { "Row": 4, "Col": 4, "Label": "LD20-4542", "X_start": 72.29, "Y_start": 50.0, "X_stop": 79.13, "Y_stop": 58.0, "BlockNum": 2, "Block": "B2", "PlotID": "B2_R4_C4", "Design": 2, "HarvestEW": 11, "HarvestNS": 20, "FieldPosition": "E11_N20", "Date/Time": "10/22/2025 1:52:39 PM", "Range": 20, "Row_Harvest": 12, "Weight (kg)": 1.11, "Quick Note": null, "Harvest Sequence": 270, "HarvestSource": "main", "HarvestDirection": "N_to_S", "Weight_kg_raw": 1.11, "HarvestIssue": false, "Weight_kg_analysis": 1.11, "HarvestDateTime": "2025-10-22T13:52:39", "Area_m2": 5.0836543476085847 }, "geometry": { "type": "Polygon", "coordinates": [ [ [ 397127.095773064007517, 4435624.249654807150364 ], [ 397125.010941063985229, 4435624.249654807150364 ], [ 397125.010941063985229, 4435621.8112548077479 ], [ 397127.095773064007517, 4435621.8112548077479 ], [ 397127.095773064007517, 4435624.249654807150364 ] ] ] } },
{ "type": "Feature", "properties": { "Row": 5, "Col": 0, "Label": "AG29XF4", "X_start": 44.94, "Y_start": 60.0, "X_stop": 51.78, "Y_stop": 68.0, "BlockNum": 2, "Block": "B2", "PlotID": "B2_R5_C0", "Design": 2, "HarvestEW": 15, "HarvestNS": 19, "FieldPosition": "E15_N19", "Date/Time": "10/22/2025 2:38:38 PM", "Range": 19, "Row_Harvest": 16, "Weight (kg)": 1.26, "Quick Note": null, "Harvest Sequence": 367, "HarvestSource": "main", "HarvestDirection": "N_to_S", "Weight_kg_raw": 1.26, "HarvestIssue": false, "Weight_kg_analysis": 1.26, "HarvestDateTime": "2025-10-22T14:38:38", "Area_m2": 5.083654349550236 }, "geometry": { "type": "Polygon", "coordinates": [ [ [ 397135.432053063996136, 4435621.201654807664454 ], [ 397133.347221063973848, 4435621.201654807664454 ], [ 397133.347221063973848, 4435618.763254807330668 ], [ 397135.432053063996136, 4435618.763254807330668 ], [ 397135.432053063996136, 4435621.201654807664454 ] ] ] } },
{ "type": "Feature", "properties": { "Row": 5, "Col": 1, "Label": "LD20-4988", "X_start": 51.77, "Y_start": 60.0, "X_stop": 58.61, "Y_stop": 68.0, "BlockNum": 2, "Block": "B2", "PlotID": "B2_R5_C1", "Design": 2, "HarvestEW": 14, "HarvestNS": 19, "FieldPosition": "E14_N19", "Date/Time": "10/22/2025 2:32:35 PM", "Range": 19, "Row_Harvest": 15, "Weight (kg)": 0.815, "Quick Note": null, "Harvest Sequence": 356, "HarvestSource": "main", "HarvestDirection": "S_to_N", "Weight_kg_raw": 0.815, "HarvestIssue": false, "Weight_kg_analysis": 0.815, "HarvestDateTime": "2025-10-22T14:32:35", "Area_m2": 5.083654349550236 }, "geometry": { "type": "Polygon", "coordinates": [ [ [ 397133.350269064016175, 4435621.201654807664454 ], [ 397131.265437063993886, 4435621.201654807664454 ], [ 397131.265437063993886, 4435618.763254807330668 ], [ 397133.350269064016175, 4435618.763254807330668 ], [ 397133.350269064016175, 4435621.201654807664454 ] ] ] } },
{ "type": "Feature", "properties": { "Row": 5, "Col": 2, "Label": "AG29XF5", "X_start": 58.61, "Y_start": 60.0, "X_stop": 65.45, "Y_stop": 68.0, "BlockNum": 2, "Block": "B2", "PlotID": "B2_R5_C2", "Design": 2, "HarvestEW": 13, "HarvestNS": 19, "FieldPosition": "E13_N19", "Date/Time": "10/22/2025 2:15:42 PM", "Range": 19, "Row_Harvest": 14, "Weight (kg)": 0.715, "Quick Note": null, "Harvest Sequence": 319, "HarvestSource": "main", "HarvestDirection": "N_to_S", "Weight_kg_raw": 0.715, "HarvestIssue": false, "Weight_kg_analysis": 0.715, "HarvestDateTime": "2025-10-22T14:15:42", "Area_m2": 5.083654349550236 }, "geometry": { "type": "Polygon", "coordinates": [ [ [ 397131.265437063993886, 4435621.201654807664454 ], [ 397129.180605063971598, 4435621.201654807664454 ], [ 397129.180605063971598, 4435618.763254807330668 ], [ 397131.265437063993886, 4435618.763254807330668 ], [ 397131.265437063993886, 4435621.201654807664454 ] ] ] } },
{ "type": "Feature", "properties": { "Row": 5, "Col": 3, "Label": "LD22-4283", "X_start": 65.45, "Y_start": 60.0, "X_stop": 72.29, "Y_stop": 68.0, "BlockNum": 2, "Block": "B2", "PlotID": "B2_R5_C3", "Design": 2, "HarvestEW": 12, "HarvestNS": 19, "FieldPosition": "E12_N19", "Date/Time": "10/22/2025 2:10:15 PM", "Range": 19, "Row_Harvest": 13, "Weight (kg)": 0.93, "Quick Note": null, "Harvest Sequence": 308, "HarvestSource": "main", "HarvestDirection": "S_to_N", "Weight_kg_raw": 0.93, "HarvestIssue": false, "Weight_kg_analysis": 0.93, "HarvestDateTime": "2025-10-22T14:10:15", "Area_m2": 5.0836543494083024 }, "geometry": { "type": "Polygon", "coordinates": [ [ [ 397129.180605063971598, 4435621.201654807664454 ], [ 397127.095773064007517, 4435621.201654807664454 ], [ 397127.095773064007517, 4435618.763254807330668 ], [ 397129.180605063971598, 4435618.763254807330668 ], [ 397129.180605063971598, 4435621.201654807664454 ] ] ] } },
{ "type": "Feature", "properties": { "Row": 5, "Col": 4, "Label": "AG29XF4", "X_start": 72.29, "Y_start": 60.0, "X_stop": 79.13, "Y_stop": 68.0, "BlockNum": 2, "Block": "B2", "PlotID": "B2_R5_C4", "Design": 2, "HarvestEW": 11, "HarvestNS": 19, "FieldPosition": "E11_N19", "Date/Time": "10/22/2025 1:53:05 PM", "Range": 19, "Row_Harvest": 12, "Weight (kg)": 1.275, "Quick Note": null, "Harvest Sequence": 271, "HarvestSource": "main", "HarvestDirection": "N_to_S", "Weight_kg_raw": 1.275, "HarvestIssue": false, "Weight_kg_analysis": 1.275, "HarvestDateTime": "2025-10-22T13:53:05", "Area_m2": 5.083654349550236 }, "geometry": { "type": "Polygon", "coordinates": [ [ [ 397127.095773064007517, 4435621.201654807664454 ], [ 397125.010941063985229, 4435621.201654807664454 ], [ 397125.010941063985229, 4435618.763254807330668 ], [ 397127.095773064007517, 4435618.763254807330668 ], [ 397127.095773064007517, 4435621.201654807664454 ] ] ] } },
{ "type": "Feature", "properties": { "Row": 6, "Col": 0, "Label": "LD20-5413", "X_start": 44.94, "Y_start": 70.0, "X_stop": 51.78, "Y_stop": 78.0, "BlockNum": 2, "Block": "B2", "PlotID": "B2_R6_C0", "Design": 2, "HarvestEW": 15, "HarvestNS": 18, "FieldPosition": "E15_N18", "Date/Time": "10/22/2025 2:39:05 PM", "Range": 18, "Row_Harvest": 16, "Weight (kg)": 1.635, "Quick Note": null, "Harvest Sequence": 368, "HarvestSource": "main", "HarvestDirection": "N_to_S", "Weight_kg_raw": 1.635, "HarvestIssue": false, "Weight_kg_analysis": 1.635, "HarvestDateTime": "2025-10-22T14:39:05", "Area_m2": 5.083654349550236 }, "geometry": { "type": "Polygon", "coordinates": [ [ [ 397135.432053063996136, 4435618.153654807247221 ], [ 397133.347221063973848, 4435618.153654807247221 ], [ 397133.347221063973848, 4435615.715254806913435 ], [ 397135.432053063996136, 4435615.715254806913435 ], [ 397135.432053063996136, 4435618.153654807247221 ] ] ] } },
{ "type": "Feature", "properties": { "Row": 6, "Col": 1, "Label": "AG29XF5", "X_start": 51.77, "Y_start": 70.0, "X_stop": 58.61, "Y_stop": 78.0, "BlockNum": 2, "Block": "B2", "PlotID": "B2_R6_C1", "Design": 2, "HarvestEW": 14, "HarvestNS": 18, "FieldPosition": "E14_N18", "Date/Time": "10/22/2025 2:32:06 PM", "Range": 18, "Row_Harvest": 15, "Weight (kg)": 0.83, "Quick Note": null, "Harvest Sequence": 355, "HarvestSource": "main", "HarvestDirection": "S_to_N", "Weight_kg_raw": 0.83, "HarvestIssue": false, "Weight_kg_analysis": 0.83, "HarvestDateTime": "2025-10-22T14:32:06", "Area_m2": 5.083654349550236 }, "geometry": { "type": "Polygon", "coordinates": [ [ [ 397133.350269064016175, 4435618.153654807247221 ], [ 397131.265437063993886, 4435618.153654807247221 ], [ 397131.265437063993886, 4435615.715254806913435 ], [ 397133.350269064016175, 4435615.715254806913435 ], [ 397133.350269064016175, 4435618.153654807247221 ] ] ] } },
{ "type": "Feature", "properties": { "Row": 6, "Col": 2, "Label": "LD21-5253", "X_start": 58.61, "Y_start": 70.0, "X_stop": 65.45, "Y_stop": 78.0, "BlockNum": 2, "Block": "B2", "PlotID": "B2_R6_C2", "Design": 2, "HarvestEW": 13, "HarvestNS": 18, "FieldPosition": "E13_N18", "Date/Time": "10/22/2025 2:16:05 PM", "Range": 18, "Row_Harvest": 14, "Weight (kg)": 1.21, "Quick Note": null, "Harvest Sequence": 320, "HarvestSource": "main", "HarvestDirection": "N_to_S", "Weight_kg_raw": 1.21, "HarvestIssue": false, "Weight_kg_analysis": 1.21, "HarvestDateTime": "2025-10-22T14:16:05", "Area_m2": 5.083654349550236 }, "geometry": { "type": "Polygon", "coordinates": [ [ [ 397131.265437063993886, 4435618.153654807247221 ], [ 397129.180605063971598, 4435618.153654807247221 ], [ 397129.180605063971598, 4435615.715254806913435 ], [ 397131.265437063993886, 4435615.715254806913435 ], [ 397131.265437063993886, 4435618.153654807247221 ] ] ] } },
{ "type": "Feature", "properties": { "Row": 6, "Col": 3, "Label": "AG29XF5", "X_start": 65.45, "Y_start": 70.0, "X_stop": 72.29, "Y_stop": 78.0, "BlockNum": 2, "Block": "B2", "PlotID": "B2_R6_C3", "Design": 2, "HarvestEW": 12, "HarvestNS": 18, "FieldPosition": "E12_N18", "Date/Time": "10/22/2025 2:09:48 PM", "Range": 18, "Row_Harvest": 13, "Weight (kg)": 1.01, "Quick Note": null, "Harvest Sequence": 307, "HarvestSource": "main", "HarvestDirection": "S_to_N", "Weight_kg_raw": 1.01, "HarvestIssue": false, "Weight_kg_analysis": 1.01, "HarvestDateTime": "2025-10-22T14:09:48", "Area_m2": 5.0836543494083024 }, "geometry": { "type": "Polygon", "coordinates": [ [ [ 397129.180605063971598, 4435618.153654807247221 ], [ 397127.095773064007517, 4435618.153654807247221 ], [ 397127.095773064007517, 4435615.715254806913435 ], [ 397129.180605063971598, 4435615.715254806913435 ], [ 397129.180605063971598, 4435618.153654807247221 ] ] ] } },
{ "type": "Feature", "properties": { "Row": 6, "Col": 4, "Label": "LD21-7234", "X_start": 72.29, "Y_start": 70.0, "X_stop": 79.13, "Y_stop": 78.0, "BlockNum": 2, "Block": "B2", "PlotID": "B2_R6_C4", "Design": 2, "HarvestEW": 11, "HarvestNS": 18, "FieldPosition": "E11_N18", "Date/Time": "10/22/2025 1:53:37 PM", "Range": 18, "Row_Harvest": 12, "Weight (kg)": 1.385, "Quick Note": null, "Harvest Sequence": 272, "HarvestSource": "main", "HarvestDirection": "N_to_S", "Weight_kg_raw": 1.385, "HarvestIssue": false, "Weight_kg_analysis": 1.385, "HarvestDateTime": "2025-10-22T13:53:37", "Area_m2": 5.083654349550236 }, "geometry": { "type": "Polygon", "coordinates": [ [ [ 397127.095773064007517, 4435618.153654807247221 ], [ 397125.010941063985229, 4435618.153654807247221 ], [ 397125.010941063985229, 4435615.715254806913435 ], [ 397127.095773064007517, 4435615.715254806913435 ], [ 397127.095773064007517, 4435618.153654807247221 ] ] ] } },
{ "type": "Feature", "properties": { "Row": 7, "Col": 0, "Label": "AG29XF4", "X_start": 44.94, "Y_start": 80.0, "X_stop": 51.78, "Y_stop": 88.0, "BlockNum": 2, "Block": "B2", "PlotID": "B2_R7_C0", "Design": 2, "HarvestEW": 15, "HarvestNS": 17, "FieldPosition": "E15_N17", "Date/Time": "10/22/2025 2:39:30 PM", "Range": 17, "Row_Harvest": 16, "Weight (kg)": 1.945, "Quick Note": null, "Harvest Sequence": 369, "HarvestSource": "main", "HarvestDirection": "N_to_S", "Weight_kg_raw": 1.945, "HarvestIssue": false, "Weight_kg_analysis": 1.945, "HarvestDateTime": "2025-10-22T14:39:30", "Area_m2": 5.083654349550236 }, "geometry": { "type": "Polygon", "coordinates": [ [ [ 397135.432053063996136, 4435615.105654807761312 ], [ 397133.347221063973848, 4435615.105654807761312 ], [ 397133.347221063973848, 4435612.667254807427526 ], [ 397135.432053063996136, 4435612.667254807427526 ], [ 397135.432053063996136, 4435615.105654807761312 ] ] ] } },
{ "type": "Feature", "properties": { "Row": 7, "Col": 1, "Label": "LD20-5738", "X_start": 51.77, "Y_start": 80.0, "X_stop": 58.61, "Y_stop": 88.0, "BlockNum": 2, "Block": "B2", "PlotID": "B2_R7_C1", "Design": 2, "HarvestEW": 14, "HarvestNS": 17, "FieldPosition": "E14_N17", "Date/Time": "10/22/2025 2:31:39 PM", "Range": 17, "Row_Harvest": 15, "Weight (kg)": 0.745, "Quick Note": null, "Harvest Sequence": 354, "HarvestSource": "main", "HarvestDirection": "S_to_N", "Weight_kg_raw": 0.745, "HarvestIssue": false, "Weight_kg_analysis": 0.745, "HarvestDateTime": "2025-10-22T14:31:39", "Area_m2": 5.083654349550236 }, "geometry": { "type": "Polygon", "coordinates": [ [ [ 397133.350269064016175, 4435615.105654807761312 ], [ 397131.265437063993886, 4435615.105654807761312 ], [ 397131.265437063993886, 4435612.667254807427526 ], [ 397133.350269064016175, 4435612.667254807427526 ], [ 397133.350269064016175, 4435615.105654807761312 ] ] ] } },
{ "type": "Feature", "properties": { "Row": 7, "Col": 2, "Label": "AG29XF5", "X_start": 58.61, "Y_start": 80.0, "X_stop": 65.45, "Y_stop": 88.0, "BlockNum": 2, "Block": "B2", "PlotID": "B2_R7_C2", "Design": 2, "HarvestEW": 13, "HarvestNS": 17, "FieldPosition": "E13_N17", "Date/Time": "10/22/2025 2:16:32 PM", "Range": 17, "Row_Harvest": 14, "Weight (kg)": 0.61, "Quick Note": null, "Harvest Sequence": 321, "HarvestSource": "main", "HarvestDirection": "N_to_S", "Weight_kg_raw": 0.61, "HarvestIssue": false, "Weight_kg_analysis": 0.61, "HarvestDateTime": "2025-10-22T14:16:32", "Area_m2": 5.083654349550236 }, "geometry": { "type": "Polygon", "coordinates": [ [ [ 397131.265437063993886, 4435615.105654807761312 ], [ 397129.180605063971598, 4435615.105654807761312 ], [ 397129.180605063971598, 4435612.667254807427526 ], [ 397131.265437063993886, 4435612.667254807427526 ], [ 397131.265437063993886, 4435615.105654807761312 ] ] ] } },
{ "type": "Feature", "properties": { "Row": 7, "Col": 3, "Label": "LD20-4471", "X_start": 65.45, "Y_start": 80.0, "X_stop": 72.29, "Y_stop": 88.0, "BlockNum": 2, "Block": "B2", "PlotID": "B2_R7_C3", "Design": 2, "HarvestEW": 12, "HarvestNS": 17, "FieldPosition": "E12_N17", "Date/Time": "10/22/2025 2:09:22 PM", "Range": 17, "Row_Harvest": 13, "Weight (kg)": 1.295, "Quick Note": null, "Harvest Sequence": 306, "HarvestSource": "main", "HarvestDirection": "S_to_N", "Weight_kg_raw": 1.295, "HarvestIssue": false, "Weight_kg_analysis": 1.295, "HarvestDateTime": "2025-10-22T14:09:22", "Area_m2": 5.0836543494083024 }, "geometry": { "type": "Polygon", "coordinates": [ [ [ 397129.180605063971598, 4435615.105654807761312 ], [ 397127.095773064007517, 4435615.105654807761312 ], [ 397127.095773064007517, 4435612.667254807427526 ], [ 397129.180605063971598, 4435612.667254807427526 ], [ 397129.180605063971598, 4435615.105654807761312 ] ] ] } },
{ "type": "Feature", "properties": { "Row": 7, "Col": 4, "Label": "AG29XF4", "X_start": 72.29, "Y_start": 80.0, "X_stop": 79.13, "Y_stop": 88.0, "BlockNum": 2, "Block": "B2", "PlotID": "B2_R7_C4", "Design": 2, "HarvestEW": 11, "HarvestNS": 17, "FieldPosition": "E11_N17", "Date/Time": "10/22/2025 1:54:03 PM", "Range": 17, "Row_Harvest": 12, "Weight (kg)": 1.395, "Quick Note": null, "Harvest Sequence": 273, "HarvestSource": "main", "HarvestDirection": "N_to_S", "Weight_kg_raw": 1.395, "HarvestIssue": false, "Weight_kg_analysis": 1.395, "HarvestDateTime": "2025-10-22T13:54:03", "Area_m2": 5.083654349550236 }, "geometry": { "type": "Polygon", "coordinates": [ [ [ 397127.095773064007517, 4435615.105654807761312 ], [ 397125.010941063985229, 4435615.105654807761312 ], [ 397125.010941063985229, 4435612.667254807427526 ], [ 397127.095773064007517, 4435612.667254807427526 ], [ 397127.095773064007517, 4435615.105654807761312 ] ] ] } },
{ "type": "Feature", "properties": { "Row": 0, "Col": 0, "Label": "LD21-5944", "X_start": 80.37, "Y_start": 10.0, "X_stop": 87.21, "Y_stop": 18.0, "BlockNum": 3, "Block": "B3", "PlotID": "B3_R0_C0", "Design": 3, "HarvestEW": 10, "HarvestNS": 24, "FieldPosition": "E10_N24", "Date/Time": "10/22/2025 12:20:09 PM", "Range": 24, "Row_Harvest": 11, "Weight (kg)": 1.465, "Quick Note": null, "Harvest Sequence": 265, "HarvestSource": "main", "HarvestDirection": "S_to_N", "Weight_kg_raw": 1.465, "HarvestIssue": false, "Weight_kg_analysis": 1.465, "HarvestDateTime": "2025-10-22T12:20:09", "Area_m2": 5.0836543474666511 }, "geometry": { "type": "Polygon", "coordinates": [ [ [ 397124.632989063975401, 4435636.441654806956649 ], [ 397122.54815706401132, 4435636.441654806956649 ], [ 397122.54815706401132, 4435634.003254807554185 ], [ 397124.632989063975401, 4435634.003254807554185 ], [ 397124.632989063975401, 4435636.441654806956649 ] ] ] } },
{ "type": "Feature", "properties": { "Row": 0, "Col": 1, "Label": "LG3216", "X_start": 87.21, "Y_start": 10.0, "X_stop": 94.05, "Y_stop": 18.0, "BlockNum": 3, "Block": "B3", "PlotID": "B3_R0_C1", "Design": 3, "HarvestEW": 9, "HarvestNS": 24, "FieldPosition": "E09_N24", "Date/Time": "10/22/2025 11:52:10 AM", "Range": 24, "Row_Harvest": 10, "Weight (kg)": 0.545, "Quick Note": null, "Harvest Sequence": 218, "HarvestSource": "main", "HarvestDirection": "N_to_S", "Weight_kg_raw": 0.545, "HarvestIssue": false, "Weight_kg_analysis": 0.545, "HarvestDateTime": "2025-10-22T11:52:10", "Area_m2": 5.0836543476085847 }, "geometry": { "type": "Polygon", "coordinates": [ [ [ 397122.54815706401132, 4435636.441654806956649 ], [ 397120.463325063989032, 4435636.441654806956649 ], [ 397120.463325063989032, 4435634.003254807554185 ], [ 397122.54815706401132, 4435634.003254807554185 ], [ 397122.54815706401132, 4435636.441654806956649 ] ] ] } },
{ "type": "Feature", "properties": { "Row": 0, "Col": 2, "Label": "LD11-2170", "X_start": 94.05, "Y_start": 10.0, "X_stop": 100.89, "Y_stop": 18.0, "BlockNum": 3, "Block": "B3", "PlotID": "B3_R0_C2", "Design": 3, "HarvestEW": 8, "HarvestNS": 24, "FieldPosition": "E08_N24", "Date/Time": "10/22/2025 11:50:32 AM", "Range": 24, "Row_Harvest": 9, "Weight (kg)": 1.075, "Quick Note": null, "Harvest Sequence": 217, "HarvestSource": "main", "HarvestDirection": "S_to_N", "Weight_kg_raw": 1.075, "HarvestIssue": false, "Weight_kg_analysis": 1.075, "HarvestDateTime": "2025-10-22T11:50:32", "Area_m2": 5.0836543476085847 }, "geometry": { "type": "Polygon", "coordinates": [ [ [ 397120.463325063989032, 4435636.441654806956649 ], [ 397118.378493063966744, 4435636.441654806956649 ], [ 397118.378493063966744, 4435634.003254807554185 ], [ 397120.463325063989032, 4435634.003254807554185 ], [ 397120.463325063989032, 4435636.441654806956649 ] ] ] } },
{ "type": "Feature", "properties": { "Row": 0, "Col": 3, "Label": "LG3216", "X_start": 100.89, "Y_start": 10.0, "X_stop": 107.73, "Y_stop": 18.0, "BlockNum": 3, "Block": "B3", "PlotID": "B3_R0_C3", "Design": 3, "HarvestEW": 7, "HarvestNS": 24, "FieldPosition": "E07_N24", "Date/Time": "10/22/2025 11:27:27 AM", "Range": 24, "Row_Harvest": 8, "Weight (kg)": 0.41, "Quick Note": null, "Harvest Sequence": 170, "HarvestSource": "main", "HarvestDirection": "N_to_S", "Weight_kg_raw": 0.41, "HarvestIssue": false, "Weight_kg_analysis": 0.41, "HarvestDateTime": "2025-10-22T11:27:27", "Area_m2": 5.0836543474666511 }, "geometry": { "type": "Polygon", "coordinates": [ [ [ 397118.378493063966744, 4435636.441654806956649 ], [ 397116.293661064002663, 4435636.441654806956649 ], [ 397116.293661064002663, 4435634.003254807554185 ], [ 397118.378493063966744, 4435634.003254807554185 ], [ 397118.378493063966744, 4435636.441654806956649 ] ] ] } },
{ "type": "Feature", "properties": { "Row": 0, "Col": 4, "Label": "LD20-11748", "X_start": 107.72, "Y_start": 10.0, "X_stop": 114.56, "Y_stop": 18.0, "BlockNum": 3, "Block": "B3", "PlotID": "B3_R0_C4", "Design": 3, "HarvestEW": 6, "HarvestNS": 24, "FieldPosition": "E06_N24", "Date/Time": "10/22/2025 11:24:04 AM", "Range": 24, "Row_Harvest": 7, "Weight (kg)": 1.35, "Quick Note": null, "Harvest Sequence": 169, "HarvestSource": "main", "HarvestDirection": "S_to_N", "Weight_kg_raw": 1.35, "HarvestIssue": false, "Weight_kg_analysis": 1.35, "HarvestDateTime": "2025-10-22T11:24:04", "Area_m2": 5.0836543476085847 }, "geometry": { "type": "Polygon", "coordinates": [ [ [ 397116.296709063986782, 4435636.441654806956649 ], [ 397114.211877063964494, 4435636.441654806956649 ], [ 397114.211877063964494, 4435634.003254807554185 ], [ 397116.296709063986782, 4435634.003254807554185 ], [ 397116.296709063986782, 4435636.441654806956649 ] ] ] } },
{ "type": "Feature", "properties": { "Row": 1, "Col": 0, "Label": "LG3216", "X_start": 80.37, "Y_start": 20.0, "X_stop": 87.21, "Y_stop": 28.0, "BlockNum": 3, "Block": "B3", "PlotID": "B3_R1_C0", "Design": 3, "HarvestEW": 10, "HarvestNS": 23, "FieldPosition": "E10_N23", "Date/Time": "10/22/2025 12:19:34 PM", "Range": 23, "Row_Harvest": 11, "Weight (kg)": 1.525, "Quick Note": null, "Harvest Sequence": 264, "HarvestSource": "main", "HarvestDirection": "S_to_N", "Weight_kg_raw": 1.525, "HarvestIssue": false, "Weight_kg_analysis": 1.525, "HarvestDateTime": "2025-10-22T12:19:34", "Area_m2": 5.0836543494083024 }, "geometry": { "type": "Polygon", "coordinates": [ [ [ 397124.632989063975401, 4435633.393654807470739 ], [ 397122.54815706401132, 4435633.393654807470739 ], [ 397122.54815706401132, 4435630.955254807136953 ], [ 397124.632989063975401, 4435630.955254807136953 ], [ 397124.632989063975401, 4435633.393654807470739 ] ] ] } },
{ "type": "Feature", "properties": { "Row": 1, "Col": 1, "Label": "LD22-4283", "X_start": 87.21, "Y_start": 20.0, "X_stop": 94.05, "Y_stop": 28.0, "BlockNum": 3, "Block": "B3", "PlotID": "B3_R1_C1", "Design": 3, "HarvestEW": 9, "HarvestNS": 23, "FieldPosition": "E09_N23", "Date/Time": "10/22/2025 11:52:34 AM", "Range": 23, "Row_Harvest": 10, "Weight (kg)": 0.985, "Quick Note": null, "Harvest Sequence": 219, "HarvestSource": "main", "HarvestDirection": "N_to_S", "Weight_kg_raw": 0.985, "HarvestIssue": false, "Weight_kg_analysis": 0.985, "HarvestDateTime": "2025-10-22T11:52:34", "Area_m2": 5.083654349550236 }, "geometry": { "type": "Polygon", "coordinates": [ [ [ 397122.54815706401132, 4435633.393654807470739 ], [ 397120.463325063989032, 4435633.393654807470739 ], [ 397120.463325063989032, 4435630.955254807136953 ], [ 397122.54815706401132, 4435630.955254807136953 ], [ 397122.54815706401132, 4435633.393654807470739 ] ] ] } },
{ "type": "Feature", "properties": { "Row": 1, "Col": 2, "Label": "LG3216", "X_start": 94.05, "Y_start": 20.0, "X_stop": 100.89, "Y_stop": 28.0, "BlockNum": 3, "Block": "B3", "PlotID": "B3_R1_C2", "Design": 3, "HarvestEW": 8, "HarvestNS": 23, "FieldPosition": "E08_N23", "Date/Time": "10/22/2025 11:50:03 AM", "Range": 23, "Row_Harvest": 9, "Weight (kg)": 1.18, "Quick Note": null, "Harvest Sequence": 216, "HarvestSource": "main", "HarvestDirection": "S_to_N", "Weight_kg_raw": 1.18, "HarvestIssue": false, "Weight_kg_analysis": 1.18, "HarvestDateTime": "2025-10-22T11:50:03", "Area_m2": 5.083654349550236 }, "geometry": { "type": "Polygon", "coordinates": [ [ [ 397120.463325063989032, 4435633.393654807470739 ], [ 397118.378493063966744, 4435633.393654807470739 ], [ 397118.378493063966744, 4435630.955254807136953 ], [ 397120.463325063989032, 4435630.955254807136953 ], [ 397120.463325063989032, 4435633.393654807470739 ] ] ] } },
{ "type": "Feature", "properties": { "Row": 1, "Col": 3, "Label": "LD17-10473F", "X_start": 100.89, "Y_start": 20.0, "X_stop": 107.73, "Y_stop": 28.0, "BlockNum": 3, "Block": "B3", "PlotID": "B3_R1_C3", "Design": 3, "HarvestEW": 7, "HarvestNS": 23, "FieldPosition": "E07_N23", "Date/Time": "10/22/2025 11:27:51 AM", "Range": 23, "Row_Harvest": 8, "Weight (kg)": 1.19, "Quick Note": null, "Harvest Sequence": 171, "HarvestSource": "main", "HarvestDirection": "N_to_S", "Weight_kg_raw": 1.19, "HarvestIssue": false, "Weight_kg_analysis": 1.19, "HarvestDateTime": "2025-10-22T11:27:51", "Area_m2": 5.0836543494083024 }, "geometry": { "type": "Polygon", "coordinates": [ [ [ 397118.378493063966744, 4435633.393654807470739 ], [ 397116.293661064002663, 4435633.393654807470739 ], [ 397116.293661064002663, 4435630.955254807136953 ], [ 397118.378493063966744, 4435630.955254807136953 ], [ 397118.378493063966744, 4435633.393654807470739 ] ] ] } },
{ "type": "Feature", "properties": { "Row": 1, "Col": 4, "Label": "LG3216", "X_start": 107.72, "Y_start": 20.0, "X_stop": 114.56, "Y_stop": 28.0, "BlockNum": 3, "Block": "B3", "PlotID": "B3_R1_C4", "Design": 3, "HarvestEW": 6, "HarvestNS": 23, "FieldPosition": "E06_N23", "Date/Time": "10/22/2025 11:23:33 AM", "Range": 23, "Row_Harvest": 7, "Weight (kg)": 2.075, "Quick Note": null, "Harvest Sequence": 168, "HarvestSource": "main", "HarvestDirection": "S_to_N", "Weight_kg_raw": 2.075, "HarvestIssue": false, "Weight_kg_analysis": 2.075, "HarvestDateTime": "2025-10-22T11:23:33", "Area_m2": 5.083654349550236 }, "geometry": { "type": "Polygon", "coordinates": [ [ [ 397116.296709063986782, 4435633.393654807470739 ], [ 397114.211877063964494, 4435633.393654807470739 ], [ 397114.211877063964494, 4435630.955254807136953 ], [ 397116.296709063986782, 4435630.955254807136953 ], [ 397116.296709063986782, 4435633.393654807470739 ] ] ] } },
{ "type": "Feature", "properties": { "Row": 2, "Col": 0, "Label": "LD20-4542", "X_start": 80.37, "Y_start": 30.0, "X_stop": 87.21, "Y_stop": 38.0, "BlockNum": 3, "Block": "B3", "PlotID": "B3_R2_C0", "Design": 3, "HarvestEW": 10, "HarvestNS": 22, "FieldPosition": "E10_N22", "Date/Time": "10/22/2025 12:18:48 PM", "Range": 22, "Row_Harvest": 11, "Weight (kg)": 1.64, "Quick Note": null, "Harvest Sequence": 263, "HarvestSource": "main", "HarvestDirection": "S_to_N", "Weight_kg_raw": 1.64, "HarvestIssue": false, "Weight_kg_analysis": 1.64, "HarvestDateTime": "2025-10-22T12:18:48", "Area_m2": 5.0836543474666511 }, "geometry": { "type": "Polygon", "coordinates": [ [ [ 397124.632989063975401, 4435630.345654807053506 ], [ 397122.54815706401132, 4435630.345654807053506 ], [ 397122.54815706401132, 4435627.907254807651043 ], [ 397124.632989063975401, 4435627.907254807651043 ], [ 397124.632989063975401, 4435630.345654807053506 ] ] ] } },
{ "type": "Feature", "properties": { "Row": 2, "Col": 1, "Label": "LG3216", "X_start": 87.21, "Y_start": 30.0, "X_stop": 94.05, "Y_stop": 38.0, "BlockNum": 3, "Block": "B3", "PlotID": "B3_R2_C1", "Design": 3, "HarvestEW": 9, "HarvestNS": 22, "FieldPosition": "E09_N22", "Date/Time": "10/22/2025 11:53:01 AM", "Range": 22, "Row_Harvest": 10, "Weight (kg)": 0.98, "Quick Note": null, "Harvest Sequence": 220, "HarvestSource": "main", "HarvestDirection": "N_to_S", "Weight_kg_raw": 0.98, "HarvestIssue": false, "Weight_kg_analysis": 0.98, "HarvestDateTime": "2025-10-22T11:53:01", "Area_m2": 5.0836543476085847 }, "geometry": { "type": "Polygon", "coordinates": [ [ [ 397122.54815706401132, 4435630.345654807053506 ], [ 397120.463325063989032, 4435630.345654807053506 ], [ 397120.463325063989032, 4435627.907254807651043 ], [ 397122.54815706401132, 4435627.907254807651043 ], [ 397122.54815706401132, 4435630.345654807053506 ] ] ] } },
{ "type": "Feature", "properties": { "Row": 2, "Col": 2, "Label": "LD21-3090", "X_start": 94.05, "Y_start": 30.0, "X_stop": 100.89, "Y_stop": 38.0, "BlockNum": 3, "Block": "B3", "PlotID": "B3_R2_C2", "Design": 3, "HarvestEW": 8, "HarvestNS": 22, "FieldPosition": "E08_N22", "Date/Time": "10/22/2025 11:49:33 AM", "Range": 22, "Row_Harvest": 9, "Weight (kg)": 1.21, "Quick Note": null, "Harvest Sequence": 215, "HarvestSource": "main", "HarvestDirection": "S_to_N", "Weight_kg_raw": 1.21, "HarvestIssue": false, "Weight_kg_analysis": 1.21, "HarvestDateTime": "2025-10-22T11:49:33", "Area_m2": 5.0836543476085847 }, "geometry": { "type": "Polygon", "coordinates": [ [ [ 397120.463325063989032, 4435630.345654807053506 ], [ 397118.378493063966744, 4435630.345654807053506 ], [ 397118.378493063966744, 4435627.907254807651043 ], [ 397120.463325063989032, 4435627.907254807651043 ], [ 397120.463325063989032, 4435630.345654807053506 ] ] ] } },
{ "type": "Feature", "properties": { "Row": 2, "Col": 3, "Label": "LG3216", "X_start": 100.89, "Y_start": 30.0, "X_stop": 107.73, "Y_stop": 38.0, "BlockNum": 3, "Block": "B3", "PlotID": "B3_R2_C3", "Design": 3, "HarvestEW": 7, "HarvestNS": 22, "FieldPosition": "E07_N22", "Date/Time": "10/22/2025 11:28:15 AM", "Range": 22, "Row_Harvest": 8, "Weight (kg)": 1.19, "Quick Note": null, "Harvest Sequence": 172, "HarvestSource": "main", "HarvestDirection": "N_to_S", "Weight_kg_raw": 1.19, "HarvestIssue": false, "Weight_kg_analysis": 1.19, "HarvestDateTime": "2025-10-22T11:28:15", "Area_m2": 5.0836543474666511 }, "geometry": { "type": "Polygon", "coordinates": [ [ [ 397118.378493063966744, 4435630.345654807053506 ], [ 397116.293661064002663, 4435630.345654807053506 ], [ 397116.293661064002663, 4435627.907254807651043 ], [ 397118.378493063966744, 4435627.907254807651043 ], [ 397118.378493063966744, 4435630.345654807053506 ] ] ] } },
{ "type": "Feature", "properties": { "Row": 2, "Col": 4, "Label": "LD00-2817P", "X_start": 107.72, "Y_start": 30.0, "X_stop": 114.56, "Y_stop": 38.0, "BlockNum": 3, "Block": "B3", "PlotID": "B3_R2_C4", "Design": 3, "HarvestEW": 6, "HarvestNS": 22, "FieldPosition": "E06_N22", "Date/Time": "10/22/2025 11:23:08 AM", "Range": 22, "Row_Harvest": 7, "Weight (kg)": 1.755, "Quick Note": null, "Harvest Sequence": 167, "HarvestSource": "main", "HarvestDirection": "S_to_N", "Weight_kg_raw": 1.755, "HarvestIssue": false, "Weight_kg_analysis": 1.755, "HarvestDateTime": "2025-10-22T11:23:08", "Area_m2": 5.0836543476085847 }, "geometry": { "type": "Polygon", "coordinates": [ [ [ 397116.296709063986782, 4435630.345654807053506 ], [ 397114.211877063964494, 4435630.345654807053506 ], [ 397114.211877063964494, 4435627.907254807651043 ], [ 397116.296709063986782, 4435627.907254807651043 ], [ 397116.296709063986782, 4435630.345654807053506 ] ] ] } },
{ "type": "Feature", "properties": { "Row": 3, "Col": 0, "Label": "LG3216", "X_start": 80.37, "Y_start": 40.0, "X_stop": 87.21, "Y_stop": 48.0, "BlockNum": 3, "Block": "B3", "PlotID": "B3_R3_C0", "Design": 3, "HarvestEW": 10, "HarvestNS": 21, "FieldPosition": "E10_N21", "Date/Time": "10/22/2025 12:18:16 PM", "Range": 21, "Row_Harvest": 11, "Weight (kg)": 1.385, "Quick Note": null, "Harvest Sequence": 262, "HarvestSource": "main", "HarvestDirection": "S_to_N", "Weight_kg_raw": 1.385, "HarvestIssue": false, "Weight_kg_analysis": 1.385, "HarvestDateTime": "2025-10-22T12:18:16", "Area_m2": 5.0836543494083024 }, "geometry": { "type": "Polygon", "coordinates": [ [ [ 397124.632989063975401, 4435627.297654807567596 ], [ 397122.54815706401132, 4435627.297654807567596 ], [ 397122.54815706401132, 4435624.85925480723381 ], [ 397124.632989063975401, 4435624.85925480723381 ], [ 397124.632989063975401, 4435627.297654807567596 ] ] ] } },
{ "type": "Feature", "properties": { "Row": 3, "Col": 1, "Label": "LD21-5253", "X_start": 87.21, "Y_start": 40.0, "X_stop": 94.05, "Y_stop": 48.0, "BlockNum": 3, "Block": "B3", "PlotID": "B3_R3_C1", "Design": 3, "HarvestEW": 9, "HarvestNS": 21, "FieldPosition": "E09_N21", "Date/Time": "10/22/2025 11:53:32 AM", "Range": 21, "Row_Harvest": 10, "Weight (kg)": 1.56, "Quick Note": null, "Harvest Sequence": 221, "HarvestSource": "main", "HarvestDirection": "N_to_S", "Weight_kg_raw": 1.56, "HarvestIssue": false, "Weight_kg_analysis": 1.56, "HarvestDateTime": "2025-10-22T11:53:32", "Area_m2": 5.083654349550236 }, "geometry": { "type": "Polygon", "coordinates": [ [ [ 397122.54815706401132, 4435627.297654807567596 ], [ 397120.463325063989032, 4435627.297654807567596 ], [ 397120.463325063989032, 4435624.85925480723381 ], [ 397122.54815706401132, 4435624.85925480723381 ], [ 397122.54815706401132, 4435627.297654807567596 ] ] ] } },
{ "type": "Feature", "properties": { "Row": 3, "Col": 2, "Label": "LG3216", "X_start": 94.05, "Y_start": 40.0, "X_stop": 100.89, "Y_stop": 48.0, "BlockNum": 3, "Block": "B3", "PlotID": "B3_R3_C2", "Design": 3, "HarvestEW": 8, "HarvestNS": 21, "FieldPosition": "E08_N21", "Date/Time": "10/22/2025 11:49:07 AM", "Range": 21, "Row_Harvest": 9, "Weight (kg)": 1.73, "Quick Note": null, "Harvest Sequence": 214, "HarvestSource": "main", "HarvestDirection": "S_to_N", "Weight_kg_raw": 1.73, "HarvestIssue": false, "Weight_kg_analysis": 1.73, "HarvestDateTime": "2025-10-22T11:49:07", "Area_m2": 5.083654349550236 }, "geometry": { "type": "Polygon", "coordinates": [ [ [ 397120.463325063989032, 4435627.297654807567596 ], [ 397118.378493063966744, 4435627.297654807567596 ], [ 397118.378493063966744, 4435624.85925480723381 ], [ 397120.463325063989032, 4435624.85925480723381 ], [ 397120.463325063989032, 4435627.297654807567596 ] ] ] } },
{ "type": "Feature", "properties": { "Row": 3, "Col": 3, "Label": "LD07-3395bf", "X_start": 100.89, "Y_start": 40.0, "X_stop": 107.73, "Y_stop": 48.0, "BlockNum": 3, "Block": "B3", "PlotID": "B3_R3_C3", "Design": 3, "HarvestEW": 7, "HarvestNS": 21, "FieldPosition": "E07_N21", "Date/Time": "10/22/2025 11:28:47 AM", "Range": 21, "Row_Harvest": 8, "Weight (kg)": 0.97, "Quick Note": null, "Harvest Sequence": 173, "HarvestSource": "main", "HarvestDirection": "N_to_S", "Weight_kg_raw": 0.97, "HarvestIssue": false, "Weight_kg_analysis": 0.97, "HarvestDateTime": "2025-10-22T11:28:47", "Area_m2": 5.0836543494083024 }, "geometry": { "type": "Polygon", "coordinates": [ [ [ 397118.378493063966744, 4435627.297654807567596 ], [ 397116.293661064002663, 4435627.297654807567596 ], [ 397116.293661064002663, 4435624.85925480723381 ], [ 397118.378493063966744, 4435624.85925480723381 ], [ 397118.378493063966744, 4435627.297654807567596 ] ] ] } },
{ "type": "Feature", "properties": { "Row": 3, "Col": 4, "Label": "LG3216", "X_start": 107.72, "Y_start": 40.0, "X_stop": 114.56, "Y_stop": 48.0, "BlockNum": 3, "Block": "B3", "PlotID": "B3_R3_C4", "Design": 3, "HarvestEW": 6, "HarvestNS": 21, "FieldPosition": "E06_N21", "Date/Time": "10/22/2025 11:22:36 AM", "Range": 21, "Row_Harvest": 7, "Weight (kg)": 2.045, "Quick Note": null, "Harvest Sequence": 166, "HarvestSource": "main", "HarvestDirection": "S_to_N", "Weight_kg_raw": 2.045, "HarvestIssue": false, "Weight_kg_analysis": 2.045, "HarvestDateTime": "2025-10-22T11:22:36", "Area_m2": 5.083654349550236 }, "geometry": { "type": "Polygon", "coordinates": [ [ [ 397116.296709063986782, 4435627.297654807567596 ], [ 397114.211877063964494, 4435627.297654807567596 ], [ 397114.211877063964494, 4435624.85925480723381 ], [ 397116.296709063986782, 4435624.85925480723381 ], [ 397116.296709063986782, 4435627.297654807567596 ] ] ] } },
{ "type": "Feature", "properties": { "Row": 4, "Col": 0, "Label": "LD20-5738", "X_start": 80.37, "Y_start": 50.0, "X_stop": 87.21, "Y_stop": 58.0, "BlockNum": 3, "Block": "B3", "PlotID": "B3_R4_C0", "Design": 3, "HarvestEW": 10, "HarvestNS": 20, "FieldPosition": "E10_N20", "Date/Time": "10/22/2025 12:17:42 PM", "Range": 20, "Row_Harvest": 11, "Weight (kg)": 1.405, "Quick Note": null, "Harvest Sequence": 261, "HarvestSource": "main", "HarvestDirection": "S_to_N", "Weight_kg_raw": 1.405, "HarvestIssue": false, "Weight_kg_analysis": 1.405, "HarvestDateTime": "2025-10-22T12:17:42", "Area_m2": 5.0836543474666511 }, "geometry": { "type": "Polygon", "coordinates": [ [ [ 397124.632989063975401, 4435624.249654807150364 ], [ 397122.54815706401132, 4435624.249654807150364 ], [ 397122.54815706401132, 4435621.8112548077479 ], [ 397124.632989063975401, 4435621.8112548077479 ], [ 397124.632989063975401, 4435624.249654807150364 ] ] ] } },
{ "type": "Feature", "properties": { "Row": 4, "Col": 1, "Label": "LG3216", "X_start": 87.21, "Y_start": 50.0, "X_stop": 94.05, "Y_stop": 58.0, "BlockNum": 3, "Block": "B3", "PlotID": "B3_R4_C1", "Design": 3, "HarvestEW": 9, "HarvestNS": 20, "FieldPosition": "E09_N20", "Date/Time": "10/22/2025 11:53:58 AM", "Range": 20, "Row_Harvest": 10, "Weight (kg)": 0.8, "Quick Note": null, "Harvest Sequence": 222, "HarvestSource": "main", "HarvestDirection": "N_to_S", "Weight_kg_raw": 0.8, "HarvestIssue": false, "Weight_kg_analysis": 0.8, "HarvestDateTime": "2025-10-22T11:53:58", "Area_m2": 5.0836543476085847 }, "geometry": { "type": "Polygon", "coordinates": [ [ [ 397122.54815706401132, 4435624.249654807150364 ], [ 397120.463325063989032, 4435624.249654807150364 ], [ 397120.463325063989032, 4435621.8112548077479 ], [ 397122.54815706401132, 4435621.8112548077479 ], [ 397122.54815706401132, 4435624.249654807150364 ] ] ] } },
{ "type": "Feature", "properties": { "Row": 4, "Col": 2, "Label": "LD20-4471", "X_start": 94.05, "Y_start": 50.0, "X_stop": 100.89, "Y_stop": 58.0, "BlockNum": 3, "Block": "B3", "PlotID": "B3_R4_C2", "Design": 3, "HarvestEW": 8, "HarvestNS": 20, "FieldPosition": "E08_N20", "Date/Time": "10/22/2025 11:48:39 AM", "Range": 20, "Row_Harvest": 9, "Weight (kg)": 1.095, "Quick Note": null, "Harvest Sequence": 213, "HarvestSource": "main", "HarvestDirection": "S_to_N", "Weight_kg_raw": 1.095, "HarvestIssue": false, "Weight_kg_analysis": 1.095, "HarvestDateTime": "2025-10-22T11:48:39", "Area_m2": 5.0836543476085847 }, "geometry": { "type": "Polygon", "coordinates": [ [ [ 397120.463325063989032, 4435624.249654807150364 ], [ 397118.378493063966744, 4435624.249654807150364 ], [ 397118.378493063966744, 4435621.8112548077479 ], [ 397120.463325063989032, 4435621.8112548077479 ], [ 397120.463325063989032, 4435624.249654807150364 ] ] ] } },
{ "type": "Feature", "properties": { "Row": 4, "Col": 3, "Label": "LG3216", "X_start": 100.89, "Y_start": 50.0, "X_stop": 107.73, "Y_stop": 58.0, "BlockNum": 3, "Block": "B3", "PlotID": "B3_R4_C3", "Design": 3, "HarvestEW": 7, "HarvestNS": 20, "FieldPosition": "E07_N20", "Date/Time": "10/22/2025 11:29:14 AM", "Range": 20, "Row_Harvest": 8, "Weight (kg)": 0.425, "Quick Note": null, "Harvest Sequence": 174, "HarvestSource": "main", "HarvestDirection": "N_to_S", "Weight_kg_raw": 0.425, "HarvestIssue": false, "Weight_kg_analysis": 0.425, "HarvestDateTime": "2025-10-22T11:29:14", "Area_m2": 5.0836543474666511 }, "geometry": { "type": "Polygon", "coordinates": [ [ [ 397118.378493063966744, 4435624.249654807150364 ], [ 397116.293661064002663, 4435624.249654807150364 ], [ 397116.293661064002663, 4435621.8112548077479 ], [ 397118.378493063966744, 4435621.8112548077479 ], [ 397118.378493063966744, 4435624.249654807150364 ] ] ] } },
{ "type": "Feature", "properties": { "Row": 4, "Col": 4, "Label": "LD20-4988", "X_start": 107.72, "Y_start": 50.0, "X_stop": 114.56, "Y_stop": 58.0, "BlockNum": 3, "Block": "B3", "PlotID": "B3_R4_C4", "Design": 3, "HarvestEW": 6, "HarvestNS": 20, "FieldPosition": "E06_N20", "Date/Time": "10/22/2025 11:22:07 AM", "Range": 20, "Row_Harvest": 7, "Weight (kg)": 1.83, "Quick Note": null, "Harvest Sequence": 165, "HarvestSource": "main", "HarvestDirection": "S_to_N", "Weight_kg_raw": 1.83, "HarvestIssue": false, "Weight_kg_analysis": 1.83, "HarvestDateTime": "2025-10-22T11:22:07", "Area_m2": 5.0836543476085847 }, "geometry": { "type": "Polygon", "coordinates": [ [ [ 397116.296709063986782, 4435624.249654807150364 ], [ 397114.211877063964494, 4435624.249654807150364 ], [ 397114.211877063964494, 4435621.8112548077479 ], [ 397116.296709063986782, 4435621.8112548077479 ], [ 397116.296709063986782, 4435624.249654807150364 ] ] ] } },
{ "type": "Feature", "properties": { "Row": 5, "Col": 0, "Label": "LG3216", "X_start": 80.37, "Y_start": 60.0, "X_stop": 87.21, "Y_stop": 68.0, "BlockNum": 3, "Block": "B3", "PlotID": "B3_R5_C0", "Design": 3, "HarvestEW": 10, "HarvestNS": 19, "FieldPosition": "E10_N19", "Date/Time": "10/22/2025 12:17:10 PM", "Range": 19, "Row_Harvest": 11, "Weight (kg)": 1.635, "Quick Note": null, "Harvest Sequence": 260, "HarvestSource": "main", "HarvestDirection": "S_to_N", "Weight_kg_raw": 1.635, "HarvestIssue": false, "Weight_kg_analysis": 1.635, "HarvestDateTime": "2025-10-22T12:17:10", "Area_m2": 5.0836543494083024 }, "geometry": { "type": "Polygon", "coordinates": [ [ [ 397124.632989063975401, 4435621.201654807664454 ], [ 397122.54815706401132, 4435621.201654807664454 ], [ 397122.54815706401132, 4435618.763254807330668 ], [ 397124.632989063975401, 4435618.763254807330668 ], [ 397124.632989063975401, 4435621.201654807664454 ] ] ] } },
{ "type": "Feature", "properties": { "Row": 5, "Col": 1, "Label": "LD21-7234", "X_start": 87.21, "Y_start": 60.0, "X_stop": 94.05, "Y_stop": 68.0, "BlockNum": 3, "Block": "B3", "PlotID": "B3_R5_C1", "Design": 3, "HarvestEW": 9, "HarvestNS": 19, "FieldPosition": "E09_N19", "Date/Time": "10/22/2025 11:54:24 AM", "Range": 19, "Row_Harvest": 10, "Weight (kg)": 0.555, "Quick Note": null, "Harvest Sequence": 223, "HarvestSource": "main", "HarvestDirection": "N_to_S", "Weight_kg_raw": 0.555, "HarvestIssue": false, "Weight_kg_analysis": 0.555, "HarvestDateTime": "2025-10-22T11:54:24", "Area_m2": 5.083654349550236 }, "geometry": { "type": "Polygon", "coordinates": [ [ [ 397122.54815706401132, 4435621.201654807664454 ], [ 397120.463325063989032, 4435621.201654807664454 ], [ 397120.463325063989032, 4435618.763254807330668 ], [ 397122.54815706401132, 4435618.763254807330668 ], [ 397122.54815706401132, 4435621.201654807664454 ] ] ] } },
{ "type": "Feature", "properties": { "Row": 5, "Col": 2, "Label": "LG3216", "X_start": 94.05, "Y_start": 60.0, "X_stop": 100.89, "Y_stop": 68.0, "BlockNum": 3, "Block": "B3", "PlotID": "B3_R5_C2", "Design": 3, "HarvestEW": 8, "HarvestNS": 19, "FieldPosition": "E08_N19", "Date/Time": "10/22/2025 11:48:06 AM", "Range": 19, "Row_Harvest": 9, "Weight (kg)": 1.495, "Quick Note": null, "Harvest Sequence": 212, "HarvestSource": "main", "HarvestDirection": "S_to_N", "Weight_kg_raw": 1.495, "HarvestIssue": false, "Weight_kg_analysis": 1.495, "HarvestDateTime": "2025-10-22T11:48:06", "Area_m2": 5.083654349550236 }, "geometry": { "type": "Polygon", "coordinates": [ [ [ 397120.463325063989032, 4435621.201654807664454 ], [ 397118.378493063966744, 4435621.201654807664454 ], [ 397118.378493063966744, 4435618.763254807330668 ], [ 397120.463325063989032, 4435618.763254807330668 ], [ 397120.463325063989032, 4435621.201654807664454 ] ] ] } },
{ "type": "Feature", "properties": { "Row": 5, "Col": 3, "Label": "LD21-5665", "X_start": 100.89, "Y_start": 60.0, "X_stop": 107.73, "Y_stop": 68.0, "BlockNum": 3, "Block": "B3", "PlotID": "B3_R5_C3", "Design": 3, "HarvestEW": 7, "HarvestNS": 19, "FieldPosition": "E07_N19", "Date/Time": "10/22/2025 11:29:46 AM", "Range": 19, "Row_Harvest": 8, "Weight (kg)": 1.28, "Quick Note": null, "Harvest Sequence": 175, "HarvestSource": "main", "HarvestDirection": "N_to_S", "Weight_kg_raw": 1.28, "HarvestIssue": false, "Weight_kg_analysis": 1.28, "HarvestDateTime": "2025-10-22T11:29:46", "Area_m2": 5.0836543494083024 }, "geometry": { "type": "Polygon", "coordinates": [ [ [ 397118.378493063966744, 4435621.201654807664454 ], [ 397116.293661064002663, 4435621.201654807664454 ], [ 397116.293661064002663, 4435618.763254807330668 ], [ 397118.378493063966744, 4435618.763254807330668 ], [ 397118.378493063966744, 4435621.201654807664454 ] ] ] } },
{ "type": "Feature", "properties": { "Row": 5, "Col": 4, "Label": "LG3216", "X_start": 107.72, "Y_start": 60.0, "X_stop": 114.56, "Y_stop": 68.0, "BlockNum": 3, "Block": "B3", "PlotID": "B3_R5_C4", "Design": 3, "HarvestEW": 6, "HarvestNS": 19, "FieldPosition": "E06_N19", "Date/Time": "10/22/2025 11:21:40 AM", "Range": 19, "Row_Harvest": 7, "Weight (kg)": 2.165, "Quick Note": null, "Harvest Sequence": 164, "HarvestSource": "main", "HarvestDirection": "S_to_N", "Weight_kg_raw": 2.165, "HarvestIssue": false, "Weight_kg_analysis": 2.165, "HarvestDateTime": "2025-10-22T11:21:40", "Area_m2": 5.083654349550236 }, "geometry": { "type": "Polygon", "coordinates": [ [ [ 397116.296709063986782, 4435621.201654807664454 ], [ 397114.211877063964494, 4435621.201654807664454 ], [ 397114.211877063964494, 4435618.763254807330668 ], [ 397116.296709063986782, 4435618.763254807330668 ], [ 397116.296709063986782, 4435621.201654807664454 ] ] ] } },
{ "type": "Feature", "properties": { "Row": 6, "Col": 0, "Label": "LD19-10244", "X_start": 80.37, "Y_start": 70.0, "X_stop": 87.21, "Y_stop": 78.0, "BlockNum": 3, "Block": "B3", "PlotID": "B3_R6_C0", "Design": 3, "HarvestEW": 10, "HarvestNS": 18, "FieldPosition": "E10_N18", "Date/Time": "10/22/2025 12:16:34 PM", "Range": 18, "Row_Harvest": 11, "Weight (kg)": 1.67, "Quick Note": null, "Harvest Sequence": 259, "HarvestSource": "main", "HarvestDirection": "S_to_N", "Weight_kg_raw": 1.67, "HarvestIssue": false, "Weight_kg_analysis": 1.67, "HarvestDateTime": "2025-10-22T12:16:34", "Area_m2": 5.0836543494083024 }, "geometry": { "type": "Polygon", "coordinates": [ [ [ 397124.632989063975401, 4435618.153654807247221 ], [ 397122.54815706401132, 4435618.153654807247221 ], [ 397122.54815706401132, 4435615.715254806913435 ], [ 397124.632989063975401, 4435615.715254806913435 ], [ 397124.632989063975401, 4435618.153654807247221 ] ] ] } },
{ "type": "Feature", "properties": { "Row": 6, "Col": 1, "Label": "LG3216", "X_start": 87.21, "Y_start": 70.0, "X_stop": 94.05, "Y_stop": 78.0, "BlockNum": 3, "Block": "B3", "PlotID": "B3_R6_C1", "Design": 3, "HarvestEW": 9, "HarvestNS": 18, "FieldPosition": "E09_N18", "Date/Time": "10/22/2025 11:54:49 AM", "Range": 18, "Row_Harvest": 10, "Weight (kg)": 1.035, "Quick Note": null, "Harvest Sequence": 224, "HarvestSource": "main", "HarvestDirection": "N_to_S", "Weight_kg_raw": 1.035, "HarvestIssue": false, "Weight_kg_analysis": 1.035, "HarvestDateTime": "2025-10-22T11:54:49", "Area_m2": 5.083654349550236 }, "geometry": { "type": "Polygon", "coordinates": [ [ [ 397122.54815706401132, 4435618.153654807247221 ], [ 397120.463325063989032, 4435618.153654807247221 ], [ 397120.463325063989032, 4435615.715254806913435 ], [ 397122.54815706401132, 4435615.715254806913435 ], [ 397122.54815706401132, 4435618.153654807247221 ] ] ] } },
{ "type": "Feature", "properties": { "Row": 6, "Col": 2, "Label": "LD19-10076", "X_start": 94.05, "Y_start": 70.0, "X_stop": 100.89, "Y_stop": 78.0, "BlockNum": 3, "Block": "B3", "PlotID": "B3_R6_C2", "Design": 3, "HarvestEW": 8, "HarvestNS": 18, "FieldPosition": "E08_N18", "Date/Time": "10/22/2025 11:47:33 AM", "Range": 18, "Row_Harvest": 9, "Weight (kg)": 1.06, "Quick Note": null, "Harvest Sequence": 211, "HarvestSource": "main", "HarvestDirection": "S_to_N", "Weight_kg_raw": 1.06, "HarvestIssue": false, "Weight_kg_analysis": 1.06, "HarvestDateTime": "2025-10-22T11:47:33", "Area_m2": 5.083654349550236 }, "geometry": { "type": "Polygon", "coordinates": [ [ [ 397120.463325063989032, 4435618.153654807247221 ], [ 397118.378493063966744, 4435618.153654807247221 ], [ 397118.378493063966744, 4435615.715254806913435 ], [ 397120.463325063989032, 4435615.715254806913435 ], [ 397120.463325063989032, 4435618.153654807247221 ] ] ] } },
{ "type": "Feature", "properties": { "Row": 6, "Col": 3, "Label": "LG3216", "X_start": 100.89, "Y_start": 70.0, "X_stop": 107.73, "Y_stop": 78.0, "BlockNum": 3, "Block": "B3", "PlotID": "B3_R6_C3", "Design": 3, "HarvestEW": 7, "HarvestNS": 18, "FieldPosition": "E07_N18", "Date/Time": "10/22/2025 11:30:13 AM", "Range": 18, "Row_Harvest": 8, "Weight (kg)": 0.925, "Quick Note": null, "Harvest Sequence": 176, "HarvestSource": "main", "HarvestDirection": "N_to_S", "Weight_kg_raw": 0.925, "HarvestIssue": false, "Weight_kg_analysis": 0.925, "HarvestDateTime": "2025-10-22T11:30:13", "Area_m2": 5.0836543494083024 }, "geometry": { "type": "Polygon", "coordinates": [ [ [ 397118.378493063966744, 4435618.153654807247221 ], [ 397116.293661064002663, 4435618.153654807247221 ], [ 397116.293661064002663, 4435615.715254806913435 ], [ 397118.378493063966744, 4435615.715254806913435 ], [ 397118.378493063966744, 4435618.153654807247221 ] ] ] } },
{ "type": "Feature", "properties": { "Row": 6, "Col": 4, "Label": "LD21-5991", "X_start": 107.72, "Y_start": 70.0, "X_stop": 114.56, "Y_stop": 78.0, "BlockNum": 3, "Block": "B3", "PlotID": "B3_R6_C4", "Design": 3, "HarvestEW": 6, "HarvestNS": 18, "FieldPosition": "E06_N18", "Date/Time": "10/22/2025 11:21:12 AM", "Range": 18, "Row_Harvest": 7, "Weight (kg)": 1.555, "Quick Note": null, "Harvest Sequence": 163, "HarvestSource": "main", "HarvestDirection": "S_to_N", "Weight_kg_raw": 1.555, "HarvestIssue": false, "Weight_kg_analysis": 1.555, "HarvestDateTime": "2025-10-22T11:21:12", "Area_m2": 5.083654349550236 }, "geometry": { "type": "Polygon", "coordinates": [ [ [ 397116.296709063986782, 4435618.153654807247221 ], [ 397114.211877063964494, 4435618.153654807247221 ], [ 397114.211877063964494, 4435615.715254806913435 ], [ 397116.296709063986782, 4435615.715254806913435 ], [ 397116.296709063986782, 4435618.153654807247221 ] ] ] } },
{ "type": "Feature", "properties": { "Row": 7, "Col": 0, "Label": "LG3216", "X_start": 80.37, "Y_start": 80.0, "X_stop": 87.21, "Y_stop": 88.0, "BlockNum": 3, "Block": "B3", "PlotID": "B3_R7_C0", "Design": 3, "HarvestEW": 10, "HarvestNS": 17, "FieldPosition": "E10_N17", "Date/Time": "10/22/2025 12:15:53 PM", "Range": 17, "Row_Harvest": 11, "Weight (kg)": 1.58, "Quick Note": null, "Harvest Sequence": 258, "HarvestSource": "main", "HarvestDirection": "S_to_N", "Weight_kg_raw": 1.58, "HarvestIssue": false, "Weight_kg_analysis": 1.58, "HarvestDateTime": "2025-10-22T12:15:53", "Area_m2": 5.0836543494083024 }, "geometry": { "type": "Polygon", "coordinates": [ [ [ 397124.632989063975401, 4435615.105654807761312 ], [ 397122.54815706401132, 4435615.105654807761312 ], [ 397122.54815706401132, 4435612.667254807427526 ], [ 397124.632989063975401, 4435612.667254807427526 ], [ 397124.632989063975401, 4435615.105654807761312 ] ] ] } },
{ "type": "Feature", "properties": { "Row": 7, "Col": 1, "Label": "LD17-10473L", "X_start": 87.21, "Y_start": 80.0, "X_stop": 94.05, "Y_stop": 88.0, "BlockNum": 3, "Block": "B3", "PlotID": "B3_R7_C1", "Design": 3, "HarvestEW": 9, "HarvestNS": 17, "FieldPosition": "E09_N17", "Date/Time": "10/22/2025 11:55:19 AM", "Range": 17, "Row_Harvest": 10, "Weight (kg)": 1.275, "Quick Note": null, "Harvest Sequence": 225, "HarvestSource": "main", "HarvestDirection": "N_to_S", "Weight_kg_raw": 1.275, "HarvestIssue": false, "Weight_kg_analysis": 1.275, "HarvestDateTime": "2025-10-22T11:55:19", "Area_m2": 5.083654349550236 }, "geometry": { "type": "Polygon", "coordinates": [ [ [ 397122.54815706401132, 4435615.105654807761312 ], [ 397120.463325063989032, 4435615.105654807761312 ], [ 397120.463325063989032, 4435612.667254807427526 ], [ 397122.54815706401132, 4435612.667254807427526 ], [ 397122.54815706401132, 4435615.105654807761312 ] ] ] } },
{ "type": "Feature", "properties": { "Row": 7, "Col": 2, "Label": "LG3216", "X_start": 94.05, "Y_start": 80.0, "X_stop": 100.89, "Y_stop": 88.0, "BlockNum": 3, "Block": "B3", "PlotID": "B3_R7_C2", "Design": 3, "HarvestEW": 8, "HarvestNS": 17, "FieldPosition": "E08_N17", "Date/Time": "10/22/2025 11:46:55 AM", "Range": 17, "Row_Harvest": 9, "Weight (kg)": 1.1, "Quick Note": null, "Harvest Sequence": 210, "HarvestSource": "main", "HarvestDirection": "S_to_N", "Weight_kg_raw": 1.1, "HarvestIssue": false, "Weight_kg_analysis": 1.1, "HarvestDateTime": "2025-10-22T11:46:55", "Area_m2": 5.083654349550236 }, "geometry": { "type": "Polygon", "coordinates": [ [ [ 397120.463325063989032, 4435615.105654807761312 ], [ 397118.378493063966744, 4435615.105654807761312 ], [ 397118.378493063966744, 4435612.667254807427526 ], [ 397120.463325063989032, 4435612.667254807427526 ], [ 397120.463325063989032, 4435615.105654807761312 ] ] ] } },
{ "type": "Feature", "properties": { "Row": 7, "Col": 3, "Label": "LD20-5413", "X_start": 100.89, "Y_start": 80.0, "X_stop": 107.73, "Y_stop": 88.0, "BlockNum": 3, "Block": "B3", "PlotID": "B3_R7_C3", "Design": 3, "HarvestEW": 7, "HarvestNS": 17, "FieldPosition": "E07_N17", "Date/Time": "10/22/2025 11:30:43 AM", "Range": 17, "Row_Harvest": 8, "Weight (kg)": 1.165, "Quick Note": null, "Harvest Sequence": 177, "HarvestSource": "main", "HarvestDirection": "N_to_S", "Weight_kg_raw": 1.165, "HarvestIssue": false, "Weight_kg_analysis": 1.165, "HarvestDateTime": "2025-10-22T11:30:43", "Area_m2": 5.0836543494083024 }, "geometry": { "type": "Polygon", "coordinates": [ [ [ 397118.378493063966744, 4435615.105654807761312 ], [ 397116.293661064002663, 4435615.105654807761312 ], [ 397116.293661064002663, 4435612.667254807427526 ], [ 397118.378493063966744, 4435612.667254807427526 ], [ 397118.378493063966744, 4435615.105654807761312 ] ] ] } },
{ "type": "Feature", "properties": { "Row": 7, "Col": 4, "Label": "LG3216", "X_start": 107.72, "Y_start": 80.0, "X_stop": 114.56, "Y_stop": 88.0, "BlockNum": 3, "Block": "B3", "PlotID": "B3_R7_C4", "Design": 3, "HarvestEW": 6, "HarvestNS": 17, "FieldPosition": "E06_N17", "Date/Time": "10/22/2025 11:20:47 AM", "Range": 17, "Row_Harvest": 7, "Weight (kg)": 1.535, "Quick Note": null, "Harvest Sequence": 162, "HarvestSource": "main", "HarvestDirection": "S_to_N", "Weight_kg_raw": 1.535, "HarvestIssue": false, "Weight_kg_analysis": 1.535, "HarvestDateTime": "2025-10-22T11:20:47", "Area_m2": 5.083654349550236 }, "geometry": { "type": "Polygon", "coordinates": [ [ [ 397116.296709063986782, 4435615.105654807761312 ], [ 397114.211877063964494, 4435615.105654807761312 ], [ 397114.211877063964494, 4435612.667254807427526 ], [ 397116.296709063986782, 4435612.667254807427526 ], [ 397116.296709063986782, 4435615.105654807761312 ] ] ] } },
{ "type": "Feature", "properties": { "Row": 0, "Col": 0, "Label": "AG34XF6", "X_start": 115.81, "Y_start": 10.0, "X_stop": 122.65, "Y_stop": 18.0, "BlockNum": 4, "Block": "B4", "PlotID": "B4_R0_C0", "Design": 4, "HarvestEW": 5, "HarvestNS": 24, "FieldPosition": "E05_N24", "Date/Time": "10/22/2025 11:01:50 AM", "Range": 24, "Row_Harvest": 6, "Weight (kg)": 0.49, "Quick Note": null, "Harvest Sequence": 122, "HarvestSource": "main", "HarvestDirection": "N_to_S", "Weight_kg_raw": 0.49, "HarvestIssue": false, "Weight_kg_analysis": 0.49, "HarvestDateTime": "2025-10-22T11:01:50", "Area_m2": 5.0836543474666511 }, "geometry": { "type": "Polygon", "coordinates": [ [ [ 397113.830877063970547, 4435636.441654806956649 ], [ 397111.746045064006466, 4435636.441654806956649 ], [ 397111.746045064006466, 4435634.003254807554185 ], [ 397113.830877063970547, 4435634.003254807554185 ], [ 397113.830877063970547, 4435636.441654806956649 ] ] ] } },
{ "type": "Feature", "properties": { "Row": 0, "Col": 1, "Label": "LD17-10473F", "X_start": 122.65, "Y_start": 10.0, "X_stop": 129.49, "Y_stop": 18.0, "BlockNum": 4, "Block": "B4", "PlotID": "B4_R0_C1", "Design": 4, "HarvestEW": 4, "HarvestNS": 24, "FieldPosition": "E04_N24", "Date/Time": "10/22/2025 11:00:13 AM", "Range": 24, "Row_Harvest": 5, "Weight (kg)": 0.965, "Quick Note": null, "Harvest Sequence": 121, "HarvestSource": "main", "HarvestDirection": "S_to_N", "Weight_kg_raw": 0.965, "HarvestIssue": false, "Weight_kg_analysis": 0.965, "HarvestDateTime": "2025-10-22T11:00:13", "Area_m2": 5.0836543476085847 }, "geometry": { "type": "Polygon", "coordinates": [ [ [ 397111.746045064006466, 4435636.441654806956649 ], [ 397109.661213063984178, 4435636.441654806956649 ], [ 397109.661213063984178, 4435634.003254807554185 ], [ 397111.746045064006466, 4435634.003254807554185 ], [ 397111.746045064006466, 4435636.441654806956649 ] ] ] } },
{ "type": "Feature", "properties": { "Row": 0, "Col": 2, "Label": "AG35XF5", "X_start": 129.49, "Y_start": 10.0, "X_stop": 136.33, "Y_stop": 18.0, "BlockNum": 4, "Block": "B4", "PlotID": "B4_R0_C2", "Design": 4, "HarvestEW": 3, "HarvestNS": 24, "FieldPosition": "E03_N24", "Date/Time": "10/22/2025 10:35:39 AM", "Range": 24, "Row_Harvest": 4, "Weight (kg)": 0.715, "Quick Note": null, "Harvest Sequence": 74, "HarvestSource": "main", "HarvestDirection": "N_to_S", "Weight_kg_raw": 0.715, "HarvestIssue": false, "Weight_kg_analysis": 0.715, "HarvestDateTime": "2025-10-22T10:35:39", "Area_m2": 5.0836543476085847 }, "geometry": { "type": "Polygon", "coordinates": [ [ [ 397109.661213063984178, 4435636.441654806956649 ], [ 397107.57638106396189, 4435636.441654806956649 ], [ 397107.57638106396189, 4435634.003254807554185 ], [ 397109.661213063984178, 4435634.003254807554185 ], [ 397109.661213063984178, 4435636.441654806956649 ] ] ] } },
{ "type": "Feature", "properties": { "Row": 0, "Col": 3, "Label": "LD21-3090", "X_start": 136.32, "Y_start": 10.0, "X_stop": 143.16, "Y_stop": 18.0, "BlockNum": 4, "Block": "B4", "PlotID": "B4_R0_C3", "Design": 4, "HarvestEW": 2, "HarvestNS": 24, "FieldPosition": "E02_N24", "Date/Time": "10/22/2025 10:34:02 AM", "Range": 24, "Row_Harvest": 3, "Weight (kg)": 0.525, "Quick Note": null, "Harvest Sequence": 73, "HarvestSource": "main", "HarvestDirection": "S_to_N", "Weight_kg_raw": 0.525, "HarvestIssue": false, "Weight_kg_analysis": 0.525, "HarvestDateTime": "2025-10-22T10:34:02", "Area_m2": 5.0836543476085847 }, "geometry": { "type": "Polygon", "coordinates": [ [ [ 397107.579429064004216, 4435636.441654806956649 ], [ 397105.494597063981928, 4435636.441654806956649 ], [ 397105.494597063981928, 4435634.003254807554185 ], [ 397107.579429064004216, 4435634.003254807554185 ], [ 397107.579429064004216, 4435636.441654806956649 ] ] ] } },
{ "type": "Feature", "properties": { "Row": 0, "Col": 4, "Label": "AG40XFF5", "X_start": 143.16, "Y_start": 10.0, "X_stop": 150.0, "Y_stop": 18.0, "BlockNum": 4, "Block": "B4", "PlotID": "B4_R0_C4", "Design": 4, "HarvestEW": 1, "HarvestNS": 24, "FieldPosition": "E01_N24", "Date/Time": "10/22/2025 10:01:32 AM", "Range": 24, "Row_Harvest": 2, "Weight (kg)": 0.58, "Quick Note": null, "Harvest Sequence": 26, "HarvestSource": "main", "HarvestDirection": "N_to_S", "Weight_kg_raw": 0.58, "HarvestIssue": false, "Weight_kg_analysis": 0.58, "HarvestDateTime": "2025-10-22T10:01:32", "Area_m2": 5.0836543474666511 }, "geometry": { "type": "Polygon", "coordinates": [ [ [ 397105.494597063981928, 4435636.441654806956649 ], [ 397103.409765064017847, 4435636.441654806956649 ], [ 397103.409765064017847, 4435634.003254807554185 ], [ 397105.494597063981928, 4435634.003254807554185 ], [ 397105.494597063981928, 4435636.441654806956649 ] ] ] } },
{ "type": "Feature", "properties": { "Row": 1, "Col": 0, "Label": "LD21-7234", "X_start": 115.81, "Y_start": 20.0, "X_stop": 122.65, "Y_stop": 28.0, "BlockNum": 4, "Block": "B4", "PlotID": "B4_R1_C0", "Design": 4, "HarvestEW": 5, "HarvestNS": 23, "FieldPosition": "E05_N23", "Date/Time": "10/22/2025 11:02:14 AM", "Range": 23, "Row_Harvest": 6, "Weight (kg)": 0.895, "Quick Note": null, "Harvest Sequence": 123, "HarvestSource": "main", "HarvestDirection": "N_to_S", "Weight_kg_raw": 0.895, "HarvestIssue": false, "Weight_kg_analysis": 0.895, "HarvestDateTime": "2025-10-22T11:02:14", "Area_m2": 5.0836543494083024 }, "geometry": { "type": "Polygon", "coordinates": [ [ [ 397113.830877063970547, 4435633.393654807470739 ], [ 397111.746045064006466, 4435633.393654807470739 ], [ 397111.746045064006466, 4435630.955254807136953 ], [ 397113.830877063970547, 4435630.955254807136953 ], [ 397113.830877063970547, 4435633.393654807470739 ] ] ] } },
{ "type": "Feature", "properties": { "Row": 1, "Col": 1, "Label": "AG36XF4", "X_start": 122.65, "Y_start": 20.0, "X_stop": 129.49, "Y_stop": 28.0, "BlockNum": 4, "Block": "B4", "PlotID": "B4_R1_C1", "Design": 4, "HarvestEW": 4, "HarvestNS": 23, "FieldPosition": "E04_N23", "Date/Time": "10/22/2025 10:59:43 AM", "Range": 23, "Row_Harvest": 5, "Weight (kg)": 1.11, "Quick Note": null, "Harvest Sequence": 120, "HarvestSource": "main", "HarvestDirection": "S_to_N", "Weight_kg_raw": 1.11, "HarvestIssue": false, "Weight_kg_analysis": 1.11, "HarvestDateTime": "2025-10-22T10:59:43", "Area_m2": 5.083654349550236 }, "geometry": { "type": "Polygon", "coordinates": [ [ [ 397111.746045064006466, 4435633.393654807470739 ], [ 397109.661213063984178, 4435633.393654807470739 ], [ 397109.661213063984178, 4435630.955254807136953 ], [ 397111.746045064006466, 4435630.955254807136953 ], [ 397111.746045064006466, 4435633.393654807470739 ] ] ] } },
{ "type": "Feature", "properties": { "Row": 1, "Col": 2, "Label": "LD21-5665", "X_start": 129.49, "Y_start": 20.0, "X_stop": 136.33, "Y_stop": 28.0, "BlockNum": 4, "Block": "B4", "PlotID": "B4_R1_C2", "Design": 4, "HarvestEW": 3, "HarvestNS": 23, "FieldPosition": "E03_N23", "Date/Time": "10/22/2025 10:36:06 AM", "Range": 23, "Row_Harvest": 4, "Weight (kg)": 1.19, "Quick Note": null, "Harvest Sequence": 75, "HarvestSource": "main", "HarvestDirection": "N_to_S", "Weight_kg_raw": 1.19, "HarvestIssue": false, "Weight_kg_analysis": 1.19, "HarvestDateTime": "2025-10-22T10:36:06", "Area_m2": 5.083654349550236 }, "geometry": { "type": "Polygon", "coordinates": [ [ [ 397109.661213063984178, 4435633.393654807470739 ], [ 397107.57638106396189, 4435633.393654807470739 ], [ 397107.57638106396189, 4435630.955254807136953 ], [ 397109.661213063984178, 4435630.955254807136953 ], [ 397109.661213063984178, 4435633.393654807470739 ] ] ] } },
{ "type": "Feature", "properties": { "Row": 1, "Col": 3, "Label": "AG38XF6", "X_start": 136.32, "Y_start": 20.0, "X_stop": 143.16, "Y_stop": 28.0, "BlockNum": 4, "Block": "B4", "PlotID": "B4_R1_C3", "Design": 4, "HarvestEW": 2, "HarvestNS": 23, "FieldPosition": "E02_N23", "Date/Time": "10/22/2025 10:33:33 AM", "Range": 23, "Row_Harvest": 3, "Weight (kg)": 1.15, "Quick Note": null, "Harvest Sequence": 72, "HarvestSource": "main", "HarvestDirection": "S_to_N", "Weight_kg_raw": 1.15, "HarvestIssue": false, "Weight_kg_analysis": 1.15, "HarvestDateTime": "2025-10-22T10:33:33", "Area_m2": 5.083654349550236 }, "geometry": { "type": "Polygon", "coordinates": [ [ [ 397107.579429064004216, 4435633.393654807470739 ], [ 397105.494597063981928, 4435633.393654807470739 ], [ 397105.494597063981928, 4435630.955254807136953 ], [ 397107.579429064004216, 4435630.955254807136953 ], [ 397107.579429064004216, 4435633.393654807470739 ] ] ] } },
{ "type": "Feature", "properties": { "Row": 1, "Col": 4, "Label": "LD21-5253", "X_start": 143.16, "Y_start": 20.0, "X_stop": 150.0, "Y_stop": 28.0, "BlockNum": 4, "Block": "B4", "PlotID": "B4_R1_C4", "Design": 4, "HarvestEW": 1, "HarvestNS": 23, "FieldPosition": "E01_N23", "Date/Time": "10/22/2025 10:02:15 AM", "Range": 23, "Row_Harvest": 2, "Weight (kg)": 0.685, "Quick Note": null, "Harvest Sequence": 27, "HarvestSource": "main", "HarvestDirection": "N_to_S", "Weight_kg_raw": 0.685, "HarvestIssue": false, "Weight_kg_analysis": 0.685, "HarvestDateTime": "2025-10-22T10:02:15", "Area_m2": 5.0836543494083024 }, "geometry": { "type": "Polygon", "coordinates": [ [ [ 397105.494597063981928, 4435633.393654807470739 ], [ 397103.409765064017847, 4435633.393654807470739 ], [ 397103.409765064017847, 4435630.955254807136953 ], [ 397105.494597063981928, 4435630.955254807136953 ], [ 397105.494597063981928, 4435633.393654807470739 ] ] ] } },
{ "type": "Feature", "properties": { "Row": 2, "Col": 0, "Label": "AG34XF6", "X_start": 115.81, "Y_start": 30.0, "X_stop": 122.65, "Y_stop": 38.0, "BlockNum": 4, "Block": "B4", "PlotID": "B4_R2_C0", "Design": 4, "HarvestEW": 5, "HarvestNS": 22, "FieldPosition": "E05_N22", "Date/Time": "10/22/2025 11:02:41 AM", "Range": 22, "Row_Harvest": 6, "Weight (kg)": 1.065, "Quick Note": null, "Harvest Sequence": 124, "HarvestSource": "main", "HarvestDirection": "N_to_S", "Weight_kg_raw": 1.065, "HarvestIssue": false, "Weight_kg_analysis": 1.065, "HarvestDateTime": "2025-10-22T11:02:41", "Area_m2": 5.0836543474666511 }, "geometry": { "type": "Polygon", "coordinates": [ [ [ 397113.830877063970547, 4435630.345654807053506 ], [ 397111.746045064006466, 4435630.345654807053506 ], [ 397111.746045064006466, 4435627.907254807651043 ], [ 397113.830877063970547, 4435627.907254807651043 ], [ 397113.830877063970547, 4435630.345654807053506 ] ] ] } },
{ "type": "Feature", "properties": { "Row": 2, "Col": 1, "Label": "LD07-3395bf", "X_start": 122.65, "Y_start": 30.0, "X_stop": 129.49, "Y_stop": 38.0, "BlockNum": 4, "Block": "B4", "PlotID": "B4_R2_C1", "Design": 4, "HarvestEW": 4, "HarvestNS": 22, "FieldPosition": "E04_N22", "Date/Time": "10/22/2025 10:59:14 AM", "Range": 22, "Row_Harvest": 5, "Weight (kg)": 1.365, "Quick Note": null, "Harvest Sequence": 119, "HarvestSource": "main", "HarvestDirection": "S_to_N", "Weight_kg_raw": 1.365, "HarvestIssue": false, "Weight_kg_analysis": 1.365, "HarvestDateTime": "2025-10-22T10:59:14", "Area_m2": 5.0836543476085847 }, "geometry": { "type": "Polygon", "coordinates": [ [ [ 397111.746045064006466, 4435630.345654807053506 ], [ 397109.661213063984178, 4435630.345654807053506 ], [ 397109.661213063984178, 4435627.907254807651043 ], [ 397111.746045064006466, 4435627.907254807651043 ], [ 397111.746045064006466, 4435630.345654807053506 ] ] ] } },
{ "type": "Feature", "properties": { "Row": 2, "Col": 2, "Label": "AG38XF6", "X_start": 129.49, "Y_start": 30.0, "X_stop": 136.33, "Y_stop": 38.0, "BlockNum": 4, "Block": "B4", "PlotID": "B4_R2_C2", "Design": 4, "HarvestEW": 3, "HarvestNS": 22, "FieldPosition": "E03_N22", "Date/Time": "10/22/2025 10:36:32 AM", "Range": 22, "Row_Harvest": 4, "Weight (kg)": 0.96, "Quick Note": null, "Harvest Sequence": 76, "HarvestSource": "main", "HarvestDirection": "N_to_S", "Weight_kg_raw": 0.96, "HarvestIssue": false, "Weight_kg_analysis": 0.96, "HarvestDateTime": "2025-10-22T10:36:32", "Area_m2": 5.0836543476085847 }, "geometry": { "type": "Polygon", "coordinates": [ [ [ 397109.661213063984178, 4435630.345654807053506 ], [ 397107.57638106396189, 4435630.345654807053506 ], [ 397107.57638106396189, 4435627.907254807651043 ], [ 397109.661213063984178, 4435627.907254807651043 ], [ 397109.661213063984178, 4435630.345654807053506 ] ] ] } },
{ "type": "Feature", "properties": { "Row": 2, "Col": 3, "Label": "LD20-11748", "X_start": 136.32, "Y_start": 30.0, "X_stop": 143.16, "Y_stop": 38.0, "BlockNum": 4, "Block": "B4", "PlotID": "B4_R2_C3", "Design": 4, "HarvestEW": 2, "HarvestNS": 22, "FieldPosition": "E02_N22", "Date/Time": "10/22/2025 10:33:02 AM", "Range": 22, "Row_Harvest": 3, "Weight (kg)": 1.165, "Quick Note": null, "Harvest Sequence": 71, "HarvestSource": "main", "HarvestDirection": "S_to_N", "Weight_kg_raw": 1.165, "HarvestIssue": false, "Weight_kg_analysis": 1.165, "HarvestDateTime": "2025-10-22T10:33:02", "Area_m2": 5.0836543476085847 }, "geometry": { "type": "Polygon", "coordinates": [ [ [ 397107.579429064004216, 4435630.345654807053506 ], [ 397105.494597063981928, 4435630.345654807053506 ], [ 397105.494597063981928, 4435627.907254807651043 ], [ 397107.579429064004216, 4435627.907254807651043 ], [ 397107.579429064004216, 4435630.345654807053506 ] ] ] } },
{ "type": "Feature", "properties": { "Row": 2, "Col": 4, "Label": "AG35XF5", "X_start": 143.16, "Y_start": 30.0, "X_stop": 150.0, "Y_stop": 38.0, "BlockNum": 4, "Block": "B4", "PlotID": "B4_R2_C4", "Design": 4, "HarvestEW": 1, "HarvestNS": 22, "FieldPosition": "E01_N22", "Date/Time": "10/22/2025 10:03:00 AM", "Range": 22, "Row_Harvest": 2, "Weight (kg)": 0.96, "Quick Note": null, "Harvest Sequence": 28, "HarvestSource": "main", "HarvestDirection": "N_to_S", "Weight_kg_raw": 0.96, "HarvestIssue": false, "Weight_kg_analysis": 0.96, "HarvestDateTime": "2025-10-22T10:03:00", "Area_m2": 5.0836543474666511 }, "geometry": { "type": "Polygon", "coordinates": [ [ [ 397105.494597063981928, 4435630.345654807053506 ], [ 397103.409765064017847, 4435630.345654807053506 ], [ 397103.409765064017847, 4435627.907254807651043 ], [ 397105.494597063981928, 4435627.907254807651043 ], [ 397105.494597063981928, 4435630.345654807053506 ] ] ] } },
{ "type": "Feature", "properties": { "Row": 3, "Col": 0, "Label": "LD21-5944", "X_start": 115.81, "Y_start": 40.0, "X_stop": 122.65, "Y_stop": 48.0, "BlockNum": 4, "Block": "B4", "PlotID": "B4_R3_C0", "Design": 4, "HarvestEW": 5, "HarvestNS": 21, "FieldPosition": "E05_N21", "Date/Time": "10/22/2025 11:03:06 AM", "Range": 21, "Row_Harvest": 6, "Weight (kg)": 0.98, "Quick Note": null, "Harvest Sequence": 125, "HarvestSource": "main", "HarvestDirection": "N_to_S", "Weight_kg_raw": 0.98, "HarvestIssue": false, "Weight_kg_analysis": 0.98, "HarvestDateTime": "2025-10-22T11:03:06", "Area_m2": 5.0836543494083024 }, "geometry": { "type": "Polygon", "coordinates": [ [ [ 397113.830877063970547, 4435627.297654807567596 ], [ 397111.746045064006466, 4435627.297654807567596 ], [ 397111.746045064006466, 4435624.85925480723381 ], [ 397113.830877063970547, 4435624.85925480723381 ], [ 397113.830877063970547, 4435627.297654807567596 ] ] ] } },
{ "type": "Feature", "properties": { "Row": 3, "Col": 1, "Label": "AG36XF4", "X_start": 122.65, "Y_start": 40.0, "X_stop": 129.49, "Y_stop": 48.0, "BlockNum": 4, "Block": "B4", "PlotID": "B4_R3_C1", "Design": 4, "HarvestEW": 4, "HarvestNS": 21, "FieldPosition": "E04_N21", "Date/Time": "10/22/2025 10:58:42 AM", "Range": 21, "Row_Harvest": 5, "Weight (kg)": 1.16, "Quick Note": null, "Harvest Sequence": 118, "HarvestSource": "main", "HarvestDirection": "S_to_N", "Weight_kg_raw": 1.16, "HarvestIssue": false, "Weight_kg_analysis": 1.16, "HarvestDateTime": "2025-10-22T10:58:42", "Area_m2": 5.083654349550236 }, "geometry": { "type": "Polygon", "coordinates": [ [ [ 397111.746045064006466, 4435627.297654807567596 ], [ 397109.661213063984178, 4435627.297654807567596 ], [ 397109.661213063984178, 4435624.85925480723381 ], [ 397111.746045064006466, 4435624.85925480723381 ], [ 397111.746045064006466, 4435627.297654807567596 ] ] ] } },
{ "type": "Feature", "properties": { "Row": 3, "Col": 2, "Label": "LD17-10473F", "X_start": 129.49, "Y_start": 40.0, "X_stop": 136.33, "Y_stop": 48.0, "BlockNum": 4, "Block": "B4", "PlotID": "B4_R3_C2", "Design": 4, "HarvestEW": 3, "HarvestNS": 21, "FieldPosition": "E03_N21", "Date/Time": "10/22/2025 10:37:02 AM", "Range": 21, "Row_Harvest": 4, "Weight (kg)": 1.595, "Quick Note": null, "Harvest Sequence": 77, "HarvestSource": "main", "HarvestDirection": "N_to_S", "Weight_kg_raw": 1.595, "HarvestIssue": false, "Weight_kg_analysis": 1.595, "HarvestDateTime": "2025-10-22T10:37:02", "Area_m2": 5.083654349550236 }, "geometry": { "type": "Polygon", "coordinates": [ [ [ 397109.661213063984178, 4435627.297654807567596 ], [ 397107.57638106396189, 4435627.297654807567596 ], [ 397107.57638106396189, 4435624.85925480723381 ], [ 397109.661213063984178, 4435624.85925480723381 ], [ 397109.661213063984178, 4435627.297654807567596 ] ] ] } },
{ "type": "Feature", "properties": { "Row": 3, "Col": 3, "Label": "AG40XFF5", "X_start": 136.32, "Y_start": 40.0, "X_stop": 143.16, "Y_stop": 48.0, "BlockNum": 4, "Block": "B4", "PlotID": "B4_R3_C3", "Design": 4, "HarvestEW": 2, "HarvestNS": 21, "FieldPosition": "E02_N21", "Date/Time": "10/22/2025 10:32:32 AM", "Range": 21, "Row_Harvest": 3, "Weight (kg)": 1.355, "Quick Note": null, "Harvest Sequence": 70, "HarvestSource": "main", "HarvestDirection": "S_to_N", "Weight_kg_raw": 1.355, "HarvestIssue": false, "Weight_kg_analysis": 1.355, "HarvestDateTime": "2025-10-22T10:32:32", "Area_m2": 5.083654349550236 }, "geometry": { "type": "Polygon", "coordinates": [ [ [ 397107.579429064004216, 4435627.297654807567596 ], [ 397105.494597063981928, 4435627.297654807567596 ], [ 397105.494597063981928, 4435624.85925480723381 ], [ 397107.579429064004216, 4435624.85925480723381 ], [ 397107.579429064004216, 4435627.297654807567596 ] ] ] } },
{ "type": "Feature", "properties": { "Row": 3, "Col": 4, "Label": "LD21-5944", "X_start": 143.16, "Y_start": 40.0, "X_stop": 150.0, "Y_stop": 48.0, "BlockNum": 4, "Block": "B4", "PlotID": "B4_R3_C4", "Design": 4, "HarvestEW": 1, "HarvestNS": 21, "FieldPosition": "E01_N21", "Date/Time": "10/22/2025 10:03:42 AM", "Range": 21, "Row_Harvest": 2, "Weight (kg)": 1.26, "Quick Note": null, "Harvest Sequence": 29, "HarvestSource": "main", "HarvestDirection": "N_to_S", "Weight_kg_raw": 1.26, "HarvestIssue": false, "Weight_kg_analysis": 1.26, "HarvestDateTime": "2025-10-22T10:03:42", "Area_m2": 5.0836543494083024 }, "geometry": { "type": "Polygon", "coordinates": [ [ [ 397105.494597063981928, 4435627.297654807567596 ], [ 397103.409765064017847, 4435627.297654807567596 ], [ 397103.409765064017847, 4435624.85925480723381 ], [ 397105.494597063981928, 4435624.85925480723381 ], [ 397105.494597063981928, 4435627.297654807567596 ] ] ] } },
{ "type": "Feature", "properties": { "Row": 4, "Col": 0, "Label": "AG40XFF5", "X_start": 115.81, "Y_start": 50.0, "X_stop": 122.65, "Y_stop": 58.0, "BlockNum": 4, "Block": "B4", "PlotID": "B4_R4_C0", "Design": 4, "HarvestEW": 5, "HarvestNS": 20, "FieldPosition": "E05_N20", "Date/Time": "10/22/2025 11:03:33 AM", "Range": 20, "Row_Harvest": 6, "Weight (kg)": 0.795, "Quick Note": null, "Harvest Sequence": 126, "HarvestSource": "main", "HarvestDirection": "N_to_S", "Weight_kg_raw": 0.795, "HarvestIssue": false, "Weight_kg_analysis": 0.795, "HarvestDateTime": "2025-10-22T11:03:33", "Area_m2": 5.0836543474666511 }, "geometry": { "type": "Polygon", "coordinates": [ [ [ 397113.830877063970547, 4435624.249654807150364 ], [ 397111.746045064006466, 4435624.249654807150364 ], [ 397111.746045064006466, 4435621.8112548077479 ], [ 397113.830877063970547, 4435621.8112548077479 ], [ 397113.830877063970547, 4435624.249654807150364 ] ] ] } },
{ "type": "Feature", "properties": { "Row": 4, "Col": 1, "Label": "LD21-5665", "X_start": 122.65, "Y_start": 50.0, "X_stop": 129.49, "Y_stop": 58.0, "BlockNum": 4, "Block": "B4", "PlotID": "B4_R4_C1", "Design": 4, "HarvestEW": 4, "HarvestNS": 20, "FieldPosition": "E04_N20", "Date/Time": "10/22/2025 10:58:13 AM", "Range": 20, "Row_Harvest": 5, "Weight (kg)": 1.185, "Quick Note": null, "Harvest Sequence": 117, "HarvestSource": "main", "HarvestDirection": "S_to_N", "Weight_kg_raw": 1.185, "HarvestIssue": false, "Weight_kg_analysis": 1.185, "HarvestDateTime": "2025-10-22T10:58:13", "Area_m2": 5.0836543476085847 }, "geometry": { "type": "Polygon", "coordinates": [ [ [ 397111.746045064006466, 4435624.249654807150364 ], [ 397109.661213063984178, 4435624.249654807150364 ], [ 397109.661213063984178, 4435621.8112548077479 ], [ 397111.746045064006466, 4435621.8112548077479 ], [ 397111.746045064006466, 4435624.249654807150364 ] ] ] } },
{ "type": "Feature", "properties": { "Row": 4, "Col": 2, "Label": "AG36XF4", "X_start": 129.49, "Y_start": 50.0, "X_stop": 136.33, "Y_stop": 58.0, "BlockNum": 4, "Block": "B4", "PlotID": "B4_R4_C2", "Design": 4, "HarvestEW": 3, "HarvestNS": 20, "FieldPosition": "E03_N20", "Date/Time": "10/22/2025 10:37:27 AM", "Range": 20, "Row_Harvest": 4, "Weight (kg)": 1.01, "Quick Note": null, "Harvest Sequence": 78, "HarvestSource": "main", "HarvestDirection": "N_to_S", "Weight_kg_raw": 1.01, "HarvestIssue": false, "Weight_kg_analysis": 1.01, "HarvestDateTime": "2025-10-22T10:37:27", "Area_m2": 5.0836543476085847 }, "geometry": { "type": "Polygon", "coordinates": [ [ [ 397109.661213063984178, 4435624.249654807150364 ], [ 397107.57638106396189, 4435624.249654807150364 ], [ 397107.57638106396189, 4435621.8112548077479 ], [ 397109.661213063984178, 4435621.8112548077479 ], [ 397109.661213063984178, 4435624.249654807150364 ] ] ] } },
{ "type": "Feature", "properties": { "Row": 4, "Col": 3, "Label": "LD21-7234", "X_start": 136.32, "Y_start": 50.0, "X_stop": 143.16, "Y_stop": 58.0, "BlockNum": 4, "Block": "B4", "PlotID": "B4_R4_C3", "Design": 4, "HarvestEW": 2, "HarvestNS": 20, "FieldPosition": "E02_N20", "Date/Time": "10/22/2025 10:32:02 AM", "Range": 20, "Row_Harvest": 3, "Weight (kg)": 1.475, "Quick Note": null, "Harvest Sequence": 69, "HarvestSource": "main", "HarvestDirection": "S_to_N", "Weight_kg_raw": 1.475, "HarvestIssue": false, "Weight_kg_analysis": 1.475, "HarvestDateTime": "2025-10-22T10:32:02", "Area_m2": 5.0836543476085847 }, "geometry": { "type": "Polygon", "coordinates": [ [ [ 397107.579429064004216, 4435624.249654807150364 ], [ 397105.494597063981928, 4435624.249654807150364 ], [ 397105.494597063981928, 4435621.8112548077479 ], [ 397107.579429064004216, 4435621.8112548077479 ], [ 397107.579429064004216, 4435624.249654807150364 ] ] ] } },
{ "type": "Feature", "properties": { "Row": 4, "Col": 4, "Label": "AG35XF5", "X_start": 143.16, "Y_start": 50.0, "X_stop": 150.0, "Y_stop": 58.0, "BlockNum": 4, "Block": "B4", "PlotID": "B4_R4_C4", "Design": 4, "HarvestEW": 1, "HarvestNS": 20, "FieldPosition": "E01_N20", "Date/Time": "10/22/2025 10:04:28 AM", "Range": 20, "Row_Harvest": 2, "Weight (kg)": 1.455, "Quick Note": null, "Harvest Sequence": 30, "HarvestSource": "main", "HarvestDirection": "N_to_S", "Weight_kg_raw": 1.455, "HarvestIssue": false, "Weight_kg_analysis": 1.455, "HarvestDateTime": "2025-10-22T10:04:28", "Area_m2": 5.0836543474666511 }, "geometry": { "type": "Polygon", "coordinates": [ [ [ 397105.494597063981928, 4435624.249654807150364 ], [ 397103.409765064017847, 4435624.249654807150364 ], [ 397103.409765064017847, 4435621.8112548077479 ], [ 397105.494597063981928, 4435621.8112548077479 ], [ 397105.494597063981928, 4435624.249654807150364 ] ] ] } },
{ "type": "Feature", "properties": { "Row": 5, "Col": 0, "Label": "LD21-3090", "X_start": 115.81, "Y_start": 60.0, "X_stop": 122.65, "Y_stop": 68.0, "BlockNum": 4, "Block": "B4", "PlotID": "B4_R5_C0", "Design": 4, "HarvestEW": 5, "HarvestNS": 19, "FieldPosition": "E05_N19", "Date/Time": "10/22/2025 11:03:58 AM", "Range": 19, "Row_Harvest": 6, "Weight (kg)": 1.3, "Quick Note": null, "Harvest Sequence": 127, "HarvestSource": "main", "HarvestDirection": "N_to_S", "Weight_kg_raw": 1.3, "HarvestIssue": false, "Weight_kg_analysis": 1.3, "HarvestDateTime": "2025-10-22T11:03:58", "Area_m2": 5.0836543494083024 }, "geometry": { "type": "Polygon", "coordinates": [ [ [ 397113.830877063970547, 4435621.201654807664454 ], [ 397111.746045064006466, 4435621.201654807664454 ], [ 397111.746045064006466, 4435618.763254807330668 ], [ 397113.830877063970547, 4435618.763254807330668 ], [ 397113.830877063970547, 4435621.201654807664454 ] ] ] } },
{ "type": "Feature", "properties": { "Row": 5, "Col": 1, "Label": "AG34XF6", "X_start": 122.65, "Y_start": 60.0, "X_stop": 129.49, "Y_stop": 68.0, "BlockNum": 4, "Block": "B4", "PlotID": "B4_R5_C1", "Design": 4, "HarvestEW": 4, "HarvestNS": 19, "FieldPosition": "E04_N19", "Date/Time": "10/22/2025 10:57:48 AM", "Range": 19, "Row_Harvest": 5, "Weight (kg)": 0.84, "Quick Note": null, "Harvest Sequence": 116, "HarvestSource": "main", "HarvestDirection": "S_to_N", "Weight_kg_raw": 0.84, "HarvestIssue": false, "Weight_kg_analysis": 0.84, "HarvestDateTime": "2025-10-22T10:57:48", "Area_m2": 5.083654349550236 }, "geometry": { "type": "Polygon", "coordinates": [ [ [ 397111.746045064006466, 4435621.201654807664454 ], [ 397109.661213063984178, 4435621.201654807664454 ], [ 397109.661213063984178, 4435618.763254807330668 ], [ 397111.746045064006466, 4435618.763254807330668 ], [ 397111.746045064006466, 4435621.201654807664454 ] ] ] } },
{ "type": "Feature", "properties": { "Row": 5, "Col": 2, "Label": "LD07-3395bf", "X_start": 129.49, "Y_start": 60.0, "X_stop": 136.33, "Y_stop": 68.0, "BlockNum": 4, "Block": "B4", "PlotID": "B4_R5_C2", "Design": 4, "HarvestEW": 3, "HarvestNS": 19, "FieldPosition": "E03_N19", "Date/Time": "10/22/2025 10:37:56 AM", "Range": 19, "Row_Harvest": 4, "Weight (kg)": 1.41, "Quick Note": null, "Harvest Sequence": 79, "HarvestSource": "main", "HarvestDirection": "N_to_S", "Weight_kg_raw": 1.41, "HarvestIssue": false, "Weight_kg_analysis": 1.41, "HarvestDateTime": "2025-10-22T10:37:56", "Area_m2": 5.083654349550236 }, "geometry": { "type": "Polygon", "coordinates": [ [ [ 397109.661213063984178, 4435621.201654807664454 ], [ 397107.57638106396189, 4435621.201654807664454 ], [ 397107.57638106396189, 4435618.763254807330668 ], [ 397109.661213063984178, 4435618.763254807330668 ], [ 397109.661213063984178, 4435621.201654807664454 ] ] ] } },
{ "type": "Feature", "properties": { "Row": 5, "Col": 3, "Label": "AG38XF6", "X_start": 136.32, "Y_start": 60.0, "X_stop": 143.16, "Y_stop": 68.0, "BlockNum": 4, "Block": "B4", "PlotID": "B4_R5_C3", "Design": 4, "HarvestEW": 2, "HarvestNS": 19, "FieldPosition": "E02_N19", "Date/Time": "10/22/2025 10:31:33 AM", "Range": 19, "Row_Harvest": 3, "Weight (kg)": 1.295, "Quick Note": null, "Harvest Sequence": 68, "HarvestSource": "main", "HarvestDirection": "S_to_N", "Weight_kg_raw": 1.295, "HarvestIssue": false, "Weight_kg_analysis": 1.295, "HarvestDateTime": "2025-10-22T10:31:33", "Area_m2": 5.083654349550236 }, "geometry": { "type": "Polygon", "coordinates": [ [ [ 397107.579429064004216, 4435621.201654807664454 ], [ 397105.494597063981928, 4435621.201654807664454 ], [ 397105.494597063981928, 4435618.763254807330668 ], [ 397107.579429064004216, 4435618.763254807330668 ], [ 397107.579429064004216, 4435621.201654807664454 ] ] ] } },
{ "type": "Feature", "properties": { "Row": 5, "Col": 4, "Label": "LD20-11748", "X_start": 143.16, "Y_start": 60.0, "X_stop": 150.0, "Y_stop": 68.0, "BlockNum": 4, "Block": "B4", "PlotID": "B4_R5_C4", "Design": 4, "HarvestEW": 1, "HarvestNS": 19, "FieldPosition": "E01_N19", "Date/Time": "10/22/2025 10:05:08 AM", "Range": 19, "Row_Harvest": 2, "Weight (kg)": 1.325, "Quick Note": null, "Harvest Sequence": 31, "HarvestSource": "main", "HarvestDirection": "N_to_S", "Weight_kg_raw": 1.325, "HarvestIssue": false, "Weight_kg_analysis": 1.325, "HarvestDateTime": "2025-10-22T10:05:08", "Area_m2": 5.0836543494083024 }, "geometry": { "type": "Polygon", "coordinates": [ [ [ 397105.494597063981928, 4435621.201654807664454 ], [ 397103.409765064017847, 4435621.201654807664454 ], [ 397103.409765064017847, 4435618.763254807330668 ], [ 397105.494597063981928, 4435618.763254807330668 ], [ 397105.494597063981928, 4435621.201654807664454 ] ] ] } },
{ "type": "Feature", "properties": { "Row": 6, "Col": 0, "Label": "AG38XF6", "X_start": 115.81, "Y_start": 70.0, "X_stop": 122.65, "Y_stop": 78.0, "BlockNum": 4, "Block": "B4", "PlotID": "B4_R6_C0", "Design": 4, "HarvestEW": 5, "HarvestNS": 18, "FieldPosition": "E05_N18", "Date/Time": "10/22/2025 11:04:20 AM", "Range": 18, "Row_Harvest": 6, "Weight (kg)": 0.66, "Quick Note": null, "Harvest Sequence": 128, "HarvestSource": "main", "HarvestDirection": "N_to_S", "Weight_kg_raw": 0.66, "HarvestIssue": false, "Weight_kg_analysis": 0.66, "HarvestDateTime": "2025-10-22T11:04:20", "Area_m2": 5.0836543494083024 }, "geometry": { "type": "Polygon", "coordinates": [ [ [ 397113.830877063970547, 4435618.153654807247221 ], [ 397111.746045064006466, 4435618.153654807247221 ], [ 397111.746045064006466, 4435615.715254806913435 ], [ 397113.830877063970547, 4435615.715254806913435 ], [ 397113.830877063970547, 4435618.153654807247221 ] ] ] } },
{ "type": "Feature", "properties": { "Row": 6, "Col": 1, "Label": "LD21-5253", "X_start": 122.65, "Y_start": 70.0, "X_stop": 129.49, "Y_stop": 78.0, "BlockNum": 4, "Block": "B4", "PlotID": "B4_R6_C1", "Design": 4, "HarvestEW": 4, "HarvestNS": 18, "FieldPosition": "E04_N18", "Date/Time": "10/22/2025 10:57:20 AM", "Range": 18, "Row_Harvest": 5, "Weight (kg)": 1.13, "Quick Note": null, "Harvest Sequence": 115, "HarvestSource": "main", "HarvestDirection": "S_to_N", "Weight_kg_raw": 1.13, "HarvestIssue": false, "Weight_kg_analysis": 1.13, "HarvestDateTime": "2025-10-22T10:57:20", "Area_m2": 5.083654349550236 }, "geometry": { "type": "Polygon", "coordinates": [ [ [ 397111.746045064006466, 4435618.153654807247221 ], [ 397109.661213063984178, 4435618.153654807247221 ], [ 397109.661213063984178, 4435615.715254806913435 ], [ 397111.746045064006466, 4435615.715254806913435 ], [ 397111.746045064006466, 4435618.153654807247221 ] ] ] } },
{ "type": "Feature", "properties": { "Row": 6, "Col": 2, "Label": "AG34XF6", "X_start": 129.49, "Y_start": 70.0, "X_stop": 136.33, "Y_stop": 78.0, "BlockNum": 4, "Block": "B4", "PlotID": "B4_R6_C2", "Design": 4, "HarvestEW": 3, "HarvestNS": 18, "FieldPosition": "E03_N18", "Date/Time": "10/22/2025 10:38:30 AM", "Range": 18, "Row_Harvest": 4, "Weight (kg)": 1.12, "Quick Note": null, "Harvest Sequence": 80, "HarvestSource": "main", "HarvestDirection": "N_to_S", "Weight_kg_raw": 1.12, "HarvestIssue": false, "Weight_kg_analysis": 1.12, "HarvestDateTime": "2025-10-22T10:38:30", "Area_m2": 5.083654349550236 }, "geometry": { "type": "Polygon", "coordinates": [ [ [ 397109.661213063984178, 4435618.153654807247221 ], [ 397107.57638106396189, 4435618.153654807247221 ], [ 397107.57638106396189, 4435615.715254806913435 ], [ 397109.661213063984178, 4435615.715254806913435 ], [ 397109.661213063984178, 4435618.153654807247221 ] ] ] } },
{ "type": "Feature", "properties": { "Row": 6, "Col": 3, "Label": "LD21-5253", "X_start": 136.32, "Y_start": 70.0, "X_stop": 143.16, "Y_stop": 78.0, "BlockNum": 4, "Block": "B4", "PlotID": "B4_R6_C3", "Design": 4, "HarvestEW": 2, "HarvestNS": 18, "FieldPosition": "E02_N18", "Date/Time": "10/22/2025 10:30:57 AM", "Range": 18, "Row_Harvest": 3, "Weight (kg)": 1.005, "Quick Note": null, "Harvest Sequence": 67, "HarvestSource": "main", "HarvestDirection": "S_to_N", "Weight_kg_raw": 1.005, "HarvestIssue": false, "Weight_kg_analysis": 1.005, "HarvestDateTime": "2025-10-22T10:30:57", "Area_m2": 5.083654349550236 }, "geometry": { "type": "Polygon", "coordinates": [ [ [ 397107.579429064004216, 4435618.153654807247221 ], [ 397105.494597063981928, 4435618.153654807247221 ], [ 397105.494597063981928, 4435615.715254806913435 ], [ 397107.579429064004216, 4435615.715254806913435 ], [ 397107.579429064004216, 4435618.153654807247221 ] ] ] } },
{ "type": "Feature", "properties": { "Row": 6, "Col": 4, "Label": "AG40XFF5", "X_start": 143.16, "Y_start": 70.0, "X_stop": 150.0, "Y_stop": 78.0, "BlockNum": 4, "Block": "B4", "PlotID": "B4_R6_C4", "Design": 4, "HarvestEW": 1, "HarvestNS": 18, "FieldPosition": "E01_N18", "Date/Time": "10/22/2025 10:05:50 AM", "Range": 18, "Row_Harvest": 2, "Weight (kg)": 1.3, "Quick Note": null, "Harvest Sequence": 32, "HarvestSource": "main", "HarvestDirection": "N_to_S", "Weight_kg_raw": 1.3, "HarvestIssue": false, "Weight_kg_analysis": 1.3, "HarvestDateTime": "2025-10-22T10:05:50", "Area_m2": 5.0836543494083024 }, "geometry": { "type": "Polygon", "coordinates": [ [ [ 397105.494597063981928, 4435618.153654807247221 ], [ 397103.409765064017847, 4435618.153654807247221 ], [ 397103.409765064017847, 4435615.715254806913435 ], [ 397105.494597063981928, 4435615.715254806913435 ], [ 397105.494597063981928, 4435618.153654807247221 ] ] ] } },
{ "type": "Feature", "properties": { "Row": 7, "Col": 0, "Label": "LD20-11748", "X_start": 115.81, "Y_start": 80.0, "X_stop": 122.65, "Y_stop": 88.0, "BlockNum": 4, "Block": "B4", "PlotID": "B4_R7_C0", "Design": 4, "HarvestEW": 5, "HarvestNS": 17, "FieldPosition": "E05_N17", "Date/Time": "10/22/2025 11:04:43 AM", "Range": 17, "Row_Harvest": 6, "Weight (kg)": 0.635, "Quick Note": null, "Harvest Sequence": 129, "HarvestSource": "main", "HarvestDirection": "N_to_S", "Weight_kg_raw": 0.635, "HarvestIssue": false, "Weight_kg_analysis": 0.635, "HarvestDateTime": "2025-10-22T11:04:43", "Area_m2": 5.0836543494083024 }, "geometry": { "type": "Polygon", "coordinates": [ [ [ 397113.830877063970547, 4435615.105654807761312 ], [ 397111.746045064006466, 4435615.105654807761312 ], [ 397111.746045064006466, 4435612.667254807427526 ], [ 397113.830877063970547, 4435612.667254807427526 ], [ 397113.830877063970547, 4435615.105654807761312 ] ] ] } },
{ "type": "Feature", "properties": { "Row": 7, "Col": 1, "Label": "AG35XF5", "X_start": 122.65, "Y_start": 80.0, "X_stop": 129.49, "Y_stop": 88.0, "BlockNum": 4, "Block": "B4", "PlotID": "B4_R7_C1", "Design": 4, "HarvestEW": 4, "HarvestNS": 17, "FieldPosition": "E04_N17", "Date/Time": "10/22/2025 10:56:47 AM", "Range": 17, "Row_Harvest": 5, "Weight (kg)": 1.305, "Quick Note": null, "Harvest Sequence": 114, "HarvestSource": "main", "HarvestDirection": "S_to_N", "Weight_kg_raw": 1.305, "HarvestIssue": false, "Weight_kg_analysis": 1.305, "HarvestDateTime": "2025-10-22T10:56:47", "Area_m2": 5.083654349550236 }, "geometry": { "type": "Polygon", "coordinates": [ [ [ 397111.746045064006466, 4435615.105654807761312 ], [ 397109.661213063984178, 4435615.105654807761312 ], [ 397109.661213063984178, 4435612.667254807427526 ], [ 397111.746045064006466, 4435612.667254807427526 ], [ 397111.746045064006466, 4435615.105654807761312 ] ] ] } },
{ "type": "Feature", "properties": { "Row": 7, "Col": 2, "Label": "LD21-7234", "X_start": 129.49, "Y_start": 80.0, "X_stop": 136.33, "Y_stop": 88.0, "BlockNum": 4, "Block": "B4", "PlotID": "B4_R7_C2", "Design": 4, "HarvestEW": 3, "HarvestNS": 17, "FieldPosition": "E03_N17", "Date/Time": "10/22/2025 10:38:58 AM", "Range": 17, "Row_Harvest": 4, "Weight (kg)": 1.205, "Quick Note": null, "Harvest Sequence": 81, "HarvestSource": "main", "HarvestDirection": "N_to_S", "Weight_kg_raw": 1.205, "HarvestIssue": false, "Weight_kg_analysis": 1.205, "HarvestDateTime": "2025-10-22T10:38:58", "Area_m2": 5.083654349550236 }, "geometry": { "type": "Polygon", "coordinates": [ [ [ 397109.661213063984178, 4435615.105654807761312 ], [ 397107.57638106396189, 4435615.105654807761312 ], [ 397107.57638106396189, 4435612.667254807427526 ], [ 397109.661213063984178, 4435612.667254807427526 ], [ 397109.661213063984178, 4435615.105654807761312 ] ] ] } },
{ "type": "Feature", "properties": { "Row": 7, "Col": 3, "Label": "AG36XF4", "X_start": 136.32, "Y_start": 80.0, "X_stop": 143.16, "Y_stop": 88.0, "BlockNum": 4, "Block": "B4", "PlotID": "B4_R7_C3", "Design": 4, "HarvestEW": 2, "HarvestNS": 17, "FieldPosition": "E02_N17", "Date/Time": "10/22/2025 10:30:21 AM", "Range": 17, "Row_Harvest": 3, "Weight (kg)": 1.035, "Quick Note": null, "Harvest Sequence": 66, "HarvestSource": "main", "HarvestDirection": "S_to_N", "Weight_kg_raw": 1.035, "HarvestIssue": false, "Weight_kg_analysis": 1.035, "HarvestDateTime": "2025-10-22T10:30:21", "Area_m2": 5.083654349550236 }, "geometry": { "type": "Polygon", "coordinates": [ [ [ 397107.579429064004216, 4435615.105654807761312 ], [ 397105.494597063981928, 4435615.105654807761312 ], [ 397105.494597063981928, 4435612.667254807427526 ], [ 397107.579429064004216, 4435612.667254807427526 ], [ 397107.579429064004216, 4435615.105654807761312 ] ] ] } },
{ "type": "Feature", "properties": { "Row": 7, "Col": 4, "Label": "LD21-3090", "X_start": 143.16, "Y_start": 80.0, "X_stop": 150.0, "Y_stop": 88.0, "BlockNum": 4, "Block": "B4", "PlotID": "B4_R7_C4", "Design": 4, "HarvestEW": 1, "HarvestNS": 17, "FieldPosition": "E01_N17", "Date/Time": "10/22/2025 10:06:31 AM", "Range": 17, "Row_Harvest": 2, "Weight (kg)": 1.62, "Quick Note": null, "Harvest Sequence": 33, "HarvestSource": "main", "HarvestDirection": "N_to_S", "Weight_kg_raw": 1.62, "HarvestIssue": false, "Weight_kg_analysis": 1.62, "HarvestDateTime": "2025-10-22T10:06:31", "Area_m2": 5.0836543494083024 }, "geometry": { "type": "Polygon", "coordinates": [ [ [ 397105.494597063981928, 4435615.105654807761312 ], [ 397103.409765064017847, 4435615.105654807761312 ], [ 397103.409765064017847, 4435612.667254807427526 ], [ 397105.494597063981928, 4435612.667254807427526 ], [ 397105.494597063981928, 4435615.105654807761312 ] ] ] } },
{ "type": "Feature", "properties": { "Row": 0, "Col": 0, "Label": "AG36XF4", "X_start": 9.5, "Y_start": 90.0, "X_stop": 16.34, "Y_stop": 98.0, "BlockNum": 5, "Block": "B5", "PlotID": "B5_R0_C0", "Design": 4, "HarvestEW": 20, "HarvestNS": 16, "FieldPosition": "E20_N16", "Date/Time": "10/23/2025 9:56:43 AM", "Range": 16, "Row_Harvest": 1, "Weight (kg)": 0.495, "Quick Note": null, "Harvest Sequence": 16, "HarvestSource": "west_last_pass", "HarvestDirection": "S_to_N", "Weight_kg_raw": 0.495, "HarvestIssue": false, "Weight_kg_analysis": 0.495, "HarvestDateTime": "2025-10-23T09:56:43", "Area_m2": 5.083654349550236 }, "geometry": { "type": "Polygon", "coordinates": [ [ [ 397146.23416506400099, 4435612.057654807344079 ], [ 397144.149333063978702, 4435612.057654807344079 ], [ 397144.149333063978702, 4435609.619254807010293 ], [ 397146.23416506400099, 4435609.619254807010293 ], [ 397146.23416506400099, 4435612.057654807344079 ] ] ] } },
{ "type": "Feature", "properties": { "Row": 0, "Col": 1, "Label": "LD21-5665", "X_start": 16.34, "Y_start": 90.0, "X_stop": 23.18, "Y_stop": 98.0, "BlockNum": 5, "Block": "B5", "PlotID": "B5_R0_C1", "Design": 4, "HarvestEW": 19, "HarvestNS": 16, "FieldPosition": "E19_N16", "Date/Time": "10/22/2025 3:45:27 PM", "Range": 16, "Row_Harvest": 20, "Weight (kg)": 0.195, "Quick Note": null, "Harvest Sequence": 466, "HarvestSource": "main", "HarvestDirection": "N_to_S", "Weight_kg_raw": 0.195, "HarvestIssue": false, "Weight_kg_analysis": 0.195, "HarvestDateTime": "2025-10-22T15:45:27", "Area_m2": 5.0836543494083024 }, "geometry": { "type": "Polygon", "coordinates": [ [ [ 397144.149333063978702, 4435612.057654807344079 ], [ 397142.064501064014621, 4435612.057654807344079 ], [ 397142.064501064014621, 4435609.619254807010293 ], [ 397144.149333063978702, 4435609.619254807010293 ], [ 397144.149333063978702, 4435612.057654807344079 ] ] ] } },
{ "type": "Feature", "properties": { "Row": 0, "Col": 2, "Label": "AG38XF6", "X_start": 23.17, "Y_start": 90.0, "X_stop": 30.01, "Y_stop": 98.0, "BlockNum": 5, "Block": "B5", "PlotID": "B5_R0_C2", "Design": 4, "HarvestEW": 18, "HarvestNS": 16, "FieldPosition": "E18_N16", "Date/Time": "10/22/2025 3:37:24 PM", "Range": 16, "Row_Harvest": 19, "Weight (kg)": 0.775, "Quick Note": null, "Harvest Sequence": 449, "HarvestSource": "main", "HarvestDirection": "S_to_N", "Weight_kg_raw": 0.775, "HarvestIssue": false, "Weight_kg_analysis": 0.775, "HarvestDateTime": "2025-10-22T15:37:24", "Area_m2": 5.083654349550236 }, "geometry": { "type": "Polygon", "coordinates": [ [ [ 397142.06754906399874, 4435612.057654807344079 ], [ 397139.982717063976452, 4435612.057654807344079 ], [ 397139.982717063976452, 4435609.619254807010293 ], [ 397142.06754906399874, 4435609.619254807010293 ], [ 397142.06754906399874, 4435612.057654807344079 ] ] ] } },
{ "type": "Feature", "properties": { "Row": 0, "Col": 3, "Label": "LD07-3395bf", "X_start": 30.01, "Y_start": 90.0, "X_stop": 36.85, "Y_stop": 98.0, "BlockNum": 5, "Block": "B5", "PlotID": "B5_R0_C3", "Design": 4, "HarvestEW": 17, "HarvestNS": 16, "FieldPosition": "E17_N16", "Date/Time": "10/22/2025 3:22:56 PM", "Range": 16, "Row_Harvest": 18, "Weight (kg)": 1.045, "Quick Note": null, "Harvest Sequence": 418, "HarvestSource": "main", "HarvestDirection": "N_to_S", "Weight_kg_raw": 1.045, "HarvestIssue": false, "Weight_kg_analysis": 1.045, "HarvestDateTime": "2025-10-22T15:22:56", "Area_m2": 5.0836543494083024 }, "geometry": { "type": "Polygon", "coordinates": [ [ [ 397139.982717063976452, 4435612.057654807344079 ], [ 397137.897885064012371, 4435612.057654807344079 ], [ 397137.897885064012371, 4435609.619254807010293 ], [ 397139.982717063976452, 4435609.619254807010293 ], [ 397139.982717063976452, 4435612.057654807344079 ] ] ] } },
{ "type": "Feature", "properties": { "Row": 0, "Col": 4, "Label": "AG35XF5", "X_start": 36.85, "Y_start": 90.0, "X_stop": 43.69, "Y_stop": 98.0, "BlockNum": 5, "Block": "B5", "PlotID": "B5_R0_C4", "Design": 4, "HarvestEW": 16, "HarvestNS": 16, "FieldPosition": "E16_N16", "Date/Time": "10/22/2025 3:15:07 PM", "Range": 16, "Row_Harvest": 17, "Weight (kg)": 0.71, "Quick Note": null, "Harvest Sequence": 401, "HarvestSource": "main", "HarvestDirection": "S_to_N", "Weight_kg_raw": 0.71, "HarvestIssue": false, "Weight_kg_analysis": 0.71, "HarvestDateTime": "2025-10-22T15:15:07", "Area_m2": 5.083654349550236 }, "geometry": { "type": "Polygon", "coordinates": [ [ [ 397137.897885064012371, 4435612.057654807344079 ], [ 397135.813053063990083, 4435612.057654807344079 ], [ 397135.813053063990083, 4435609.619254807010293 ], [ 397137.897885064012371, 4435609.619254807010293 ], [ 397137.897885064012371, 4435612.057654807344079 ] ] ] } },
{ "type": "Feature", "properties": { "Row": 1, "Col": 0, "Label": "LD21-7234", "X_start": 9.5, "Y_start": 100.0, "X_stop": 16.34, "Y_stop": 108.0, "BlockNum": 5, "Block": "B5", "PlotID": "B5_R1_C0", "Design": 4, "HarvestEW": 20, "HarvestNS": 15, "FieldPosition": "E20_N15", "Date/Time": "10/23/2025 9:56:17 AM", "Range": 15, "Row_Harvest": 1, "Weight (kg)": 0.495, "Quick Note": null, "Harvest Sequence": 15, "HarvestSource": "west_last_pass", "HarvestDirection": "S_to_N", "Weight_kg_raw": 0.495, "HarvestIssue": false, "Weight_kg_analysis": 0.495, "HarvestDateTime": "2025-10-23T09:56:17", "Area_m2": 5.0836543476085847 }, "geometry": { "type": "Polygon", "coordinates": [ [ [ 397146.23416506400099, 4435609.009654806926847 ], [ 397144.149333063978702, 4435609.009654806926847 ], [ 397144.149333063978702, 4435606.571254807524383 ], [ 397146.23416506400099, 4435606.571254807524383 ], [ 397146.23416506400099, 4435609.009654806926847 ] ] ] } },
{ "type": "Feature", "properties": { "Row": 1, "Col": 1, "Label": "AG34XF6", "X_start": 16.34, "Y_start": 100.0, "X_stop": 23.18, "Y_stop": 108.0, "BlockNum": 5, "Block": "B5", "PlotID": "B5_R1_C1", "Design": 4, "HarvestEW": 19, "HarvestNS": 15, "FieldPosition": "E19_N15", "Date/Time": "10/22/2025 3:46:04 PM", "Range": 15, "Row_Harvest": 20, "Weight (kg)": 0.565, "Quick Note": null, "Harvest Sequence": 467, "HarvestSource": "main", "HarvestDirection": "N_to_S", "Weight_kg_raw": 0.565, "HarvestIssue": false, "Weight_kg_analysis": 0.565, "HarvestDateTime": "2025-10-22T15:46:04", "Area_m2": 5.0836543474666511 }, "geometry": { "type": "Polygon", "coordinates": [ [ [ 397144.149333063978702, 4435609.009654806926847 ], [ 397142.064501064014621, 4435609.009654806926847 ], [ 397142.064501064014621, 4435606.571254807524383 ], [ 397144.149333063978702, 4435606.571254807524383 ], [ 397144.149333063978702, 4435609.009654806926847 ] ] ] } },
{ "type": "Feature", "properties": { "Row": 1, "Col": 2, "Label": "LD20-11748", "X_start": 23.17, "Y_start": 100.0, "X_stop": 30.01, "Y_stop": 108.0, "BlockNum": 5, "Block": "B5", "PlotID": "B5_R1_C2", "Design": 4, "HarvestEW": 18, "HarvestNS": 15, "FieldPosition": "E18_N15", "Date/Time": "10/22/2025 3:36:55 PM", "Range": 15, "Row_Harvest": 19, "Weight (kg)": 0.84, "Quick Note": null, "Harvest Sequence": 448, "HarvestSource": "main", "HarvestDirection": "S_to_N", "Weight_kg_raw": 0.84, "HarvestIssue": false, "Weight_kg_analysis": 0.84, "HarvestDateTime": "2025-10-22T15:36:55", "Area_m2": 5.0836543476085847 }, "geometry": { "type": "Polygon", "coordinates": [ [ [ 397142.06754906399874, 4435609.009654806926847 ], [ 397139.982717063976452, 4435609.009654806926847 ], [ 397139.982717063976452, 4435606.571254807524383 ], [ 397142.06754906399874, 4435606.571254807524383 ], [ 397142.06754906399874, 4435609.009654806926847 ] ] ] } },
{ "type": "Feature", "properties": { "Row": 1, "Col": 3, "Label": "AG40XFF5", "X_start": 30.01, "Y_start": 100.0, "X_stop": 36.85, "Y_stop": 108.0, "BlockNum": 5, "Block": "B5", "PlotID": "B5_R1_C3", "Design": 4, "HarvestEW": 17, "HarvestNS": 15, "FieldPosition": "E17_N15", "Date/Time": "10/22/2025 3:23:18 PM", "Range": 15, "Row_Harvest": 18, "Weight (kg)": 0.81, "Quick Note": null, "Harvest Sequence": 419, "HarvestSource": "main", "HarvestDirection": "N_to_S", "Weight_kg_raw": 0.81, "HarvestIssue": false, "Weight_kg_analysis": 0.81, "HarvestDateTime": "2025-10-22T15:23:18", "Area_m2": 5.0836543474666511 }, "geometry": { "type": "Polygon", "coordinates": [ [ [ 397139.982717063976452, 4435609.009654806926847 ], [ 397137.897885064012371, 4435609.009654806926847 ], [ 397137.897885064012371, 4435606.571254807524383 ], [ 397139.982717063976452, 4435606.571254807524383 ], [ 397139.982717063976452, 4435609.009654806926847 ] ] ] } },
{ "type": "Feature", "properties": { "Row": 1, "Col": 4, "Label": "LD21-5253", "X_start": 36.85, "Y_start": 100.0, "X_stop": 43.69, "Y_stop": 108.0, "BlockNum": 5, "Block": "B5", "PlotID": "B5_R1_C4", "Design": 4, "HarvestEW": 16, "HarvestNS": 15, "FieldPosition": "E16_N15", "Date/Time": "10/22/2025 3:14:41 PM", "Range": 15, "Row_Harvest": 17, "Weight (kg)": 0.135, "Quick Note": null, "Harvest Sequence": 400, "HarvestSource": "main", "HarvestDirection": "S_to_N", "Weight_kg_raw": 0.135, "HarvestIssue": false, "Weight_kg_analysis": 0.135, "HarvestDateTime": "2025-10-22T15:14:41", "Area_m2": 5.0836543476085847 }, "geometry": { "type": "Polygon", "coordinates": [ [ [ 397137.897885064012371, 4435609.009654806926847 ], [ 397135.813053063990083, 4435609.009654806926847 ], [ 397135.813053063990083, 4435606.571254807524383 ], [ 397137.897885064012371, 4435606.571254807524383 ], [ 397137.897885064012371, 4435609.009654806926847 ] ] ] } },
{ "type": "Feature", "properties": { "Row": 2, "Col": 0, "Label": "AG35XF5", "X_start": 9.5, "Y_start": 110.0, "X_stop": 16.34, "Y_stop": 118.0, "BlockNum": 5, "Block": "B5", "PlotID": "B5_R2_C0", "Design": 4, "HarvestEW": 20, "HarvestNS": 14, "FieldPosition": "E20_N14", "Date/Time": "10/23/2025 9:55:50 AM", "Range": 14, "Row_Harvest": 1, "Weight (kg)": 0.495, "Quick Note": null, "Harvest Sequence": 14, "HarvestSource": "west_last_pass", "HarvestDirection": "S_to_N", "Weight_kg_raw": 0.495, "HarvestIssue": false, "Weight_kg_analysis": 0.495, "HarvestDateTime": "2025-10-23T09:55:50", "Area_m2": 5.083654349550236 }, "geometry": { "type": "Polygon", "coordinates": [ [ [ 397146.23416506400099, 4435605.961654807440937 ], [ 397144.149333063978702, 4435605.961654807440937 ], [ 397144.149333063978702, 4435603.523254807107151 ], [ 397146.23416506400099, 4435603.523254807107151 ], [ 397146.23416506400099, 4435605.961654807440937 ] ] ] } },
{ "type": "Feature", "properties": { "Row": 2, "Col": 1, "Label": "LD21-5944", "X_start": 16.34, "Y_start": 110.0, "X_stop": 23.18, "Y_stop": 118.0, "BlockNum": 5, "Block": "B5", "PlotID": "B5_R2_C1", "Design": 4, "HarvestEW": 19, "HarvestNS": 14, "FieldPosition": "E19_N14", "Date/Time": "10/22/2025 3:46:29 PM", "Range": 14, "Row_Harvest": 20, "Weight (kg)": 0.72, "Quick Note": null, "Harvest Sequence": 468, "HarvestSource": "main", "HarvestDirection": "N_to_S", "Weight_kg_raw": 0.72, "HarvestIssue": false, "Weight_kg_analysis": 0.72, "HarvestDateTime": "2025-10-22T15:46:29", "Area_m2": 5.0836543494083024 }, "geometry": { "type": "Polygon", "coordinates": [ [ [ 397144.149333063978702, 4435605.961654807440937 ], [ 397142.064501064014621, 4435605.961654807440937 ], [ 397142.064501064014621, 4435603.523254807107151 ], [ 397144.149333063978702, 4435603.523254807107151 ], [ 397144.149333063978702, 4435605.961654807440937 ] ] ] } },
{ "type": "Feature", "properties": { "Row": 2, "Col": 2, "Label": "AG36XF4", "X_start": 23.17, "Y_start": 110.0, "X_stop": 30.01, "Y_stop": 118.0, "BlockNum": 5, "Block": "B5", "PlotID": "B5_R2_C2", "Design": 4, "HarvestEW": 18, "HarvestNS": 14, "FieldPosition": "E18_N14", "Date/Time": "10/22/2025 3:36:32 PM", "Range": 14, "Row_Harvest": 19, "Weight (kg)": 1.035, "Quick Note": null, "Harvest Sequence": 447, "HarvestSource": "main", "HarvestDirection": "S_to_N", "Weight_kg_raw": 1.035, "HarvestIssue": false, "Weight_kg_analysis": 1.035, "HarvestDateTime": "2025-10-22T15:36:32", "Area_m2": 5.083654349550236 }, "geometry": { "type": "Polygon", "coordinates": [ [ [ 397142.06754906399874, 4435605.961654807440937 ], [ 397139.982717063976452, 4435605.961654807440937 ], [ 397139.982717063976452, 4435603.523254807107151 ], [ 397142.06754906399874, 4435603.523254807107151 ], [ 397142.06754906399874, 4435605.961654807440937 ] ] ] } },
{ "type": "Feature", "properties": { "Row": 2, "Col": 3, "Label": "LD21-3090", "X_start": 30.01, "Y_start": 110.0, "X_stop": 36.85, "Y_stop": 118.0, "BlockNum": 5, "Block": "B5", "PlotID": "B5_R2_C3", "Design": 4, "HarvestEW": 17, "HarvestNS": 14, "FieldPosition": "E17_N14", "Date/Time": "10/22/2025 3:23:42 PM", "Range": 14, "Row_Harvest": 18, "Weight (kg)": 0.735, "Quick Note": null, "Harvest Sequence": 420, "HarvestSource": "main", "HarvestDirection": "N_to_S", "Weight_kg_raw": 0.735, "HarvestIssue": false, "Weight_kg_analysis": 0.735, "HarvestDateTime": "2025-10-22T15:23:42", "Area_m2": 5.0836543494083024 }, "geometry": { "type": "Polygon", "coordinates": [ [ [ 397139.982717063976452, 4435605.961654807440937 ], [ 397137.897885064012371, 4435605.961654807440937 ], [ 397137.897885064012371, 4435603.523254807107151 ], [ 397139.982717063976452, 4435603.523254807107151 ], [ 397139.982717063976452, 4435605.961654807440937 ] ] ] } },
{ "type": "Feature", "properties": { "Row": 2, "Col": 4, "Label": "AG38XF6", "X_start": 36.85, "Y_start": 110.0, "X_stop": 43.69, "Y_stop": 118.0, "BlockNum": 5, "Block": "B5", "PlotID": "B5_R2_C4", "Design": 4, "HarvestEW": 16, "HarvestNS": 14, "FieldPosition": "E16_N14", "Date/Time": "10/22/2025 3:14:14 PM", "Range": 14, "Row_Harvest": 17, "Weight (kg)": 0.555, "Quick Note": null, "Harvest Sequence": 399, "HarvestSource": "main", "HarvestDirection": "S_to_N", "Weight_kg_raw": 0.555, "HarvestIssue": false, "Weight_kg_analysis": 0.555, "HarvestDateTime": "2025-10-22T15:14:14", "Area_m2": 5.083654349550236 }, "geometry": { "type": "Polygon", "coordinates": [ [ [ 397137.897885064012371, 4435605.961654807440937 ], [ 397135.813053063990083, 4435605.961654807440937 ], [ 397135.813053063990083, 4435603.523254807107151 ], [ 397137.897885064012371, 4435603.523254807107151 ], [ 397137.897885064012371, 4435605.961654807440937 ] ] ] } },
{ "type": "Feature", "properties": { "Row": 3, "Col": 0, "Label": "LD17-10473F", "X_start": 9.5, "Y_start": 120.0, "X_stop": 16.34, "Y_stop": 128.0, "BlockNum": 5, "Block": "B5", "PlotID": "B5_R3_C0", "Design": 4, "HarvestEW": 20, "HarvestNS": 13, "FieldPosition": "E20_N13", "Date/Time": "10/23/2025 9:55:23 AM", "Range": 13, "Row_Harvest": 1, "Weight (kg)": 0.585, "Quick Note": null, "Harvest Sequence": 13, "HarvestSource": "west_last_pass", "HarvestDirection": "S_to_N", "Weight_kg_raw": 0.585, "HarvestIssue": false, "Weight_kg_analysis": 0.585, "HarvestDateTime": "2025-10-23T09:55:23", "Area_m2": 5.0836543476085847 }, "geometry": { "type": "Polygon", "coordinates": [ [ [ 397146.23416506400099, 4435602.913654807023704 ], [ 397144.149333063978702, 4435602.913654807023704 ], [ 397144.149333063978702, 4435600.475254807621241 ], [ 397146.23416506400099, 4435600.475254807621241 ], [ 397146.23416506400099, 4435602.913654807023704 ] ] ] } },
{ "type": "Feature", "properties": { "Row": 3, "Col": 1, "Label": "AG40XFF5", "X_start": 16.34, "Y_start": 120.0, "X_stop": 23.18, "Y_stop": 128.0, "BlockNum": 5, "Block": "B5", "PlotID": "B5_R3_C1", "Design": 4, "HarvestEW": 19, "HarvestNS": 13, "FieldPosition": "E19_N13", "Date/Time": "10/22/2025 3:46:54 PM", "Range": 13, "Row_Harvest": 20, "Weight (kg)": 0.975, "Quick Note": null, "Harvest Sequence": 469, "HarvestSource": "main", "HarvestDirection": "N_to_S", "Weight_kg_raw": 0.975, "HarvestIssue": false, "Weight_kg_analysis": 0.975, "HarvestDateTime": "2025-10-22T15:46:54", "Area_m2": 5.0836543474666511 }, "geometry": { "type": "Polygon", "coordinates": [ [ [ 397144.149333063978702, 4435602.913654807023704 ], [ 397142.064501064014621, 4435602.913654807023704 ], [ 397142.064501064014621, 4435600.475254807621241 ], [ 397144.149333063978702, 4435600.475254807621241 ], [ 397144.149333063978702, 4435602.913654807023704 ] ] ] } },
{ "type": "Feature", "properties": { "Row": 3, "Col": 2, "Label": "LD21-5665", "X_start": 23.17, "Y_start": 120.0, "X_stop": 30.01, "Y_stop": 128.0, "BlockNum": 5, "Block": "B5", "PlotID": "B5_R3_C2", "Design": 4, "HarvestEW": 18, "HarvestNS": 13, "FieldPosition": "E18_N13", "Date/Time": "10/22/2025 3:36:03 PM", "Range": 13, "Row_Harvest": 19, "Weight (kg)": 1.35, "Quick Note": null, "Harvest Sequence": 446, "HarvestSource": "main", "HarvestDirection": "S_to_N", "Weight_kg_raw": 1.35, "HarvestIssue": false, "Weight_kg_analysis": 1.35, "HarvestDateTime": "2025-10-22T15:36:03", "Area_m2": 5.0836543476085847 }, "geometry": { "type": "Polygon", "coordinates": [ [ [ 397142.06754906399874, 4435602.913654807023704 ], [ 397139.982717063976452, 4435602.913654807023704 ], [ 397139.982717063976452, 4435600.475254807621241 ], [ 397142.06754906399874, 4435600.475254807621241 ], [ 397142.06754906399874, 4435602.913654807023704 ] ] ] } },
{ "type": "Feature", "properties": { "Row": 3, "Col": 3, "Label": "AG34XF6", "X_start": 30.01, "Y_start": 120.0, "X_stop": 36.85, "Y_stop": 128.0, "BlockNum": 5, "Block": "B5", "PlotID": "B5_R3_C3", "Design": 4, "HarvestEW": 17, "HarvestNS": 13, "FieldPosition": "E17_N13", "Date/Time": "10/22/2025 3:24:09 PM", "Range": 13, "Row_Harvest": 18, "Weight (kg)": 0.665, "Quick Note": null, "Harvest Sequence": 421, "HarvestSource": "main", "HarvestDirection": "N_to_S", "Weight_kg_raw": 0.665, "HarvestIssue": false, "Weight_kg_analysis": 0.665, "HarvestDateTime": "2025-10-22T15:24:09", "Area_m2": 5.0836543474666511 }, "geometry": { "type": "Polygon", "coordinates": [ [ [ 397139.982717063976452, 4435602.913654807023704 ], [ 397137.897885064012371, 4435602.913654807023704 ], [ 397137.897885064012371, 4435600.475254807621241 ], [ 397139.982717063976452, 4435600.475254807621241 ], [ 397139.982717063976452, 4435602.913654807023704 ] ] ] } },
{ "type": "Feature", "properties": { "Row": 3, "Col": 4, "Label": "LD21-5253", "X_start": 36.85, "Y_start": 120.0, "X_stop": 43.69, "Y_stop": 128.0, "BlockNum": 5, "Block": "B5", "PlotID": "B5_R3_C4", "Design": 4, "HarvestEW": 16, "HarvestNS": 13, "FieldPosition": "E16_N13", "Date/Time": "10/22/2025 3:13:48 PM", "Range": 13, "Row_Harvest": 17, "Weight (kg)": 0.625, "Quick Note": null, "Harvest Sequence": 398, "HarvestSource": "main", "HarvestDirection": "S_to_N", "Weight_kg_raw": 0.625, "HarvestIssue": false, "Weight_kg_analysis": 0.625, "HarvestDateTime": "2025-10-22T15:13:48", "Area_m2": 5.0836543476085847 }, "geometry": { "type": "Polygon", "coordinates": [ [ [ 397137.897885064012371, 4435602.913654807023704 ], [ 397135.813053063990083, 4435602.913654807023704 ], [ 397135.813053063990083, 4435600.475254807621241 ], [ 397137.897885064012371, 4435600.475254807621241 ], [ 397137.897885064012371, 4435602.913654807023704 ] ] ] } },
{ "type": "Feature", "properties": { "Row": 4, "Col": 0, "Label": "AG35XF5", "X_start": 9.5, "Y_start": 130.0, "X_stop": 16.34, "Y_stop": 138.0, "BlockNum": 5, "Block": "B5", "PlotID": "B5_R4_C0", "Design": 4, "HarvestEW": 20, "HarvestNS": 12, "FieldPosition": "E20_N12", "Date/Time": "10/23/2025 9:54:58 AM", "Range": 12, "Row_Harvest": 1, "Weight (kg)": 0.895, "Quick Note": null, "Harvest Sequence": 12, "HarvestSource": "west_last_pass", "HarvestDirection": "S_to_N", "Weight_kg_raw": 0.895, "HarvestIssue": false, "Weight_kg_analysis": 0.895, "HarvestDateTime": "2025-10-23T09:54:58", "Area_m2": 5.083654349550236 }, "geometry": { "type": "Polygon", "coordinates": [ [ [ 397146.23416506400099, 4435599.865654807537794 ], [ 397144.149333063978702, 4435599.865654807537794 ], [ 397144.149333063978702, 4435597.427254807204008 ], [ 397146.23416506400099, 4435597.427254807204008 ], [ 397146.23416506400099, 4435599.865654807537794 ] ] ] } },
{ "type": "Feature", "properties": { "Row": 4, "Col": 1, "Label": "LD20-11748", "X_start": 16.34, "Y_start": 130.0, "X_stop": 23.18, "Y_stop": 138.0, "BlockNum": 5, "Block": "B5", "PlotID": "B5_R4_C1", "Design": 4, "HarvestEW": 19, "HarvestNS": 12, "FieldPosition": "E19_N12", "Date/Time": "10/22/2025 3:47:24 PM", "Range": 12, "Row_Harvest": 20, "Weight (kg)": 0.365, "Quick Note": "machine issue plot weight likely incorrect", "Harvest Sequence": 470, "HarvestSource": "main", "HarvestDirection": "N_to_S", "Weight_kg_raw": 0.365, "HarvestIssue": true, "Weight_kg_analysis": null, "HarvestDateTime": "2025-10-22T15:47:24", "Area_m2": 5.0836543494083024 }, "geometry": { "type": "Polygon", "coordinates": [ [ [ 397144.149333063978702, 4435599.865654807537794 ], [ 397142.064501064014621, 4435599.865654807537794 ], [ 397142.064501064014621, 4435597.427254807204008 ], [ 397144.149333063978702, 4435597.427254807204008 ], [ 397144.149333063978702, 4435599.865654807537794 ] ] ] } },
{ "type": "Feature", "properties": { "Row": 4, "Col": 2, "Label": "AG36XF4", "X_start": 23.17, "Y_start": 130.0, "X_stop": 30.01, "Y_stop": 138.0, "BlockNum": 5, "Block": "B5", "PlotID": "B5_R4_C2", "Design": 4, "HarvestEW": 18, "HarvestNS": 12, "FieldPosition": "E18_N12", "Date/Time": "10/22/2025 3:35:39 PM", "Range": 12, "Row_Harvest": 19, "Weight (kg)": 1.015, "Quick Note": null, "Harvest Sequence": 445, "HarvestSource": "main", "HarvestDirection": "S_to_N", "Weight_kg_raw": 1.015, "HarvestIssue": false, "Weight_kg_analysis": 1.015, "HarvestDateTime": "2025-10-22T15:35:39", "Area_m2": 5.083654349550236 }, "geometry": { "type": "Polygon", "coordinates": [ [ [ 397142.06754906399874, 4435599.865654807537794 ], [ 397139.982717063976452, 4435599.865654807537794 ], [ 397139.982717063976452, 4435597.427254807204008 ], [ 397142.06754906399874, 4435597.427254807204008 ], [ 397142.06754906399874, 4435599.865654807537794 ] ] ] } },
{ "type": "Feature", "properties": { "Row": 4, "Col": 3, "Label": "LD07-3395bf", "X_start": 30.01, "Y_start": 130.0, "X_stop": 36.85, "Y_stop": 138.0, "BlockNum": 5, "Block": "B5", "PlotID": "B5_R4_C3", "Design": 4, "HarvestEW": 17, "HarvestNS": 12, "FieldPosition": "E17_N12", "Date/Time": "10/22/2025 3:24:33 PM", "Range": 12, "Row_Harvest": 18, "Weight (kg)": 0.78, "Quick Note": null, "Harvest Sequence": 422, "HarvestSource": "main", "HarvestDirection": "N_to_S", "Weight_kg_raw": 0.78, "HarvestIssue": false, "Weight_kg_analysis": 0.78, "HarvestDateTime": "2025-10-22T15:24:33", "Area_m2": 5.0836543494083024 }, "geometry": { "type": "Polygon", "coordinates": [ [ [ 397139.982717063976452, 4435599.865654807537794 ], [ 397137.897885064012371, 4435599.865654807537794 ], [ 397137.897885064012371, 4435597.427254807204008 ], [ 397139.982717063976452, 4435597.427254807204008 ], [ 397139.982717063976452, 4435599.865654807537794 ] ] ] } },
{ "type": "Feature", "properties": { "Row": 4, "Col": 4, "Label": "AG40XFF5", "X_start": 36.85, "Y_start": 130.0, "X_stop": 43.69, "Y_stop": 138.0, "BlockNum": 5, "Block": "B5", "PlotID": "B5_R4_C4", "Design": 4, "HarvestEW": 16, "HarvestNS": 12, "FieldPosition": "E16_N12", "Date/Time": "10/22/2025 3:13:24 PM", "Range": 12, "Row_Harvest": 17, "Weight (kg)": 0.62, "Quick Note": null, "Harvest Sequence": 397, "HarvestSource": "main", "HarvestDirection": "S_to_N", "Weight_kg_raw": 0.62, "HarvestIssue": false, "Weight_kg_analysis": 0.62, "HarvestDateTime": "2025-10-22T15:13:24", "Area_m2": 5.083654349550236 }, "geometry": { "type": "Polygon", "coordinates": [ [ [ 397137.897885064012371, 4435599.865654807537794 ], [ 397135.813053063990083, 4435599.865654807537794 ], [ 397135.813053063990083, 4435597.427254807204008 ], [ 397137.897885064012371, 4435597.427254807204008 ], [ 397137.897885064012371, 4435599.865654807537794 ] ] ] } },
{ "type": "Feature", "properties": { "Row": 5, "Col": 0, "Label": "LD21-5944", "X_start": 9.5, "Y_start": 140.0, "X_stop": 16.34, "Y_stop": 148.0, "BlockNum": 5, "Block": "B5", "PlotID": "B5_R5_C0", "Design": 4, "HarvestEW": 20, "HarvestNS": 11, "FieldPosition": "E20_N11", "Date/Time": "10/23/2025 9:54:32 AM", "Range": 11, "Row_Harvest": 1, "Weight (kg)": 0.71, "Quick Note": null, "Harvest Sequence": 11, "HarvestSource": "west_last_pass", "HarvestDirection": "S_to_N", "Weight_kg_raw": 0.71, "HarvestIssue": false, "Weight_kg_analysis": 0.71, "HarvestDateTime": "2025-10-23T09:54:32", "Area_m2": 5.0836543476085847 }, "geometry": { "type": "Polygon", "coordinates": [ [ [ 397146.23416506400099, 4435596.817654807120562 ], [ 397144.149333063978702, 4435596.817654807120562 ], [ 397144.149333063978702, 4435594.379254807718098 ], [ 397146.23416506400099, 4435594.379254807718098 ], [ 397146.23416506400099, 4435596.817654807120562 ] ] ] } },
{ "type": "Feature", "properties": { "Row": 5, "Col": 1, "Label": "AG38XF6", "X_start": 16.34, "Y_start": 140.0, "X_stop": 23.18, "Y_stop": 148.0, "BlockNum": 5, "Block": "B5", "PlotID": "B5_R5_C1", "Design": 4, "HarvestEW": 19, "HarvestNS": 11, "FieldPosition": "E19_N11", "Date/Time": "10/23/2025 9:42:07 AM", "Range": 11, "Row_Harvest": 20, "Weight (kg)": 0.44, "Quick Note": null, "Harvest Sequence": 471, "HarvestSource": "main", "HarvestDirection": "N_to_S", "Weight_kg_raw": 0.44, "HarvestIssue": false, "Weight_kg_analysis": 0.44, "HarvestDateTime": "2025-10-23T09:42:07", "Area_m2": 5.0836543474666511 }, "geometry": { "type": "Polygon", "coordinates": [ [ [ 397144.149333063978702, 4435596.817654807120562 ], [ 397142.064501064014621, 4435596.817654807120562 ], [ 397142.064501064014621, 4435594.379254807718098 ], [ 397144.149333063978702, 4435594.379254807718098 ], [ 397144.149333063978702, 4435596.817654807120562 ] ] ] } },
{ "type": "Feature", "properties": { "Row": 5, "Col": 2, "Label": "LD17-10473F", "X_start": 23.17, "Y_start": 140.0, "X_stop": 30.01, "Y_stop": 148.0, "BlockNum": 5, "Block": "B5", "PlotID": "B5_R5_C2", "Design": 4, "HarvestEW": 18, "HarvestNS": 11, "FieldPosition": "E18_N11", "Date/Time": "10/22/2025 3:35:14 PM", "Range": 11, "Row_Harvest": 19, "Weight (kg)": 1.21, "Quick Note": null, "Harvest Sequence": 444, "HarvestSource": "main", "HarvestDirection": "S_to_N", "Weight_kg_raw": 1.21, "HarvestIssue": false, "Weight_kg_analysis": 1.21, "HarvestDateTime": "2025-10-22T15:35:14", "Area_m2": 5.0836543476085847 }, "geometry": { "type": "Polygon", "coordinates": [ [ [ 397142.06754906399874, 4435596.817654807120562 ], [ 397139.982717063976452, 4435596.817654807120562 ], [ 397139.982717063976452, 4435594.379254807718098 ], [ 397142.06754906399874, 4435594.379254807718098 ], [ 397142.06754906399874, 4435596.817654807120562 ] ] ] } },
{ "type": "Feature", "properties": { "Row": 5, "Col": 3, "Label": "AG34XF6", "X_start": 30.01, "Y_start": 140.0, "X_stop": 36.85, "Y_stop": 148.0, "BlockNum": 5, "Block": "B5", "PlotID": "B5_R5_C3", "Design": 4, "HarvestEW": 17, "HarvestNS": 11, "FieldPosition": "E17_N11", "Date/Time": "10/22/2025 3:24:58 PM", "Range": 11, "Row_Harvest": 18, "Weight (kg)": 0.75, "Quick Note": null, "Harvest Sequence": 423, "HarvestSource": "main", "HarvestDirection": "N_to_S", "Weight_kg_raw": 0.75, "HarvestIssue": false, "Weight_kg_analysis": 0.75, "HarvestDateTime": "2025-10-22T15:24:58", "Area_m2": 5.0836543474666511 }, "geometry": { "type": "Polygon", "coordinates": [ [ [ 397139.982717063976452, 4435596.817654807120562 ], [ 397137.897885064012371, 4435596.817654807120562 ], [ 397137.897885064012371, 4435594.379254807718098 ], [ 397139.982717063976452, 4435594.379254807718098 ], [ 397139.982717063976452, 4435596.817654807120562 ] ] ] } },
{ "type": "Feature", "properties": { "Row": 5, "Col": 4, "Label": "LD21-3090", "X_start": 36.85, "Y_start": 140.0, "X_stop": 43.69, "Y_stop": 148.0, "BlockNum": 5, "Block": "B5", "PlotID": "B5_R5_C4", "Design": 4, "HarvestEW": 16, "HarvestNS": 11, "FieldPosition": "E16_N11", "Date/Time": "10/22/2025 3:12:57 PM", "Range": 11, "Row_Harvest": 17, "Weight (kg)": 1.255, "Quick Note": null, "Harvest Sequence": 396, "HarvestSource": "main", "HarvestDirection": "S_to_N", "Weight_kg_raw": 1.255, "HarvestIssue": false, "Weight_kg_analysis": 1.255, "HarvestDateTime": "2025-10-22T15:12:57", "Area_m2": 5.0836543476085847 }, "geometry": { "type": "Polygon", "coordinates": [ [ [ 397137.897885064012371, 4435596.817654807120562 ], [ 397135.813053063990083, 4435596.817654807120562 ], [ 397135.813053063990083, 4435594.379254807718098 ], [ 397137.897885064012371, 4435594.379254807718098 ], [ 397137.897885064012371, 4435596.817654807120562 ] ] ] } },
{ "type": "Feature", "properties": { "Row": 6, "Col": 0, "Label": "AG34XF6", "X_start": 9.5, "Y_start": 150.0, "X_stop": 16.34, "Y_stop": 158.0, "BlockNum": 5, "Block": "B5", "PlotID": "B5_R6_C0", "Design": 4, "HarvestEW": 20, "HarvestNS": 10, "FieldPosition": "E20_N10", "Date/Time": "10/23/2025 9:54:01 AM", "Range": 10, "Row_Harvest": 1, "Weight (kg)": 0.41, "Quick Note": null, "Harvest Sequence": 10, "HarvestSource": "west_last_pass", "HarvestDirection": "S_to_N", "Weight_kg_raw": 0.41, "HarvestIssue": false, "Weight_kg_analysis": 0.41, "HarvestDateTime": "2025-10-23T09:54:01", "Area_m2": 5.083654349550236 }, "geometry": { "type": "Polygon", "coordinates": [ [ [ 397146.23416506400099, 4435593.769654807634652 ], [ 397144.149333063978702, 4435593.769654807634652 ], [ 397144.149333063978702, 4435591.331254807300866 ], [ 397146.23416506400099, 4435591.331254807300866 ], [ 397146.23416506400099, 4435593.769654807634652 ] ] ] } },
{ "type": "Feature", "properties": { "Row": 6, "Col": 1, "Label": "LD21-7234", "X_start": 16.34, "Y_start": 150.0, "X_stop": 23.18, "Y_stop": 158.0, "BlockNum": 5, "Block": "B5", "PlotID": "B5_R6_C1", "Design": 4, "HarvestEW": 19, "HarvestNS": 10, "FieldPosition": "E19_N10", "Date/Time": "10/23/2025 9:42:48 AM", "Range": 10, "Row_Harvest": 20, "Weight (kg)": 0.345, "Quick Note": null, "Harvest Sequence": 472, "HarvestSource": "main", "HarvestDirection": "N_to_S", "Weight_kg_raw": 0.345, "HarvestIssue": false, "Weight_kg_analysis": 0.345, "HarvestDateTime": "2025-10-23T09:42:48", "Area_m2": 5.0836543494083024 }, "geometry": { "type": "Polygon", "coordinates": [ [ [ 397144.149333063978702, 4435593.769654807634652 ], [ 397142.064501064014621, 4435593.769654807634652 ], [ 397142.064501064014621, 4435591.331254807300866 ], [ 397144.149333063978702, 4435591.331254807300866 ], [ 397144.149333063978702, 4435593.769654807634652 ] ] ] } },
{ "type": "Feature", "properties": { "Row": 6, "Col": 2, "Label": "AG36XF4", "X_start": 23.17, "Y_start": 150.0, "X_stop": 30.01, "Y_stop": 158.0, "BlockNum": 5, "Block": "B5", "PlotID": "B5_R6_C2", "Design": 4, "HarvestEW": 18, "HarvestNS": 10, "FieldPosition": "E18_N10", "Date/Time": "10/22/2025 3:34:50 PM", "Range": 10, "Row_Harvest": 19, "Weight (kg)": 0.62, "Quick Note": null, "Harvest Sequence": 443, "HarvestSource": "main", "HarvestDirection": "S_to_N", "Weight_kg_raw": 0.62, "HarvestIssue": false, "Weight_kg_analysis": 0.62, "HarvestDateTime": "2025-10-22T15:34:50", "Area_m2": 5.083654349550236 }, "geometry": { "type": "Polygon", "coordinates": [ [ [ 397142.06754906399874, 4435593.769654807634652 ], [ 397139.982717063976452, 4435593.769654807634652 ], [ 397139.982717063976452, 4435591.331254807300866 ], [ 397142.06754906399874, 4435591.331254807300866 ], [ 397142.06754906399874, 4435593.769654807634652 ] ] ] } },
{ "type": "Feature", "properties": { "Row": 6, "Col": 3, "Label": "LD21-3090", "X_start": 30.01, "Y_start": 150.0, "X_stop": 36.85, "Y_stop": 158.0, "BlockNum": 5, "Block": "B5", "PlotID": "B5_R6_C3", "Design": 4, "HarvestEW": 17, "HarvestNS": 10, "FieldPosition": "E17_N10", "Date/Time": "10/22/2025 3:25:23 PM", "Range": 10, "Row_Harvest": 18, "Weight (kg)": 0.855, "Quick Note": null, "Harvest Sequence": 424, "HarvestSource": "main", "HarvestDirection": "N_to_S", "Weight_kg_raw": 0.855, "HarvestIssue": false, "Weight_kg_analysis": 0.855, "HarvestDateTime": "2025-10-22T15:25:23", "Area_m2": 5.0836543494083024 }, "geometry": { "type": "Polygon", "coordinates": [ [ [ 397139.982717063976452, 4435593.769654807634652 ], [ 397137.897885064012371, 4435593.769654807634652 ], [ 397137.897885064012371, 4435591.331254807300866 ], [ 397139.982717063976452, 4435591.331254807300866 ], [ 397139.982717063976452, 4435593.769654807634652 ] ] ] } },
{ "type": "Feature", "properties": { "Row": 6, "Col": 4, "Label": "AG35XF5", "X_start": 36.85, "Y_start": 150.0, "X_stop": 43.69, "Y_stop": 158.0, "BlockNum": 5, "Block": "B5", "PlotID": "B5_R6_C4", "Design": 4, "HarvestEW": 16, "HarvestNS": 10, "FieldPosition": "E16_N10", "Date/Time": "10/22/2025 3:12:33 PM", "Range": 10, "Row_Harvest": 17, "Weight (kg)": 0.665, "Quick Note": null, "Harvest Sequence": 395, "HarvestSource": "main", "HarvestDirection": "S_to_N", "Weight_kg_raw": 0.665, "HarvestIssue": false, "Weight_kg_analysis": 0.665, "HarvestDateTime": "2025-10-22T15:12:33", "Area_m2": 5.083654349550236 }, "geometry": { "type": "Polygon", "coordinates": [ [ [ 397137.897885064012371, 4435593.769654807634652 ], [ 397135.813053063990083, 4435593.769654807634652 ], [ 397135.813053063990083, 4435591.331254807300866 ], [ 397137.897885064012371, 4435591.331254807300866 ], [ 397137.897885064012371, 4435593.769654807634652 ] ] ] } },
{ "type": "Feature", "properties": { "Row": 7, "Col": 0, "Label": "LD17-10473F", "X_start": 9.5, "Y_start": 160.0, "X_stop": 16.34, "Y_stop": 168.0, "BlockNum": 5, "Block": "B5", "PlotID": "B5_R7_C0", "Design": 4, "HarvestEW": 20, "HarvestNS": 9, "FieldPosition": "E20_N09", "Date/Time": "10/23/2025 9:53:34 AM", "Range": 9, "Row_Harvest": 1, "Weight (kg)": 0.565, "Quick Note": null, "Harvest Sequence": 9, "HarvestSource": "west_last_pass", "HarvestDirection": "S_to_N", "Weight_kg_raw": 0.565, "HarvestIssue": false, "Weight_kg_analysis": 0.565, "HarvestDateTime": "2025-10-23T09:53:34", "Area_m2": 5.0836543476085847 }, "geometry": { "type": "Polygon", "coordinates": [ [ [ 397146.23416506400099, 4435590.721654807217419 ], [ 397144.149333063978702, 4435590.721654807217419 ], [ 397144.149333063978702, 4435588.283254807814956 ], [ 397146.23416506400099, 4435588.283254807814956 ], [ 397146.23416506400099, 4435590.721654807217419 ] ] ] } },
{ "type": "Feature", "properties": { "Row": 7, "Col": 1, "Label": "AG40XFF5", "X_start": 16.34, "Y_start": 160.0, "X_stop": 23.18, "Y_stop": 168.0, "BlockNum": 5, "Block": "B5", "PlotID": "B5_R7_C1", "Design": 4, "HarvestEW": 19, "HarvestNS": 9, "FieldPosition": "E19_N09", "Date/Time": "10/23/2025 9:43:18 AM", "Range": 9, "Row_Harvest": 20, "Weight (kg)": 0.18, "Quick Note": null, "Harvest Sequence": 473, "HarvestSource": "main", "HarvestDirection": "N_to_S", "Weight_kg_raw": 0.18, "HarvestIssue": false, "Weight_kg_analysis": 0.18, "HarvestDateTime": "2025-10-23T09:43:18", "Area_m2": 5.0836543474666511 }, "geometry": { "type": "Polygon", "coordinates": [ [ [ 397144.149333063978702, 4435590.721654807217419 ], [ 397142.064501064014621, 4435590.721654807217419 ], [ 397142.064501064014621, 4435588.283254807814956 ], [ 397144.149333063978702, 4435588.283254807814956 ], [ 397144.149333063978702, 4435590.721654807217419 ] ] ] } },
{ "type": "Feature", "properties": { "Row": 7, "Col": 2, "Label": "LD21-7234", "X_start": 23.17, "Y_start": 160.0, "X_stop": 30.01, "Y_stop": 168.0, "BlockNum": 5, "Block": "B5", "PlotID": "B5_R7_C2", "Design": 4, "HarvestEW": 18, "HarvestNS": 9, "FieldPosition": "E18_N09", "Date/Time": "10/22/2025 3:34:28 PM", "Range": 9, "Row_Harvest": 19, "Weight (kg)": 1.275, "Quick Note": null, "Harvest Sequence": 442, "HarvestSource": "main", "HarvestDirection": "S_to_N", "Weight_kg_raw": 1.275, "HarvestIssue": false, "Weight_kg_analysis": 1.275, "HarvestDateTime": "2025-10-22T15:34:28", "Area_m2": 5.0836543476085847 }, "geometry": { "type": "Polygon", "coordinates": [ [ [ 397142.06754906399874, 4435590.721654807217419 ], [ 397139.982717063976452, 4435590.721654807217419 ], [ 397139.982717063976452, 4435588.283254807814956 ], [ 397142.06754906399874, 4435588.283254807814956 ], [ 397142.06754906399874, 4435590.721654807217419 ] ] ] } },
{ "type": "Feature", "properties": { "Row": 7, "Col": 3, "Label": "AG38XF6", "X_start": 30.01, "Y_start": 160.0, "X_stop": 36.85, "Y_stop": 168.0, "BlockNum": 5, "Block": "B5", "PlotID": "B5_R7_C3", "Design": 4, "HarvestEW": 17, "HarvestNS": 9, "FieldPosition": "E17_N09", "Date/Time": "10/22/2025 3:25:48 PM", "Range": 9, "Row_Harvest": 18, "Weight (kg)": 0.46, "Quick Note": null, "Harvest Sequence": 425, "HarvestSource": "main", "HarvestDirection": "N_to_S", "Weight_kg_raw": 0.46, "HarvestIssue": false, "Weight_kg_analysis": 0.46, "HarvestDateTime": "2025-10-22T15:25:48", "Area_m2": 5.0836543474666511 }, "geometry": { "type": "Polygon", "coordinates": [ [ [ 397139.982717063976452, 4435590.721654807217419 ], [ 397137.897885064012371, 4435590.721654807217419 ], [ 397137.897885064012371, 4435588.283254807814956 ], [ 397139.982717063976452, 4435588.283254807814956 ], [ 397139.982717063976452, 4435590.721654807217419 ] ] ] } },
{ "type": "Feature", "properties": { "Row": 7, "Col": 4, "Label": "LD21-5665", "X_start": 36.85, "Y_start": 160.0, "X_stop": 43.69, "Y_stop": 168.0, "BlockNum": 5, "Block": "B5", "PlotID": "B5_R7_C4", "Design": 4, "HarvestEW": 16, "HarvestNS": 9, "FieldPosition": "E16_N09", "Date/Time": "10/22/2025 3:12:09 PM", "Range": 9, "Row_Harvest": 17, "Weight (kg)": 0.16, "Quick Note": null, "Harvest Sequence": 394, "HarvestSource": "main", "HarvestDirection": "S_to_N", "Weight_kg_raw": 0.16, "HarvestIssue": false, "Weight_kg_analysis": 0.16, "HarvestDateTime": "2025-10-22T15:12:09", "Area_m2": 5.0836543476085847 }, "geometry": { "type": "Polygon", "coordinates": [ [ [ 397137.897885064012371, 4435590.721654807217419 ], [ 397135.813053063990083, 4435590.721654807217419 ], [ 397135.813053063990083, 4435588.283254807814956 ], [ 397137.897885064012371, 4435588.283254807814956 ], [ 397137.897885064012371, 4435590.721654807217419 ] ] ] } },
{ "type": "Feature", "properties": { "Row": 0, "Col": 0, "Label": "AG36XF4", "X_start": 44.94, "Y_start": 90.0, "X_stop": 51.78, "Y_stop": 98.0, "BlockNum": 6, "Block": "B6", "PlotID": "B6_R0_C0", "Design": 1, "HarvestEW": 15, "HarvestNS": 16, "FieldPosition": "E15_N16", "Date/Time": "10/22/2025 2:39:56 PM", "Range": 16, "Row_Harvest": 16, "Weight (kg)": 1.09, "Quick Note": null, "Harvest Sequence": 370, "HarvestSource": "main", "HarvestDirection": "N_to_S", "Weight_kg_raw": 1.09, "HarvestIssue": false, "Weight_kg_analysis": 1.09, "HarvestDateTime": "2025-10-22T14:39:56", "Area_m2": 5.083654349550236 }, "geometry": { "type": "Polygon", "coordinates": [ [ [ 397135.432053063996136, 4435612.057654807344079 ], [ 397133.347221063973848, 4435612.057654807344079 ], [ 397133.347221063973848, 4435609.619254807010293 ], [ 397135.432053063996136, 4435609.619254807010293 ], [ 397135.432053063996136, 4435612.057654807344079 ] ] ] } },
{ "type": "Feature", "properties": { "Row": 0, "Col": 1, "Label": "LG3216", "X_start": 51.77, "Y_start": 90.0, "X_stop": 58.61, "Y_stop": 98.0, "BlockNum": 6, "Block": "B6", "PlotID": "B6_R0_C1", "Design": 1, "HarvestEW": 14, "HarvestNS": 16, "FieldPosition": "E14_N16", "Date/Time": "10/22/2025 2:31:18 PM", "Range": 16, "Row_Harvest": 15, "Weight (kg)": 0.905, "Quick Note": null, "Harvest Sequence": 353, "HarvestSource": "main", "HarvestDirection": "S_to_N", "Weight_kg_raw": 0.905, "HarvestIssue": false, "Weight_kg_analysis": 0.905, "HarvestDateTime": "2025-10-22T14:31:18", "Area_m2": 5.083654349550236 }, "geometry": { "type": "Polygon", "coordinates": [ [ [ 397133.350269064016175, 4435612.057654807344079 ], [ 397131.265437063993886, 4435612.057654807344079 ], [ 397131.265437063993886, 4435609.619254807010293 ], [ 397133.350269064016175, 4435609.619254807010293 ], [ 397133.350269064016175, 4435612.057654807344079 ] ] ] } },
{ "type": "Feature", "properties": { "Row": 0, "Col": 2, "Label": "AG29XF4", "X_start": 58.61, "Y_start": 90.0, "X_stop": 65.45, "Y_stop": 98.0, "BlockNum": 6, "Block": "B6", "PlotID": "B6_R0_C2", "Design": 1, "HarvestEW": 13, "HarvestNS": 16, "FieldPosition": "E13_N16", "Date/Time": "10/22/2025 2:16:59 PM", "Range": 16, "Row_Harvest": 14, "Weight (kg)": 0.96, "Quick Note": null, "Harvest Sequence": 322, "HarvestSource": "main", "HarvestDirection": "N_to_S", "Weight_kg_raw": 0.96, "HarvestIssue": false, "Weight_kg_analysis": 0.96, "HarvestDateTime": "2025-10-22T14:16:59", "Area_m2": 5.083654349550236 }, "geometry": { "type": "Polygon", "coordinates": [ [ [ 397131.265437063993886, 4435612.057654807344079 ], [ 397129.180605063971598, 4435612.057654807344079 ], [ 397129.180605063971598, 4435609.619254807010293 ], [ 397131.265437063993886, 4435609.619254807010293 ], [ 397131.265437063993886, 4435612.057654807344079 ] ] ] } },
{ "type": "Feature", "properties": { "Row": 0, "Col": 3, "Label": "LG3216", "X_start": 65.45, "Y_start": 90.0, "X_stop": 72.29, "Y_stop": 98.0, "BlockNum": 6, "Block": "B6", "PlotID": "B6_R0_C3", "Design": 1, "HarvestEW": 12, "HarvestNS": 16, "FieldPosition": "E12_N16", "Date/Time": "10/22/2025 2:08:58 PM", "Range": 16, "Row_Harvest": 13, "Weight (kg)": 1.14, "Quick Note": null, "Harvest Sequence": 305, "HarvestSource": "main", "HarvestDirection": "S_to_N", "Weight_kg_raw": 1.14, "HarvestIssue": false, "Weight_kg_analysis": 1.14, "HarvestDateTime": "2025-10-22T14:08:58", "Area_m2": 5.0836543494083024 }, "geometry": { "type": "Polygon", "coordinates": [ [ [ 397129.180605063971598, 4435612.057654807344079 ], [ 397127.095773064007517, 4435612.057654807344079 ], [ 397127.095773064007517, 4435609.619254807010293 ], [ 397129.180605063971598, 4435609.619254807010293 ], [ 397129.180605063971598, 4435612.057654807344079 ] ] ] } },
{ "type": "Feature", "properties": { "Row": 0, "Col": 4, "Label": "AG40XFF5", "X_start": 72.29, "Y_start": 90.0, "X_stop": 79.13, "Y_stop": 98.0, "BlockNum": 6, "Block": "B6", "PlotID": "B6_R0_C4", "Design": 1, "HarvestEW": 11, "HarvestNS": 16, "FieldPosition": "E11_N16", "Date/Time": "10/22/2025 1:54:28 PM", "Range": 16, "Row_Harvest": 12, "Weight (kg)": 1.245, "Quick Note": null, "Harvest Sequence": 274, "HarvestSource": "main", "HarvestDirection": "N_to_S", "Weight_kg_raw": 1.245, "HarvestIssue": false, "Weight_kg_analysis": 1.245, "HarvestDateTime": "2025-10-22T13:54:28", "Area_m2": 5.083654349550236 }, "geometry": { "type": "Polygon", "coordinates": [ [ [ 397127.095773064007517, 4435612.057654807344079 ], [ 397125.010941063985229, 4435612.057654807344079 ], [ 397125.010941063985229, 4435609.619254807010293 ], [ 397127.095773064007517, 4435609.619254807010293 ], [ 397127.095773064007517, 4435612.057654807344079 ] ] ] } },
{ "type": "Feature", "properties": { "Row": 1, "Col": 0, "Label": "LG3216", "X_start": 44.94, "Y_start": 100.0, "X_stop": 51.78, "Y_stop": 108.0, "BlockNum": 6, "Block": "B6", "PlotID": "B6_R1_C0", "Design": 1, "HarvestEW": 15, "HarvestNS": 15, "FieldPosition": "E15_N15", "Date/Time": "10/22/2025 2:40:24 PM", "Range": 15, "Row_Harvest": 16, "Weight (kg)": 1.56, "Quick Note": null, "Harvest Sequence": 371, "HarvestSource": "main", "HarvestDirection": "N_to_S", "Weight_kg_raw": 1.56, "HarvestIssue": false, "Weight_kg_analysis": 1.56, "HarvestDateTime": "2025-10-22T14:40:24", "Area_m2": 5.0836543476085847 }, "geometry": { "type": "Polygon", "coordinates": [ [ [ 397135.432053063996136, 4435609.009654806926847 ], [ 397133.347221063973848, 4435609.009654806926847 ], [ 397133.347221063973848, 4435606.571254807524383 ], [ 397135.432053063996136, 4435606.571254807524383 ], [ 397135.432053063996136, 4435609.009654806926847 ] ] ] } },
{ "type": "Feature", "properties": { "Row": 1, "Col": 1, "Label": "AG38XF6", "X_start": 51.77, "Y_start": 100.0, "X_stop": 58.61, "Y_stop": 108.0, "BlockNum": 6, "Block": "B6", "PlotID": "B6_R1_C1", "Design": 1, "HarvestEW": 14, "HarvestNS": 15, "FieldPosition": "E14_N15", "Date/Time": "10/22/2025 2:30:55 PM", "Range": 15, "Row_Harvest": 15, "Weight (kg)": 0.965, "Quick Note": null, "Harvest Sequence": 352, "HarvestSource": "main", "HarvestDirection": "S_to_N", "Weight_kg_raw": 0.965, "HarvestIssue": false, "Weight_kg_analysis": 0.965, "HarvestDateTime": "2025-10-22T14:30:55", "Area_m2": 5.0836543476085847 }, "geometry": { "type": "Polygon", "coordinates": [ [ [ 397133.350269064016175, 4435609.009654806926847 ], [ 397131.265437063993886, 4435609.009654806926847 ], [ 397131.265437063993886, 4435606.571254807524383 ], [ 397133.350269064016175, 4435606.571254807524383 ], [ 397133.350269064016175, 4435609.009654806926847 ] ] ] } },
{ "type": "Feature", "properties": { "Row": 1, "Col": 2, "Label": "LG3216", "X_start": 58.61, "Y_start": 100.0, "X_stop": 65.45, "Y_stop": 108.0, "BlockNum": 6, "Block": "B6", "PlotID": "B6_R1_C2", "Design": 1, "HarvestEW": 13, "HarvestNS": 15, "FieldPosition": "E13_N15", "Date/Time": "10/22/2025 2:17:24 PM", "Range": 15, "Row_Harvest": 14, "Weight (kg)": 0.91, "Quick Note": null, "Harvest Sequence": 323, "HarvestSource": "main", "HarvestDirection": "N_to_S", "Weight_kg_raw": 0.91, "HarvestIssue": false, "Weight_kg_analysis": 0.91, "HarvestDateTime": "2025-10-22T14:17:24", "Area_m2": 5.0836543476085847 }, "geometry": { "type": "Polygon", "coordinates": [ [ [ 397131.265437063993886, 4435609.009654806926847 ], [ 397129.180605063971598, 4435609.009654806926847 ], [ 397129.180605063971598, 4435606.571254807524383 ], [ 397131.265437063993886, 4435606.571254807524383 ], [ 397131.265437063993886, 4435609.009654806926847 ] ] ] } },
{ "type": "Feature", "properties": { "Row": 1, "Col": 3, "Label": "AG29XF5", "X_start": 65.45, "Y_start": 100.0, "X_stop": 72.29, "Y_stop": 108.0, "BlockNum": 6, "Block": "B6", "PlotID": "B6_R1_C3", "Design": 1, "HarvestEW": 12, "HarvestNS": 15, "FieldPosition": "E12_N15", "Date/Time": "10/22/2025 2:08:33 PM", "Range": 15, "Row_Harvest": 13, "Weight (kg)": 0.61, "Quick Note": null, "Harvest Sequence": 304, "HarvestSource": "main", "HarvestDirection": "S_to_N", "Weight_kg_raw": 0.61, "HarvestIssue": false, "Weight_kg_analysis": 0.61, "HarvestDateTime": "2025-10-22T14:08:33", "Area_m2": 5.0836543474666511 }, "geometry": { "type": "Polygon", "coordinates": [ [ [ 397129.180605063971598, 4435609.009654806926847 ], [ 397127.095773064007517, 4435609.009654806926847 ], [ 397127.095773064007517, 4435606.571254807524383 ], [ 397129.180605063971598, 4435606.571254807524383 ], [ 397129.180605063971598, 4435609.009654806926847 ] ] ] } },
{ "type": "Feature", "properties": { "Row": 1, "Col": 4, "Label": "LG3216", "X_start": 72.29, "Y_start": 100.0, "X_stop": 79.13, "Y_stop": 108.0, "BlockNum": 6, "Block": "B6", "PlotID": "B6_R1_C4", "Design": 1, "HarvestEW": 11, "HarvestNS": 15, "FieldPosition": "E11_N15", "Date/Time": "10/22/2025 1:54:55 PM", "Range": 15, "Row_Harvest": 12, "Weight (kg)": 1.68, "Quick Note": null, "Harvest Sequence": 275, "HarvestSource": "main", "HarvestDirection": "N_to_S", "Weight_kg_raw": 1.68, "HarvestIssue": false, "Weight_kg_analysis": 1.68, "HarvestDateTime": "2025-10-22T13:54:55", "Area_m2": 5.0836543476085847 }, "geometry": { "type": "Polygon", "coordinates": [ [ [ 397127.095773064007517, 4435609.009654806926847 ], [ 397125.010941063985229, 4435609.009654806926847 ], [ 397125.010941063985229, 4435606.571254807524383 ], [ 397127.095773064007517, 4435606.571254807524383 ], [ 397127.095773064007517, 4435609.009654806926847 ] ] ] } },
{ "type": "Feature", "properties": { "Row": 2, "Col": 0, "Label": "AG34XF6", "X_start": 44.94, "Y_start": 110.0, "X_stop": 51.78, "Y_stop": 118.0, "BlockNum": 6, "Block": "B6", "PlotID": "B6_R2_C0", "Design": 1, "HarvestEW": 15, "HarvestNS": 14, "FieldPosition": "E15_N14", "Date/Time": "10/22/2025 2:40:52 PM", "Range": 14, "Row_Harvest": 16, "Weight (kg)": 1.585, "Quick Note": null, "Harvest Sequence": 372, "HarvestSource": "main", "HarvestDirection": "N_to_S", "Weight_kg_raw": 1.585, "HarvestIssue": false, "Weight_kg_analysis": 1.585, "HarvestDateTime": "2025-10-22T14:40:52", "Area_m2": 5.083654349550236 }, "geometry": { "type": "Polygon", "coordinates": [ [ [ 397135.432053063996136, 4435605.961654807440937 ], [ 397133.347221063973848, 4435605.961654807440937 ], [ 397133.347221063973848, 4435603.523254807107151 ], [ 397135.432053063996136, 4435603.523254807107151 ], [ 397135.432053063996136, 4435605.961654807440937 ] ] ] } },
{ "type": "Feature", "properties": { "Row": 2, "Col": 1, "Label": "LG3216", "X_start": 51.77, "Y_start": 110.0, "X_stop": 58.61, "Y_stop": 118.0, "BlockNum": 6, "Block": "B6", "PlotID": "B6_R2_C1", "Design": 1, "HarvestEW": 14, "HarvestNS": 14, "FieldPosition": "E14_N14", "Date/Time": "10/22/2025 2:30:30 PM", "Range": 14, "Row_Harvest": 15, "Weight (kg)": 0.925, "Quick Note": null, "Harvest Sequence": 351, "HarvestSource": "main", "HarvestDirection": "S_to_N", "Weight_kg_raw": 0.925, "HarvestIssue": false, "Weight_kg_analysis": 0.925, "HarvestDateTime": "2025-10-22T14:30:30", "Area_m2": 5.083654349550236 }, "geometry": { "type": "Polygon", "coordinates": [ [ [ 397133.350269064016175, 4435605.961654807440937 ], [ 397131.265437063993886, 4435605.961654807440937 ], [ 397131.265437063993886, 4435603.523254807107151 ], [ 397133.350269064016175, 4435603.523254807107151 ], [ 397133.350269064016175, 4435605.961654807440937 ] ] ] } },
{ "type": "Feature", "properties": { "Row": 2, "Col": 2, "Label": "AG35XF5", "X_start": 58.61, "Y_start": 110.0, "X_stop": 65.45, "Y_stop": 118.0, "BlockNum": 6, "Block": "B6", "PlotID": "B6_R2_C2", "Design": 1, "HarvestEW": 13, "HarvestNS": 14, "FieldPosition": "E13_N14", "Date/Time": "10/22/2025 2:17:50 PM", "Range": 14, "Row_Harvest": 14, "Weight (kg)": 0.905, "Quick Note": null, "Harvest Sequence": 324, "HarvestSource": "main", "HarvestDirection": "N_to_S", "Weight_kg_raw": 0.905, "HarvestIssue": false, "Weight_kg_analysis": 0.905, "HarvestDateTime": "2025-10-22T14:17:50", "Area_m2": 5.083654349550236 }, "geometry": { "type": "Polygon", "coordinates": [ [ [ 397131.265437063993886, 4435605.961654807440937 ], [ 397129.180605063971598, 4435605.961654807440937 ], [ 397129.180605063971598, 4435603.523254807107151 ], [ 397131.265437063993886, 4435603.523254807107151 ], [ 397131.265437063993886, 4435605.961654807440937 ] ] ] } },
{ "type": "Feature", "properties": { "Row": 2, "Col": 3, "Label": "LG3216", "X_start": 65.45, "Y_start": 110.0, "X_stop": 72.29, "Y_stop": 118.0, "BlockNum": 6, "Block": "B6", "PlotID": "B6_R2_C3", "Design": 1, "HarvestEW": 12, "HarvestNS": 14, "FieldPosition": "E12_N14", "Date/Time": "10/22/2025 2:08:06 PM", "Range": 14, "Row_Harvest": 13, "Weight (kg)": 0.885, "Quick Note": null, "Harvest Sequence": 303, "HarvestSource": "main", "HarvestDirection": "S_to_N", "Weight_kg_raw": 0.885, "HarvestIssue": false, "Weight_kg_analysis": 0.885, "HarvestDateTime": "2025-10-22T14:08:06", "Area_m2": 5.0836543494083024 }, "geometry": { "type": "Polygon", "coordinates": [ [ [ 397129.180605063971598, 4435605.961654807440937 ], [ 397127.095773064007517, 4435605.961654807440937 ], [ 397127.095773064007517, 4435603.523254807107151 ], [ 397129.180605063971598, 4435603.523254807107151 ], [ 397129.180605063971598, 4435605.961654807440937 ] ] ] } },
{ "type": "Feature", "properties": { "Row": 2, "Col": 4, "Label": "AG40XFF5", "X_start": 72.29, "Y_start": 110.0, "X_stop": 79.13, "Y_stop": 118.0, "BlockNum": 6, "Block": "B6", "PlotID": "B6_R2_C4", "Design": 1, "HarvestEW": 11, "HarvestNS": 14, "FieldPosition": "E11_N14", "Date/Time": "10/22/2025 1:55:24 PM", "Range": 14, "Row_Harvest": 12, "Weight (kg)": 1.73, "Quick Note": null, "Harvest Sequence": 276, "HarvestSource": "main", "HarvestDirection": "N_to_S", "Weight_kg_raw": 1.73, "HarvestIssue": false, "Weight_kg_analysis": 1.73, "HarvestDateTime": "2025-10-22T13:55:24", "Area_m2": 5.083654349550236 }, "geometry": { "type": "Polygon", "coordinates": [ [ [ 397127.095773064007517, 4435605.961654807440937 ], [ 397125.010941063985229, 4435605.961654807440937 ], [ 397125.010941063985229, 4435603.523254807107151 ], [ 397127.095773064007517, 4435603.523254807107151 ], [ 397127.095773064007517, 4435605.961654807440937 ] ] ] } },
{ "type": "Feature", "properties": { "Row": 3, "Col": 0, "Label": "LG3216", "X_start": 44.94, "Y_start": 120.0, "X_stop": 51.78, "Y_stop": 128.0, "BlockNum": 6, "Block": "B6", "PlotID": "B6_R3_C0", "Design": 1, "HarvestEW": 15, "HarvestNS": 13, "FieldPosition": "E15_N13", "Date/Time": "10/22/2025 2:41:15 PM", "Range": 13, "Row_Harvest": 16, "Weight (kg)": 0.84, "Quick Note": null, "Harvest Sequence": 373, "HarvestSource": "main", "HarvestDirection": "N_to_S", "Weight_kg_raw": 0.84, "HarvestIssue": false, "Weight_kg_analysis": 0.84, "HarvestDateTime": "2025-10-22T14:41:15", "Area_m2": 5.0836543476085847 }, "geometry": { "type": "Polygon", "coordinates": [ [ [ 397135.432053063996136, 4435602.913654807023704 ], [ 397133.347221063973848, 4435602.913654807023704 ], [ 397133.347221063973848, 4435600.475254807621241 ], [ 397135.432053063996136, 4435600.475254807621241 ], [ 397135.432053063996136, 4435602.913654807023704 ] ] ] } },
{ "type": "Feature", "properties": { "Row": 3, "Col": 1, "Label": "AG35XF5", "X_start": 51.77, "Y_start": 120.0, "X_stop": 58.61, "Y_stop": 128.0, "BlockNum": 6, "Block": "B6", "PlotID": "B6_R3_C1", "Design": 1, "HarvestEW": 14, "HarvestNS": 13, "FieldPosition": "E14_N13", "Date/Time": "10/22/2025 2:30:05 PM", "Range": 13, "Row_Harvest": 15, "Weight (kg)": 1.405, "Quick Note": null, "Harvest Sequence": 350, "HarvestSource": "main", "HarvestDirection": "S_to_N", "Weight_kg_raw": 1.405, "HarvestIssue": false, "Weight_kg_analysis": 1.405, "HarvestDateTime": "2025-10-22T14:30:05", "Area_m2": 5.0836543476085847 }, "geometry": { "type": "Polygon", "coordinates": [ [ [ 397133.350269064016175, 4435602.913654807023704 ], [ 397131.265437063993886, 4435602.913654807023704 ], [ 397131.265437063993886, 4435600.475254807621241 ], [ 397133.350269064016175, 4435600.475254807621241 ], [ 397133.350269064016175, 4435602.913654807023704 ] ] ] } },
{ "type": "Feature", "properties": { "Row": 3, "Col": 2, "Label": "LG3216", "X_start": 58.61, "Y_start": 120.0, "X_stop": 65.45, "Y_stop": 128.0, "BlockNum": 6, "Block": "B6", "PlotID": "B6_R3_C2", "Design": 1, "HarvestEW": 13, "HarvestNS": 13, "FieldPosition": "E13_N13", "Date/Time": "10/22/2025 2:18:21 PM", "Range": 13, "Row_Harvest": 14, "Weight (kg)": 0.99, "Quick Note": null, "Harvest Sequence": 325, "HarvestSource": "main", "HarvestDirection": "N_to_S", "Weight_kg_raw": 0.99, "HarvestIssue": false, "Weight_kg_analysis": 0.99, "HarvestDateTime": "2025-10-22T14:18:21", "Area_m2": 5.0836543476085847 }, "geometry": { "type": "Polygon", "coordinates": [ [ [ 397131.265437063993886, 4435602.913654807023704 ], [ 397129.180605063971598, 4435602.913654807023704 ], [ 397129.180605063971598, 4435600.475254807621241 ], [ 397131.265437063993886, 4435600.475254807621241 ], [ 397131.265437063993886, 4435602.913654807023704 ] ] ] } },
{ "type": "Feature", "properties": { "Row": 3, "Col": 3, "Label": "AG36XF4", "X_start": 65.45, "Y_start": 120.0, "X_stop": 72.29, "Y_stop": 128.0, "BlockNum": 6, "Block": "B6", "PlotID": "B6_R3_C3", "Design": 1, "HarvestEW": 12, "HarvestNS": 13, "FieldPosition": "E12_N13", "Date/Time": "10/22/2025 2:07:43 PM", "Range": 13, "Row_Harvest": 13, "Weight (kg)": 1.2, "Quick Note": null, "Harvest Sequence": 302, "HarvestSource": "main", "HarvestDirection": "S_to_N", "Weight_kg_raw": 1.2, "HarvestIssue": false, "Weight_kg_analysis": 1.2, "HarvestDateTime": "2025-10-22T14:07:43", "Area_m2": 5.0836543474666511 }, "geometry": { "type": "Polygon", "coordinates": [ [ [ 397129.180605063971598, 4435602.913654807023704 ], [ 397127.095773064007517, 4435602.913654807023704 ], [ 397127.095773064007517, 4435600.475254807621241 ], [ 397129.180605063971598, 4435600.475254807621241 ], [ 397129.180605063971598, 4435602.913654807023704 ] ] ] } },
{ "type": "Feature", "properties": { "Row": 3, "Col": 4, "Label": "LG3216", "X_start": 72.29, "Y_start": 120.0, "X_stop": 79.13, "Y_stop": 128.0, "BlockNum": 6, "Block": "B6", "PlotID": "B6_R3_C4", "Design": 1, "HarvestEW": 11, "HarvestNS": 13, "FieldPosition": "E11_N13", "Date/Time": "10/22/2025 1:55:50 PM", "Range": 13, "Row_Harvest": 12, "Weight (kg)": 1.115, "Quick Note": null, "Harvest Sequence": 277, "HarvestSource": "main", "HarvestDirection": "N_to_S", "Weight_kg_raw": 1.115, "HarvestIssue": false, "Weight_kg_analysis": 1.115, "HarvestDateTime": "2025-10-22T13:55:50", "Area_m2": 5.0836543476085847 }, "geometry": { "type": "Polygon", "coordinates": [ [ [ 397127.095773064007517, 4435602.913654807023704 ], [ 397125.010941063985229, 4435602.913654807023704 ], [ 397125.010941063985229, 4435600.475254807621241 ], [ 397127.095773064007517, 4435600.475254807621241 ], [ 397127.095773064007517, 4435602.913654807023704 ] ] ] } },
{ "type": "Feature", "properties": { "Row": 4, "Col": 0, "Label": "AG29XF4", "X_start": 44.94, "Y_start": 130.0, "X_stop": 51.78, "Y_stop": 138.0, "BlockNum": 6, "Block": "B6", "PlotID": "B6_R4_C0", "Design": 1, "HarvestEW": 15, "HarvestNS": 12, "FieldPosition": "E15_N12", "Date/Time": "10/22/2025 2:41:42 PM", "Range": 12, "Row_Harvest": 16, "Weight (kg)": 1.365, "Quick Note": null, "Harvest Sequence": 374, "HarvestSource": "main", "HarvestDirection": "N_to_S", "Weight_kg_raw": 1.365, "HarvestIssue": false, "Weight_kg_analysis": 1.365, "HarvestDateTime": "2025-10-22T14:41:42", "Area_m2": 5.083654349550236 }, "geometry": { "type": "Polygon", "coordinates": [ [ [ 397135.432053063996136, 4435599.865654807537794 ], [ 397133.347221063973848, 4435599.865654807537794 ], [ 397133.347221063973848, 4435597.427254807204008 ], [ 397135.432053063996136, 4435597.427254807204008 ], [ 397135.432053063996136, 4435599.865654807537794 ] ] ] } },
{ "type": "Feature", "properties": { "Row": 4, "Col": 1, "Label": "LG3216", "X_start": 51.77, "Y_start": 130.0, "X_stop": 58.61, "Y_stop": 138.0, "BlockNum": 6, "Block": "B6", "PlotID": "B6_R4_C1", "Design": 1, "HarvestEW": 14, "HarvestNS": 12, "FieldPosition": "E14_N12", "Date/Time": "10/22/2025 2:29:41 PM", "Range": 12, "Row_Harvest": 15, "Weight (kg)": 0.795, "Quick Note": null, "Harvest Sequence": 349, "HarvestSource": "main", "HarvestDirection": "S_to_N", "Weight_kg_raw": 0.795, "HarvestIssue": false, "Weight_kg_analysis": 0.795, "HarvestDateTime": "2025-10-22T14:29:41", "Area_m2": 5.083654349550236 }, "geometry": { "type": "Polygon", "coordinates": [ [ [ 397133.350269064016175, 4435599.865654807537794 ], [ 397131.265437063993886, 4435599.865654807537794 ], [ 397131.265437063993886, 4435597.427254807204008 ], [ 397133.350269064016175, 4435597.427254807204008 ], [ 397133.350269064016175, 4435599.865654807537794 ] ] ] } },
{ "type": "Feature", "properties": { "Row": 4, "Col": 2, "Label": "AG29XF5", "X_start": 58.61, "Y_start": 130.0, "X_stop": 65.45, "Y_stop": 138.0, "BlockNum": 6, "Block": "B6", "PlotID": "B6_R4_C2", "Design": 1, "HarvestEW": 13, "HarvestNS": 12, "FieldPosition": "E13_N12", "Date/Time": "10/22/2025 2:18:47 PM", "Range": 12, "Row_Harvest": 14, "Weight (kg)": 1.185, "Quick Note": null, "Harvest Sequence": 326, "HarvestSource": "main", "HarvestDirection": "N_to_S", "Weight_kg_raw": 1.185, "HarvestIssue": false, "Weight_kg_analysis": 1.185, "HarvestDateTime": "2025-10-22T14:18:47", "Area_m2": 5.083654349550236 }, "geometry": { "type": "Polygon", "coordinates": [ [ [ 397131.265437063993886, 4435599.865654807537794 ], [ 397129.180605063971598, 4435599.865654807537794 ], [ 397129.180605063971598, 4435597.427254807204008 ], [ 397131.265437063993886, 4435597.427254807204008 ], [ 397131.265437063993886, 4435599.865654807537794 ] ] ] } },
{ "type": "Feature", "properties": { "Row": 4, "Col": 3, "Label": "LG3216", "X_start": 65.45, "Y_start": 130.0, "X_stop": 72.29, "Y_stop": 138.0, "BlockNum": 6, "Block": "B6", "PlotID": "B6_R4_C3", "Design": 1, "HarvestEW": 12, "HarvestNS": 12, "FieldPosition": "E12_N12", "Date/Time": "10/22/2025 2:07:18 PM", "Range": 12, "Row_Harvest": 13, "Weight (kg)": 1.355, "Quick Note": null, "Harvest Sequence": 301, "HarvestSource": "main", "HarvestDirection": "S_to_N", "Weight_kg_raw": 1.355, "HarvestIssue": false, "Weight_kg_analysis": 1.355, "HarvestDateTime": "2025-10-22T14:07:18", "Area_m2": 5.0836543494083024 }, "geometry": { "type": "Polygon", "coordinates": [ [ [ 397129.180605063971598, 4435599.865654807537794 ], [ 397127.095773064007517, 4435599.865654807537794 ], [ 397127.095773064007517, 4435597.427254807204008 ], [ 397129.180605063971598, 4435597.427254807204008 ], [ 397129.180605063971598, 4435599.865654807537794 ] ] ] } },
{ "type": "Feature", "properties": { "Row": 4, "Col": 4, "Label": "AG38XF6", "X_start": 72.29, "Y_start": 130.0, "X_stop": 79.13, "Y_stop": 138.0, "BlockNum": 6, "Block": "B6", "PlotID": "B6_R4_C4", "Design": 1, "HarvestEW": 11, "HarvestNS": 12, "FieldPosition": "E11_N12", "Date/Time": "10/22/2025 1:56:17 PM", "Range": 12, "Row_Harvest": 12, "Weight (kg)": 1.14, "Quick Note": null, "Harvest Sequence": 278, "HarvestSource": "main", "HarvestDirection": "N_to_S", "Weight_kg_raw": 1.14, "HarvestIssue": false, "Weight_kg_analysis": 1.14, "HarvestDateTime": "2025-10-22T13:56:17", "Area_m2": 5.083654349550236 }, "geometry": { "type": "Polygon", "coordinates": [ [ [ 397127.095773064007517, 4435599.865654807537794 ], [ 397125.010941063985229, 4435599.865654807537794 ], [ 397125.010941063985229, 4435597.427254807204008 ], [ 397127.095773064007517, 4435597.427254807204008 ], [ 397127.095773064007517, 4435599.865654807537794 ] ] ] } },
{ "type": "Feature", "properties": { "Row": 5, "Col": 0, "Label": "LG3216", "X_start": 44.94, "Y_start": 140.0, "X_stop": 51.78, "Y_stop": 148.0, "BlockNum": 6, "Block": "B6", "PlotID": "B6_R5_C0", "Design": 1, "HarvestEW": 15, "HarvestNS": 11, "FieldPosition": "E15_N11", "Date/Time": "10/22/2025 2:42:11 PM", "Range": 11, "Row_Harvest": 16, "Weight (kg)": 1.125, "Quick Note": null, "Harvest Sequence": 375, "HarvestSource": "main", "HarvestDirection": "N_to_S", "Weight_kg_raw": 1.125, "HarvestIssue": false, "Weight_kg_analysis": 1.125, "HarvestDateTime": "2025-10-22T14:42:11", "Area_m2": 5.0836543476085847 }, "geometry": { "type": "Polygon", "coordinates": [ [ [ 397135.432053063996136, 4435596.817654807120562 ], [ 397133.347221063973848, 4435596.817654807120562 ], [ 397133.347221063973848, 4435594.379254807718098 ], [ 397135.432053063996136, 4435594.379254807718098 ], [ 397135.432053063996136, 4435596.817654807120562 ] ] ] } },
{ "type": "Feature", "properties": { "Row": 5, "Col": 1, "Label": "AG34XF6", "X_start": 51.77, "Y_start": 140.0, "X_stop": 58.61, "Y_stop": 148.0, "BlockNum": 6, "Block": "B6", "PlotID": "B6_R5_C1", "Design": 1, "HarvestEW": 14, "HarvestNS": 11, "FieldPosition": "E14_N11", "Date/Time": "10/22/2025 2:29:18 PM", "Range": 11, "Row_Harvest": 15, "Weight (kg)": 1.2, "Quick Note": null, "Harvest Sequence": 348, "HarvestSource": "main", "HarvestDirection": "S_to_N", "Weight_kg_raw": 1.2, "HarvestIssue": false, "Weight_kg_analysis": 1.2, "HarvestDateTime": "2025-10-22T14:29:18", "Area_m2": 5.0836543476085847 }, "geometry": { "type": "Polygon", "coordinates": [ [ [ 397133.350269064016175, 4435596.817654807120562 ], [ 397131.265437063993886, 4435596.817654807120562 ], [ 397131.265437063993886, 4435594.379254807718098 ], [ 397133.350269064016175, 4435594.379254807718098 ], [ 397133.350269064016175, 4435596.817654807120562 ] ] ] } },
{ "type": "Feature", "properties": { "Row": 5, "Col": 2, "Label": "LG3216", "X_start": 58.61, "Y_start": 140.0, "X_stop": 65.45, "Y_stop": 148.0, "BlockNum": 6, "Block": "B6", "PlotID": "B6_R5_C2", "Design": 1, "HarvestEW": 13, "HarvestNS": 11, "FieldPosition": "E13_N11", "Date/Time": "10/22/2025 2:19:12 PM", "Range": 11, "Row_Harvest": 14, "Weight (kg)": 1.03, "Quick Note": null, "Harvest Sequence": 327, "HarvestSource": "main", "HarvestDirection": "N_to_S", "Weight_kg_raw": 1.03, "HarvestIssue": false, "Weight_kg_analysis": 1.03, "HarvestDateTime": "2025-10-22T14:19:12", "Area_m2": 5.0836543476085847 }, "geometry": { "type": "Polygon", "coordinates": [ [ [ 397131.265437063993886, 4435596.817654807120562 ], [ 397129.180605063971598, 4435596.817654807120562 ], [ 397129.180605063971598, 4435594.379254807718098 ], [ 397131.265437063993886, 4435594.379254807718098 ], [ 397131.265437063993886, 4435596.817654807120562 ] ] ] } },
{ "type": "Feature", "properties": { "Row": 5, "Col": 3, "Label": "AG29XF5", "X_start": 65.45, "Y_start": 140.0, "X_stop": 72.29, "Y_stop": 148.0, "BlockNum": 6, "Block": "B6", "PlotID": "B6_R5_C3", "Design": 1, "HarvestEW": 12, "HarvestNS": 11, "FieldPosition": "E12_N11", "Date/Time": "10/22/2025 2:06:53 PM", "Range": 11, "Row_Harvest": 13, "Weight (kg)": 1.63, "Quick Note": null, "Harvest Sequence": 300, "HarvestSource": "main", "HarvestDirection": "S_to_N", "Weight_kg_raw": 1.63, "HarvestIssue": false, "Weight_kg_analysis": 1.63, "HarvestDateTime": "2025-10-22T14:06:53", "Area_m2": 5.0836543474666511 }, "geometry": { "type": "Polygon", "coordinates": [ [ [ 397129.180605063971598, 4435596.817654807120562 ], [ 397127.095773064007517, 4435596.817654807120562 ], [ 397127.095773064007517, 4435594.379254807718098 ], [ 397129.180605063971598, 4435594.379254807718098 ], [ 397129.180605063971598, 4435596.817654807120562 ] ] ] } },
{ "type": "Feature", "properties": { "Row": 5, "Col": 4, "Label": "LG3216", "X_start": 72.29, "Y_start": 140.0, "X_stop": 79.13, "Y_stop": 148.0, "BlockNum": 6, "Block": "B6", "PlotID": "B6_R5_C4", "Design": 1, "HarvestEW": 11, "HarvestNS": 11, "FieldPosition": "E11_N11", "Date/Time": "10/22/2025 1:56:46 PM", "Range": 11, "Row_Harvest": 12, "Weight (kg)": 1.29, "Quick Note": null, "Harvest Sequence": 279, "HarvestSource": "main", "HarvestDirection": "N_to_S", "Weight_kg_raw": 1.29, "HarvestIssue": false, "Weight_kg_analysis": 1.29, "HarvestDateTime": "2025-10-22T13:56:46", "Area_m2": 5.0836543476085847 }, "geometry": { "type": "Polygon", "coordinates": [ [ [ 397127.095773064007517, 4435596.817654807120562 ], [ 397125.010941063985229, 4435596.817654807120562 ], [ 397125.010941063985229, 4435594.379254807718098 ], [ 397127.095773064007517, 4435594.379254807718098 ], [ 397127.095773064007517, 4435596.817654807120562 ] ] ] } },
{ "type": "Feature", "properties": { "Row": 6, "Col": 0, "Label": "AG35XF5", "X_start": 44.94, "Y_start": 150.0, "X_stop": 51.78, "Y_stop": 158.0, "BlockNum": 6, "Block": "B6", "PlotID": "B6_R6_C0", "Design": 1, "HarvestEW": 15, "HarvestNS": 10, "FieldPosition": "E15_N10", "Date/Time": "10/22/2025 2:42:34 PM", "Range": 10, "Row_Harvest": 16, "Weight (kg)": 1.035, "Quick Note": null, "Harvest Sequence": 376, "HarvestSource": "main", "HarvestDirection": "N_to_S", "Weight_kg_raw": 1.035, "HarvestIssue": false, "Weight_kg_analysis": 1.035, "HarvestDateTime": "2025-10-22T14:42:34", "Area_m2": 5.083654349550236 }, "geometry": { "type": "Polygon", "coordinates": [ [ [ 397135.432053063996136, 4435593.769654807634652 ], [ 397133.347221063973848, 4435593.769654807634652 ], [ 397133.347221063973848, 4435591.331254807300866 ], [ 397135.432053063996136, 4435591.331254807300866 ], [ 397135.432053063996136, 4435593.769654807634652 ] ] ] } },
{ "type": "Feature", "properties": { "Row": 6, "Col": 1, "Label": "LG3216", "X_start": 51.77, "Y_start": 150.0, "X_stop": 58.61, "Y_stop": 158.0, "BlockNum": 6, "Block": "B6", "PlotID": "B6_R6_C1", "Design": 1, "HarvestEW": 14, "HarvestNS": 10, "FieldPosition": "E14_N10", "Date/Time": "10/22/2025 2:28:53 PM", "Range": 10, "Row_Harvest": 15, "Weight (kg)": 0.87, "Quick Note": null, "Harvest Sequence": 347, "HarvestSource": "main", "HarvestDirection": "S_to_N", "Weight_kg_raw": 0.87, "HarvestIssue": false, "Weight_kg_analysis": 0.87, "HarvestDateTime": "2025-10-22T14:28:53", "Area_m2": 5.083654349550236 }, "geometry": { "type": "Polygon", "coordinates": [ [ [ 397133.350269064016175, 4435593.769654807634652 ], [ 397131.265437063993886, 4435593.769654807634652 ], [ 397131.265437063993886, 4435591.331254807300866 ], [ 397133.350269064016175, 4435591.331254807300866 ], [ 397133.350269064016175, 4435593.769654807634652 ] ] ] } },
{ "type": "Feature", "properties": { "Row": 6, "Col": 2, "Label": "AG36XF4", "X_start": 58.61, "Y_start": 150.0, "X_stop": 65.45, "Y_stop": 158.0, "BlockNum": 6, "Block": "B6", "PlotID": "B6_R6_C2", "Design": 1, "HarvestEW": 13, "HarvestNS": 10, "FieldPosition": "E13_N10", "Date/Time": "10/22/2025 2:19:47 PM", "Range": 10, "Row_Harvest": 14, "Weight (kg)": 0.84, "Quick Note": null, "Harvest Sequence": 328, "HarvestSource": "main", "HarvestDirection": "N_to_S", "Weight_kg_raw": 0.84, "HarvestIssue": false, "Weight_kg_analysis": 0.84, "HarvestDateTime": "2025-10-22T14:19:47", "Area_m2": 5.083654349550236 }, "geometry": { "type": "Polygon", "coordinates": [ [ [ 397131.265437063993886, 4435593.769654807634652 ], [ 397129.180605063971598, 4435593.769654807634652 ], [ 397129.180605063971598, 4435591.331254807300866 ], [ 397131.265437063993886, 4435591.331254807300866 ], [ 397131.265437063993886, 4435593.769654807634652 ] ] ] } },
{ "type": "Feature", "properties": { "Row": 6, "Col": 3, "Label": "LG3216", "X_start": 65.45, "Y_start": 150.0, "X_stop": 72.29, "Y_stop": 158.0, "BlockNum": 6, "Block": "B6", "PlotID": "B6_R6_C3", "Design": 1, "HarvestEW": 12, "HarvestNS": 10, "FieldPosition": "E12_N10", "Date/Time": "10/22/2025 2:06:27 PM", "Range": 10, "Row_Harvest": 13, "Weight (kg)": 1.1, "Quick Note": null, "Harvest Sequence": 299, "HarvestSource": "main", "HarvestDirection": "S_to_N", "Weight_kg_raw": 1.1, "HarvestIssue": false, "Weight_kg_analysis": 1.1, "HarvestDateTime": "2025-10-22T14:06:27", "Area_m2": 5.0836543494083024 }, "geometry": { "type": "Polygon", "coordinates": [ [ [ 397129.180605063971598, 4435593.769654807634652 ], [ 397127.095773064007517, 4435593.769654807634652 ], [ 397127.095773064007517, 4435591.331254807300866 ], [ 397129.180605063971598, 4435591.331254807300866 ], [ 397129.180605063971598, 4435593.769654807634652 ] ] ] } },
{ "type": "Feature", "properties": { "Row": 6, "Col": 4, "Label": "AG34XF6", "X_start": 72.29, "Y_start": 150.0, "X_stop": 79.13, "Y_stop": 158.0, "BlockNum": 6, "Block": "B6", "PlotID": "B6_R6_C4", "Design": 1, "HarvestEW": 11, "HarvestNS": 10, "FieldPosition": "E11_N10", "Date/Time": "10/22/2025 1:57:12 PM", "Range": 10, "Row_Harvest": 12, "Weight (kg)": 1.05, "Quick Note": null, "Harvest Sequence": 280, "HarvestSource": "main", "HarvestDirection": "N_to_S", "Weight_kg_raw": 1.05, "HarvestIssue": false, "Weight_kg_analysis": 1.05, "HarvestDateTime": "2025-10-22T13:57:12", "Area_m2": 5.083654349550236 }, "geometry": { "type": "Polygon", "coordinates": [ [ [ 397127.095773064007517, 4435593.769654807634652 ], [ 397125.010941063985229, 4435593.769654807634652 ], [ 397125.010941063985229, 4435591.331254807300866 ], [ 397127.095773064007517, 4435591.331254807300866 ], [ 397127.095773064007517, 4435593.769654807634652 ] ] ] } },
{ "type": "Feature", "properties": { "Row": 7, "Col": 0, "Label": "LG3216", "X_start": 44.94, "Y_start": 160.0, "X_stop": 51.78, "Y_stop": 168.0, "BlockNum": 6, "Block": "B6", "PlotID": "B6_R7_C0", "Design": 1, "HarvestEW": 15, "HarvestNS": 9, "FieldPosition": "E15_N09", "Date/Time": "10/22/2025 2:43:01 PM", "Range": 9, "Row_Harvest": 16, "Weight (kg)": 1.21, "Quick Note": null, "Harvest Sequence": 377, "HarvestSource": "main", "HarvestDirection": "N_to_S", "Weight_kg_raw": 1.21, "HarvestIssue": false, "Weight_kg_analysis": 1.21, "HarvestDateTime": "2025-10-22T14:43:01", "Area_m2": 5.0836543476085847 }, "geometry": { "type": "Polygon", "coordinates": [ [ [ 397135.432053063996136, 4435590.721654807217419 ], [ 397133.347221063973848, 4435590.721654807217419 ], [ 397133.347221063973848, 4435588.283254807814956 ], [ 397135.432053063996136, 4435588.283254807814956 ], [ 397135.432053063996136, 4435590.721654807217419 ] ] ] } },
{ "type": "Feature", "properties": { "Row": 7, "Col": 1, "Label": "AG38XF6", "X_start": 51.77, "Y_start": 160.0, "X_stop": 58.61, "Y_stop": 168.0, "BlockNum": 6, "Block": "B6", "PlotID": "B6_R7_C1", "Design": 1, "HarvestEW": 14, "HarvestNS": 9, "FieldPosition": "E14_N09", "Date/Time": "10/22/2025 2:28:28 PM", "Range": 9, "Row_Harvest": 15, "Weight (kg)": 0.91, "Quick Note": null, "Harvest Sequence": 346, "HarvestSource": "main", "HarvestDirection": "S_to_N", "Weight_kg_raw": 0.91, "HarvestIssue": false, "Weight_kg_analysis": 0.91, "HarvestDateTime": "2025-10-22T14:28:28", "Area_m2": 5.0836543476085847 }, "geometry": { "type": "Polygon", "coordinates": [ [ [ 397133.350269064016175, 4435590.721654807217419 ], [ 397131.265437063993886, 4435590.721654807217419 ], [ 397131.265437063993886, 4435588.283254807814956 ], [ 397133.350269064016175, 4435588.283254807814956 ], [ 397133.350269064016175, 4435590.721654807217419 ] ] ] } },
{ "type": "Feature", "properties": { "Row": 7, "Col": 2, "Label": "LG3216", "X_start": 58.61, "Y_start": 160.0, "X_stop": 65.45, "Y_stop": 168.0, "BlockNum": 6, "Block": "B6", "PlotID": "B6_R7_C2", "Design": 1, "HarvestEW": 13, "HarvestNS": 9, "FieldPosition": "E13_N09", "Date/Time": "10/22/2025 2:20:14 PM", "Range": 9, "Row_Harvest": 14, "Weight (kg)": 0.885, "Quick Note": null, "Harvest Sequence": 329, "HarvestSource": "main", "HarvestDirection": "N_to_S", "Weight_kg_raw": 0.885, "HarvestIssue": false, "Weight_kg_analysis": 0.885, "HarvestDateTime": "2025-10-22T14:20:14", "Area_m2": 5.0836543476085847 }, "geometry": { "type": "Polygon", "coordinates": [ [ [ 397131.265437063993886, 4435590.721654807217419 ], [ 397129.180605063971598, 4435590.721654807217419 ], [ 397129.180605063971598, 4435588.283254807814956 ], [ 397131.265437063993886, 4435588.283254807814956 ], [ 397131.265437063993886, 4435590.721654807217419 ] ] ] } },
{ "type": "Feature", "properties": { "Row": 7, "Col": 3, "Label": "AG40XFF5", "X_start": 65.45, "Y_start": 160.0, "X_stop": 72.29, "Y_stop": 168.0, "BlockNum": 6, "Block": "B6", "PlotID": "B6_R7_C3", "Design": 1, "HarvestEW": 12, "HarvestNS": 9, "FieldPosition": "E12_N09", "Date/Time": "10/22/2025 2:06:02 PM", "Range": 9, "Row_Harvest": 13, "Weight (kg)": 0.96, "Quick Note": null, "Harvest Sequence": 298, "HarvestSource": "main", "HarvestDirection": "S_to_N", "Weight_kg_raw": 0.96, "HarvestIssue": false, "Weight_kg_analysis": 0.96, "HarvestDateTime": "2025-10-22T14:06:02", "Area_m2": 5.0836543474666511 }, "geometry": { "type": "Polygon", "coordinates": [ [ [ 397129.180605063971598, 4435590.721654807217419 ], [ 397127.095773064007517, 4435590.721654807217419 ], [ 397127.095773064007517, 4435588.283254807814956 ], [ 397129.180605063971598, 4435588.283254807814956 ], [ 397129.180605063971598, 4435590.721654807217419 ] ] ] } },
{ "type": "Feature", "properties": { "Row": 7, "Col": 4, "Label": "LG3216", "X_start": 72.29, "Y_start": 160.0, "X_stop": 79.13, "Y_stop": 168.0, "BlockNum": 6, "Block": "B6", "PlotID": "B6_R7_C4", "Design": 1, "HarvestEW": 11, "HarvestNS": 9, "FieldPosition": "E11_N09", "Date/Time": "10/22/2025 1:57:41 PM", "Range": 9, "Row_Harvest": 12, "Weight (kg)": 1.24, "Quick Note": null, "Harvest Sequence": 281, "HarvestSource": "main", "HarvestDirection": "N_to_S", "Weight_kg_raw": 1.24, "HarvestIssue": false, "Weight_kg_analysis": 1.24, "HarvestDateTime": "2025-10-22T13:57:41", "Area_m2": 5.0836543476085847 }, "geometry": { "type": "Polygon", "coordinates": [ [ [ 397127.095773064007517, 4435590.721654807217419 ], [ 397125.010941063985229, 4435590.721654807217419 ], [ 397125.010941063985229, 4435588.283254807814956 ], [ 397127.095773064007517, 4435588.283254807814956 ], [ 397127.095773064007517, 4435590.721654807217419 ] ] ] } },
{ "type": "Feature", "properties": { "Row": 0, "Col": 0, "Label": "LD20-4471", "X_start": 80.37, "Y_start": 90.0, "X_stop": 87.21, "Y_stop": 98.0, "BlockNum": 7, "Block": "B7", "PlotID": "B7_R0_C0", "Design": 2, "HarvestEW": 10, "HarvestNS": 16, "FieldPosition": "E10_N16", "Date/Time": "10/22/2025 12:15:25 PM", "Range": 16, "Row_Harvest": 11, "Weight (kg)": 0.88, "Quick Note": null, "Harvest Sequence": 257, "HarvestSource": "main", "HarvestDirection": "S_to_N", "Weight_kg_raw": 0.88, "HarvestIssue": false, "Weight_kg_analysis": 0.88, "HarvestDateTime": "2025-10-22T12:15:25", "Area_m2": 5.0836543494083024 }, "geometry": { "type": "Polygon", "coordinates": [ [ [ 397124.632989063975401, 4435612.057654807344079 ], [ 397122.54815706401132, 4435612.057654807344079 ], [ 397122.54815706401132, 4435609.619254807010293 ], [ 397124.632989063975401, 4435609.619254807010293 ], [ 397124.632989063975401, 4435612.057654807344079 ] ] ] } },
{ "type": "Feature", "properties": { "Row": 0, "Col": 1, "Label": "AG29XF5", "X_start": 87.21, "Y_start": 90.0, "X_stop": 94.05, "Y_stop": 98.0, "BlockNum": 7, "Block": "B7", "PlotID": "B7_R0_C1", "Design": 2, "HarvestEW": 9, "HarvestNS": 16, "FieldPosition": "E09_N16", "Date/Time": "10/22/2025 11:55:43 AM", "Range": 16, "Row_Harvest": 10, "Weight (kg)": 0.735, "Quick Note": null, "Harvest Sequence": 226, "HarvestSource": "main", "HarvestDirection": "N_to_S", "Weight_kg_raw": 0.735, "HarvestIssue": false, "Weight_kg_analysis": 0.735, "HarvestDateTime": "2025-10-22T11:55:43", "Area_m2": 5.083654349550236 }, "geometry": { "type": "Polygon", "coordinates": [ [ [ 397122.54815706401132, 4435612.057654807344079 ], [ 397120.463325063989032, 4435612.057654807344079 ], [ 397120.463325063989032, 4435609.619254807010293 ], [ 397122.54815706401132, 4435609.619254807010293 ], [ 397122.54815706401132, 4435612.057654807344079 ] ] ] } },
{ "type": "Feature", "properties": { "Row": 0, "Col": 2, "Label": "LD20-4542", "X_start": 94.05, "Y_start": 90.0, "X_stop": 100.89, "Y_stop": 98.0, "BlockNum": 7, "Block": "B7", "PlotID": "B7_R0_C2", "Design": 2, "HarvestEW": 8, "HarvestNS": 16, "FieldPosition": "E08_N16", "Date/Time": "10/22/2025 11:46:29 AM", "Range": 16, "Row_Harvest": 9, "Weight (kg)": 0.705, "Quick Note": null, "Harvest Sequence": 209, "HarvestSource": "main", "HarvestDirection": "S_to_N", "Weight_kg_raw": 0.705, "HarvestIssue": false, "Weight_kg_analysis": 0.705, "HarvestDateTime": "2025-10-22T11:46:29", "Area_m2": 5.083654349550236 }, "geometry": { "type": "Polygon", "coordinates": [ [ [ 397120.463325063989032, 4435612.057654807344079 ], [ 397118.378493063966744, 4435612.057654807344079 ], [ 397118.378493063966744, 4435609.619254807010293 ], [ 397120.463325063989032, 4435609.619254807010293 ], [ 397120.463325063989032, 4435612.057654807344079 ] ] ] } },
{ "type": "Feature", "properties": { "Row": 0, "Col": 3, "Label": "AG29XF4", "X_start": 100.89, "Y_start": 90.0, "X_stop": 107.73, "Y_stop": 98.0, "BlockNum": 7, "Block": "B7", "PlotID": "B7_R0_C3", "Design": 2, "HarvestEW": 7, "HarvestNS": 16, "FieldPosition": "E07_N16", "Date/Time": "10/22/2025 11:31:09 AM", "Range": 16, "Row_Harvest": 8, "Weight (kg)": 0.87, "Quick Note": null, "Harvest Sequence": 178, "HarvestSource": "main", "HarvestDirection": "N_to_S", "Weight_kg_raw": 0.87, "HarvestIssue": false, "Weight_kg_analysis": 0.87, "HarvestDateTime": "2025-10-22T11:31:09", "Area_m2": 5.0836543494083024 }, "geometry": { "type": "Polygon", "coordinates": [ [ [ 397118.378493063966744, 4435612.057654807344079 ], [ 397116.293661064002663, 4435612.057654807344079 ], [ 397116.293661064002663, 4435609.619254807010293 ], [ 397118.378493063966744, 4435609.619254807010293 ], [ 397118.378493063966744, 4435612.057654807344079 ] ] ] } },
{ "type": "Feature", "properties": { "Row": 0, "Col": 4, "Label": "LD20-5413", "X_start": 107.72, "Y_start": 90.0, "X_stop": 114.56, "Y_stop": 98.0, "BlockNum": 7, "Block": "B7", "PlotID": "B7_R0_C4", "Design": 2, "HarvestEW": 6, "HarvestNS": 16, "FieldPosition": "E06_N16", "Date/Time": "10/22/2025 11:20:20 AM", "Range": 16, "Row_Harvest": 7, "Weight (kg)": 1.245, "Quick Note": null, "Harvest Sequence": 161, "HarvestSource": "main", "HarvestDirection": "S_to_N", "Weight_kg_raw": 1.245, "HarvestIssue": false, "Weight_kg_analysis": 1.245, "HarvestDateTime": "2025-10-22T11:20:20", "Area_m2": 5.083654349550236 }, "geometry": { "type": "Polygon", "coordinates": [ [ [ 397116.296709063986782, 4435612.057654807344079 ], [ 397114.211877063964494, 4435612.057654807344079 ], [ 397114.211877063964494, 4435609.619254807010293 ], [ 397116.296709063986782, 4435609.619254807010293 ], [ 397116.296709063986782, 4435612.057654807344079 ] ] ] } },
{ "type": "Feature", "properties": { "Row": 1, "Col": 0, "Label": "AG29XF4", "X_start": 80.37, "Y_start": 100.0, "X_stop": 87.21, "Y_stop": 108.0, "BlockNum": 7, "Block": "B7", "PlotID": "B7_R1_C0", "Design": 2, "HarvestEW": 10, "HarvestNS": 15, "FieldPosition": "E10_N15", "Date/Time": "10/22/2025 12:14:58 PM", "Range": 15, "Row_Harvest": 11, "Weight (kg)": 1.405, "Quick Note": null, "Harvest Sequence": 256, "HarvestSource": "main", "HarvestDirection": "S_to_N", "Weight_kg_raw": 1.405, "HarvestIssue": false, "Weight_kg_analysis": 1.405, "HarvestDateTime": "2025-10-22T12:14:58", "Area_m2": 5.0836543474666511 }, "geometry": { "type": "Polygon", "coordinates": [ [ [ 397124.632989063975401, 4435609.009654806926847 ], [ 397122.54815706401132, 4435609.009654806926847 ], [ 397122.54815706401132, 4435606.571254807524383 ], [ 397124.632989063975401, 4435606.571254807524383 ], [ 397124.632989063975401, 4435609.009654806926847 ] ] ] } },
{ "type": "Feature", "properties": { "Row": 1, "Col": 1, "Label": "LD21-7234", "X_start": 87.21, "Y_start": 100.0, "X_stop": 94.05, "Y_stop": 108.0, "BlockNum": 7, "Block": "B7", "PlotID": "B7_R1_C1", "Design": 2, "HarvestEW": 9, "HarvestNS": 15, "FieldPosition": "E09_N15", "Date/Time": "10/22/2025 11:56:06 AM", "Range": 15, "Row_Harvest": 10, "Weight (kg)": 0.78, "Quick Note": null, "Harvest Sequence": 227, "HarvestSource": "main", "HarvestDirection": "N_to_S", "Weight_kg_raw": 0.78, "HarvestIssue": false, "Weight_kg_analysis": 0.78, "HarvestDateTime": "2025-10-22T11:56:06", "Area_m2": 5.0836543476085847 }, "geometry": { "type": "Polygon", "coordinates": [ [ [ 397122.54815706401132, 4435609.009654806926847 ], [ 397120.463325063989032, 4435609.009654806926847 ], [ 397120.463325063989032, 4435606.571254807524383 ], [ 397122.54815706401132, 4435606.571254807524383 ], [ 397122.54815706401132, 4435609.009654806926847 ] ] ] } },
{ "type": "Feature", "properties": { "Row": 1, "Col": 2, "Label": "AG29XF5", "X_start": 94.05, "Y_start": 100.0, "X_stop": 100.89, "Y_stop": 108.0, "BlockNum": 7, "Block": "B7", "PlotID": "B7_R1_C2", "Design": 2, "HarvestEW": 8, "HarvestNS": 15, "FieldPosition": "E08_N15", "Date/Time": "10/22/2025 11:46:00 AM", "Range": 15, "Row_Harvest": 9, "Weight (kg)": 1.305, "Quick Note": null, "Harvest Sequence": 208, "HarvestSource": "main", "HarvestDirection": "S_to_N", "Weight_kg_raw": 1.305, "HarvestIssue": false, "Weight_kg_analysis": 1.305, "HarvestDateTime": "2025-10-22T11:46:00", "Area_m2": 5.0836543476085847 }, "geometry": { "type": "Polygon", "coordinates": [ [ [ 397120.463325063989032, 4435609.009654806926847 ], [ 397118.378493063966744, 4435609.009654806926847 ], [ 397118.378493063966744, 4435606.571254807524383 ], [ 397120.463325063989032, 4435606.571254807524383 ], [ 397120.463325063989032, 4435609.009654806926847 ] ] ] } },
{ "type": "Feature", "properties": { "Row": 1, "Col": 3, "Label": "LD20-5738", "X_start": 100.89, "Y_start": 100.0, "X_stop": 107.73, "Y_stop": 108.0, "BlockNum": 7, "Block": "B7", "PlotID": "B7_R1_C3", "Design": 2, "HarvestEW": 7, "HarvestNS": 15, "FieldPosition": "E07_N15", "Date/Time": "10/22/2025 11:31:32 AM", "Range": 15, "Row_Harvest": 8, "Weight (kg)": 0.635, "Quick Note": null, "Harvest Sequence": 179, "HarvestSource": "main", "HarvestDirection": "N_to_S", "Weight_kg_raw": 0.635, "HarvestIssue": false, "Weight_kg_analysis": 0.635, "HarvestDateTime": "2025-10-22T11:31:32", "Area_m2": 5.0836543474666511 }, "geometry": { "type": "Polygon", "coordinates": [ [ [ 397118.378493063966744, 4435609.009654806926847 ], [ 397116.293661064002663, 4435609.009654806926847 ], [ 397116.293661064002663, 4435606.571254807524383 ], [ 397118.378493063966744, 4435606.571254807524383 ], [ 397118.378493063966744, 4435609.009654806926847 ] ] ] } },
{ "type": "Feature", "properties": { "Row": 1, "Col": 4, "Label": "AG29XF5", "X_start": 107.72, "Y_start": 100.0, "X_stop": 114.56, "Y_stop": 108.0, "BlockNum": 7, "Block": "B7", "PlotID": "B7_R1_C4", "Design": 2, "HarvestEW": 6, "HarvestNS": 15, "FieldPosition": "E06_N15", "Date/Time": "10/22/2025 11:19:54 AM", "Range": 15, "Row_Harvest": 7, "Weight (kg)": 1.79, "Quick Note": null, "Harvest Sequence": 160, "HarvestSource": "main", "HarvestDirection": "S_to_N", "Weight_kg_raw": 1.79, "HarvestIssue": false, "Weight_kg_analysis": 1.79, "HarvestDateTime": "2025-10-22T11:19:54", "Area_m2": 5.0836543476085847 }, "geometry": { "type": "Polygon", "coordinates": [ [ [ 397116.296709063986782, 4435609.009654806926847 ], [ 397114.211877063964494, 4435609.009654806926847 ], [ 397114.211877063964494, 4435606.571254807524383 ], [ 397116.296709063986782, 4435606.571254807524383 ], [ 397116.296709063986782, 4435609.009654806926847 ] ] ] } },
{ "type": "Feature", "properties": { "Row": 2, "Col": 0, "Label": "LD22-4283", "X_start": 80.37, "Y_start": 110.0, "X_stop": 87.21, "Y_stop": 118.0, "BlockNum": 7, "Block": "B7", "PlotID": "B7_R2_C0", "Design": 2, "HarvestEW": 10, "HarvestNS": 14, "FieldPosition": "E10_N14", "Date/Time": "10/22/2025 12:14:27 PM", "Range": 14, "Row_Harvest": 11, "Weight (kg)": 1.52, "Quick Note": null, "Harvest Sequence": 255, "HarvestSource": "main", "HarvestDirection": "S_to_N", "Weight_kg_raw": 1.52, "HarvestIssue": false, "Weight_kg_analysis": 1.52, "HarvestDateTime": "2025-10-22T12:14:27", "Area_m2": 5.0836543494083024 }, "geometry": { "type": "Polygon", "coordinates": [ [ [ 397124.632989063975401, 4435605.961654807440937 ], [ 397122.54815706401132, 4435605.961654807440937 ], [ 397122.54815706401132, 4435603.523254807107151 ], [ 397124.632989063975401, 4435603.523254807107151 ], [ 397124.632989063975401, 4435605.961654807440937 ] ] ] } },
{ "type": "Feature", "properties": { "Row": 2, "Col": 1, "Label": "AG29XF4", "X_start": 87.21, "Y_start": 110.0, "X_stop": 94.05, "Y_stop": 118.0, "BlockNum": 7, "Block": "B7", "PlotID": "B7_R2_C1", "Design": 2, "HarvestEW": 9, "HarvestNS": 14, "FieldPosition": "E09_N14", "Date/Time": "10/22/2025 11:56:30 AM", "Range": 14, "Row_Harvest": 10, "Weight (kg)": 0.375, "Quick Note": null, "Harvest Sequence": 228, "HarvestSource": "main", "HarvestDirection": "N_to_S", "Weight_kg_raw": 0.375, "HarvestIssue": false, "Weight_kg_analysis": 0.375, "HarvestDateTime": "2025-10-22T11:56:30", "Area_m2": 5.083654349550236 }, "geometry": { "type": "Polygon", "coordinates": [ [ [ 397122.54815706401132, 4435605.961654807440937 ], [ 397120.463325063989032, 4435605.961654807440937 ], [ 397120.463325063989032, 4435603.523254807107151 ], [ 397122.54815706401132, 4435603.523254807107151 ], [ 397122.54815706401132, 4435605.961654807440937 ] ] ] } },
{ "type": "Feature", "properties": { "Row": 2, "Col": 2, "Label": "LD11-2170", "X_start": 94.05, "Y_start": 110.0, "X_stop": 100.89, "Y_stop": 118.0, "BlockNum": 7, "Block": "B7", "PlotID": "B7_R2_C2", "Design": 2, "HarvestEW": 8, "HarvestNS": 14, "FieldPosition": "E08_N14", "Date/Time": "10/22/2025 11:45:27 AM", "Range": 14, "Row_Harvest": 9, "Weight (kg)": 0.78, "Quick Note": null, "Harvest Sequence": 207, "HarvestSource": "main", "HarvestDirection": "S_to_N", "Weight_kg_raw": 0.78, "HarvestIssue": false, "Weight_kg_analysis": 0.78, "HarvestDateTime": "2025-10-22T11:45:27", "Area_m2": 5.083654349550236 }, "geometry": { "type": "Polygon", "coordinates": [ [ [ 397120.463325063989032, 4435605.961654807440937 ], [ 397118.378493063966744, 4435605.961654807440937 ], [ 397118.378493063966744, 4435603.523254807107151 ], [ 397120.463325063989032, 4435603.523254807107151 ], [ 397120.463325063989032, 4435605.961654807440937 ] ] ] } },
{ "type": "Feature", "properties": { "Row": 2, "Col": 3, "Label": "AG29XF4", "X_start": 100.89, "Y_start": 110.0, "X_stop": 107.73, "Y_stop": 118.0, "BlockNum": 7, "Block": "B7", "PlotID": "B7_R2_C3", "Design": 2, "HarvestEW": 7, "HarvestNS": 14, "FieldPosition": "E07_N14", "Date/Time": "10/22/2025 11:31:59 AM", "Range": 14, "Row_Harvest": 8, "Weight (kg)": 1.385, "Quick Note": null, "Harvest Sequence": 180, "HarvestSource": "main", "HarvestDirection": "N_to_S", "Weight_kg_raw": 1.385, "HarvestIssue": false, "Weight_kg_analysis": 1.385, "HarvestDateTime": "2025-10-22T11:31:59", "Area_m2": 5.0836543494083024 }, "geometry": { "type": "Polygon", "coordinates": [ [ [ 397118.378493063966744, 4435605.961654807440937 ], [ 397116.293661064002663, 4435605.961654807440937 ], [ 397116.293661064002663, 4435603.523254807107151 ], [ 397118.378493063966744, 4435603.523254807107151 ], [ 397118.378493063966744, 4435605.961654807440937 ] ] ] } },
{ "type": "Feature", "properties": { "Row": 2, "Col": 4, "Label": "LD21-5253", "X_start": 107.72, "Y_start": 110.0, "X_stop": 114.56, "Y_stop": 118.0, "BlockNum": 7, "Block": "B7", "PlotID": "B7_R2_C4", "Design": 2, "HarvestEW": 6, "HarvestNS": 14, "FieldPosition": "E06_N14", "Date/Time": "10/22/2025 11:19:21 AM", "Range": 14, "Row_Harvest": 7, "Weight (kg)": 1.62, "Quick Note": null, "Harvest Sequence": 159, "HarvestSource": "main", "HarvestDirection": "S_to_N", "Weight_kg_raw": 1.62, "HarvestIssue": false, "Weight_kg_analysis": 1.62, "HarvestDateTime": "2025-10-22T11:19:21", "Area_m2": 5.083654349550236 }, "geometry": { "type": "Polygon", "coordinates": [ [ [ 397116.296709063986782, 4435605.961654807440937 ], [ 397114.211877063964494, 4435605.961654807440937 ], [ 397114.211877063964494, 4435603.523254807107151 ], [ 397116.296709063986782, 4435603.523254807107151 ], [ 397116.296709063986782, 4435605.961654807440937 ] ] ] } },
{ "type": "Feature", "properties": { "Row": 3, "Col": 0, "Label": "AG29XF5", "X_start": 80.37, "Y_start": 120.0, "X_stop": 87.21, "Y_stop": 128.0, "BlockNum": 7, "Block": "B7", "PlotID": "B7_R3_C0", "Design": 2, "HarvestEW": 10, "HarvestNS": 13, "FieldPosition": "E10_N13", "Date/Time": "10/22/2025 12:13:45 PM", "Range": 13, "Row_Harvest": 11, "Weight (kg)": 1.11, "Quick Note": null, "Harvest Sequence": 254, "HarvestSource": "main", "HarvestDirection": "S_to_N", "Weight_kg_raw": 1.11, "HarvestIssue": false, "Weight_kg_analysis": 1.11, "HarvestDateTime": "2025-10-22T12:13:45", "Area_m2": 5.0836543474666511 }, "geometry": { "type": "Polygon", "coordinates": [ [ [ 397124.632989063975401, 4435602.913654807023704 ], [ 397122.54815706401132, 4435602.913654807023704 ], [ 397122.54815706401132, 4435600.475254807621241 ], [ 397124.632989063975401, 4435600.475254807621241 ], [ 397124.632989063975401, 4435602.913654807023704 ] ] ] } },
{ "type": "Feature", "properties": { "Row": 3, "Col": 1, "Label": "LD20-4988", "X_start": 87.21, "Y_start": 120.0, "X_stop": 94.05, "Y_stop": 128.0, "BlockNum": 7, "Block": "B7", "PlotID": "B7_R3_C1", "Design": 2, "HarvestEW": 9, "HarvestNS": 13, "FieldPosition": "E09_N13", "Date/Time": "10/22/2025 11:56:55 AM", "Range": 13, "Row_Harvest": 10, "Weight (kg)": 0.9, "Quick Note": null, "Harvest Sequence": 229, "HarvestSource": "main", "HarvestDirection": "N_to_S", "Weight_kg_raw": 0.9, "HarvestIssue": false, "Weight_kg_analysis": 0.9, "HarvestDateTime": "2025-10-22T11:56:55", "Area_m2": 5.0836543476085847 }, "geometry": { "type": "Polygon", "coordinates": [ [ [ 397122.54815706401132, 4435602.913654807023704 ], [ 397120.463325063989032, 4435602.913654807023704 ], [ 397120.463325063989032, 4435600.475254807621241 ], [ 397122.54815706401132, 4435600.475254807621241 ], [ 397122.54815706401132, 4435602.913654807023704 ] ] ] } },
{ "type": "Feature", "properties": { "Row": 3, "Col": 2, "Label": "AG29XF4", "X_start": 94.05, "Y_start": 120.0, "X_stop": 100.89, "Y_stop": 128.0, "BlockNum": 7, "Block": "B7", "PlotID": "B7_R3_C2", "Design": 2, "HarvestEW": 8, "HarvestNS": 13, "FieldPosition": "E08_N13", "Date/Time": "10/22/2025 11:45:04 AM", "Range": 13, "Row_Harvest": 9, "Weight (kg)": 1.115, "Quick Note": null, "Harvest Sequence": 206, "HarvestSource": "main", "HarvestDirection": "S_to_N", "Weight_kg_raw": 1.115, "HarvestIssue": false, "Weight_kg_analysis": 1.115, "HarvestDateTime": "2025-10-22T11:45:04", "Area_m2": 5.0836543476085847 }, "geometry": { "type": "Polygon", "coordinates": [ [ [ 397120.463325063989032, 4435602.913654807023704 ], [ 397118.378493063966744, 4435602.913654807023704 ], [ 397118.378493063966744, 4435600.475254807621241 ], [ 397120.463325063989032, 4435600.475254807621241 ], [ 397120.463325063989032, 4435602.913654807023704 ] ] ] } },
{ "type": "Feature", "properties": { "Row": 3, "Col": 3, "Label": "LD22-4283", "X_start": 100.89, "Y_start": 120.0, "X_stop": 107.73, "Y_stop": 128.0, "BlockNum": 7, "Block": "B7", "PlotID": "B7_R3_C3", "Design": 2, "HarvestEW": 7, "HarvestNS": 13, "FieldPosition": "E07_N13", "Date/Time": "10/22/2025 11:32:24 AM", "Range": 13, "Row_Harvest": 8, "Weight (kg)": 0.675, "Quick Note": null, "Harvest Sequence": 181, "HarvestSource": "main", "HarvestDirection": "N_to_S", "Weight_kg_raw": 0.675, "HarvestIssue": false, "Weight_kg_analysis": 0.675, "HarvestDateTime": "2025-10-22T11:32:24", "Area_m2": 5.0836543474666511 }, "geometry": { "type": "Polygon", "coordinates": [ [ [ 397118.378493063966744, 4435602.913654807023704 ], [ 397116.293661064002663, 4435602.913654807023704 ], [ 397116.293661064002663, 4435600.475254807621241 ], [ 397118.378493063966744, 4435600.475254807621241 ], [ 397118.378493063966744, 4435602.913654807023704 ] ] ] } },
{ "type": "Feature", "properties": { "Row": 3, "Col": 4, "Label": "AG29XF5", "X_start": 107.72, "Y_start": 120.0, "X_stop": 114.56, "Y_stop": 128.0, "BlockNum": 7, "Block": "B7", "PlotID": "B7_R3_C4", "Design": 2, "HarvestEW": 6, "HarvestNS": 13, "FieldPosition": "E06_N13", "Date/Time": "10/22/2025 11:18:50 AM", "Range": 13, "Row_Harvest": 7, "Weight (kg)": 2.025, "Quick Note": null, "Harvest Sequence": 158, "HarvestSource": "main", "HarvestDirection": "S_to_N", "Weight_kg_raw": 2.025, "HarvestIssue": false, "Weight_kg_analysis": 2.025, "HarvestDateTime": "2025-10-22T11:18:50", "Area_m2": 5.0836543476085847 }, "geometry": { "type": "Polygon", "coordinates": [ [ [ 397116.296709063986782, 4435602.913654807023704 ], [ 397114.211877063964494, 4435602.913654807023704 ], [ 397114.211877063964494, 4435600.475254807621241 ], [ 397116.296709063986782, 4435600.475254807621241 ], [ 397116.296709063986782, 4435602.913654807023704 ] ] ] } },
{ "type": "Feature", "properties": { "Row": 4, "Col": 0, "Label": "LD20-4542", "X_start": 80.37, "Y_start": 130.0, "X_stop": 87.21, "Y_stop": 138.0, "BlockNum": 7, "Block": "B7", "PlotID": "B7_R4_C0", "Design": 2, "HarvestEW": 10, "HarvestNS": 12, "FieldPosition": "E10_N12", "Date/Time": "10/22/2025 12:13:08 PM", "Range": 12, "Row_Harvest": 11, "Weight (kg)": 1.075, "Quick Note": null, "Harvest Sequence": 253, "HarvestSource": "main", "HarvestDirection": "S_to_N", "Weight_kg_raw": 1.075, "HarvestIssue": false, "Weight_kg_analysis": 1.075, "HarvestDateTime": "2025-10-22T12:13:08", "Area_m2": 5.0836543494083024 }, "geometry": { "type": "Polygon", "coordinates": [ [ [ 397124.632989063975401, 4435599.865654807537794 ], [ 397122.54815706401132, 4435599.865654807537794 ], [ 397122.54815706401132, 4435597.427254807204008 ], [ 397124.632989063975401, 4435597.427254807204008 ], [ 397124.632989063975401, 4435599.865654807537794 ] ] ] } },
{ "type": "Feature", "properties": { "Row": 4, "Col": 1, "Label": "AG29XF4", "X_start": 87.21, "Y_start": 130.0, "X_stop": 94.05, "Y_stop": 138.0, "BlockNum": 7, "Block": "B7", "PlotID": "B7_R4_C1", "Design": 2, "HarvestEW": 9, "HarvestNS": 12, "FieldPosition": "E09_N12", "Date/Time": "10/22/2025 11:57:30 AM", "Range": 12, "Row_Harvest": 10, "Weight (kg)": 1.165, "Quick Note": null, "Harvest Sequence": 230, "HarvestSource": "main", "HarvestDirection": "N_to_S", "Weight_kg_raw": 1.165, "HarvestIssue": false, "Weight_kg_analysis": 1.165, "HarvestDateTime": "2025-10-22T11:57:30", "Area_m2": 5.083654349550236 }, "geometry": { "type": "Polygon", "coordinates": [ [ [ 397122.54815706401132, 4435599.865654807537794 ], [ 397120.463325063989032, 4435599.865654807537794 ], [ 397120.463325063989032, 4435597.427254807204008 ], [ 397122.54815706401132, 4435597.427254807204008 ], [ 397122.54815706401132, 4435599.865654807537794 ] ] ] } },
{ "type": "Feature", "properties": { "Row": 4, "Col": 2, "Label": "LD11-2170", "X_start": 94.05, "Y_start": 130.0, "X_stop": 100.89, "Y_stop": 138.0, "BlockNum": 7, "Block": "B7", "PlotID": "B7_R4_C2", "Design": 2, "HarvestEW": 8, "HarvestNS": 12, "FieldPosition": "E08_N12", "Date/Time": "10/22/2025 11:44:34 AM", "Range": 12, "Row_Harvest": 9, "Weight (kg)": 0.865, "Quick Note": null, "Harvest Sequence": 205, "HarvestSource": "main", "HarvestDirection": "S_to_N", "Weight_kg_raw": 0.865, "HarvestIssue": false, "Weight_kg_analysis": 0.865, "HarvestDateTime": "2025-10-22T11:44:34", "Area_m2": 5.083654349550236 }, "geometry": { "type": "Polygon", "coordinates": [ [ [ 397120.463325063989032, 4435599.865654807537794 ], [ 397118.378493063966744, 4435599.865654807537794 ], [ 397118.378493063966744, 4435597.427254807204008 ], [ 397120.463325063989032, 4435597.427254807204008 ], [ 397120.463325063989032, 4435599.865654807537794 ] ] ] } },
{ "type": "Feature", "properties": { "Row": 4, "Col": 3, "Label": "AG29XF5", "X_start": 100.89, "Y_start": 130.0, "X_stop": 107.73, "Y_stop": 138.0, "BlockNum": 7, "Block": "B7", "PlotID": "B7_R4_C3", "Design": 2, "HarvestEW": 7, "HarvestNS": 12, "FieldPosition": "E07_N12", "Date/Time": "10/22/2025 11:32:50 AM", "Range": 12, "Row_Harvest": 8, "Weight (kg)": 1.005, "Quick Note": null, "Harvest Sequence": 182, "HarvestSource": "main", "HarvestDirection": "N_to_S", "Weight_kg_raw": 1.005, "HarvestIssue": false, "Weight_kg_analysis": 1.005, "HarvestDateTime": "2025-10-22T11:32:50", "Area_m2": 5.0836543494083024 }, "geometry": { "type": "Polygon", "coordinates": [ [ [ 397118.378493063966744, 4435599.865654807537794 ], [ 397116.293661064002663, 4435599.865654807537794 ], [ 397116.293661064002663, 4435597.427254807204008 ], [ 397118.378493063966744, 4435597.427254807204008 ], [ 397118.378493063966744, 4435599.865654807537794 ] ] ] } },
{ "type": "Feature", "properties": { "Row": 4, "Col": 4, "Label": "LD20-5413", "X_start": 107.72, "Y_start": 130.0, "X_stop": 114.56, "Y_stop": 138.0, "BlockNum": 7, "Block": "B7", "PlotID": "B7_R4_C4", "Design": 2, "HarvestEW": 6, "HarvestNS": 12, "FieldPosition": "E06_N12", "Date/Time": "10/22/2025 11:18:23 AM", "Range": 12, "Row_Harvest": 7, "Weight (kg)": 1.545, "Quick Note": null, "Harvest Sequence": 157, "HarvestSource": "main", "HarvestDirection": "S_to_N", "Weight_kg_raw": 1.545, "HarvestIssue": false, "Weight_kg_analysis": 1.545, "HarvestDateTime": "2025-10-22T11:18:23", "Area_m2": 5.083654349550236 }, "geometry": { "type": "Polygon", "coordinates": [ [ [ 397116.296709063986782, 4435599.865654807537794 ], [ 397114.211877063964494, 4435599.865654807537794 ], [ 397114.211877063964494, 4435597.427254807204008 ], [ 397116.296709063986782, 4435597.427254807204008 ], [ 397116.296709063986782, 4435599.865654807537794 ] ] ] } },
{ "type": "Feature", "properties": { "Row": 5, "Col": 0, "Label": "AG29XF5", "X_start": 80.37, "Y_start": 140.0, "X_stop": 87.21, "Y_stop": 148.0, "BlockNum": 7, "Block": "B7", "PlotID": "B7_R5_C0", "Design": 2, "HarvestEW": 10, "HarvestNS": 11, "FieldPosition": "E10_N11", "Date/Time": "10/22/2025 12:12:44 PM", "Range": 11, "Row_Harvest": 11, "Weight (kg)": 1.495, "Quick Note": null, "Harvest Sequence": 252, "HarvestSource": "main", "HarvestDirection": "S_to_N", "Weight_kg_raw": 1.495, "HarvestIssue": false, "Weight_kg_analysis": 1.495, "HarvestDateTime": "2025-10-22T12:12:44", "Area_m2": 5.0836543474666511 }, "geometry": { "type": "Polygon", "coordinates": [ [ [ 397124.632989063975401, 4435596.817654807120562 ], [ 397122.54815706401132, 4435596.817654807120562 ], [ 397122.54815706401132, 4435594.379254807718098 ], [ 397124.632989063975401, 4435594.379254807718098 ], [ 397124.632989063975401, 4435596.817654807120562 ] ] ] } },
{ "type": "Feature", "properties": { "Row": 5, "Col": 1, "Label": "LD20-4988", "X_start": 87.21, "Y_start": 140.0, "X_stop": 94.05, "Y_stop": 148.0, "BlockNum": 7, "Block": "B7", "PlotID": "B7_R5_C1", "Design": 2, "HarvestEW": 9, "HarvestNS": 11, "FieldPosition": "E09_N11", "Date/Time": "10/22/2025 11:57:55 AM", "Range": 11, "Row_Harvest": 10, "Weight (kg)": 0.74, "Quick Note": null, "Harvest Sequence": 231, "HarvestSource": "main", "HarvestDirection": "N_to_S", "Weight_kg_raw": 0.74, "HarvestIssue": false, "Weight_kg_analysis": 0.74, "HarvestDateTime": "2025-10-22T11:57:55", "Area_m2": 5.0836543476085847 }, "geometry": { "type": "Polygon", "coordinates": [ [ [ 397122.54815706401132, 4435596.817654807120562 ], [ 397120.463325063989032, 4435596.817654807120562 ], [ 397120.463325063989032, 4435594.379254807718098 ], [ 397122.54815706401132, 4435594.379254807718098 ], [ 397122.54815706401132, 4435596.817654807120562 ] ] ] } },
{ "type": "Feature", "properties": { "Row": 5, "Col": 2, "Label": "AG29XF4", "X_start": 94.05, "Y_start": 140.0, "X_stop": 100.89, "Y_stop": 148.0, "BlockNum": 7, "Block": "B7", "PlotID": "B7_R5_C2", "Design": 2, "HarvestEW": 8, "HarvestNS": 11, "FieldPosition": "E08_N11", "Date/Time": "10/22/2025 11:44:04 AM", "Range": 11, "Row_Harvest": 9, "Weight (kg)": 0.755, "Quick Note": null, "Harvest Sequence": 204, "HarvestSource": "main", "HarvestDirection": "S_to_N", "Weight_kg_raw": 0.755, "HarvestIssue": false, "Weight_kg_analysis": 0.755, "HarvestDateTime": "2025-10-22T11:44:04", "Area_m2": 5.0836543476085847 }, "geometry": { "type": "Polygon", "coordinates": [ [ [ 397120.463325063989032, 4435596.817654807120562 ], [ 397118.378493063966744, 4435596.817654807120562 ], [ 397118.378493063966744, 4435594.379254807718098 ], [ 397120.463325063989032, 4435594.379254807718098 ], [ 397120.463325063989032, 4435596.817654807120562 ] ] ] } },
{ "type": "Feature", "properties": { "Row": 5, "Col": 3, "Label": "LD21-5253", "X_start": 100.89, "Y_start": 140.0, "X_stop": 107.73, "Y_stop": 148.0, "BlockNum": 7, "Block": "B7", "PlotID": "B7_R5_C3", "Design": 2, "HarvestEW": 7, "HarvestNS": 11, "FieldPosition": "E07_N11", "Date/Time": "10/22/2025 11:33:12 AM", "Range": 11, "Row_Harvest": 8, "Weight (kg)": 0.62, "Quick Note": null, "Harvest Sequence": 183, "HarvestSource": "main", "HarvestDirection": "N_to_S", "Weight_kg_raw": 0.62, "HarvestIssue": false, "Weight_kg_analysis": 0.62, "HarvestDateTime": "2025-10-22T11:33:12", "Area_m2": 5.0836543474666511 }, "geometry": { "type": "Polygon", "coordinates": [ [ [ 397118.378493063966744, 4435596.817654807120562 ], [ 397116.293661064002663, 4435596.817654807120562 ], [ 397116.293661064002663, 4435594.379254807718098 ], [ 397118.378493063966744, 4435594.379254807718098 ], [ 397118.378493063966744, 4435596.817654807120562 ] ] ] } },
{ "type": "Feature", "properties": { "Row": 5, "Col": 4, "Label": "AG29XF5", "X_start": 107.72, "Y_start": 140.0, "X_stop": 114.56, "Y_stop": 148.0, "BlockNum": 7, "Block": "B7", "PlotID": "B7_R5_C4", "Design": 2, "HarvestEW": 6, "HarvestNS": 11, "FieldPosition": "E06_N11", "Date/Time": "10/22/2025 11:17:55 AM", "Range": 11, "Row_Harvest": 7, "Weight (kg)": 2.02, "Quick Note": null, "Harvest Sequence": 156, "HarvestSource": "main", "HarvestDirection": "S_to_N", "Weight_kg_raw": 2.02, "HarvestIssue": false, "Weight_kg_analysis": 2.02, "HarvestDateTime": "2025-10-22T11:17:55", "Area_m2": 5.0836543476085847 }, "geometry": { "type": "Polygon", "coordinates": [ [ [ 397116.296709063986782, 4435596.817654807120562 ], [ 397114.211877063964494, 4435596.817654807120562 ], [ 397114.211877063964494, 4435594.379254807718098 ], [ 397116.296709063986782, 4435594.379254807718098 ], [ 397116.296709063986782, 4435596.817654807120562 ] ] ] } },
{ "type": "Feature", "properties": { "Row": 6, "Col": 0, "Label": "LD20-5738", "X_start": 80.37, "Y_start": 150.0, "X_stop": 87.21, "Y_stop": 158.0, "BlockNum": 7, "Block": "B7", "PlotID": "B7_R6_C0", "Design": 2, "HarvestEW": 10, "HarvestNS": 10, "FieldPosition": "E10_N10", "Date/Time": "10/22/2025 12:12:13 PM", "Range": 10, "Row_Harvest": 11, "Weight (kg)": 0.865, "Quick Note": null, "Harvest Sequence": 251, "HarvestSource": "main", "HarvestDirection": "S_to_N", "Weight_kg_raw": 0.865, "HarvestIssue": false, "Weight_kg_analysis": 0.865, "HarvestDateTime": "2025-10-22T12:12:13", "Area_m2": 5.0836543494083024 }, "geometry": { "type": "Polygon", "coordinates": [ [ [ 397124.632989063975401, 4435593.769654807634652 ], [ 397122.54815706401132, 4435593.769654807634652 ], [ 397122.54815706401132, 4435591.331254807300866 ], [ 397124.632989063975401, 4435591.331254807300866 ], [ 397124.632989063975401, 4435593.769654807634652 ] ] ] } },
{ "type": "Feature", "properties": { "Row": 6, "Col": 1, "Label": "AG29XF4", "X_start": 87.21, "Y_start": 150.0, "X_stop": 94.05, "Y_stop": 158.0, "BlockNum": 7, "Block": "B7", "PlotID": "B7_R6_C1", "Design": 2, "HarvestEW": 9, "HarvestNS": 10, "FieldPosition": "E09_N10", "Date/Time": "10/22/2025 11:58:25 AM", "Range": 10, "Row_Harvest": 10, "Weight (kg)": 1.76, "Quick Note": null, "Harvest Sequence": 232, "HarvestSource": "main", "HarvestDirection": "N_to_S", "Weight_kg_raw": 1.76, "HarvestIssue": false, "Weight_kg_analysis": 1.76, "HarvestDateTime": "2025-10-22T11:58:25", "Area_m2": 5.083654349550236 }, "geometry": { "type": "Polygon", "coordinates": [ [ [ 397122.54815706401132, 4435593.769654807634652 ], [ 397120.463325063989032, 4435593.769654807634652 ], [ 397120.463325063989032, 4435591.331254807300866 ], [ 397122.54815706401132, 4435591.331254807300866 ], [ 397122.54815706401132, 4435593.769654807634652 ] ] ] } },
{ "type": "Feature", "properties": { "Row": 6, "Col": 2, "Label": "LD20-4471", "X_start": 94.05, "Y_start": 150.0, "X_stop": 100.89, "Y_stop": 158.0, "BlockNum": 7, "Block": "B7", "PlotID": "B7_R6_C2", "Design": 2, "HarvestEW": 8, "HarvestNS": 10, "FieldPosition": "E08_N10", "Date/Time": "10/22/2025 11:43:33 AM", "Range": 10, "Row_Harvest": 9, "Weight (kg)": 1.065, "Quick Note": null, "Harvest Sequence": 203, "HarvestSource": "main", "HarvestDirection": "S_to_N", "Weight_kg_raw": 1.065, "HarvestIssue": false, "Weight_kg_analysis": 1.065, "HarvestDateTime": "2025-10-22T11:43:33", "Area_m2": 5.083654349550236 }, "geometry": { "type": "Polygon", "coordinates": [ [ [ 397120.463325063989032, 4435593.769654807634652 ], [ 397118.378493063966744, 4435593.769654807634652 ], [ 397118.378493063966744, 4435591.331254807300866 ], [ 397120.463325063989032, 4435591.331254807300866 ], [ 397120.463325063989032, 4435593.769654807634652 ] ] ] } },
{ "type": "Feature", "properties": { "Row": 6, "Col": 3, "Label": "AG29XF5", "X_start": 100.89, "Y_start": 150.0, "X_stop": 107.73, "Y_stop": 158.0, "BlockNum": 7, "Block": "B7", "PlotID": "B7_R6_C3", "Design": 2, "HarvestEW": 7, "HarvestNS": 10, "FieldPosition": "E07_N10", "Date/Time": "10/22/2025 11:33:36 AM", "Range": 10, "Row_Harvest": 8, "Weight (kg)": 1.05, "Quick Note": null, "Harvest Sequence": 184, "HarvestSource": "main", "HarvestDirection": "N_to_S", "Weight_kg_raw": 1.05, "HarvestIssue": false, "Weight_kg_analysis": 1.05, "HarvestDateTime": "2025-10-22T11:33:36", "Area_m2": 5.0836543494083024 }, "geometry": { "type": "Polygon", "coordinates": [ [ [ 397118.378493063966744, 4435593.769654807634652 ], [ 397116.293661064002663, 4435593.769654807634652 ], [ 397116.293661064002663, 4435591.331254807300866 ], [ 397118.378493063966744, 4435591.331254807300866 ], [ 397118.378493063966744, 4435593.769654807634652 ] ] ] } },
{ "type": "Feature", "properties": { "Row": 6, "Col": 4, "Label": "LD21-7234", "X_start": 107.72, "Y_start": 150.0, "X_stop": 114.56, "Y_stop": 158.0, "BlockNum": 7, "Block": "B7", "PlotID": "B7_R6_C4", "Design": 2, "HarvestEW": 6, "HarvestNS": 10, "FieldPosition": "E06_N10", "Date/Time": "10/22/2025 11:17:29 AM", "Range": 10, "Row_Harvest": 7, "Weight (kg)": 1.44, "Quick Note": null, "Harvest Sequence": 155, "HarvestSource": "main", "HarvestDirection": "S_to_N", "Weight_kg_raw": 1.44, "HarvestIssue": false, "Weight_kg_analysis": 1.44, "HarvestDateTime": "2025-10-22T11:17:29", "Area_m2": 5.083654349550236 }, "geometry": { "type": "Polygon", "coordinates": [ [ [ 397116.296709063986782, 4435593.769654807634652 ], [ 397114.211877063964494, 4435593.769654807634652 ], [ 397114.211877063964494, 4435591.331254807300866 ], [ 397116.296709063986782, 4435591.331254807300866 ], [ 397116.296709063986782, 4435593.769654807634652 ] ] ] } },
{ "type": "Feature", "properties": { "Row": 7, "Col": 0, "Label": "AG29XF4", "X_start": 80.37, "Y_start": 160.0, "X_stop": 87.21, "Y_stop": 168.0, "BlockNum": 7, "Block": "B7", "PlotID": "B7_R7_C0", "Design": 2, "HarvestEW": 10, "HarvestNS": 9, "FieldPosition": "E10_N09", "Date/Time": "10/22/2025 12:11:43 PM", "Range": 9, "Row_Harvest": 11, "Weight (kg)": 0.965, "Quick Note": null, "Harvest Sequence": 250, "HarvestSource": "main", "HarvestDirection": "S_to_N", "Weight_kg_raw": 0.965, "HarvestIssue": false, "Weight_kg_analysis": 0.965, "HarvestDateTime": "2025-10-22T12:11:43", "Area_m2": 5.0836543474666511 }, "geometry": { "type": "Polygon", "coordinates": [ [ [ 397124.632989063975401, 4435590.721654807217419 ], [ 397122.54815706401132, 4435590.721654807217419 ], [ 397122.54815706401132, 4435588.283254807814956 ], [ 397124.632989063975401, 4435588.283254807814956 ], [ 397124.632989063975401, 4435590.721654807217419 ] ] ] } },
{ "type": "Feature", "properties": { "Row": 7, "Col": 1, "Label": "LD11-2170", "X_start": 87.21, "Y_start": 160.0, "X_stop": 94.05, "Y_stop": 168.0, "BlockNum": 7, "Block": "B7", "PlotID": "B7_R7_C1", "Design": 2, "HarvestEW": 9, "HarvestNS": 9, "FieldPosition": "E09_N09", "Date/Time": "10/22/2025 11:58:57 AM", "Range": 9, "Row_Harvest": 10, "Weight (kg)": 0.645, "Quick Note": null, "Harvest Sequence": 233, "HarvestSource": "main", "HarvestDirection": "N_to_S", "Weight_kg_raw": 0.645, "HarvestIssue": false, "Weight_kg_analysis": 0.645, "HarvestDateTime": "2025-10-22T11:58:57", "Area_m2": 5.0836543476085847 }, "geometry": { "type": "Polygon", "coordinates": [ [ [ 397122.54815706401132, 4435590.721654807217419 ], [ 397120.463325063989032, 4435590.721654807217419 ], [ 397120.463325063989032, 4435588.283254807814956 ], [ 397122.54815706401132, 4435588.283254807814956 ], [ 397122.54815706401132, 4435590.721654807217419 ] ] ] } },
{ "type": "Feature", "properties": { "Row": 7, "Col": 2, "Label": "AG29XF5", "X_start": 94.05, "Y_start": 160.0, "X_stop": 100.89, "Y_stop": 168.0, "BlockNum": 7, "Block": "B7", "PlotID": "B7_R7_C2", "Design": 2, "HarvestEW": 8, "HarvestNS": 9, "FieldPosition": "E08_N09", "Date/Time": "10/22/2025 11:43:07 AM", "Range": 9, "Row_Harvest": 9, "Weight (kg)": 0.77, "Quick Note": null, "Harvest Sequence": 202, "HarvestSource": "main", "HarvestDirection": "S_to_N", "Weight_kg_raw": 0.77, "HarvestIssue": false, "Weight_kg_analysis": 0.77, "HarvestDateTime": "2025-10-22T11:43:07", "Area_m2": 5.0836543476085847 }, "geometry": { "type": "Polygon", "coordinates": [ [ [ 397120.463325063989032, 4435590.721654807217419 ], [ 397118.378493063966744, 4435590.721654807217419 ], [ 397118.378493063966744, 4435588.283254807814956 ], [ 397120.463325063989032, 4435588.283254807814956 ], [ 397120.463325063989032, 4435590.721654807217419 ] ] ] } },
{ "type": "Feature", "properties": { "Row": 7, "Col": 3, "Label": "LD20-5413", "X_start": 100.89, "Y_start": 160.0, "X_stop": 107.73, "Y_stop": 168.0, "BlockNum": 7, "Block": "B7", "PlotID": "B7_R7_C3", "Design": 2, "HarvestEW": 7, "HarvestNS": 9, "FieldPosition": "E07_N09", "Date/Time": "10/22/2025 11:33:59 AM", "Range": 9, "Row_Harvest": 8, "Weight (kg)": 0.66, "Quick Note": null, "Harvest Sequence": 185, "HarvestSource": "main", "HarvestDirection": "N_to_S", "Weight_kg_raw": 0.66, "HarvestIssue": false, "Weight_kg_analysis": 0.66, "HarvestDateTime": "2025-10-22T11:33:59", "Area_m2": 5.0836543474666511 }, "geometry": { "type": "Polygon", "coordinates": [ [ [ 397118.378493063966744, 4435590.721654807217419 ], [ 397116.293661064002663, 4435590.721654807217419 ], [ 397116.293661064002663, 4435588.283254807814956 ], [ 397118.378493063966744, 4435588.283254807814956 ], [ 397118.378493063966744, 4435590.721654807217419 ] ] ] } },
{ "type": "Feature", "properties": { "Row": 7, "Col": 4, "Label": "AG29XF4", "X_start": 107.72, "Y_start": 160.0, "X_stop": 114.56, "Y_stop": 168.0, "BlockNum": 7, "Block": "B7", "PlotID": "B7_R7_C4", "Design": 2, "HarvestEW": 6, "HarvestNS": 9, "FieldPosition": "E06_N09", "Date/Time": "10/22/2025 11:17:04 AM", "Range": 9, "Row_Harvest": 7, "Weight (kg)": 1.825, "Quick Note": null, "Harvest Sequence": 154, "HarvestSource": "main", "HarvestDirection": "S_to_N", "Weight_kg_raw": 1.825, "HarvestIssue": false, "Weight_kg_analysis": 1.825, "HarvestDateTime": "2025-10-22T11:17:04", "Area_m2": 5.0836543476085847 }, "geometry": { "type": "Polygon", "coordinates": [ [ [ 397116.296709063986782, 4435590.721654807217419 ], [ 397114.211877063964494, 4435590.721654807217419 ], [ 397114.211877063964494, 4435588.283254807814956 ], [ 397116.296709063986782, 4435588.283254807814956 ], [ 397116.296709063986782, 4435590.721654807217419 ] ] ] } },
{ "type": "Feature", "properties": { "Row": 0, "Col": 0, "Label": "LD17-10473L", "X_start": 115.81, "Y_start": 90.0, "X_stop": 122.65, "Y_stop": 98.0, "BlockNum": 8, "Block": "B8", "PlotID": "B8_R0_C0", "Design": 3, "HarvestEW": 5, "HarvestNS": 16, "FieldPosition": "E05_N16", "Date/Time": "10/22/2025 11:05:11 AM", "Range": 16, "Row_Harvest": 6, "Weight (kg)": 1.1, "Quick Note": null, "Harvest Sequence": 130, "HarvestSource": "main", "HarvestDirection": "N_to_S", "Weight_kg_raw": 1.1, "HarvestIssue": false, "Weight_kg_analysis": 1.1, "HarvestDateTime": "2025-10-22T11:05:11", "Area_m2": 5.0836543494083024 }, "geometry": { "type": "Polygon", "coordinates": [ [ [ 397113.830877063970547, 4435612.057654807344079 ], [ 397111.746045064006466, 4435612.057654807344079 ], [ 397111.746045064006466, 4435609.619254807010293 ], [ 397113.830877063970547, 4435609.619254807010293 ], [ 397113.830877063970547, 4435612.057654807344079 ] ] ] } },
{ "type": "Feature", "properties": { "Row": 0, "Col": 1, "Label": "LG3216", "X_start": 122.65, "Y_start": 90.0, "X_stop": 129.49, "Y_stop": 98.0, "BlockNum": 8, "Block": "B8", "PlotID": "B8_R0_C1", "Design": 3, "HarvestEW": 4, "HarvestNS": 16, "FieldPosition": "E04_N16", "Date/Time": "10/22/2025 10:56:14 AM", "Range": 16, "Row_Harvest": 5, "Weight (kg)": 0.965, "Quick Note": null, "Harvest Sequence": 113, "HarvestSource": "main", "HarvestDirection": "S_to_N", "Weight_kg_raw": 0.965, "HarvestIssue": false, "Weight_kg_analysis": 0.965, "HarvestDateTime": "2025-10-22T10:56:14", "Area_m2": 5.083654349550236 }, "geometry": { "type": "Polygon", "coordinates": [ [ [ 397111.746045064006466, 4435612.057654807344079 ], [ 397109.661213063984178, 4435612.057654807344079 ], [ 397109.661213063984178, 4435609.619254807010293 ], [ 397111.746045064006466, 4435609.619254807010293 ], [ 397111.746045064006466, 4435612.057654807344079 ] ] ] } },
{ "type": "Feature", "properties": { "Row": 0, "Col": 2, "Label": "LD20-4988", "X_start": 129.49, "Y_start": 90.0, "X_stop": 136.33, "Y_stop": 98.0, "BlockNum": 8, "Block": "B8", "PlotID": "B8_R0_C2", "Design": 3, "HarvestEW": 3, "HarvestNS": 16, "FieldPosition": "E03_N16", "Date/Time": "10/22/2025 10:39:29 AM", "Range": 16, "Row_Harvest": 4, "Weight (kg)": 1.15, "Quick Note": null, "Harvest Sequence": 82, "HarvestSource": "main", "HarvestDirection": "N_to_S", "Weight_kg_raw": 1.15, "HarvestIssue": false, "Weight_kg_analysis": 1.15, "HarvestDateTime": "2025-10-22T10:39:29", "Area_m2": 5.083654349550236 }, "geometry": { "type": "Polygon", "coordinates": [ [ [ 397109.661213063984178, 4435612.057654807344079 ], [ 397107.57638106396189, 4435612.057654807344079 ], [ 397107.57638106396189, 4435609.619254807010293 ], [ 397109.661213063984178, 4435609.619254807010293 ], [ 397109.661213063984178, 4435612.057654807344079 ] ] ] } },
{ "type": "Feature", "properties": { "Row": 0, "Col": 3, "Label": "LG3216", "X_start": 136.32, "Y_start": 90.0, "X_stop": 143.16, "Y_stop": 98.0, "BlockNum": 8, "Block": "B8", "PlotID": "B8_R0_C3", "Design": 3, "HarvestEW": 2, "HarvestNS": 16, "FieldPosition": "E02_N16", "Date/Time": "10/22/2025 10:29:42 AM", "Range": 16, "Row_Harvest": 3, "Weight (kg)": 1.41, "Quick Note": null, "Harvest Sequence": 65, "HarvestSource": "main", "HarvestDirection": "S_to_N", "Weight_kg_raw": 1.41, "HarvestIssue": false, "Weight_kg_analysis": 1.41, "HarvestDateTime": "2025-10-22T10:29:42", "Area_m2": 5.083654349550236 }, "geometry": { "type": "Polygon", "coordinates": [ [ [ 397107.579429064004216, 4435612.057654807344079 ], [ 397105.494597063981928, 4435612.057654807344079 ], [ 397105.494597063981928, 4435609.619254807010293 ], [ 397107.579429064004216, 4435609.619254807010293 ], [ 397107.579429064004216, 4435612.057654807344079 ] ] ] } },
{ "type": "Feature", "properties": { "Row": 0, "Col": 4, "Label": "LD20-5738", "X_start": 143.16, "Y_start": 90.0, "X_stop": 150.0, "Y_stop": 98.0, "BlockNum": 8, "Block": "B8", "PlotID": "B8_R0_C4", "Design": 3, "HarvestEW": 1, "HarvestNS": 16, "FieldPosition": "E01_N16", "Date/Time": "10/22/2025 10:07:17 AM", "Range": 16, "Row_Harvest": 2, "Weight (kg)": 1.33, "Quick Note": null, "Harvest Sequence": 34, "HarvestSource": "main", "HarvestDirection": "N_to_S", "Weight_kg_raw": 1.33, "HarvestIssue": false, "Weight_kg_analysis": 1.33, "HarvestDateTime": "2025-10-22T10:07:17", "Area_m2": 5.0836543494083024 }, "geometry": { "type": "Polygon", "coordinates": [ [ [ 397105.494597063981928, 4435612.057654807344079 ], [ 397103.409765064017847, 4435612.057654807344079 ], [ 397103.409765064017847, 4435609.619254807010293 ], [ 397105.494597063981928, 4435609.619254807010293 ], [ 397105.494597063981928, 4435612.057654807344079 ] ] ] } },
{ "type": "Feature", "properties": { "Row": 1, "Col": 0, "Label": "LG3216", "X_start": 115.81, "Y_start": 100.0, "X_stop": 122.65, "Y_stop": 108.0, "BlockNum": 8, "Block": "B8", "PlotID": "B8_R1_C0", "Design": 3, "HarvestEW": 5, "HarvestNS": 15, "FieldPosition": "E05_N15", "Date/Time": "10/22/2025 11:05:39 AM", "Range": 15, "Row_Harvest": 6, "Weight (kg)": 1.135, "Quick Note": null, "Harvest Sequence": 131, "HarvestSource": "main", "HarvestDirection": "N_to_S", "Weight_kg_raw": 1.135, "HarvestIssue": false, "Weight_kg_analysis": 1.135, "HarvestDateTime": "2025-10-22T11:05:39", "Area_m2": 5.0836543474666511 }, "geometry": { "type": "Polygon", "coordinates": [ [ [ 397113.830877063970547, 4435609.009654806926847 ], [ 397111.746045064006466, 4435609.009654806926847 ], [ 397111.746045064006466, 4435606.571254807524383 ], [ 397113.830877063970547, 4435606.571254807524383 ], [ 397113.830877063970547, 4435609.009654806926847 ] ] ] } },
{ "type": "Feature", "properties": { "Row": 1, "Col": 1, "Label": "LD19-10076", "X_start": 122.65, "Y_start": 100.0, "X_stop": 129.49, "Y_stop": 108.0, "BlockNum": 8, "Block": "B8", "PlotID": "B8_R1_C1", "Design": 3, "HarvestEW": 4, "HarvestNS": 15, "FieldPosition": "E04_N15", "Date/Time": "10/22/2025 10:55:43 AM", "Range": 15, "Row_Harvest": 5, "Weight (kg)": 1.42, "Quick Note": null, "Harvest Sequence": 112, "HarvestSource": "main", "HarvestDirection": "S_to_N", "Weight_kg_raw": 1.42, "HarvestIssue": false, "Weight_kg_analysis": 1.42, "HarvestDateTime": "2025-10-22T10:55:43", "Area_m2": 5.0836543476085847 }, "geometry": { "type": "Polygon", "coordinates": [ [ [ 397111.746045064006466, 4435609.009654806926847 ], [ 397109.661213063984178, 4435609.009654806926847 ], [ 397109.661213063984178, 4435606.571254807524383 ], [ 397111.746045064006466, 4435606.571254807524383 ], [ 397111.746045064006466, 4435609.009654806926847 ] ] ] } },
{ "type": "Feature", "properties": { "Row": 1, "Col": 2, "Label": "LG3216", "X_start": 129.49, "Y_start": 100.0, "X_stop": 136.33, "Y_stop": 108.0, "BlockNum": 8, "Block": "B8", "PlotID": "B8_R1_C2", "Design": 3, "HarvestEW": 3, "HarvestNS": 15, "FieldPosition": "E03_N15", "Date/Time": "10/22/2025 10:39:57 AM", "Range": 15, "Row_Harvest": 4, "Weight (kg)": 1.89, "Quick Note": null, "Harvest Sequence": 83, "HarvestSource": "main", "HarvestDirection": "N_to_S", "Weight_kg_raw": 1.89, "HarvestIssue": false, "Weight_kg_analysis": 1.89, "HarvestDateTime": "2025-10-22T10:39:57", "Area_m2": 5.0836543476085847 }, "geometry": { "type": "Polygon", "coordinates": [ [ [ 397109.661213063984178, 4435609.009654806926847 ], [ 397107.57638106396189, 4435609.009654806926847 ], [ 397107.57638106396189, 4435606.571254807524383 ], [ 397109.661213063984178, 4435606.571254807524383 ], [ 397109.661213063984178, 4435609.009654806926847 ] ] ] } },
{ "type": "Feature", "properties": { "Row": 1, "Col": 3, "Label": "LD20-11748", "X_start": 136.32, "Y_start": 100.0, "X_stop": 143.16, "Y_stop": 108.0, "BlockNum": 8, "Block": "B8", "PlotID": "B8_R1_C3", "Design": 3, "HarvestEW": 2, "HarvestNS": 15, "FieldPosition": "E02_N15", "Date/Time": "10/22/2025 10:29:08 AM", "Range": 15, "Row_Harvest": 3, "Weight (kg)": 1.135, "Quick Note": null, "Harvest Sequence": 64, "HarvestSource": "main", "HarvestDirection": "S_to_N", "Weight_kg_raw": 1.135, "HarvestIssue": false, "Weight_kg_analysis": 1.135, "HarvestDateTime": "2025-10-22T10:29:08", "Area_m2": 5.0836543476085847 }, "geometry": { "type": "Polygon", "coordinates": [ [ [ 397107.579429064004216, 4435609.009654806926847 ], [ 397105.494597063981928, 4435609.009654806926847 ], [ 397105.494597063981928, 4435606.571254807524383 ], [ 397107.579429064004216, 4435606.571254807524383 ], [ 397107.579429064004216, 4435609.009654806926847 ] ] ] } },
{ "type": "Feature", "properties": { "Row": 1, "Col": 4, "Label": "LG3216", "X_start": 143.16, "Y_start": 100.0, "X_stop": 150.0, "Y_stop": 108.0, "BlockNum": 8, "Block": "B8", "PlotID": "B8_R1_C4", "Design": 3, "HarvestEW": 1, "HarvestNS": 15, "FieldPosition": "E01_N15", "Date/Time": "10/22/2025 10:07:56 AM", "Range": 15, "Row_Harvest": 2, "Weight (kg)": 1.58, "Quick Note": null, "Harvest Sequence": 35, "HarvestSource": "main", "HarvestDirection": "N_to_S", "Weight_kg_raw": 1.58, "HarvestIssue": false, "Weight_kg_analysis": 1.58, "HarvestDateTime": "2025-10-22T10:07:56", "Area_m2": 5.0836543474666511 }, "geometry": { "type": "Polygon", "coordinates": [ [ [ 397105.494597063981928, 4435609.009654806926847 ], [ 397103.409765064017847, 4435609.009654806926847 ], [ 397103.409765064017847, 4435606.571254807524383 ], [ 397105.494597063981928, 4435606.571254807524383 ], [ 397105.494597063981928, 4435609.009654806926847 ] ] ] } },
{ "type": "Feature", "properties": { "Row": 2, "Col": 0, "Label": "LD21-5991", "X_start": 115.81, "Y_start": 110.0, "X_stop": 122.65, "Y_stop": 118.0, "BlockNum": 8, "Block": "B8", "PlotID": "B8_R2_C0", "Design": 3, "HarvestEW": 5, "HarvestNS": 14, "FieldPosition": "E05_N14", "Date/Time": "10/22/2025 11:06:07 AM", "Range": 14, "Row_Harvest": 6, "Weight (kg)": 1.27, "Quick Note": null, "Harvest Sequence": 132, "HarvestSource": "main", "HarvestDirection": "N_to_S", "Weight_kg_raw": 1.27, "HarvestIssue": false, "Weight_kg_analysis": 1.27, "HarvestDateTime": "2025-10-22T11:06:07", "Area_m2": 5.0836543494083024 }, "geometry": { "type": "Polygon", "coordinates": [ [ [ 397113.830877063970547, 4435605.961654807440937 ], [ 397111.746045064006466, 4435605.961654807440937 ], [ 397111.746045064006466, 4435603.523254807107151 ], [ 397113.830877063970547, 4435603.523254807107151 ], [ 397113.830877063970547, 4435605.961654807440937 ] ] ] } },
{ "type": "Feature", "properties": { "Row": 2, "Col": 1, "Label": "LG3216", "X_start": 122.65, "Y_start": 110.0, "X_stop": 129.49, "Y_stop": 118.0, "BlockNum": 8, "Block": "B8", "PlotID": "B8_R2_C1", "Design": 3, "HarvestEW": 4, "HarvestNS": 14, "FieldPosition": "E04_N14", "Date/Time": "10/22/2025 10:54:59 AM", "Range": 14, "Row_Harvest": 5, "Weight (kg)": 1.2, "Quick Note": null, "Harvest Sequence": 111, "HarvestSource": "main", "HarvestDirection": "S_to_N", "Weight_kg_raw": 1.2, "HarvestIssue": false, "Weight_kg_analysis": 1.2, "HarvestDateTime": "2025-10-22T10:54:59", "Area_m2": 5.083654349550236 }, "geometry": { "type": "Polygon", "coordinates": [ [ [ 397111.746045064006466, 4435605.961654807440937 ], [ 397109.661213063984178, 4435605.961654807440937 ], [ 397109.661213063984178, 4435603.523254807107151 ], [ 397111.746045064006466, 4435603.523254807107151 ], [ 397111.746045064006466, 4435605.961654807440937 ] ] ] } },
{ "type": "Feature", "properties": { "Row": 2, "Col": 2, "Label": "LD21-5253", "X_start": 129.49, "Y_start": 110.0, "X_stop": 136.33, "Y_stop": 118.0, "BlockNum": 8, "Block": "B8", "PlotID": "B8_R2_C2", "Design": 3, "HarvestEW": 3, "HarvestNS": 14, "FieldPosition": "E03_N14", "Date/Time": "10/22/2025 10:40:29 AM", "Range": 14, "Row_Harvest": 4, "Weight (kg)": 1.245, "Quick Note": null, "Harvest Sequence": 84, "HarvestSource": "main", "HarvestDirection": "N_to_S", "Weight_kg_raw": 1.245, "HarvestIssue": false, "Weight_kg_analysis": 1.245, "HarvestDateTime": "2025-10-22T10:40:29", "Area_m2": 5.083654349550236 }, "geometry": { "type": "Polygon", "coordinates": [ [ [ 397109.661213063984178, 4435605.961654807440937 ], [ 397107.57638106396189, 4435605.961654807440937 ], [ 397107.57638106396189, 4435603.523254807107151 ], [ 397109.661213063984178, 4435603.523254807107151 ], [ 397109.661213063984178, 4435605.961654807440937 ] ] ] } },
{ "type": "Feature", "properties": { "Row": 2, "Col": 3, "Label": "LG3216", "X_start": 136.32, "Y_start": 110.0, "X_stop": 143.16, "Y_stop": 118.0, "BlockNum": 8, "Block": "B8", "PlotID": "B8_R2_C3", "Design": 3, "HarvestEW": 2, "HarvestNS": 14, "FieldPosition": "E02_N14", "Date/Time": "10/22/2025 10:28:26 AM", "Range": 14, "Row_Harvest": 3, "Weight (kg)": 1.01, "Quick Note": null, "Harvest Sequence": 63, "HarvestSource": "main", "HarvestDirection": "S_to_N", "Weight_kg_raw": 1.01, "HarvestIssue": false, "Weight_kg_analysis": 1.01, "HarvestDateTime": "2025-10-22T10:28:26", "Area_m2": 5.083654349550236 }, "geometry": { "type": "Polygon", "coordinates": [ [ [ 397107.579429064004216, 4435605.961654807440937 ], [ 397105.494597063981928, 4435605.961654807440937 ], [ 397105.494597063981928, 4435603.523254807107151 ], [ 397107.579429064004216, 4435603.523254807107151 ], [ 397107.579429064004216, 4435605.961654807440937 ] ] ] } },
{ "type": "Feature", "properties": { "Row": 2, "Col": 4, "Label": "LD17-10473F", "X_start": 143.16, "Y_start": 110.0, "X_stop": 150.0, "Y_stop": 118.0, "BlockNum": 8, "Block": "B8", "PlotID": "B8_R2_C4", "Design": 3, "HarvestEW": 1, "HarvestNS": 14, "FieldPosition": "E01_N14", "Date/Time": "10/22/2025 10:09:11 AM", "Range": 14, "Row_Harvest": 2, "Weight (kg)": 1.33, "Quick Note": null, "Harvest Sequence": 36, "HarvestSource": "main", "HarvestDirection": "N_to_S", "Weight_kg_raw": 1.33, "HarvestIssue": false, "Weight_kg_analysis": 1.33, "HarvestDateTime": "2025-10-22T10:09:11", "Area_m2": 5.0836543494083024 }, "geometry": { "type": "Polygon", "coordinates": [ [ [ 397105.494597063981928, 4435605.961654807440937 ], [ 397103.409765064017847, 4435605.961654807440937 ], [ 397103.409765064017847, 4435603.523254807107151 ], [ 397105.494597063981928, 4435603.523254807107151 ], [ 397105.494597063981928, 4435605.961654807440937 ] ] ] } },
{ "type": "Feature", "properties": { "Row": 3, "Col": 0, "Label": "LG3216", "X_start": 115.81, "Y_start": 120.0, "X_stop": 122.65, "Y_stop": 128.0, "BlockNum": 8, "Block": "B8", "PlotID": "B8_R3_C0", "Design": 3, "HarvestEW": 5, "HarvestNS": 13, "FieldPosition": "E05_N13", "Date/Time": "10/22/2025 11:06:32 AM", "Range": 13, "Row_Harvest": 6, "Weight (kg)": 1.305, "Quick Note": null, "Harvest Sequence": 133, "HarvestSource": "main", "HarvestDirection": "N_to_S", "Weight_kg_raw": 1.305, "HarvestIssue": false, "Weight_kg_analysis": 1.305, "HarvestDateTime": "2025-10-22T11:06:32", "Area_m2": 5.0836543474666511 }, "geometry": { "type": "Polygon", "coordinates": [ [ [ 397113.830877063970547, 4435602.913654807023704 ], [ 397111.746045064006466, 4435602.913654807023704 ], [ 397111.746045064006466, 4435600.475254807621241 ], [ 397113.830877063970547, 4435600.475254807621241 ], [ 397113.830877063970547, 4435602.913654807023704 ] ] ] } },
{ "type": "Feature", "properties": { "Row": 3, "Col": 1, "Label": "LD21-3090", "X_start": 122.65, "Y_start": 120.0, "X_stop": 129.49, "Y_stop": 128.0, "BlockNum": 8, "Block": "B8", "PlotID": "B8_R3_C1", "Design": 3, "HarvestEW": 4, "HarvestNS": 13, "FieldPosition": "E04_N13", "Date/Time": "10/22/2025 10:54:28 AM", "Range": 13, "Row_Harvest": 5, "Weight (kg)": 1.255, "Quick Note": null, "Harvest Sequence": 110, "HarvestSource": "main", "HarvestDirection": "S_to_N", "Weight_kg_raw": 1.255, "HarvestIssue": false, "Weight_kg_analysis": 1.255, "HarvestDateTime": "2025-10-22T10:54:28", "Area_m2": 5.0836543476085847 }, "geometry": { "type": "Polygon", "coordinates": [ [ [ 397111.746045064006466, 4435602.913654807023704 ], [ 397109.661213063984178, 4435602.913654807023704 ], [ 397109.661213063984178, 4435600.475254807621241 ], [ 397111.746045064006466, 4435600.475254807621241 ], [ 397111.746045064006466, 4435602.913654807023704 ] ] ] } },
{ "type": "Feature", "properties": { "Row": 3, "Col": 2, "Label": "LG3216", "X_start": 129.49, "Y_start": 120.0, "X_stop": 136.33, "Y_stop": 128.0, "BlockNum": 8, "Block": "B8", "PlotID": "B8_R3_C2", "Design": 3, "HarvestEW": 3, "HarvestNS": 13, "FieldPosition": "E03_N13", "Date/Time": "10/22/2025 10:40:53 AM", "Range": 13, "Row_Harvest": 4, "Weight (kg)": 0.97, "Quick Note": null, "Harvest Sequence": 85, "HarvestSource": "main", "HarvestDirection": "N_to_S", "Weight_kg_raw": 0.97, "HarvestIssue": false, "Weight_kg_analysis": 0.97, "HarvestDateTime": "2025-10-22T10:40:53", "Area_m2": 5.0836543476085847 }, "geometry": { "type": "Polygon", "coordinates": [ [ [ 397109.661213063984178, 4435602.913654807023704 ], [ 397107.57638106396189, 4435602.913654807023704 ], [ 397107.57638106396189, 4435600.475254807621241 ], [ 397109.661213063984178, 4435600.475254807621241 ], [ 397109.661213063984178, 4435602.913654807023704 ] ] ] } },
{ "type": "Feature", "properties": { "Row": 3, "Col": 3, "Label": "LD21-5665", "X_start": 136.32, "Y_start": 120.0, "X_stop": 143.16, "Y_stop": 128.0, "BlockNum": 8, "Block": "B8", "PlotID": "B8_R3_C3", "Design": 3, "HarvestEW": 2, "HarvestNS": 13, "FieldPosition": "E02_N13", "Date/Time": "10/22/2025 10:27:50 AM", "Range": 13, "Row_Harvest": 3, "Weight (kg)": 1.145, "Quick Note": null, "Harvest Sequence": 62, "HarvestSource": "main", "HarvestDirection": "S_to_N", "Weight_kg_raw": 1.145, "HarvestIssue": false, "Weight_kg_analysis": 1.145, "HarvestDateTime": "2025-10-22T10:27:50", "Area_m2": 5.0836543476085847 }, "geometry": { "type": "Polygon", "coordinates": [ [ [ 397107.579429064004216, 4435602.913654807023704 ], [ 397105.494597063981928, 4435602.913654807023704 ], [ 397105.494597063981928, 4435600.475254807621241 ], [ 397107.579429064004216, 4435600.475254807621241 ], [ 397107.579429064004216, 4435602.913654807023704 ] ] ] } },
{ "type": "Feature", "properties": { "Row": 3, "Col": 4, "Label": "LG3216", "X_start": 143.16, "Y_start": 120.0, "X_stop": 150.0, "Y_stop": 128.0, "BlockNum": 8, "Block": "B8", "PlotID": "B8_R3_C4", "Design": 3, "HarvestEW": 1, "HarvestNS": 13, "FieldPosition": "E01_N13", "Date/Time": "10/22/2025 10:10:26 AM", "Range": 13, "Row_Harvest": 2, "Weight (kg)": 1.525, "Quick Note": null, "Harvest Sequence": 37, "HarvestSource": "main", "HarvestDirection": "N_to_S", "Weight_kg_raw": 1.525, "HarvestIssue": false, "Weight_kg_analysis": 1.525, "HarvestDateTime": "2025-10-22T10:10:26", "Area_m2": 5.0836543474666511 }, "geometry": { "type": "Polygon", "coordinates": [ [ [ 397105.494597063981928, 4435602.913654807023704 ], [ 397103.409765064017847, 4435602.913654807023704 ], [ 397103.409765064017847, 4435600.475254807621241 ], [ 397105.494597063981928, 4435600.475254807621241 ], [ 397105.494597063981928, 4435602.913654807023704 ] ] ] } },
{ "type": "Feature", "properties": { "Row": 4, "Col": 0, "Label": "LD20-4471", "X_start": 115.81, "Y_start": 130.0, "X_stop": 122.65, "Y_stop": 138.0, "BlockNum": 8, "Block": "B8", "PlotID": "B8_R4_C0", "Design": 3, "HarvestEW": 5, "HarvestNS": 12, "FieldPosition": "E05_N12", "Date/Time": "10/22/2025 11:06:56 AM", "Range": 12, "Row_Harvest": 6, "Weight (kg)": 1.27, "Quick Note": null, "Harvest Sequence": 134, "HarvestSource": "main", "HarvestDirection": "N_to_S", "Weight_kg_raw": 1.27, "HarvestIssue": false, "Weight_kg_analysis": 1.27, "HarvestDateTime": "2025-10-22T11:06:56", "Area_m2": 5.0836543494083024 }, "geometry": { "type": "Polygon", "coordinates": [ [ [ 397113.830877063970547, 4435599.865654807537794 ], [ 397111.746045064006466, 4435599.865654807537794 ], [ 397111.746045064006466, 4435597.427254807204008 ], [ 397113.830877063970547, 4435597.427254807204008 ], [ 397113.830877063970547, 4435599.865654807537794 ] ] ] } },
{ "type": "Feature", "properties": { "Row": 4, "Col": 1, "Label": "LG3216", "X_start": 122.65, "Y_start": 130.0, "X_stop": 129.49, "Y_stop": 138.0, "BlockNum": 8, "Block": "B8", "PlotID": "B8_R4_C1", "Design": 3, "HarvestEW": 4, "HarvestNS": 12, "FieldPosition": "E04_N12", "Date/Time": "10/22/2025 10:54:00 AM", "Range": 12, "Row_Harvest": 5, "Weight (kg)": 0.735, "Quick Note": null, "Harvest Sequence": 109, "HarvestSource": "main", "HarvestDirection": "S_to_N", "Weight_kg_raw": 0.735, "HarvestIssue": false, "Weight_kg_analysis": 0.735, "HarvestDateTime": "2025-10-22T10:54:00", "Area_m2": 5.083654349550236 }, "geometry": { "type": "Polygon", "coordinates": [ [ [ 397111.746045064006466, 4435599.865654807537794 ], [ 397109.661213063984178, 4435599.865654807537794 ], [ 397109.661213063984178, 4435597.427254807204008 ], [ 397111.746045064006466, 4435597.427254807204008 ], [ 397111.746045064006466, 4435599.865654807537794 ] ] ] } },
{ "type": "Feature", "properties": { "Row": 4, "Col": 2, "Label": "LD20-4542", "X_start": 129.49, "Y_start": 130.0, "X_stop": 136.33, "Y_stop": 138.0, "BlockNum": 8, "Block": "B8", "PlotID": "B8_R4_C2", "Design": 3, "HarvestEW": 3, "HarvestNS": 12, "FieldPosition": "E03_N12", "Date/Time": "10/22/2025 10:41:20 AM", "Range": 12, "Row_Harvest": 4, "Weight (kg)": 1.16, "Quick Note": null, "Harvest Sequence": 86, "HarvestSource": "main", "HarvestDirection": "N_to_S", "Weight_kg_raw": 1.16, "HarvestIssue": false, "Weight_kg_analysis": 1.16, "HarvestDateTime": "2025-10-22T10:41:20", "Area_m2": 5.083654349550236 }, "geometry": { "type": "Polygon", "coordinates": [ [ [ 397109.661213063984178, 4435599.865654807537794 ], [ 397107.57638106396189, 4435599.865654807537794 ], [ 397107.57638106396189, 4435597.427254807204008 ], [ 397109.661213063984178, 4435597.427254807204008 ], [ 397109.661213063984178, 4435599.865654807537794 ] ] ] } },
{ "type": "Feature", "properties": { "Row": 4, "Col": 3, "Label": "LG3216", "X_start": 136.32, "Y_start": 130.0, "X_stop": 143.16, "Y_stop": 138.0, "BlockNum": 8, "Block": "B8", "PlotID": "B8_R4_C3", "Design": 3, "HarvestEW": 2, "HarvestNS": 12, "FieldPosition": "E02_N12", "Date/Time": "10/22/2025 10:27:15 AM", "Range": 12, "Row_Harvest": 3, "Weight (kg)": 0.98, "Quick Note": null, "Harvest Sequence": 61, "HarvestSource": "main", "HarvestDirection": "S_to_N", "Weight_kg_raw": 0.98, "HarvestIssue": false, "Weight_kg_analysis": 0.98, "HarvestDateTime": "2025-10-22T10:27:15", "Area_m2": 5.083654349550236 }, "geometry": { "type": "Polygon", "coordinates": [ [ [ 397107.579429064004216, 4435599.865654807537794 ], [ 397105.494597063981928, 4435599.865654807537794 ], [ 397105.494597063981928, 4435597.427254807204008 ], [ 397107.579429064004216, 4435597.427254807204008 ], [ 397107.579429064004216, 4435599.865654807537794 ] ] ] } },
{ "type": "Feature", "properties": { "Row": 4, "Col": 4, "Label": "LD21-5944", "X_start": 143.16, "Y_start": 130.0, "X_stop": 150.0, "Y_stop": 138.0, "BlockNum": 8, "Block": "B8", "PlotID": "B8_R4_C4", "Design": 3, "HarvestEW": 1, "HarvestNS": 12, "FieldPosition": "E01_N12", "Date/Time": "10/22/2025 10:11:02 AM", "Range": 12, "Row_Harvest": 2, "Weight (kg)": 0.86, "Quick Note": null, "Harvest Sequence": 38, "HarvestSource": "main", "HarvestDirection": "N_to_S", "Weight_kg_raw": 0.86, "HarvestIssue": false, "Weight_kg_analysis": 0.86, "HarvestDateTime": "2025-10-22T10:11:02", "Area_m2": 5.0836543494083024 }, "geometry": { "type": "Polygon", "coordinates": [ [ [ 397105.494597063981928, 4435599.865654807537794 ], [ 397103.409765064017847, 4435599.865654807537794 ], [ 397103.409765064017847, 4435597.427254807204008 ], [ 397105.494597063981928, 4435597.427254807204008 ], [ 397105.494597063981928, 4435599.865654807537794 ] ] ] } },
{ "type": "Feature", "properties": { "Row": 5, "Col": 0, "Label": "LG3216", "X_start": 115.81, "Y_start": 140.0, "X_stop": 122.65, "Y_stop": 148.0, "BlockNum": 8, "Block": "B8", "PlotID": "B8_R5_C0", "Design": 3, "HarvestEW": 5, "HarvestNS": 11, "FieldPosition": "E05_N11", "Date/Time": "10/22/2025 11:07:22 AM", "Range": 11, "Row_Harvest": 6, "Weight (kg)": 0.93, "Quick Note": null, "Harvest Sequence": 135, "HarvestSource": "main", "HarvestDirection": "N_to_S", "Weight_kg_raw": 0.93, "HarvestIssue": false, "Weight_kg_analysis": 0.93, "HarvestDateTime": "2025-10-22T11:07:22", "Area_m2": 5.0836543474666511 }, "geometry": { "type": "Polygon", "coordinates": [ [ [ 397113.830877063970547, 4435596.817654807120562 ], [ 397111.746045064006466, 4435596.817654807120562 ], [ 397111.746045064006466, 4435594.379254807718098 ], [ 397113.830877063970547, 4435594.379254807718098 ], [ 397113.830877063970547, 4435596.817654807120562 ] ] ] } },
{ "type": "Feature", "properties": { "Row": 5, "Col": 1, "Label": "LD20-5413", "X_start": 122.65, "Y_start": 140.0, "X_stop": 129.49, "Y_stop": 148.0, "BlockNum": 8, "Block": "B8", "PlotID": "B8_R5_C1", "Design": 3, "HarvestEW": 4, "HarvestNS": 11, "FieldPosition": "E04_N11", "Date/Time": "10/22/2025 10:53:23 AM", "Range": 11, "Row_Harvest": 5, "Weight (kg)": 1.485, "Quick Note": null, "Harvest Sequence": 108, "HarvestSource": "main", "HarvestDirection": "S_to_N", "Weight_kg_raw": 1.485, "HarvestIssue": false, "Weight_kg_analysis": 1.485, "HarvestDateTime": "2025-10-22T10:53:23", "Area_m2": 5.0836543476085847 }, "geometry": { "type": "Polygon", "coordinates": [ [ [ 397111.746045064006466, 4435596.817654807120562 ], [ 397109.661213063984178, 4435596.817654807120562 ], [ 397109.661213063984178, 4435594.379254807718098 ], [ 397111.746045064006466, 4435594.379254807718098 ], [ 397111.746045064006466, 4435596.817654807120562 ] ] ] } },
{ "type": "Feature", "properties": { "Row": 5, "Col": 2, "Label": "LG3216", "X_start": 129.49, "Y_start": 140.0, "X_stop": 136.33, "Y_stop": 148.0, "BlockNum": 8, "Block": "B8", "PlotID": "B8_R5_C2", "Design": 3, "HarvestEW": 3, "HarvestNS": 11, "FieldPosition": "E03_N11", "Date/Time": "10/22/2025 10:41:45 AM", "Range": 11, "Row_Harvest": 4, "Weight (kg)": 1.805, "Quick Note": null, "Harvest Sequence": 87, "HarvestSource": "main", "HarvestDirection": "N_to_S", "Weight_kg_raw": 1.805, "HarvestIssue": false, "Weight_kg_analysis": 1.805, "HarvestDateTime": "2025-10-22T10:41:45", "Area_m2": 5.0836543476085847 }, "geometry": { "type": "Polygon", "coordinates": [ [ [ 397109.661213063984178, 4435596.817654807120562 ], [ 397107.57638106396189, 4435596.817654807120562 ], [ 397107.57638106396189, 4435594.379254807718098 ], [ 397109.661213063984178, 4435594.379254807718098 ], [ 397109.661213063984178, 4435596.817654807120562 ] ] ] } },
{ "type": "Feature", "properties": { "Row": 5, "Col": 3, "Label": "LD11-2170", "X_start": 136.32, "Y_start": 140.0, "X_stop": 143.16, "Y_stop": 148.0, "BlockNum": 8, "Block": "B8", "PlotID": "B8_R5_C3", "Design": 3, "HarvestEW": 2, "HarvestNS": 11, "FieldPosition": "E02_N11", "Date/Time": "10/22/2025 10:26:35 AM", "Range": 11, "Row_Harvest": 3, "Weight (kg)": 1.265, "Quick Note": null, "Harvest Sequence": 60, "HarvestSource": "main", "HarvestDirection": "S_to_N", "Weight_kg_raw": 1.265, "HarvestIssue": false, "Weight_kg_analysis": 1.265, "HarvestDateTime": "2025-10-22T10:26:35", "Area_m2": 5.0836543476085847 }, "geometry": { "type": "Polygon", "coordinates": [ [ [ 397107.579429064004216, 4435596.817654807120562 ], [ 397105.494597063981928, 4435596.817654807120562 ], [ 397105.494597063981928, 4435594.379254807718098 ], [ 397107.579429064004216, 4435594.379254807718098 ], [ 397107.579429064004216, 4435596.817654807120562 ] ] ] } },
{ "type": "Feature", "properties": { "Row": 5, "Col": 4, "Label": "LG3216", "X_start": 143.16, "Y_start": 140.0, "X_stop": 150.0, "Y_stop": 148.0, "BlockNum": 8, "Block": "B8", "PlotID": "B8_R5_C4", "Design": 3, "HarvestEW": 1, "HarvestNS": 11, "FieldPosition": "E01_N11", "Date/Time": "10/22/2025 10:11:47 AM", "Range": 11, "Row_Harvest": 2, "Weight (kg)": 1.33, "Quick Note": null, "Harvest Sequence": 39, "HarvestSource": "main", "HarvestDirection": "N_to_S", "Weight_kg_raw": 1.33, "HarvestIssue": false, "Weight_kg_analysis": 1.33, "HarvestDateTime": "2025-10-22T10:11:47", "Area_m2": 5.0836543474666511 }, "geometry": { "type": "Polygon", "coordinates": [ [ [ 397105.494597063981928, 4435596.817654807120562 ], [ 397103.409765064017847, 4435596.817654807120562 ], [ 397103.409765064017847, 4435594.379254807718098 ], [ 397105.494597063981928, 4435594.379254807718098 ], [ 397105.494597063981928, 4435596.817654807120562 ] ] ] } },
{ "type": "Feature", "properties": { "Row": 6, "Col": 0, "Label": "LD22-4283", "X_start": 115.81, "Y_start": 150.0, "X_stop": 122.65, "Y_stop": 158.0, "BlockNum": 8, "Block": "B8", "PlotID": "B8_R6_C0", "Design": 3, "HarvestEW": 5, "HarvestNS": 10, "FieldPosition": "E05_N10", "Date/Time": "10/22/2025 11:07:48 AM", "Range": 10, "Row_Harvest": 6, "Weight (kg)": 1.125, "Quick Note": null, "Harvest Sequence": 136, "HarvestSource": "main", "HarvestDirection": "N_to_S", "Weight_kg_raw": 1.125, "HarvestIssue": false, "Weight_kg_analysis": 1.125, "HarvestDateTime": "2025-10-22T11:07:48", "Area_m2": 5.0836543494083024 }, "geometry": { "type": "Polygon", "coordinates": [ [ [ 397113.830877063970547, 4435593.769654807634652 ], [ 397111.746045064006466, 4435593.769654807634652 ], [ 397111.746045064006466, 4435591.331254807300866 ], [ 397113.830877063970547, 4435591.331254807300866 ], [ 397113.830877063970547, 4435593.769654807634652 ] ] ] } },
{ "type": "Feature", "properties": { "Row": 6, "Col": 1, "Label": "LG3216", "X_start": 122.65, "Y_start": 150.0, "X_stop": 129.49, "Y_stop": 158.0, "BlockNum": 8, "Block": "B8", "PlotID": "B8_R6_C1", "Design": 3, "HarvestEW": 4, "HarvestNS": 10, "FieldPosition": "E04_N10", "Date/Time": "10/22/2025 10:52:52 AM", "Range": 10, "Row_Harvest": 5, "Weight (kg)": 1.23, "Quick Note": null, "Harvest Sequence": 107, "HarvestSource": "main", "HarvestDirection": "S_to_N", "Weight_kg_raw": 1.23, "HarvestIssue": false, "Weight_kg_analysis": 1.23, "HarvestDateTime": "2025-10-22T10:52:52", "Area_m2": 5.083654349550236 }, "geometry": { "type": "Polygon", "coordinates": [ [ [ 397111.746045064006466, 4435593.769654807634652 ], [ 397109.661213063984178, 4435593.769654807634652 ], [ 397109.661213063984178, 4435591.331254807300866 ], [ 397111.746045064006466, 4435591.331254807300866 ], [ 397111.746045064006466, 4435593.769654807634652 ] ] ] } },
{ "type": "Feature", "properties": { "Row": 6, "Col": 2, "Label": "LD21-7234", "X_start": 129.49, "Y_start": 150.0, "X_stop": 136.33, "Y_stop": 158.0, "BlockNum": 8, "Block": "B8", "PlotID": "B8_R6_C2", "Design": 3, "HarvestEW": 3, "HarvestNS": 10, "FieldPosition": "E03_N10", "Date/Time": "10/22/2025 10:42:17 AM", "Range": 10, "Row_Harvest": 4, "Weight (kg)": 1.43, "Quick Note": null, "Harvest Sequence": 88, "HarvestSource": "main", "HarvestDirection": "N_to_S", "Weight_kg_raw": 1.43, "HarvestIssue": false, "Weight_kg_analysis": 1.43, "HarvestDateTime": "2025-10-22T10:42:17", "Area_m2": 5.083654349550236 }, "geometry": { "type": "Polygon", "coordinates": [ [ [ 397109.661213063984178, 4435593.769654807634652 ], [ 397107.57638106396189, 4435593.769654807634652 ], [ 397107.57638106396189, 4435591.331254807300866 ], [ 397109.661213063984178, 4435591.331254807300866 ], [ 397109.661213063984178, 4435593.769654807634652 ] ] ] } },
{ "type": "Feature", "properties": { "Row": 6, "Col": 3, "Label": "LG3216", "X_start": 136.32, "Y_start": 150.0, "X_stop": 143.16, "Y_stop": 158.0, "BlockNum": 8, "Block": "B8", "PlotID": "B8_R6_C3", "Design": 3, "HarvestEW": 2, "HarvestNS": 10, "FieldPosition": "E02_N10", "Date/Time": "10/22/2025 10:25:45 AM", "Range": 10, "Row_Harvest": 3, "Weight (kg)": 1.325, "Quick Note": null, "Harvest Sequence": 59, "HarvestSource": "main", "HarvestDirection": "S_to_N", "Weight_kg_raw": 1.325, "HarvestIssue": false, "Weight_kg_analysis": 1.325, "HarvestDateTime": "2025-10-22T10:25:45", "Area_m2": 5.083654349550236 }, "geometry": { "type": "Polygon", "coordinates": [ [ [ 397107.579429064004216, 4435593.769654807634652 ], [ 397105.494597063981928, 4435593.769654807634652 ], [ 397105.494597063981928, 4435591.331254807300866 ], [ 397107.579429064004216, 4435591.331254807300866 ], [ 397107.579429064004216, 4435593.769654807634652 ] ] ] } },
{ "type": "Feature", "properties": { "Row": 6, "Col": 4, "Label": "LD19-10244", "X_start": 143.16, "Y_start": 150.0, "X_stop": 150.0, "Y_stop": 158.0, "BlockNum": 8, "Block": "B8", "PlotID": "B8_R6_C4", "Design": 3, "HarvestEW": 1, "HarvestNS": 10, "FieldPosition": "E01_N10", "Date/Time": "10/22/2025 10:12:29 AM", "Range": 10, "Row_Harvest": 2, "Weight (kg)": 1.27, "Quick Note": null, "Harvest Sequence": 40, "HarvestSource": "main", "HarvestDirection": "N_to_S", "Weight_kg_raw": 1.27, "HarvestIssue": false, "Weight_kg_analysis": 1.27, "HarvestDateTime": "2025-10-22T10:12:29", "Area_m2": 5.0836543494083024 }, "geometry": { "type": "Polygon", "coordinates": [ [ [ 397105.494597063981928, 4435593.769654807634652 ], [ 397103.409765064017847, 4435593.769654807634652 ], [ 397103.409765064017847, 4435591.331254807300866 ], [ 397105.494597063981928, 4435591.331254807300866 ], [ 397105.494597063981928, 4435593.769654807634652 ] ] ] } },
{ "type": "Feature", "properties": { "Row": 7, "Col": 0, "Label": "LG3216", "X_start": 115.81, "Y_start": 160.0, "X_stop": 122.65, "Y_stop": 168.0, "BlockNum": 8, "Block": "B8", "PlotID": "B8_R7_C0", "Design": 3, "HarvestEW": 5, "HarvestNS": 9, "FieldPosition": "E05_N09", "Date/Time": "10/22/2025 11:08:10 AM", "Range": 9, "Row_Harvest": 6, "Weight (kg)": 0.435, "Quick Note": null, "Harvest Sequence": 137, "HarvestSource": "main", "HarvestDirection": "N_to_S", "Weight_kg_raw": 0.435, "HarvestIssue": false, "Weight_kg_analysis": 0.435, "HarvestDateTime": "2025-10-22T11:08:10", "Area_m2": 5.0836543474666511 }, "geometry": { "type": "Polygon", "coordinates": [ [ [ 397113.830877063970547, 4435590.721654807217419 ], [ 397111.746045064006466, 4435590.721654807217419 ], [ 397111.746045064006466, 4435588.283254807814956 ], [ 397113.830877063970547, 4435588.283254807814956 ], [ 397113.830877063970547, 4435590.721654807217419 ] ] ] } },
{ "type": "Feature", "properties": { "Row": 7, "Col": 1, "Label": "LD07-3395bf", "X_start": 122.65, "Y_start": 160.0, "X_stop": 129.49, "Y_stop": 168.0, "BlockNum": 8, "Block": "B8", "PlotID": "B8_R7_C1", "Design": 3, "HarvestEW": 4, "HarvestNS": 9, "FieldPosition": "E04_N09", "Date/Time": "10/22/2025 10:52:22 AM", "Range": 9, "Row_Harvest": 5, "Weight (kg)": 0.975, "Quick Note": null, "Harvest Sequence": 106, "HarvestSource": "main", "HarvestDirection": "S_to_N", "Weight_kg_raw": 0.975, "HarvestIssue": false, "Weight_kg_analysis": 0.975, "HarvestDateTime": "2025-10-22T10:52:22", "Area_m2": 5.0836543476085847 }, "geometry": { "type": "Polygon", "coordinates": [ [ [ 397111.746045064006466, 4435590.721654807217419 ], [ 397109.661213063984178, 4435590.721654807217419 ], [ 397109.661213063984178, 4435588.283254807814956 ], [ 397111.746045064006466, 4435588.283254807814956 ], [ 397111.746045064006466, 4435590.721654807217419 ] ] ] } },
{ "type": "Feature", "properties": { "Row": 7, "Col": 2, "Label": "LG3216", "X_start": 129.49, "Y_start": 160.0, "X_stop": 136.33, "Y_stop": 168.0, "BlockNum": 8, "Block": "B8", "PlotID": "B8_R7_C2", "Design": 3, "HarvestEW": 3, "HarvestNS": 9, "FieldPosition": "E03_N09", "Date/Time": "10/22/2025 10:42:48 AM", "Range": 9, "Row_Harvest": 4, "Weight (kg)": 1.105, "Quick Note": null, "Harvest Sequence": 89, "HarvestSource": "main", "HarvestDirection": "N_to_S", "Weight_kg_raw": 1.105, "HarvestIssue": false, "Weight_kg_analysis": 1.105, "HarvestDateTime": "2025-10-22T10:42:48", "Area_m2": 5.0836543476085847 }, "geometry": { "type": "Polygon", "coordinates": [ [ [ 397109.661213063984178, 4435590.721654807217419 ], [ 397107.57638106396189, 4435590.721654807217419 ], [ 397107.57638106396189, 4435588.283254807814956 ], [ 397109.661213063984178, 4435588.283254807814956 ], [ 397109.661213063984178, 4435590.721654807217419 ] ] ] } },
{ "type": "Feature", "properties": { "Row": 7, "Col": 3, "Label": "LD00-2817P", "X_start": 136.32, "Y_start": 160.0, "X_stop": 143.16, "Y_stop": 168.0, "BlockNum": 8, "Block": "B8", "PlotID": "B8_R7_C3", "Design": 3, "HarvestEW": 2, "HarvestNS": 9, "FieldPosition": "E02_N09", "Date/Time": "10/22/2025 10:25:08 AM", "Range": 9, "Row_Harvest": 3, "Weight (kg)": 1.23, "Quick Note": null, "Harvest Sequence": 58, "HarvestSource": "main", "HarvestDirection": "S_to_N", "Weight_kg_raw": 1.23, "HarvestIssue": false, "Weight_kg_analysis": 1.23, "HarvestDateTime": "2025-10-22T10:25:08", "Area_m2": 5.0836543476085847 }, "geometry": { "type": "Polygon", "coordinates": [ [ [ 397107.579429064004216, 4435590.721654807217419 ], [ 397105.494597063981928, 4435590.721654807217419 ], [ 397105.494597063981928, 4435588.283254807814956 ], [ 397107.579429064004216, 4435588.283254807814956 ], [ 397107.579429064004216, 4435590.721654807217419 ] ] ] } },
{ "type": "Feature", "properties": { "Row": 7, "Col": 4, "Label": "LG3216", "X_start": 143.16, "Y_start": 160.0, "X_stop": 150.0, "Y_stop": 168.0, "BlockNum": 8, "Block": "B8", "PlotID": "B8_R7_C4", "Design": 3, "HarvestEW": 1, "HarvestNS": 9, "FieldPosition": "E01_N09", "Date/Time": "10/22/2025 10:13:24 AM", "Range": 9, "Row_Harvest": 2, "Weight (kg)": 1.705, "Quick Note": null, "Harvest Sequence": 41, "HarvestSource": "main", "HarvestDirection": "N_to_S", "Weight_kg_raw": 1.705, "HarvestIssue": false, "Weight_kg_analysis": 1.705, "HarvestDateTime": "2025-10-22T10:13:24", "Area_m2": 5.0836543474666511 }, "geometry": { "type": "Polygon", "coordinates": [ [ [ 397105.494597063981928, 4435590.721654807217419 ], [ 397103.409765064017847, 4435590.721654807217419 ], [ 397103.409765064017847, 4435588.283254807814956 ], [ 397105.494597063981928, 4435588.283254807814956 ], [ 397105.494597063981928, 4435590.721654807217419 ] ] ] } },
{ "type": "Feature", "properties": { "Row": 0, "Col": 0, "Label": "LD20-11748", "X_start": 9.5, "Y_start": 170.0, "X_stop": 16.34, "Y_stop": 178.0, "BlockNum": 9, "Block": "B9", "PlotID": "B9_R0_C0", "Design": 3, "HarvestEW": 20, "HarvestNS": 8, "FieldPosition": "E20_N08", "Date/Time": "10/23/2025 9:53:08 AM", "Range": 8, "Row_Harvest": 1, "Weight (kg)": 0.96, "Quick Note": null, "Harvest Sequence": 8, "HarvestSource": "west_last_pass", "HarvestDirection": "S_to_N", "Weight_kg_raw": 0.96, "HarvestIssue": false, "Weight_kg_analysis": 0.96, "HarvestDateTime": "2025-10-23T09:53:08", "Area_m2": 5.083654349550236 }, "geometry": { "type": "Polygon", "coordinates": [ [ [ 397146.23416506400099, 4435587.673654807731509 ], [ 397144.149333063978702, 4435587.673654807731509 ], [ 397144.149333063978702, 4435585.235254807397723 ], [ 397146.23416506400099, 4435585.235254807397723 ], [ 397146.23416506400099, 4435587.673654807731509 ] ] ] } },
{ "type": "Feature", "properties": { "Row": 0, "Col": 1, "Label": "LG3216", "X_start": 16.34, "Y_start": 170.0, "X_stop": 23.18, "Y_stop": 178.0, "BlockNum": 9, "Block": "B9", "PlotID": "B9_R0_C1", "Design": 3, "HarvestEW": 19, "HarvestNS": 8, "FieldPosition": "E19_N08", "Date/Time": "10/23/2025 9:43:52 AM", "Range": 8, "Row_Harvest": 20, "Weight (kg)": 0.69, "Quick Note": null, "Harvest Sequence": 474, "HarvestSource": "main", "HarvestDirection": "N_to_S", "Weight_kg_raw": 0.69, "HarvestIssue": false, "Weight_kg_analysis": 0.69, "HarvestDateTime": "2025-10-23T09:43:52", "Area_m2": 5.0836543494083024 }, "geometry": { "type": "Polygon", "coordinates": [ [ [ 397144.149333063978702, 4435587.673654807731509 ], [ 397142.064501064014621, 4435587.673654807731509 ], [ 397142.064501064014621, 4435585.235254807397723 ], [ 397144.149333063978702, 4435585.235254807397723 ], [ 397144.149333063978702, 4435587.673654807731509 ] ] ] } },
{ "type": "Feature", "properties": { "Row": 0, "Col": 2, "Label": "LD20-4542", "X_start": 23.17, "Y_start": 170.0, "X_stop": 30.01, "Y_stop": 178.0, "BlockNum": 9, "Block": "B9", "PlotID": "B9_R0_C2", "Design": 3, "HarvestEW": 18, "HarvestNS": 8, "FieldPosition": "E18_N08", "Date/Time": "10/22/2025 3:34:05 PM", "Range": 8, "Row_Harvest": 19, "Weight (kg)": 0.945, "Quick Note": null, "Harvest Sequence": 441, "HarvestSource": "main", "HarvestDirection": "S_to_N", "Weight_kg_raw": 0.945, "HarvestIssue": false, "Weight_kg_analysis": 0.945, "HarvestDateTime": "2025-10-22T15:34:05", "Area_m2": 5.083654349550236 }, "geometry": { "type": "Polygon", "coordinates": [ [ [ 397142.06754906399874, 4435587.673654807731509 ], [ 397139.982717063976452, 4435587.673654807731509 ], [ 397139.982717063976452, 4435585.235254807397723 ], [ 397142.06754906399874, 4435585.235254807397723 ], [ 397142.06754906399874, 4435587.673654807731509 ] ] ] } },
{ "type": "Feature", "properties": { "Row": 0, "Col": 3, "Label": "LG3216", "X_start": 30.01, "Y_start": 170.0, "X_stop": 36.85, "Y_stop": 178.0, "BlockNum": 9, "Block": "B9", "PlotID": "B9_R0_C3", "Design": 3, "HarvestEW": 17, "HarvestNS": 8, "FieldPosition": "E17_N08", "Date/Time": "10/22/2025 3:26:16 PM", "Range": 8, "Row_Harvest": 18, "Weight (kg)": 0.785, "Quick Note": null, "Harvest Sequence": 426, "HarvestSource": "main", "HarvestDirection": "N_to_S", "Weight_kg_raw": 0.785, "HarvestIssue": false, "Weight_kg_analysis": 0.785, "HarvestDateTime": "2025-10-22T15:26:16", "Area_m2": 5.0836543494083024 }, "geometry": { "type": "Polygon", "coordinates": [ [ [ 397139.982717063976452, 4435587.673654807731509 ], [ 397137.897885064012371, 4435587.673654807731509 ], [ 397137.897885064012371, 4435585.235254807397723 ], [ 397139.982717063976452, 4435585.235254807397723 ], [ 397139.982717063976452, 4435587.673654807731509 ] ] ] } },
{ "type": "Feature", "properties": { "Row": 0, "Col": 4, "Label": "LD21-3090", "X_start": 36.85, "Y_start": 170.0, "X_stop": 43.69, "Y_stop": 178.0, "BlockNum": 9, "Block": "B9", "PlotID": "B9_R0_C4", "Design": 3, "HarvestEW": 16, "HarvestNS": 8, "FieldPosition": "E16_N08", "Date/Time": "10/22/2025 3:11:42 PM", "Range": 8, "Row_Harvest": 17, "Weight (kg)": 0.58, "Quick Note": null, "Harvest Sequence": 393, "HarvestSource": "main", "HarvestDirection": "S_to_N", "Weight_kg_raw": 0.58, "HarvestIssue": false, "Weight_kg_analysis": 0.58, "HarvestDateTime": "2025-10-22T15:11:42", "Area_m2": 5.083654349550236 }, "geometry": { "type": "Polygon", "coordinates": [ [ [ 397137.897885064012371, 4435587.673654807731509 ], [ 397135.813053063990083, 4435587.673654807731509 ], [ 397135.813053063990083, 4435585.235254807397723 ], [ 397137.897885064012371, 4435585.235254807397723 ], [ 397137.897885064012371, 4435587.673654807731509 ] ] ] } },
{ "type": "Feature", "properties": { "Row": 1, "Col": 0, "Label": "LG3216", "X_start": 9.5, "Y_start": 180.0, "X_stop": 16.34, "Y_stop": 188.0, "BlockNum": 9, "Block": "B9", "PlotID": "B9_R1_C0", "Design": 3, "HarvestEW": 20, "HarvestNS": 7, "FieldPosition": "E20_N07", "Date/Time": "10/23/2025 9:52:44 AM", "Range": 7, "Row_Harvest": 1, "Weight (kg)": 1.53, "Quick Note": null, "Harvest Sequence": 7, "HarvestSource": "west_last_pass", "HarvestDirection": "S_to_N", "Weight_kg_raw": 1.53, "HarvestIssue": false, "Weight_kg_analysis": 1.53, "HarvestDateTime": "2025-10-23T09:52:44", "Area_m2": 5.083654349550236 }, "geometry": { "type": "Polygon", "coordinates": [ [ [ 397146.23416506400099, 4435584.625654807314277 ], [ 397144.149333063978702, 4435584.625654807314277 ], [ 397144.149333063978702, 4435582.187254806980491 ], [ 397146.23416506400099, 4435582.187254806980491 ], [ 397146.23416506400099, 4435584.625654807314277 ] ] ] } },
{ "type": "Feature", "properties": { "Row": 1, "Col": 1, "Label": "LD20-5413", "X_start": 16.34, "Y_start": 180.0, "X_stop": 23.18, "Y_stop": 188.0, "BlockNum": 9, "Block": "B9", "PlotID": "B9_R1_C1", "Design": 3, "HarvestEW": 19, "HarvestNS": 7, "FieldPosition": "E19_N07", "Date/Time": "10/23/2025 9:44:29 AM", "Range": 7, "Row_Harvest": 20, "Weight (kg)": 0.58, "Quick Note": null, "Harvest Sequence": 475, "HarvestSource": "main", "HarvestDirection": "N_to_S", "Weight_kg_raw": 0.58, "HarvestIssue": false, "Weight_kg_analysis": 0.58, "HarvestDateTime": "2025-10-23T09:44:29", "Area_m2": 5.0836543494083024 }, "geometry": { "type": "Polygon", "coordinates": [ [ [ 397144.149333063978702, 4435584.625654807314277 ], [ 397142.064501064014621, 4435584.625654807314277 ], [ 397142.064501064014621, 4435582.187254806980491 ], [ 397144.149333063978702, 4435582.187254806980491 ], [ 397144.149333063978702, 4435584.625654807314277 ] ] ] } },
{ "type": "Feature", "properties": { "Row": 1, "Col": 2, "Label": "LG3216", "X_start": 23.17, "Y_start": 180.0, "X_stop": 30.01, "Y_stop": 188.0, "BlockNum": 9, "Block": "B9", "PlotID": "B9_R1_C2", "Design": 3, "HarvestEW": 18, "HarvestNS": 7, "FieldPosition": "E18_N07", "Date/Time": "10/22/2025 3:33:43 PM", "Range": 7, "Row_Harvest": 19, "Weight (kg)": 1.07, "Quick Note": null, "Harvest Sequence": 440, "HarvestSource": "main", "HarvestDirection": "S_to_N", "Weight_kg_raw": 1.07, "HarvestIssue": false, "Weight_kg_analysis": 1.07, "HarvestDateTime": "2025-10-22T15:33:43", "Area_m2": 5.083654349550236 }, "geometry": { "type": "Polygon", "coordinates": [ [ [ 397142.06754906399874, 4435584.625654807314277 ], [ 397139.982717063976452, 4435584.625654807314277 ], [ 397139.982717063976452, 4435582.187254806980491 ], [ 397142.06754906399874, 4435582.187254806980491 ], [ 397142.06754906399874, 4435584.625654807314277 ] ] ] } },
{ "type": "Feature", "properties": { "Row": 1, "Col": 3, "Label": "LD21-5944", "X_start": 30.01, "Y_start": 180.0, "X_stop": 36.85, "Y_stop": 188.0, "BlockNum": 9, "Block": "B9", "PlotID": "B9_R1_C3", "Design": 3, "HarvestEW": 17, "HarvestNS": 7, "FieldPosition": "E17_N07", "Date/Time": "10/22/2025 3:26:41 PM", "Range": 7, "Row_Harvest": 18, "Weight (kg)": 0.73, "Quick Note": null, "Harvest Sequence": 427, "HarvestSource": "main", "HarvestDirection": "N_to_S", "Weight_kg_raw": 0.73, "HarvestIssue": false, "Weight_kg_analysis": 0.73, "HarvestDateTime": "2025-10-22T15:26:41", "Area_m2": 5.0836543494083024 }, "geometry": { "type": "Polygon", "coordinates": [ [ [ 397139.982717063976452, 4435584.625654807314277 ], [ 397137.897885064012371, 4435584.625654807314277 ], [ 397137.897885064012371, 4435582.187254806980491 ], [ 397139.982717063976452, 4435582.187254806980491 ], [ 397139.982717063976452, 4435584.625654807314277 ] ] ] } },
{ "type": "Feature", "properties": { "Row": 1, "Col": 4, "Label": "LG3216", "X_start": 36.85, "Y_start": 180.0, "X_stop": 43.69, "Y_stop": 188.0, "BlockNum": 9, "Block": "B9", "PlotID": "B9_R1_C4", "Design": 3, "HarvestEW": 16, "HarvestNS": 7, "FieldPosition": "E16_N07", "Date/Time": "10/22/2025 3:11:14 PM", "Range": 7, "Row_Harvest": 17, "Weight (kg)": 0.2, "Quick Note": null, "Harvest Sequence": 392, "HarvestSource": "main", "HarvestDirection": "S_to_N", "Weight_kg_raw": 0.2, "HarvestIssue": false, "Weight_kg_analysis": 0.2, "HarvestDateTime": "2025-10-22T15:11:14", "Area_m2": 5.083654349550236 }, "geometry": { "type": "Polygon", "coordinates": [ [ [ 397137.897885064012371, 4435584.625654807314277 ], [ 397135.813053063990083, 4435584.625654807314277 ], [ 397135.813053063990083, 4435582.187254806980491 ], [ 397137.897885064012371, 4435582.187254806980491 ], [ 397137.897885064012371, 4435584.625654807314277 ] ] ] } },
{ "type": "Feature", "properties": { "Row": 2, "Col": 0, "Label": "LD21-5991", "X_start": 9.5, "Y_start": 190.0, "X_stop": 16.34, "Y_stop": 198.0, "BlockNum": 9, "Block": "B9", "PlotID": "B9_R2_C0", "Design": 3, "HarvestEW": 20, "HarvestNS": 6, "FieldPosition": "E20_N06", "Date/Time": "10/23/2025 9:52:16 AM", "Range": 6, "Row_Harvest": 1, "Weight (kg)": 0.87, "Quick Note": null, "Harvest Sequence": 6, "HarvestSource": "west_last_pass", "HarvestDirection": "S_to_N", "Weight_kg_raw": 0.87, "HarvestIssue": false, "Weight_kg_analysis": 0.87, "HarvestDateTime": "2025-10-23T09:52:16", "Area_m2": 5.083654349550236 }, "geometry": { "type": "Polygon", "coordinates": [ [ [ 397146.23416506400099, 4435581.577654807828367 ], [ 397144.149333063978702, 4435581.577654807828367 ], [ 397144.149333063978702, 4435579.139254807494581 ], [ 397146.23416506400099, 4435579.139254807494581 ], [ 397146.23416506400099, 4435581.577654807828367 ] ] ] } },
{ "type": "Feature", "properties": { "Row": 2, "Col": 1, "Label": "LG3216", "X_start": 16.34, "Y_start": 190.0, "X_stop": 23.18, "Y_stop": 198.0, "BlockNum": 9, "Block": "B9", "PlotID": "B9_R2_C1", "Design": 3, "HarvestEW": 19, "HarvestNS": 6, "FieldPosition": "E19_N06", "Date/Time": "10/23/2025 9:45:05 AM", "Range": 6, "Row_Harvest": 20, "Weight (kg)": 1.025, "Quick Note": null, "Harvest Sequence": 476, "HarvestSource": "main", "HarvestDirection": "N_to_S", "Weight_kg_raw": 1.025, "HarvestIssue": false, "Weight_kg_analysis": 1.025, "HarvestDateTime": "2025-10-23T09:45:05", "Area_m2": 5.0836543494083024 }, "geometry": { "type": "Polygon", "coordinates": [ [ [ 397144.149333063978702, 4435581.577654807828367 ], [ 397142.064501064014621, 4435581.577654807828367 ], [ 397142.064501064014621, 4435579.139254807494581 ], [ 397144.149333063978702, 4435579.139254807494581 ], [ 397144.149333063978702, 4435581.577654807828367 ] ] ] } },
{ "type": "Feature", "properties": { "Row": 2, "Col": 2, "Label": "LD00-2817P", "X_start": 23.17, "Y_start": 190.0, "X_stop": 30.01, "Y_stop": 198.0, "BlockNum": 9, "Block": "B9", "PlotID": "B9_R2_C2", "Design": 3, "HarvestEW": 18, "HarvestNS": 6, "FieldPosition": "E18_N06", "Date/Time": "10/22/2025 3:33:19 PM", "Range": 6, "Row_Harvest": 19, "Weight (kg)": 1.39, "Quick Note": null, "Harvest Sequence": 439, "HarvestSource": "main", "HarvestDirection": "S_to_N", "Weight_kg_raw": 1.39, "HarvestIssue": false, "Weight_kg_analysis": 1.39, "HarvestDateTime": "2025-10-22T15:33:19", "Area_m2": 5.083654349550236 }, "geometry": { "type": "Polygon", "coordinates": [ [ [ 397142.06754906399874, 4435581.577654807828367 ], [ 397139.982717063976452, 4435581.577654807828367 ], [ 397139.982717063976452, 4435579.139254807494581 ], [ 397142.06754906399874, 4435579.139254807494581 ], [ 397142.06754906399874, 4435581.577654807828367 ] ] ] } },
{ "type": "Feature", "properties": { "Row": 2, "Col": 3, "Label": "LG3216", "X_start": 30.01, "Y_start": 190.0, "X_stop": 36.85, "Y_stop": 198.0, "BlockNum": 9, "Block": "B9", "PlotID": "B9_R2_C3", "Design": 3, "HarvestEW": 17, "HarvestNS": 6, "FieldPosition": "E17_N06", "Date/Time": "10/22/2025 3:27:07 PM", "Range": 6, "Row_Harvest": 18, "Weight (kg)": 0.925, "Quick Note": null, "Harvest Sequence": 428, "HarvestSource": "main", "HarvestDirection": "N_to_S", "Weight_kg_raw": 0.925, "HarvestIssue": false, "Weight_kg_analysis": 0.925, "HarvestDateTime": "2025-10-22T15:27:07", "Area_m2": 5.0836543494083024 }, "geometry": { "type": "Polygon", "coordinates": [ [ [ 397139.982717063976452, 4435581.577654807828367 ], [ 397137.897885064012371, 4435581.577654807828367 ], [ 397137.897885064012371, 4435579.139254807494581 ], [ 397139.982717063976452, 4435579.139254807494581 ], [ 397139.982717063976452, 4435581.577654807828367 ] ] ] } },
{ "type": "Feature", "properties": { "Row": 2, "Col": 4, "Label": "LD22-4283", "X_start": 36.85, "Y_start": 190.0, "X_stop": 43.69, "Y_stop": 198.0, "BlockNum": 9, "Block": "B9", "PlotID": "B9_R2_C4", "Design": 3, "HarvestEW": 16, "HarvestNS": 6, "FieldPosition": "E16_N06", "Date/Time": "10/22/2025 3:10:48 PM", "Range": 6, "Row_Harvest": 17, "Weight (kg)": 1.02, "Quick Note": null, "Harvest Sequence": 391, "HarvestSource": "main", "HarvestDirection": "S_to_N", "Weight_kg_raw": 1.02, "HarvestIssue": false, "Weight_kg_analysis": 1.02, "HarvestDateTime": "2025-10-22T15:10:48", "Area_m2": 5.083654349550236 }, "geometry": { "type": "Polygon", "coordinates": [ [ [ 397137.897885064012371, 4435581.577654807828367 ], [ 397135.813053063990083, 4435581.577654807828367 ], [ 397135.813053063990083, 4435579.139254807494581 ], [ 397137.897885064012371, 4435579.139254807494581 ], [ 397137.897885064012371, 4435581.577654807828367 ] ] ] } },
{ "type": "Feature", "properties": { "Row": 3, "Col": 0, "Label": "LG3216", "X_start": 9.5, "Y_start": 200.0, "X_stop": 16.34, "Y_stop": 208.0, "BlockNum": 9, "Block": "B9", "PlotID": "B9_R3_C0", "Design": 3, "HarvestEW": 20, "HarvestNS": 5, "FieldPosition": "E20_N05", "Date/Time": "10/23/2025 9:51:46 AM", "Range": 5, "Row_Harvest": 1, "Weight (kg)": 1.015, "Quick Note": null, "Harvest Sequence": 5, "HarvestSource": "west_last_pass", "HarvestDirection": "S_to_N", "Weight_kg_raw": 1.015, "HarvestIssue": false, "Weight_kg_analysis": 1.015, "HarvestDateTime": "2025-10-23T09:51:46", "Area_m2": 5.083654349550236 }, "geometry": { "type": "Polygon", "coordinates": [ [ [ 397146.23416506400099, 4435578.529654807411134 ], [ 397144.149333063978702, 4435578.529654807411134 ], [ 397144.149333063978702, 4435576.091254807077348 ], [ 397146.23416506400099, 4435576.091254807077348 ], [ 397146.23416506400099, 4435578.529654807411134 ] ] ] } },
{ "type": "Feature", "properties": { "Row": 3, "Col": 1, "Label": "LD17-10473F", "X_start": 16.34, "Y_start": 200.0, "X_stop": 23.18, "Y_stop": 208.0, "BlockNum": 9, "Block": "B9", "PlotID": "B9_R3_C1", "Design": 3, "HarvestEW": 19, "HarvestNS": 5, "FieldPosition": "E19_N05", "Date/Time": "10/23/2025 9:45:34 AM", "Range": 5, "Row_Harvest": 20, "Weight (kg)": 1.155, "Quick Note": null, "Harvest Sequence": 477, "HarvestSource": "main", "HarvestDirection": "N_to_S", "Weight_kg_raw": 1.155, "HarvestIssue": false, "Weight_kg_analysis": 1.155, "HarvestDateTime": "2025-10-23T09:45:34", "Area_m2": 5.0836543494083024 }, "geometry": { "type": "Polygon", "coordinates": [ [ [ 397144.149333063978702, 4435578.529654807411134 ], [ 397142.064501064014621, 4435578.529654807411134 ], [ 397142.064501064014621, 4435576.091254807077348 ], [ 397144.149333063978702, 4435576.091254807077348 ], [ 397144.149333063978702, 4435578.529654807411134 ] ] ] } },
{ "type": "Feature", "properties": { "Row": 3, "Col": 2, "Label": "LG3216", "X_start": 23.17, "Y_start": 200.0, "X_stop": 30.01, "Y_stop": 208.0, "BlockNum": 9, "Block": "B9", "PlotID": "B9_R3_C2", "Design": 3, "HarvestEW": 18, "HarvestNS": 5, "FieldPosition": "E18_N05", "Date/Time": "10/22/2025 3:32:53 PM", "Range": 5, "Row_Harvest": 19, "Weight (kg)": 1.37, "Quick Note": null, "Harvest Sequence": 438, "HarvestSource": "main", "HarvestDirection": "S_to_N", "Weight_kg_raw": 1.37, "HarvestIssue": false, "Weight_kg_analysis": 1.37, "HarvestDateTime": "2025-10-22T15:32:53", "Area_m2": 5.083654349550236 }, "geometry": { "type": "Polygon", "coordinates": [ [ [ 397142.06754906399874, 4435578.529654807411134 ], [ 397139.982717063976452, 4435578.529654807411134 ], [ 397139.982717063976452, 4435576.091254807077348 ], [ 397142.06754906399874, 4435576.091254807077348 ], [ 397142.06754906399874, 4435578.529654807411134 ] ] ] } },
{ "type": "Feature", "properties": { "Row": 3, "Col": 3, "Label": "LD19-10076", "X_start": 30.01, "Y_start": 200.0, "X_stop": 36.85, "Y_stop": 208.0, "BlockNum": 9, "Block": "B9", "PlotID": "B9_R3_C3", "Design": 3, "HarvestEW": 17, "HarvestNS": 5, "FieldPosition": "E17_N05", "Date/Time": "10/22/2025 3:27:33 PM", "Range": 5, "Row_Harvest": 18, "Weight (kg)": 0.685, "Quick Note": null, "Harvest Sequence": 429, "HarvestSource": "main", "HarvestDirection": "N_to_S", "Weight_kg_raw": 0.685, "HarvestIssue": false, "Weight_kg_analysis": 0.685, "HarvestDateTime": "2025-10-22T15:27:33", "Area_m2": 5.0836543494083024 }, "geometry": { "type": "Polygon", "coordinates": [ [ [ 397139.982717063976452, 4435578.529654807411134 ], [ 397137.897885064012371, 4435578.529654807411134 ], [ 397137.897885064012371, 4435576.091254807077348 ], [ 397139.982717063976452, 4435576.091254807077348 ], [ 397139.982717063976452, 4435578.529654807411134 ] ] ] } },
{ "type": "Feature", "properties": { "Row": 3, "Col": 4, "Label": "LG3216", "X_start": 36.85, "Y_start": 200.0, "X_stop": 43.69, "Y_stop": 208.0, "BlockNum": 9, "Block": "B9", "PlotID": "B9_R3_C4", "Design": 3, "HarvestEW": 16, "HarvestNS": 5, "FieldPosition": "E16_N05", "Date/Time": "10/22/2025 3:10:24 PM", "Range": 5, "Row_Harvest": 17, "Weight (kg)": 1.26, "Quick Note": null, "Harvest Sequence": 390, "HarvestSource": "main", "HarvestDirection": "S_to_N", "Weight_kg_raw": 1.26, "HarvestIssue": false, "Weight_kg_analysis": 1.26, "HarvestDateTime": "2025-10-22T15:10:24", "Area_m2": 5.083654349550236 }, "geometry": { "type": "Polygon", "coordinates": [ [ [ 397137.897885064012371, 4435578.529654807411134 ], [ 397135.813053063990083, 4435578.529654807411134 ], [ 397135.813053063990083, 4435576.091254807077348 ], [ 397137.897885064012371, 4435576.091254807077348 ], [ 397137.897885064012371, 4435578.529654807411134 ] ] ] } },
{ "type": "Feature", "properties": { "Row": 4, "Col": 0, "Label": "LD11-2170", "X_start": 9.5, "Y_start": 210.0, "X_stop": 16.34, "Y_stop": 218.0, "BlockNum": 9, "Block": "B9", "PlotID": "B9_R4_C0", "Design": 3, "HarvestEW": 20, "HarvestNS": 4, "FieldPosition": "E20_N04", "Date/Time": "10/23/2025 9:51:21 AM", "Range": 4, "Row_Harvest": 1, "Weight (kg)": 1.56, "Quick Note": null, "Harvest Sequence": 4, "HarvestSource": "west_last_pass", "HarvestDirection": "S_to_N", "Weight_kg_raw": 1.56, "HarvestIssue": false, "Weight_kg_analysis": 1.56, "HarvestDateTime": "2025-10-23T09:51:21", "Area_m2": 5.0836543476085847 }, "geometry": { "type": "Polygon", "coordinates": [ [ [ 397146.23416506400099, 4435575.481654806993902 ], [ 397144.149333063978702, 4435575.481654806993902 ], [ 397144.149333063978702, 4435573.043254807591438 ], [ 397146.23416506400099, 4435573.043254807591438 ], [ 397146.23416506400099, 4435575.481654806993902 ] ] ] } },
{ "type": "Feature", "properties": { "Row": 4, "Col": 1, "Label": "LG3216", "X_start": 16.34, "Y_start": 210.0, "X_stop": 23.18, "Y_stop": 218.0, "BlockNum": 9, "Block": "B9", "PlotID": "B9_R4_C1", "Design": 3, "HarvestEW": 19, "HarvestNS": 4, "FieldPosition": "E19_N04", "Date/Time": "10/23/2025 9:46:03 AM", "Range": 4, "Row_Harvest": 20, "Weight (kg)": 1.165, "Quick Note": null, "Harvest Sequence": 478, "HarvestSource": "main", "HarvestDirection": "N_to_S", "Weight_kg_raw": 1.165, "HarvestIssue": false, "Weight_kg_analysis": 1.165, "HarvestDateTime": "2025-10-23T09:46:03", "Area_m2": 5.0836543474666511 }, "geometry": { "type": "Polygon", "coordinates": [ [ [ 397144.149333063978702, 4435575.481654806993902 ], [ 397142.064501064014621, 4435575.481654806993902 ], [ 397142.064501064014621, 4435573.043254807591438 ], [ 397144.149333063978702, 4435573.043254807591438 ], [ 397144.149333063978702, 4435575.481654806993902 ] ] ] } },
{ "type": "Feature", "properties": { "Row": 4, "Col": 2, "Label": "LD21-7234", "X_start": 23.17, "Y_start": 210.0, "X_stop": 30.01, "Y_stop": 218.0, "BlockNum": 9, "Block": "B9", "PlotID": "B9_R4_C2", "Design": 3, "HarvestEW": 18, "HarvestNS": 4, "FieldPosition": "E18_N04", "Date/Time": "10/22/2025 3:32:26 PM", "Range": 4, "Row_Harvest": 19, "Weight (kg)": 1.615, "Quick Note": null, "Harvest Sequence": 437, "HarvestSource": "main", "HarvestDirection": "S_to_N", "Weight_kg_raw": 1.615, "HarvestIssue": false, "Weight_kg_analysis": 1.615, "HarvestDateTime": "2025-10-22T15:32:26", "Area_m2": 5.0836543476085847 }, "geometry": { "type": "Polygon", "coordinates": [ [ [ 397142.06754906399874, 4435575.481654806993902 ], [ 397139.982717063976452, 4435575.481654806993902 ], [ 397139.982717063976452, 4435573.043254807591438 ], [ 397142.06754906399874, 4435573.043254807591438 ], [ 397142.06754906399874, 4435575.481654806993902 ] ] ] } },
{ "type": "Feature", "properties": { "Row": 4, "Col": 3, "Label": "LG3216", "X_start": 30.01, "Y_start": 210.0, "X_stop": 36.85, "Y_stop": 218.0, "BlockNum": 9, "Block": "B9", "PlotID": "B9_R4_C3", "Design": 3, "HarvestEW": 17, "HarvestNS": 4, "FieldPosition": "E17_N04", "Date/Time": "10/22/2025 3:27:57 PM", "Range": 4, "Row_Harvest": 18, "Weight (kg)": 1.19, "Quick Note": null, "Harvest Sequence": 430, "HarvestSource": "main", "HarvestDirection": "N_to_S", "Weight_kg_raw": 1.19, "HarvestIssue": false, "Weight_kg_analysis": 1.19, "HarvestDateTime": "2025-10-22T15:27:57", "Area_m2": 5.0836543474666511 }, "geometry": { "type": "Polygon", "coordinates": [ [ [ 397139.982717063976452, 4435575.481654806993902 ], [ 397137.897885064012371, 4435575.481654806993902 ], [ 397137.897885064012371, 4435573.043254807591438 ], [ 397139.982717063976452, 4435573.043254807591438 ], [ 397139.982717063976452, 4435575.481654806993902 ] ] ] } },
{ "type": "Feature", "properties": { "Row": 4, "Col": 4, "Label": "LD21-5253", "X_start": 36.85, "Y_start": 210.0, "X_stop": 43.69, "Y_stop": 218.0, "BlockNum": 9, "Block": "B9", "PlotID": "B9_R4_C4", "Design": 3, "HarvestEW": 16, "HarvestNS": 4, "FieldPosition": "E16_N04", "Date/Time": "10/22/2025 3:10:01 PM", "Range": 4, "Row_Harvest": 17, "Weight (kg)": 0.68, "Quick Note": null, "Harvest Sequence": 389, "HarvestSource": "main", "HarvestDirection": "S_to_N", "Weight_kg_raw": 0.68, "HarvestIssue": false, "Weight_kg_analysis": 0.68, "HarvestDateTime": "2025-10-22T15:10:01", "Area_m2": 5.0836543476085847 }, "geometry": { "type": "Polygon", "coordinates": [ [ [ 397137.897885064012371, 4435575.481654806993902 ], [ 397135.813053063990083, 4435575.481654806993902 ], [ 397135.813053063990083, 4435573.043254807591438 ], [ 397137.897885064012371, 4435573.043254807591438 ], [ 397137.897885064012371, 4435575.481654806993902 ] ] ] } },
{ "type": "Feature", "properties": { "Row": 5, "Col": 0, "Label": "LG3216", "X_start": 9.5, "Y_start": 220.0, "X_stop": 16.34, "Y_stop": 228.0, "BlockNum": 9, "Block": "B9", "PlotID": "B9_R5_C0", "Design": 3, "HarvestEW": 20, "HarvestNS": 3, "FieldPosition": "E20_N03", "Date/Time": "10/23/2025 9:50:55 AM", "Range": 3, "Row_Harvest": 1, "Weight (kg)": 1.39, "Quick Note": null, "Harvest Sequence": 3, "HarvestSource": "west_last_pass", "HarvestDirection": "S_to_N", "Weight_kg_raw": 1.39, "HarvestIssue": false, "Weight_kg_analysis": 1.39, "HarvestDateTime": "2025-10-23T09:50:55", "Area_m2": 5.083654349550236 }, "geometry": { "type": "Polygon", "coordinates": [ [ [ 397146.23416506400099, 4435572.433654807507992 ], [ 397144.149333063978702, 4435572.433654807507992 ], [ 397144.149333063978702, 4435569.995254807174206 ], [ 397146.23416506400099, 4435569.995254807174206 ], [ 397146.23416506400099, 4435572.433654807507992 ] ] ] } },
{ "type": "Feature", "properties": { "Row": 5, "Col": 1, "Label": "LD07-3395bf", "X_start": 16.34, "Y_start": 220.0, "X_stop": 23.18, "Y_stop": 228.0, "BlockNum": 9, "Block": "B9", "PlotID": "B9_R5_C1", "Design": 3, "HarvestEW": 19, "HarvestNS": 3, "FieldPosition": "E19_N03", "Date/Time": "10/23/2025 9:46:33 AM", "Range": 3, "Row_Harvest": 20, "Weight (kg)": 0.69, "Quick Note": null, "Harvest Sequence": 479, "HarvestSource": "main", "HarvestDirection": "N_to_S", "Weight_kg_raw": 0.69, "HarvestIssue": false, "Weight_kg_analysis": 0.69, "HarvestDateTime": "2025-10-23T09:46:33", "Area_m2": 5.0836543494083024 }, "geometry": { "type": "Polygon", "coordinates": [ [ [ 397144.149333063978702, 4435572.433654807507992 ], [ 397142.064501064014621, 4435572.433654807507992 ], [ 397142.064501064014621, 4435569.995254807174206 ], [ 397144.149333063978702, 4435569.995254807174206 ], [ 397144.149333063978702, 4435572.433654807507992 ] ] ] } },
{ "type": "Feature", "properties": { "Row": 5, "Col": 2, "Label": "LG3216", "X_start": 23.17, "Y_start": 220.0, "X_stop": 30.01, "Y_stop": 228.0, "BlockNum": 9, "Block": "B9", "PlotID": "B9_R5_C2", "Design": 3, "HarvestEW": 18, "HarvestNS": 3, "FieldPosition": "E18_N03", "Date/Time": "10/22/2025 3:32:01 PM", "Range": 3, "Row_Harvest": 19, "Weight (kg)": 1.175, "Quick Note": null, "Harvest Sequence": 436, "HarvestSource": "main", "HarvestDirection": "S_to_N", "Weight_kg_raw": 1.175, "HarvestIssue": false, "Weight_kg_analysis": 1.175, "HarvestDateTime": "2025-10-22T15:32:01", "Area_m2": 5.083654349550236 }, "geometry": { "type": "Polygon", "coordinates": [ [ [ 397142.06754906399874, 4435572.433654807507992 ], [ 397139.982717063976452, 4435572.433654807507992 ], [ 397139.982717063976452, 4435569.995254807174206 ], [ 397142.06754906399874, 4435569.995254807174206 ], [ 397142.06754906399874, 4435572.433654807507992 ] ] ] } },
{ "type": "Feature", "properties": { "Row": 5, "Col": 3, "Label": "LD20-5738", "X_start": 30.01, "Y_start": 220.0, "X_stop": 36.85, "Y_stop": 228.0, "BlockNum": 9, "Block": "B9", "PlotID": "B9_R5_C3", "Design": 3, "HarvestEW": 17, "HarvestNS": 3, "FieldPosition": "E17_N03", "Date/Time": "10/22/2025 3:28:20 PM", "Range": 3, "Row_Harvest": 18, "Weight (kg)": 0.92, "Quick Note": null, "Harvest Sequence": 431, "HarvestSource": "main", "HarvestDirection": "N_to_S", "Weight_kg_raw": 0.92, "HarvestIssue": false, "Weight_kg_analysis": 0.92, "HarvestDateTime": "2025-10-22T15:28:20", "Area_m2": 5.0836543494083024 }, "geometry": { "type": "Polygon", "coordinates": [ [ [ 397139.982717063976452, 4435572.433654807507992 ], [ 397137.897885064012371, 4435572.433654807507992 ], [ 397137.897885064012371, 4435569.995254807174206 ], [ 397139.982717063976452, 4435569.995254807174206 ], [ 397139.982717063976452, 4435572.433654807507992 ] ] ] } },
{ "type": "Feature", "properties": { "Row": 5, "Col": 4, "Label": "LG3216", "X_start": 36.85, "Y_start": 220.0, "X_stop": 43.69, "Y_stop": 228.0, "BlockNum": 9, "Block": "B9", "PlotID": "B9_R5_C4", "Design": 3, "HarvestEW": 16, "HarvestNS": 3, "FieldPosition": "E16_N03", "Date/Time": "10/22/2025 3:09:31 PM", "Range": 3, "Row_Harvest": 17, "Weight (kg)": 1.08, "Quick Note": null, "Harvest Sequence": 388, "HarvestSource": "main", "HarvestDirection": "S_to_N", "Weight_kg_raw": 1.08, "HarvestIssue": false, "Weight_kg_analysis": 1.08, "HarvestDateTime": "2025-10-22T15:09:31", "Area_m2": 5.083654349550236 }, "geometry": { "type": "Polygon", "coordinates": [ [ [ 397137.897885064012371, 4435572.433654807507992 ], [ 397135.813053063990083, 4435572.433654807507992 ], [ 397135.813053063990083, 4435569.995254807174206 ], [ 397137.897885064012371, 4435569.995254807174206 ], [ 397137.897885064012371, 4435572.433654807507992 ] ] ] } },
{ "type": "Feature", "properties": { "Row": 6, "Col": 0, "Label": "LD20-4471", "X_start": 9.5, "Y_start": 230.0, "X_stop": 16.34, "Y_stop": 238.0, "BlockNum": 9, "Block": "B9", "PlotID": "B9_R6_C0", "Design": 3, "HarvestEW": 20, "HarvestNS": 2, "FieldPosition": "E20_N02", "Date/Time": "10/23/2025 9:50:27 AM", "Range": 2, "Row_Harvest": 1, "Weight (kg)": 0.865, "Quick Note": null, "Harvest Sequence": 2, "HarvestSource": "west_last_pass", "HarvestDirection": "S_to_N", "Weight_kg_raw": 0.865, "HarvestIssue": false, "Weight_kg_analysis": 0.865, "HarvestDateTime": "2025-10-23T09:50:27", "Area_m2": 5.0836543476085847 }, "geometry": { "type": "Polygon", "coordinates": [ [ [ 397146.23416506400099, 4435569.385654807090759 ], [ 397144.149333063978702, 4435569.385654807090759 ], [ 397144.149333063978702, 4435566.947254807688296 ], [ 397146.23416506400099, 4435566.947254807688296 ], [ 397146.23416506400099, 4435569.385654807090759 ] ] ] } },
{ "type": "Feature", "properties": { "Row": 6, "Col": 1, "Label": "LG3216", "X_start": 16.34, "Y_start": 230.0, "X_stop": 23.18, "Y_stop": 238.0, "BlockNum": 9, "Block": "B9", "PlotID": "B9_R6_C1", "Design": 3, "HarvestEW": 19, "HarvestNS": 2, "FieldPosition": "E19_N02", "Date/Time": "10/23/2025 9:46:58 AM", "Range": 2, "Row_Harvest": 20, "Weight (kg)": 0.7, "Quick Note": null, "Harvest Sequence": 480, "HarvestSource": "main", "HarvestDirection": "N_to_S", "Weight_kg_raw": 0.7, "HarvestIssue": false, "Weight_kg_analysis": 0.7, "HarvestDateTime": "2025-10-23T09:46:58", "Area_m2": 5.0836543474666511 }, "geometry": { "type": "Polygon", "coordinates": [ [ [ 397144.149333063978702, 4435569.385654807090759 ], [ 397142.064501064014621, 4435569.385654807090759 ], [ 397142.064501064014621, 4435566.947254807688296 ], [ 397144.149333063978702, 4435566.947254807688296 ], [ 397144.149333063978702, 4435569.385654807090759 ] ] ] } },
{ "type": "Feature", "properties": { "Row": 6, "Col": 2, "Label": "LD19-10244", "X_start": 23.17, "Y_start": 230.0, "X_stop": 30.01, "Y_stop": 238.0, "BlockNum": 9, "Block": "B9", "PlotID": "B9_R6_C2", "Design": 3, "HarvestEW": 18, "HarvestNS": 2, "FieldPosition": "E18_N02", "Date/Time": "10/22/2025 3:31:32 PM", "Range": 2, "Row_Harvest": 19, "Weight (kg)": 1.29, "Quick Note": null, "Harvest Sequence": 435, "HarvestSource": "main", "HarvestDirection": "S_to_N", "Weight_kg_raw": 1.29, "HarvestIssue": false, "Weight_kg_analysis": 1.29, "HarvestDateTime": "2025-10-22T15:31:32", "Area_m2": 5.0836543476085847 }, "geometry": { "type": "Polygon", "coordinates": [ [ [ 397142.06754906399874, 4435569.385654807090759 ], [ 397139.982717063976452, 4435569.385654807090759 ], [ 397139.982717063976452, 4435566.947254807688296 ], [ 397142.06754906399874, 4435566.947254807688296 ], [ 397142.06754906399874, 4435569.385654807090759 ] ] ] } },
{ "type": "Feature", "properties": { "Row": 6, "Col": 3, "Label": "LG3216", "X_start": 30.01, "Y_start": 230.0, "X_stop": 36.85, "Y_stop": 238.0, "BlockNum": 9, "Block": "B9", "PlotID": "B9_R6_C3", "Design": 3, "HarvestEW": 17, "HarvestNS": 2, "FieldPosition": "E17_N02", "Date/Time": "10/22/2025 3:28:46 PM", "Range": 2, "Row_Harvest": 18, "Weight (kg)": 1.31, "Quick Note": null, "Harvest Sequence": 432, "HarvestSource": "main", "HarvestDirection": "N_to_S", "Weight_kg_raw": 1.31, "HarvestIssue": false, "Weight_kg_analysis": 1.31, "HarvestDateTime": "2025-10-22T15:28:46", "Area_m2": 5.0836543474666511 }, "geometry": { "type": "Polygon", "coordinates": [ [ [ 397139.982717063976452, 4435569.385654807090759 ], [ 397137.897885064012371, 4435569.385654807090759 ], [ 397137.897885064012371, 4435566.947254807688296 ], [ 397139.982717063976452, 4435566.947254807688296 ], [ 397139.982717063976452, 4435569.385654807090759 ] ] ] } },
{ "type": "Feature", "properties": { "Row": 6, "Col": 4, "Label": "LD17-10473L", "X_start": 36.85, "Y_start": 230.0, "X_stop": 43.69, "Y_stop": 238.0, "BlockNum": 9, "Block": "B9", "PlotID": "B9_R6_C4", "Design": 3, "HarvestEW": 16, "HarvestNS": 2, "FieldPosition": "E16_N02", "Date/Time": "10/22/2025 3:09:04 PM", "Range": 2, "Row_Harvest": 17, "Weight (kg)": 0.595, "Quick Note": null, "Harvest Sequence": 387, "HarvestSource": "main", "HarvestDirection": "S_to_N", "Weight_kg_raw": 0.595, "HarvestIssue": false, "Weight_kg_analysis": 0.595, "HarvestDateTime": "2025-10-22T15:09:04", "Area_m2": 5.0836543476085847 }, "geometry": { "type": "Polygon", "coordinates": [ [ [ 397137.897885064012371, 4435569.385654807090759 ], [ 397135.813053063990083, 4435569.385654807090759 ], [ 397135.813053063990083, 4435566.947254807688296 ], [ 397137.897885064012371, 4435566.947254807688296 ], [ 397137.897885064012371, 4435569.385654807090759 ] ] ] } },
{ "type": "Feature", "properties": { "Row": 7, "Col": 0, "Label": "LG3216", "X_start": 9.5, "Y_start": 240.0, "X_stop": 16.34, "Y_stop": 248.0, "BlockNum": 9, "Block": "B9", "PlotID": "B9_R7_C0", "Design": 3, "HarvestEW": 20, "HarvestNS": 1, "FieldPosition": "E20_N01", "Date/Time": "10/23/2025 9:49:57 AM", "Range": 1, "Row_Harvest": 1, "Weight (kg)": 0.42, "Quick Note": null, "Harvest Sequence": 1, "HarvestSource": "west_last_pass", "HarvestDirection": "S_to_N", "Weight_kg_raw": 0.42, "HarvestIssue": false, "Weight_kg_analysis": 0.42, "HarvestDateTime": "2025-10-23T09:49:57", "Area_m2": 5.083654349550236 }, "geometry": { "type": "Polygon", "coordinates": [ [ [ 397146.23416506400099, 4435566.337654807604849 ], [ 397144.149333063978702, 4435566.337654807604849 ], [ 397144.149333063978702, 4435563.899254807271063 ], [ 397146.23416506400099, 4435563.899254807271063 ], [ 397146.23416506400099, 4435566.337654807604849 ] ] ] } },
{ "type": "Feature", "properties": { "Row": 7, "Col": 1, "Label": "LD20-4988", "X_start": 16.34, "Y_start": 240.0, "X_stop": 23.18, "Y_stop": 248.0, "BlockNum": 9, "Block": "B9", "PlotID": "B9_R7_C1", "Design": 3, "HarvestEW": 19, "HarvestNS": 1, "FieldPosition": "E19_N01", "Date/Time": "10/23/2025 9:47:26 AM", "Range": 1, "Row_Harvest": 20, "Weight (kg)": 1.66, "Quick Note": null, "Harvest Sequence": 481, "HarvestSource": "main", "HarvestDirection": "N_to_S", "Weight_kg_raw": 1.66, "HarvestIssue": false, "Weight_kg_analysis": 1.66, "HarvestDateTime": "2025-10-23T09:47:26", "Area_m2": 5.0836543494083024 }, "geometry": { "type": "Polygon", "coordinates": [ [ [ 397144.149333063978702, 4435566.337654807604849 ], [ 397142.064501064014621, 4435566.337654807604849 ], [ 397142.064501064014621, 4435563.899254807271063 ], [ 397144.149333063978702, 4435563.899254807271063 ], [ 397144.149333063978702, 4435566.337654807604849 ] ] ] } },
{ "type": "Feature", "properties": { "Row": 7, "Col": 2, "Label": "LG3216", "X_start": 23.17, "Y_start": 240.0, "X_stop": 30.01, "Y_stop": 248.0, "BlockNum": 9, "Block": "B9", "PlotID": "B9_R7_C2", "Design": 3, "HarvestEW": 18, "HarvestNS": 1, "FieldPosition": "E18_N01", "Date/Time": "10/22/2025 3:31:03 PM", "Range": 1, "Row_Harvest": 19, "Weight (kg)": 0.81, "Quick Note": null, "Harvest Sequence": 434, "HarvestSource": "main", "HarvestDirection": "S_to_N", "Weight_kg_raw": 0.81, "HarvestIssue": false, "Weight_kg_analysis": 0.81, "HarvestDateTime": "2025-10-22T15:31:03", "Area_m2": 5.083654349550236 }, "geometry": { "type": "Polygon", "coordinates": [ [ [ 397142.06754906399874, 4435566.337654807604849 ], [ 397139.982717063976452, 4435566.337654807604849 ], [ 397139.982717063976452, 4435563.899254807271063 ], [ 397142.06754906399874, 4435563.899254807271063 ], [ 397142.06754906399874, 4435566.337654807604849 ] ] ] } },
{ "type": "Feature", "properties": { "Row": 7, "Col": 3, "Label": "LD21-5665", "X_start": 30.01, "Y_start": 240.0, "X_stop": 36.85, "Y_stop": 248.0, "BlockNum": 9, "Block": "B9", "PlotID": "B9_R7_C3", "Design": 3, "HarvestEW": 17, "HarvestNS": 1, "FieldPosition": "E17_N01", "Date/Time": "10/22/2025 3:29:14 PM", "Range": 1, "Row_Harvest": 18, "Weight (kg)": 1.075, "Quick Note": null, "Harvest Sequence": 433, "HarvestSource": "main", "HarvestDirection": "N_to_S", "Weight_kg_raw": 1.075, "HarvestIssue": false, "Weight_kg_analysis": 1.075, "HarvestDateTime": "2025-10-22T15:29:14", "Area_m2": 5.0836543494083024 }, "geometry": { "type": "Polygon", "coordinates": [ [ [ 397139.982717063976452, 4435566.337654807604849 ], [ 397137.897885064012371, 4435566.337654807604849 ], [ 397137.897885064012371, 4435563.899254807271063 ], [ 397139.982717063976452, 4435563.899254807271063 ], [ 397139.982717063976452, 4435566.337654807604849 ] ] ] } },
{ "type": "Feature", "properties": { "Row": 7, "Col": 4, "Label": "LG3216", "X_start": 36.85, "Y_start": 240.0, "X_stop": 43.69, "Y_stop": 248.0, "BlockNum": 9, "Block": "B9", "PlotID": "B9_R7_C4", "Design": 3, "HarvestEW": 16, "HarvestNS": 1, "FieldPosition": "E16_N01", "Date/Time": "10/22/2025 3:08:38 PM", "Range": 1, "Row_Harvest": 17, "Weight (kg)": 0.48, "Quick Note": null, "Harvest Sequence": 386, "HarvestSource": "main", "HarvestDirection": "S_to_N", "Weight_kg_raw": 0.48, "HarvestIssue": false, "Weight_kg_analysis": 0.48, "HarvestDateTime": "2025-10-22T15:08:38", "Area_m2": 5.083654349550236 }, "geometry": { "type": "Polygon", "coordinates": [ [ [ 397137.897885064012371, 4435566.337654807604849 ], [ 397135.813053063990083, 4435566.337654807604849 ], [ 397135.813053063990083, 4435563.899254807271063 ], [ 397137.897885064012371, 4435563.899254807271063 ], [ 397137.897885064012371, 4435566.337654807604849 ] ] ] } },
{ "type": "Feature", "properties": { "Row": 0, "Col": 0, "Label": "AG36XF4", "X_start": 44.94, "Y_start": 170.0, "X_stop": 51.78, "Y_stop": 178.0, "BlockNum": 10, "Block": "B10", "PlotID": "B10_R0_C0", "Design": 4, "HarvestEW": 15, "HarvestNS": 8, "FieldPosition": "E15_N08", "Date/Time": "10/22/2025 2:44:51 PM", "Range": 8, "Row_Harvest": 16, "Weight (kg)": 0.54, "Quick Note": null, "Harvest Sequence": 378, "HarvestSource": "main", "HarvestDirection": "N_to_S", "Weight_kg_raw": 0.54, "HarvestIssue": false, "Weight_kg_analysis": 0.54, "HarvestDateTime": "2025-10-22T14:44:51", "Area_m2": 5.083654349550236 }, "geometry": { "type": "Polygon", "coordinates": [ [ [ 397135.432053063996136, 4435587.673654807731509 ], [ 397133.347221063973848, 4435587.673654807731509 ], [ 397133.347221063973848, 4435585.235254807397723 ], [ 397135.432053063996136, 4435585.235254807397723 ], [ 397135.432053063996136, 4435587.673654807731509 ] ] ] } },
{ "type": "Feature", "properties": { "Row": 0, "Col": 1, "Label": "LD21-7234", "X_start": 51.77, "Y_start": 170.0, "X_stop": 58.61, "Y_stop": 178.0, "BlockNum": 10, "Block": "B10", "PlotID": "B10_R0_C1", "Design": 4, "HarvestEW": 14, "HarvestNS": 8, "FieldPosition": "E14_N08", "Date/Time": "10/22/2025 2:28:02 PM", "Range": 8, "Row_Harvest": 15, "Weight (kg)": 1.235, "Quick Note": null, "Harvest Sequence": 345, "HarvestSource": "main", "HarvestDirection": "S_to_N", "Weight_kg_raw": 1.235, "HarvestIssue": false, "Weight_kg_analysis": 1.235, "HarvestDateTime": "2025-10-22T14:28:02", "Area_m2": 5.083654349550236 }, "geometry": { "type": "Polygon", "coordinates": [ [ [ 397133.350269064016175, 4435587.673654807731509 ], [ 397131.265437063993886, 4435587.673654807731509 ], [ 397131.265437063993886, 4435585.235254807397723 ], [ 397133.350269064016175, 4435585.235254807397723 ], [ 397133.350269064016175, 4435587.673654807731509 ] ] ] } },
{ "type": "Feature", "properties": { "Row": 0, "Col": 2, "Label": "AG38XF6", "X_start": 58.61, "Y_start": 170.0, "X_stop": 65.45, "Y_stop": 178.0, "BlockNum": 10, "Block": "B10", "PlotID": "B10_R0_C2", "Design": 4, "HarvestEW": 13, "HarvestNS": 8, "FieldPosition": "E13_N08", "Date/Time": "10/22/2025 2:20:38 PM", "Range": 8, "Row_Harvest": 14, "Weight (kg)": 0.02, "Quick Note": null, "Harvest Sequence": 330, "HarvestSource": "main", "HarvestDirection": "N_to_S", "Weight_kg_raw": 0.02, "HarvestIssue": false, "Weight_kg_analysis": 0.02, "HarvestDateTime": "2025-10-22T14:20:38", "Area_m2": 5.083654349550236 }, "geometry": { "type": "Polygon", "coordinates": [ [ [ 397131.265437063993886, 4435587.673654807731509 ], [ 397129.180605063971598, 4435587.673654807731509 ], [ 397129.180605063971598, 4435585.235254807397723 ], [ 397131.265437063993886, 4435585.235254807397723 ], [ 397131.265437063993886, 4435587.673654807731509 ] ] ] } },
{ "type": "Feature", "properties": { "Row": 0, "Col": 3, "Label": "LD21-5944", "X_start": 65.45, "Y_start": 170.0, "X_stop": 72.29, "Y_stop": 178.0, "BlockNum": 10, "Block": "B10", "PlotID": "B10_R0_C3", "Design": 4, "HarvestEW": 12, "HarvestNS": 8, "FieldPosition": "E12_N08", "Date/Time": "10/22/2025 2:05:38 PM", "Range": 8, "Row_Harvest": 13, "Weight (kg)": 1.39, "Quick Note": null, "Harvest Sequence": 297, "HarvestSource": "main", "HarvestDirection": "S_to_N", "Weight_kg_raw": 1.39, "HarvestIssue": false, "Weight_kg_analysis": 1.39, "HarvestDateTime": "2025-10-22T14:05:38", "Area_m2": 5.0836543494083024 }, "geometry": { "type": "Polygon", "coordinates": [ [ [ 397129.180605063971598, 4435587.673654807731509 ], [ 397127.095773064007517, 4435587.673654807731509 ], [ 397127.095773064007517, 4435585.235254807397723 ], [ 397129.180605063971598, 4435585.235254807397723 ], [ 397129.180605063971598, 4435587.673654807731509 ] ] ] } },
{ "type": "Feature", "properties": { "Row": 0, "Col": 4, "Label": "AG35XF5", "X_start": 72.29, "Y_start": 170.0, "X_stop": 79.13, "Y_stop": 178.0, "BlockNum": 10, "Block": "B10", "PlotID": "B10_R0_C4", "Design": 4, "HarvestEW": 11, "HarvestNS": 8, "FieldPosition": "E11_N08", "Date/Time": "10/22/2025 1:58:09 PM", "Range": 8, "Row_Harvest": 12, "Weight (kg)": 1.09, "Quick Note": null, "Harvest Sequence": 282, "HarvestSource": "main", "HarvestDirection": "N_to_S", "Weight_kg_raw": 1.09, "HarvestIssue": false, "Weight_kg_analysis": 1.09, "HarvestDateTime": "2025-10-22T13:58:09", "Area_m2": 5.083654349550236 }, "geometry": { "type": "Polygon", "coordinates": [ [ [ 397127.095773064007517, 4435587.673654807731509 ], [ 397125.010941063985229, 4435587.673654807731509 ], [ 397125.010941063985229, 4435585.235254807397723 ], [ 397127.095773064007517, 4435585.235254807397723 ], [ 397127.095773064007517, 4435587.673654807731509 ] ] ] } },
{ "type": "Feature", "properties": { "Row": 1, "Col": 0, "Label": "LD21-3090", "X_start": 44.94, "Y_start": 180.0, "X_stop": 51.78, "Y_stop": 188.0, "BlockNum": 10, "Block": "B10", "PlotID": "B10_R1_C0", "Design": 4, "HarvestEW": 15, "HarvestNS": 7, "FieldPosition": "E15_N07", "Date/Time": "10/22/2025 2:45:15 PM", "Range": 7, "Row_Harvest": 16, "Weight (kg)": 1.665, "Quick Note": null, "Harvest Sequence": 379, "HarvestSource": "main", "HarvestDirection": "N_to_S", "Weight_kg_raw": 1.665, "HarvestIssue": false, "Weight_kg_analysis": 1.665, "HarvestDateTime": "2025-10-22T14:45:15", "Area_m2": 5.083654349550236 }, "geometry": { "type": "Polygon", "coordinates": [ [ [ 397135.432053063996136, 4435584.625654807314277 ], [ 397133.347221063973848, 4435584.625654807314277 ], [ 397133.347221063973848, 4435582.187254806980491 ], [ 397135.432053063996136, 4435582.187254806980491 ], [ 397135.432053063996136, 4435584.625654807314277 ] ] ] } },
{ "type": "Feature", "properties": { "Row": 1, "Col": 1, "Label": "AG34XF6", "X_start": 51.77, "Y_start": 180.0, "X_stop": 58.61, "Y_stop": 188.0, "BlockNum": 10, "Block": "B10", "PlotID": "B10_R1_C1", "Design": 4, "HarvestEW": 14, "HarvestNS": 7, "FieldPosition": "E14_N07", "Date/Time": "10/22/2025 2:27:37 PM", "Range": 7, "Row_Harvest": 15, "Weight (kg)": 0.885, "Quick Note": null, "Harvest Sequence": 344, "HarvestSource": "main", "HarvestDirection": "S_to_N", "Weight_kg_raw": 0.885, "HarvestIssue": false, "Weight_kg_analysis": 0.885, "HarvestDateTime": "2025-10-22T14:27:37", "Area_m2": 5.083654349550236 }, "geometry": { "type": "Polygon", "coordinates": [ [ [ 397133.350269064016175, 4435584.625654807314277 ], [ 397131.265437063993886, 4435584.625654807314277 ], [ 397131.265437063993886, 4435582.187254806980491 ], [ 397133.350269064016175, 4435582.187254806980491 ], [ 397133.350269064016175, 4435584.625654807314277 ] ] ] } },
{ "type": "Feature", "properties": { "Row": 1, "Col": 2, "Label": "LD20-11748", "X_start": 58.61, "Y_start": 180.0, "X_stop": 65.45, "Y_stop": 188.0, "BlockNum": 10, "Block": "B10", "PlotID": "B10_R1_C2", "Design": 4, "HarvestEW": 13, "HarvestNS": 7, "FieldPosition": "E13_N07", "Date/Time": "10/22/2025 2:21:03 PM", "Range": 7, "Row_Harvest": 14, "Weight (kg)": 0.325, "Quick Note": null, "Harvest Sequence": 331, "HarvestSource": "main", "HarvestDirection": "N_to_S", "Weight_kg_raw": 0.325, "HarvestIssue": false, "Weight_kg_analysis": 0.325, "HarvestDateTime": "2025-10-22T14:21:03", "Area_m2": 5.083654349550236 }, "geometry": { "type": "Polygon", "coordinates": [ [ [ 397131.265437063993886, 4435584.625654807314277 ], [ 397129.180605063971598, 4435584.625654807314277 ], [ 397129.180605063971598, 4435582.187254806980491 ], [ 397131.265437063993886, 4435582.187254806980491 ], [ 397131.265437063993886, 4435584.625654807314277 ] ] ] } },
{ "type": "Feature", "properties": { "Row": 1, "Col": 3, "Label": "AG40XFF5", "X_start": 65.45, "Y_start": 180.0, "X_stop": 72.29, "Y_stop": 188.0, "BlockNum": 10, "Block": "B10", "PlotID": "B10_R1_C3", "Design": 4, "HarvestEW": 12, "HarvestNS": 7, "FieldPosition": "E12_N07", "Date/Time": "10/22/2025 2:05:11 PM", "Range": 7, "Row_Harvest": 13, "Weight (kg)": 0.945, "Quick Note": null, "Harvest Sequence": 296, "HarvestSource": "main", "HarvestDirection": "S_to_N", "Weight_kg_raw": 0.945, "HarvestIssue": false, "Weight_kg_analysis": 0.945, "HarvestDateTime": "2025-10-22T14:05:11", "Area_m2": 5.0836543494083024 }, "geometry": { "type": "Polygon", "coordinates": [ [ [ 397129.180605063971598, 4435584.625654807314277 ], [ 397127.095773064007517, 4435584.625654807314277 ], [ 397127.095773064007517, 4435582.187254806980491 ], [ 397129.180605063971598, 4435582.187254806980491 ], [ 397129.180605063971598, 4435584.625654807314277 ] ] ] } },
{ "type": "Feature", "properties": { "Row": 1, "Col": 4, "Label": "LD21-5665", "X_start": 72.29, "Y_start": 180.0, "X_stop": 79.13, "Y_stop": 188.0, "BlockNum": 10, "Block": "B10", "PlotID": "B10_R1_C4", "Design": 4, "HarvestEW": 11, "HarvestNS": 7, "FieldPosition": "E11_N07", "Date/Time": "10/22/2025 1:58:37 PM", "Range": 7, "Row_Harvest": 12, "Weight (kg)": 1.27, "Quick Note": null, "Harvest Sequence": 283, "HarvestSource": "main", "HarvestDirection": "N_to_S", "Weight_kg_raw": 1.27, "HarvestIssue": false, "Weight_kg_analysis": 1.27, "HarvestDateTime": "2025-10-22T13:58:37", "Area_m2": 5.083654349550236 }, "geometry": { "type": "Polygon", "coordinates": [ [ [ 397127.095773064007517, 4435584.625654807314277 ], [ 397125.010941063985229, 4435584.625654807314277 ], [ 397125.010941063985229, 4435582.187254806980491 ], [ 397127.095773064007517, 4435582.187254806980491 ], [ 397127.095773064007517, 4435584.625654807314277 ] ] ] } },
{ "type": "Feature", "properties": { "Row": 2, "Col": 0, "Label": "AG38XF6", "X_start": 44.94, "Y_start": 190.0, "X_stop": 51.78, "Y_stop": 198.0, "BlockNum": 10, "Block": "B10", "PlotID": "B10_R2_C0", "Design": 4, "HarvestEW": 15, "HarvestNS": 6, "FieldPosition": "E15_N06", "Date/Time": "10/22/2025 2:45:41 PM", "Range": 6, "Row_Harvest": 16, "Weight (kg)": 1.375, "Quick Note": null, "Harvest Sequence": 380, "HarvestSource": "main", "HarvestDirection": "N_to_S", "Weight_kg_raw": 1.375, "HarvestIssue": false, "Weight_kg_analysis": 1.375, "HarvestDateTime": "2025-10-22T14:45:41", "Area_m2": 5.083654349550236 }, "geometry": { "type": "Polygon", "coordinates": [ [ [ 397135.432053063996136, 4435581.577654807828367 ], [ 397133.347221063973848, 4435581.577654807828367 ], [ 397133.347221063973848, 4435579.139254807494581 ], [ 397135.432053063996136, 4435579.139254807494581 ], [ 397135.432053063996136, 4435581.577654807828367 ] ] ] } },
{ "type": "Feature", "properties": { "Row": 2, "Col": 1, "Label": "LD07-3395bf", "X_start": 51.77, "Y_start": 190.0, "X_stop": 58.61, "Y_stop": 198.0, "BlockNum": 10, "Block": "B10", "PlotID": "B10_R2_C1", "Design": 4, "HarvestEW": 14, "HarvestNS": 6, "FieldPosition": "E14_N06", "Date/Time": "10/22/2025 2:27:10 PM", "Range": 6, "Row_Harvest": 15, "Weight (kg)": 1.475, "Quick Note": null, "Harvest Sequence": 343, "HarvestSource": "main", "HarvestDirection": "S_to_N", "Weight_kg_raw": 1.475, "HarvestIssue": false, "Weight_kg_analysis": 1.475, "HarvestDateTime": "2025-10-22T14:27:10", "Area_m2": 5.083654349550236 }, "geometry": { "type": "Polygon", "coordinates": [ [ [ 397133.350269064016175, 4435581.577654807828367 ], [ 397131.265437063993886, 4435581.577654807828367 ], [ 397131.265437063993886, 4435579.139254807494581 ], [ 397133.350269064016175, 4435579.139254807494581 ], [ 397133.350269064016175, 4435581.577654807828367 ] ] ] } },
{ "type": "Feature", "properties": { "Row": 2, "Col": 2, "Label": "AG36XF4", "X_start": 58.61, "Y_start": 190.0, "X_stop": 65.45, "Y_stop": 198.0, "BlockNum": 10, "Block": "B10", "PlotID": "B10_R2_C2", "Design": 4, "HarvestEW": 13, "HarvestNS": 6, "FieldPosition": "E13_N06", "Date/Time": "10/22/2025 2:21:24 PM", "Range": 6, "Row_Harvest": 14, "Weight (kg)": 0.5, "Quick Note": null, "Harvest Sequence": 332, "HarvestSource": "main", "HarvestDirection": "N_to_S", "Weight_kg_raw": 0.5, "HarvestIssue": false, "Weight_kg_analysis": 0.5, "HarvestDateTime": "2025-10-22T14:21:24", "Area_m2": 5.083654349550236 }, "geometry": { "type": "Polygon", "coordinates": [ [ [ 397131.265437063993886, 4435581.577654807828367 ], [ 397129.180605063971598, 4435581.577654807828367 ], [ 397129.180605063971598, 4435579.139254807494581 ], [ 397131.265437063993886, 4435579.139254807494581 ], [ 397131.265437063993886, 4435581.577654807828367 ] ] ] } },
{ "type": "Feature", "properties": { "Row": 2, "Col": 3, "Label": "LD21-5253", "X_start": 65.45, "Y_start": 190.0, "X_stop": 72.29, "Y_stop": 198.0, "BlockNum": 10, "Block": "B10", "PlotID": "B10_R2_C3", "Design": 4, "HarvestEW": 12, "HarvestNS": 6, "FieldPosition": "E12_N06", "Date/Time": "10/22/2025 2:04:46 PM", "Range": 6, "Row_Harvest": 13, "Weight (kg)": 1.625, "Quick Note": null, "Harvest Sequence": 295, "HarvestSource": "main", "HarvestDirection": "S_to_N", "Weight_kg_raw": 1.625, "HarvestIssue": false, "Weight_kg_analysis": 1.625, "HarvestDateTime": "2025-10-22T14:04:46", "Area_m2": 5.0836543494083024 }, "geometry": { "type": "Polygon", "coordinates": [ [ [ 397129.180605063971598, 4435581.577654807828367 ], [ 397127.095773064007517, 4435581.577654807828367 ], [ 397127.095773064007517, 4435579.139254807494581 ], [ 397129.180605063971598, 4435579.139254807494581 ], [ 397129.180605063971598, 4435581.577654807828367 ] ] ] } },
{ "type": "Feature", "properties": { "Row": 2, "Col": 4, "Label": "AG34XF6", "X_start": 72.29, "Y_start": 190.0, "X_stop": 79.13, "Y_stop": 198.0, "BlockNum": 10, "Block": "B10", "PlotID": "B10_R2_C4", "Design": 4, "HarvestEW": 11, "HarvestNS": 6, "FieldPosition": "E11_N06", "Date/Time": "10/22/2025 1:59:04 PM", "Range": 6, "Row_Harvest": 12, "Weight (kg)": 1.045, "Quick Note": null, "Harvest Sequence": 284, "HarvestSource": "main", "HarvestDirection": "N_to_S", "Weight_kg_raw": 1.045, "HarvestIssue": false, "Weight_kg_analysis": 1.045, "HarvestDateTime": "2025-10-22T13:59:04", "Area_m2": 5.083654349550236 }, "geometry": { "type": "Polygon", "coordinates": [ [ [ 397127.095773064007517, 4435581.577654807828367 ], [ 397125.010941063985229, 4435581.577654807828367 ], [ 397125.010941063985229, 4435579.139254807494581 ], [ 397127.095773064007517, 4435579.139254807494581 ], [ 397127.095773064007517, 4435581.577654807828367 ] ] ] } },
{ "type": "Feature", "properties": { "Row": 3, "Col": 0, "Label": "LD17-10473F", "X_start": 44.94, "Y_start": 200.0, "X_stop": 51.78, "Y_stop": 208.0, "BlockNum": 10, "Block": "B10", "PlotID": "B10_R3_C0", "Design": 4, "HarvestEW": 15, "HarvestNS": 5, "FieldPosition": "E15_N05", "Date/Time": "10/22/2025 2:46:04 PM", "Range": 5, "Row_Harvest": 16, "Weight (kg)": 1.03, "Quick Note": null, "Harvest Sequence": 381, "HarvestSource": "main", "HarvestDirection": "N_to_S", "Weight_kg_raw": 1.03, "HarvestIssue": false, "Weight_kg_analysis": 1.03, "HarvestDateTime": "2025-10-22T14:46:04", "Area_m2": 5.083654349550236 }, "geometry": { "type": "Polygon", "coordinates": [ [ [ 397135.432053063996136, 4435578.529654807411134 ], [ 397133.347221063973848, 4435578.529654807411134 ], [ 397133.347221063973848, 4435576.091254807077348 ], [ 397135.432053063996136, 4435576.091254807077348 ], [ 397135.432053063996136, 4435578.529654807411134 ] ] ] } },
{ "type": "Feature", "properties": { "Row": 3, "Col": 1, "Label": "AG40XFF5", "X_start": 51.77, "Y_start": 200.0, "X_stop": 58.61, "Y_stop": 208.0, "BlockNum": 10, "Block": "B10", "PlotID": "B10_R3_C1", "Design": 4, "HarvestEW": 14, "HarvestNS": 5, "FieldPosition": "E14_N05", "Date/Time": "10/22/2025 2:26:43 PM", "Range": 5, "Row_Harvest": 15, "Weight (kg)": 1.205, "Quick Note": null, "Harvest Sequence": 342, "HarvestSource": "main", "HarvestDirection": "S_to_N", "Weight_kg_raw": 1.205, "HarvestIssue": false, "Weight_kg_analysis": 1.205, "HarvestDateTime": "2025-10-22T14:26:43", "Area_m2": 5.083654349550236 }, "geometry": { "type": "Polygon", "coordinates": [ [ [ 397133.350269064016175, 4435578.529654807411134 ], [ 397131.265437063993886, 4435578.529654807411134 ], [ 397131.265437063993886, 4435576.091254807077348 ], [ 397133.350269064016175, 4435576.091254807077348 ], [ 397133.350269064016175, 4435578.529654807411134 ] ] ] } },
{ "type": "Feature", "properties": { "Row": 3, "Col": 2, "Label": "LD21-5253", "X_start": 58.61, "Y_start": 200.0, "X_stop": 65.45, "Y_stop": 208.0, "BlockNum": 10, "Block": "B10", "PlotID": "B10_R3_C2", "Design": 4, "HarvestEW": 13, "HarvestNS": 5, "FieldPosition": "E13_N05", "Date/Time": "10/22/2025 2:21:50 PM", "Range": 5, "Row_Harvest": 14, "Weight (kg)": 0.705, "Quick Note": null, "Harvest Sequence": 333, "HarvestSource": "main", "HarvestDirection": "N_to_S", "Weight_kg_raw": 0.705, "HarvestIssue": false, "Weight_kg_analysis": 0.705, "HarvestDateTime": "2025-10-22T14:21:50", "Area_m2": 5.083654349550236 }, "geometry": { "type": "Polygon", "coordinates": [ [ [ 397131.265437063993886, 4435578.529654807411134 ], [ 397129.180605063971598, 4435578.529654807411134 ], [ 397129.180605063971598, 4435576.091254807077348 ], [ 397131.265437063993886, 4435576.091254807077348 ], [ 397131.265437063993886, 4435578.529654807411134 ] ] ] } },
{ "type": "Feature", "properties": { "Row": 3, "Col": 3, "Label": "AG35XF5", "X_start": 65.45, "Y_start": 200.0, "X_stop": 72.29, "Y_stop": 208.0, "BlockNum": 10, "Block": "B10", "PlotID": "B10_R3_C3", "Design": 4, "HarvestEW": 12, "HarvestNS": 5, "FieldPosition": "E12_N05", "Date/Time": "10/22/2025 2:04:21 PM", "Range": 5, "Row_Harvest": 13, "Weight (kg)": 0.825, "Quick Note": null, "Harvest Sequence": 294, "HarvestSource": "main", "HarvestDirection": "S_to_N", "Weight_kg_raw": 0.825, "HarvestIssue": false, "Weight_kg_analysis": 0.825, "HarvestDateTime": "2025-10-22T14:04:21", "Area_m2": 5.0836543494083024 }, "geometry": { "type": "Polygon", "coordinates": [ [ [ 397129.180605063971598, 4435578.529654807411134 ], [ 397127.095773064007517, 4435578.529654807411134 ], [ 397127.095773064007517, 4435576.091254807077348 ], [ 397129.180605063971598, 4435576.091254807077348 ], [ 397129.180605063971598, 4435578.529654807411134 ] ] ] } },
{ "type": "Feature", "properties": { "Row": 3, "Col": 4, "Label": "LD21-5944", "X_start": 72.29, "Y_start": 200.0, "X_stop": 79.13, "Y_stop": 208.0, "BlockNum": 10, "Block": "B10", "PlotID": "B10_R3_C4", "Design": 4, "HarvestEW": 11, "HarvestNS": 5, "FieldPosition": "E11_N05", "Date/Time": "10/22/2025 1:59:31 PM", "Range": 5, "Row_Harvest": 12, "Weight (kg)": 0.595, "Quick Note": null, "Harvest Sequence": 285, "HarvestSource": "main", "HarvestDirection": "N_to_S", "Weight_kg_raw": 0.595, "HarvestIssue": false, "Weight_kg_analysis": 0.595, "HarvestDateTime": "2025-10-22T13:59:31", "Area_m2": 5.083654349550236 }, "geometry": { "type": "Polygon", "coordinates": [ [ [ 397127.095773064007517, 4435578.529654807411134 ], [ 397125.010941063985229, 4435578.529654807411134 ], [ 397125.010941063985229, 4435576.091254807077348 ], [ 397127.095773064007517, 4435576.091254807077348 ], [ 397127.095773064007517, 4435578.529654807411134 ] ] ] } },
{ "type": "Feature", "properties": { "Row": 4, "Col": 0, "Label": "AG38XF6", "X_start": 44.94, "Y_start": 210.0, "X_stop": 51.78, "Y_stop": 218.0, "BlockNum": 10, "Block": "B10", "PlotID": "B10_R4_C0", "Design": 4, "HarvestEW": 15, "HarvestNS": 4, "FieldPosition": "E15_N04", "Date/Time": "10/22/2025 2:46:27 PM", "Range": 4, "Row_Harvest": 16, "Weight (kg)": 1.57, "Quick Note": null, "Harvest Sequence": 382, "HarvestSource": "main", "HarvestDirection": "N_to_S", "Weight_kg_raw": 1.57, "HarvestIssue": false, "Weight_kg_analysis": 1.57, "HarvestDateTime": "2025-10-22T14:46:27", "Area_m2": 5.0836543476085847 }, "geometry": { "type": "Polygon", "coordinates": [ [ [ 397135.432053063996136, 4435575.481654806993902 ], [ 397133.347221063973848, 4435575.481654806993902 ], [ 397133.347221063973848, 4435573.043254807591438 ], [ 397135.432053063996136, 4435573.043254807591438 ], [ 397135.432053063996136, 4435575.481654806993902 ] ] ] } },
{ "type": "Feature", "properties": { "Row": 4, "Col": 1, "Label": "LD21-3090", "X_start": 51.77, "Y_start": 210.0, "X_stop": 58.61, "Y_stop": 218.0, "BlockNum": 10, "Block": "B10", "PlotID": "B10_R4_C1", "Design": 4, "HarvestEW": 14, "HarvestNS": 4, "FieldPosition": "E14_N04", "Date/Time": "10/22/2025 2:26:12 PM", "Range": 4, "Row_Harvest": 15, "Weight (kg)": 0.615, "Quick Note": null, "Harvest Sequence": 341, "HarvestSource": "main", "HarvestDirection": "S_to_N", "Weight_kg_raw": 0.615, "HarvestIssue": false, "Weight_kg_analysis": 0.615, "HarvestDateTime": "2025-10-22T14:26:12", "Area_m2": 5.0836543476085847 }, "geometry": { "type": "Polygon", "coordinates": [ [ [ 397133.350269064016175, 4435575.481654806993902 ], [ 397131.265437063993886, 4435575.481654806993902 ], [ 397131.265437063993886, 4435573.043254807591438 ], [ 397133.350269064016175, 4435573.043254807591438 ], [ 397133.350269064016175, 4435575.481654806993902 ] ] ] } },
{ "type": "Feature", "properties": { "Row": 4, "Col": 2, "Label": "AG35XF5", "X_start": 58.61, "Y_start": 210.0, "X_stop": 65.45, "Y_stop": 218.0, "BlockNum": 10, "Block": "B10", "PlotID": "B10_R4_C2", "Design": 4, "HarvestEW": 13, "HarvestNS": 4, "FieldPosition": "E13_N04", "Date/Time": "10/22/2025 2:22:15 PM", "Range": 4, "Row_Harvest": 14, "Weight (kg)": 0.835, "Quick Note": null, "Harvest Sequence": 334, "HarvestSource": "main", "HarvestDirection": "N_to_S", "Weight_kg_raw": 0.835, "HarvestIssue": false, "Weight_kg_analysis": 0.835, "HarvestDateTime": "2025-10-22T14:22:15", "Area_m2": 5.0836543476085847 }, "geometry": { "type": "Polygon", "coordinates": [ [ [ 397131.265437063993886, 4435575.481654806993902 ], [ 397129.180605063971598, 4435575.481654806993902 ], [ 397129.180605063971598, 4435573.043254807591438 ], [ 397131.265437063993886, 4435573.043254807591438 ], [ 397131.265437063993886, 4435575.481654806993902 ] ] ] } },
{ "type": "Feature", "properties": { "Row": 4, "Col": 3, "Label": "LD21-7234", "X_start": 65.45, "Y_start": 210.0, "X_stop": 72.29, "Y_stop": 218.0, "BlockNum": 10, "Block": "B10", "PlotID": "B10_R4_C3", "Design": 4, "HarvestEW": 12, "HarvestNS": 4, "FieldPosition": "E12_N04", "Date/Time": "10/22/2025 2:03:56 PM", "Range": 4, "Row_Harvest": 13, "Weight (kg)": 0.8, "Quick Note": null, "Harvest Sequence": 293, "HarvestSource": "main", "HarvestDirection": "S_to_N", "Weight_kg_raw": 0.8, "HarvestIssue": false, "Weight_kg_analysis": 0.8, "HarvestDateTime": "2025-10-22T14:03:56", "Area_m2": 5.0836543474666511 }, "geometry": { "type": "Polygon", "coordinates": [ [ [ 397129.180605063971598, 4435575.481654806993902 ], [ 397127.095773064007517, 4435575.481654806993902 ], [ 397127.095773064007517, 4435573.043254807591438 ], [ 397129.180605063971598, 4435573.043254807591438 ], [ 397129.180605063971598, 4435575.481654806993902 ] ] ] } },
{ "type": "Feature", "properties": { "Row": 4, "Col": 4, "Label": "AG34XF6", "X_start": 72.29, "Y_start": 210.0, "X_stop": 79.13, "Y_stop": 218.0, "BlockNum": 10, "Block": "B10", "PlotID": "B10_R4_C4", "Design": 4, "HarvestEW": 11, "HarvestNS": 4, "FieldPosition": "E11_N04", "Date/Time": "10/22/2025 1:59:58 PM", "Range": 4, "Row_Harvest": 12, "Weight (kg)": 0.9, "Quick Note": null, "Harvest Sequence": 286, "HarvestSource": "main", "HarvestDirection": "N_to_S", "Weight_kg_raw": 0.9, "HarvestIssue": false, "Weight_kg_analysis": 0.9, "HarvestDateTime": "2025-10-22T13:59:58", "Area_m2": 5.0836543476085847 }, "geometry": { "type": "Polygon", "coordinates": [ [ [ 397127.095773064007517, 4435575.481654806993902 ], [ 397125.010941063985229, 4435575.481654806993902 ], [ 397125.010941063985229, 4435573.043254807591438 ], [ 397127.095773064007517, 4435573.043254807591438 ], [ 397127.095773064007517, 4435575.481654806993902 ] ] ] } },
{ "type": "Feature", "properties": { "Row": 5, "Col": 0, "Label": "LD20-11748", "X_start": 44.94, "Y_start": 220.0, "X_stop": 51.78, "Y_stop": 228.0, "BlockNum": 10, "Block": "B10", "PlotID": "B10_R5_C0", "Design": 4, "HarvestEW": 15, "HarvestNS": 3, "FieldPosition": "E15_N03", "Date/Time": "10/22/2025 2:46:52 PM", "Range": 3, "Row_Harvest": 16, "Weight (kg)": 1.14, "Quick Note": null, "Harvest Sequence": 383, "HarvestSource": "main", "HarvestDirection": "N_to_S", "Weight_kg_raw": 1.14, "HarvestIssue": false, "Weight_kg_analysis": 1.14, "HarvestDateTime": "2025-10-22T14:46:52", "Area_m2": 5.083654349550236 }, "geometry": { "type": "Polygon", "coordinates": [ [ [ 397135.432053063996136, 4435572.433654807507992 ], [ 397133.347221063973848, 4435572.433654807507992 ], [ 397133.347221063973848, 4435569.995254807174206 ], [ 397135.432053063996136, 4435569.995254807174206 ], [ 397135.432053063996136, 4435572.433654807507992 ] ] ] } },
{ "type": "Feature", "properties": { "Row": 5, "Col": 1, "Label": "AG36XF4", "X_start": 51.77, "Y_start": 220.0, "X_stop": 58.61, "Y_stop": 228.0, "BlockNum": 10, "Block": "B10", "PlotID": "B10_R5_C1", "Design": 4, "HarvestEW": 14, "HarvestNS": 3, "FieldPosition": "E14_N03", "Date/Time": "10/22/2025 2:25:47 PM", "Range": 3, "Row_Harvest": 15, "Weight (kg)": 1.27, "Quick Note": null, "Harvest Sequence": 340, "HarvestSource": "main", "HarvestDirection": "S_to_N", "Weight_kg_raw": 1.27, "HarvestIssue": false, "Weight_kg_analysis": 1.27, "HarvestDateTime": "2025-10-22T14:25:47", "Area_m2": 5.083654349550236 }, "geometry": { "type": "Polygon", "coordinates": [ [ [ 397133.350269064016175, 4435572.433654807507992 ], [ 397131.265437063993886, 4435572.433654807507992 ], [ 397131.265437063993886, 4435569.995254807174206 ], [ 397133.350269064016175, 4435569.995254807174206 ], [ 397133.350269064016175, 4435572.433654807507992 ] ] ] } },
{ "type": "Feature", "properties": { "Row": 5, "Col": 2, "Label": "LD17-10473F", "X_start": 58.61, "Y_start": 220.0, "X_stop": 65.45, "Y_stop": 228.0, "BlockNum": 10, "Block": "B10", "PlotID": "B10_R5_C2", "Design": 4, "HarvestEW": 13, "HarvestNS": 3, "FieldPosition": "E13_N03", "Date/Time": "10/22/2025 2:22:42 PM", "Range": 3, "Row_Harvest": 14, "Weight (kg)": 1.19, "Quick Note": null, "Harvest Sequence": 335, "HarvestSource": "main", "HarvestDirection": "N_to_S", "Weight_kg_raw": 1.19, "HarvestIssue": false, "Weight_kg_analysis": 1.19, "HarvestDateTime": "2025-10-22T14:22:42", "Area_m2": 5.083654349550236 }, "geometry": { "type": "Polygon", "coordinates": [ [ [ 397131.265437063993886, 4435572.433654807507992 ], [ 397129.180605063971598, 4435572.433654807507992 ], [ 397129.180605063971598, 4435569.995254807174206 ], [ 397131.265437063993886, 4435569.995254807174206 ], [ 397131.265437063993886, 4435572.433654807507992 ] ] ] } },
{ "type": "Feature", "properties": { "Row": 5, "Col": 3, "Label": "AG40XFF5", "X_start": 65.45, "Y_start": 220.0, "X_stop": 72.29, "Y_stop": 228.0, "BlockNum": 10, "Block": "B10", "PlotID": "B10_R5_C3", "Design": 4, "HarvestEW": 12, "HarvestNS": 3, "FieldPosition": "E12_N03", "Date/Time": "10/22/2025 2:03:30 PM", "Range": 3, "Row_Harvest": 13, "Weight (kg)": 0.43, "Quick Note": null, "Harvest Sequence": 292, "HarvestSource": "main", "HarvestDirection": "S_to_N", "Weight_kg_raw": 0.43, "HarvestIssue": false, "Weight_kg_analysis": 0.43, "HarvestDateTime": "2025-10-22T14:03:30", "Area_m2": 5.0836543494083024 }, "geometry": { "type": "Polygon", "coordinates": [ [ [ 397129.180605063971598, 4435572.433654807507992 ], [ 397127.095773064007517, 4435572.433654807507992 ], [ 397127.095773064007517, 4435569.995254807174206 ], [ 397129.180605063971598, 4435569.995254807174206 ], [ 397129.180605063971598, 4435572.433654807507992 ] ] ] } },
{ "type": "Feature", "properties": { "Row": 5, "Col": 4, "Label": "LD07-3395bf", "X_start": 72.29, "Y_start": 220.0, "X_stop": 79.13, "Y_stop": 228.0, "BlockNum": 10, "Block": "B10", "PlotID": "B10_R5_C4", "Design": 4, "HarvestEW": 11, "HarvestNS": 3, "FieldPosition": "E11_N03", "Date/Time": "10/22/2025 2:00:18 PM", "Range": 3, "Row_Harvest": 12, "Weight (kg)": 0.225, "Quick Note": null, "Harvest Sequence": 287, "HarvestSource": "main", "HarvestDirection": "N_to_S", "Weight_kg_raw": 0.225, "HarvestIssue": false, "Weight_kg_analysis": 0.225, "HarvestDateTime": "2025-10-22T14:00:18", "Area_m2": 5.083654349550236 }, "geometry": { "type": "Polygon", "coordinates": [ [ [ 397127.095773064007517, 4435572.433654807507992 ], [ 397125.010941063985229, 4435572.433654807507992 ], [ 397125.010941063985229, 4435569.995254807174206 ], [ 397127.095773064007517, 4435569.995254807174206 ], [ 397127.095773064007517, 4435572.433654807507992 ] ] ] } },
{ "type": "Feature", "properties": { "Row": 6, "Col": 0, "Label": "AG35XF5", "X_start": 44.94, "Y_start": 230.0, "X_stop": 51.78, "Y_stop": 238.0, "BlockNum": 10, "Block": "B10", "PlotID": "B10_R6_C0", "Design": 4, "HarvestEW": 15, "HarvestNS": 2, "FieldPosition": "E15_N02", "Date/Time": "10/22/2025 2:47:15 PM", "Range": 2, "Row_Harvest": 16, "Weight (kg)": 0.935, "Quick Note": null, "Harvest Sequence": 384, "HarvestSource": "main", "HarvestDirection": "N_to_S", "Weight_kg_raw": 0.935, "HarvestIssue": false, "Weight_kg_analysis": 0.935, "HarvestDateTime": "2025-10-22T14:47:15", "Area_m2": 5.0836543476085847 }, "geometry": { "type": "Polygon", "coordinates": [ [ [ 397135.432053063996136, 4435569.385654807090759 ], [ 397133.347221063973848, 4435569.385654807090759 ], [ 397133.347221063973848, 4435566.947254807688296 ], [ 397135.432053063996136, 4435566.947254807688296 ], [ 397135.432053063996136, 4435569.385654807090759 ] ] ] } },
{ "type": "Feature", "properties": { "Row": 6, "Col": 1, "Label": "LD21-5665", "X_start": 51.77, "Y_start": 230.0, "X_stop": 58.61, "Y_stop": 238.0, "BlockNum": 10, "Block": "B10", "PlotID": "B10_R6_C1", "Design": 4, "HarvestEW": 14, "HarvestNS": 2, "FieldPosition": "E14_N02", "Date/Time": "10/22/2025 2:25:21 PM", "Range": 2, "Row_Harvest": 15, "Weight (kg)": 1.32, "Quick Note": null, "Harvest Sequence": 339, "HarvestSource": "main", "HarvestDirection": "S_to_N", "Weight_kg_raw": 1.32, "HarvestIssue": false, "Weight_kg_analysis": 1.32, "HarvestDateTime": "2025-10-22T14:25:21", "Area_m2": 5.0836543476085847 }, "geometry": { "type": "Polygon", "coordinates": [ [ [ 397133.350269064016175, 4435569.385654807090759 ], [ 397131.265437063993886, 4435569.385654807090759 ], [ 397131.265437063993886, 4435566.947254807688296 ], [ 397133.350269064016175, 4435566.947254807688296 ], [ 397133.350269064016175, 4435569.385654807090759 ] ] ] } },
{ "type": "Feature", "properties": { "Row": 6, "Col": 2, "Label": "AG34XF6", "X_start": 58.61, "Y_start": 230.0, "X_stop": 65.45, "Y_stop": 238.0, "BlockNum": 10, "Block": "B10", "PlotID": "B10_R6_C2", "Design": 4, "HarvestEW": 13, "HarvestNS": 2, "FieldPosition": "E13_N02", "Date/Time": "10/22/2025 2:23:09 PM", "Range": 2, "Row_Harvest": 14, "Weight (kg)": 0.685, "Quick Note": null, "Harvest Sequence": 336, "HarvestSource": "main", "HarvestDirection": "N_to_S", "Weight_kg_raw": 0.685, "HarvestIssue": false, "Weight_kg_analysis": 0.685, "HarvestDateTime": "2025-10-22T14:23:09", "Area_m2": 5.0836543476085847 }, "geometry": { "type": "Polygon", "coordinates": [ [ [ 397131.265437063993886, 4435569.385654807090759 ], [ 397129.180605063971598, 4435569.385654807090759 ], [ 397129.180605063971598, 4435566.947254807688296 ], [ 397131.265437063993886, 4435566.947254807688296 ], [ 397131.265437063993886, 4435569.385654807090759 ] ] ] } },
{ "type": "Feature", "properties": { "Row": 6, "Col": 3, "Label": "LD21-5944", "X_start": 65.45, "Y_start": 230.0, "X_stop": 72.29, "Y_stop": 238.0, "BlockNum": 10, "Block": "B10", "PlotID": "B10_R6_C3", "Design": 4, "HarvestEW": 12, "HarvestNS": 2, "FieldPosition": "E12_N02", "Date/Time": "10/22/2025 2:03:09 PM", "Range": 2, "Row_Harvest": 13, "Weight (kg)": 0.635, "Quick Note": null, "Harvest Sequence": 291, "HarvestSource": "main", "HarvestDirection": "S_to_N", "Weight_kg_raw": 0.635, "HarvestIssue": false, "Weight_kg_analysis": 0.635, "HarvestDateTime": "2025-10-22T14:03:09", "Area_m2": 5.0836543474666511 }, "geometry": { "type": "Polygon", "coordinates": [ [ [ 397129.180605063971598, 4435569.385654807090759 ], [ 397127.095773064007517, 4435569.385654807090759 ], [ 397127.095773064007517, 4435566.947254807688296 ], [ 397129.180605063971598, 4435566.947254807688296 ], [ 397129.180605063971598, 4435569.385654807090759 ] ] ] } },
{ "type": "Feature", "properties": { "Row": 6, "Col": 4, "Label": "AG38XF6", "X_start": 72.29, "Y_start": 230.0, "X_stop": 79.13, "Y_stop": 238.0, "BlockNum": 10, "Block": "B10", "PlotID": "B10_R6_C4", "Design": 4, "HarvestEW": 11, "HarvestNS": 2, "FieldPosition": "E11_N02", "Date/Time": "10/22/2025 2:00:43 PM", "Range": 2, "Row_Harvest": 12, "Weight (kg)": 0.635, "Quick Note": null, "Harvest Sequence": 288, "HarvestSource": "main", "HarvestDirection": "N_to_S", "Weight_kg_raw": 0.635, "HarvestIssue": false, "Weight_kg_analysis": 0.635, "HarvestDateTime": "2025-10-22T14:00:43", "Area_m2": 5.0836543476085847 }, "geometry": { "type": "Polygon", "coordinates": [ [ [ 397127.095773064007517, 4435569.385654807090759 ], [ 397125.010941063985229, 4435569.385654807090759 ], [ 397125.010941063985229, 4435566.947254807688296 ], [ 397127.095773064007517, 4435566.947254807688296 ], [ 397127.095773064007517, 4435569.385654807090759 ] ] ] } },
{ "type": "Feature", "properties": { "Row": 7, "Col": 0, "Label": "LD21-5665", "X_start": 44.94, "Y_start": 240.0, "X_stop": 51.78, "Y_stop": 248.0, "BlockNum": 10, "Block": "B10", "PlotID": "B10_R7_C0", "Design": 4, "HarvestEW": 15, "HarvestNS": 1, "FieldPosition": "E15_N01", "Date/Time": "10/22/2025 2:47:39 PM", "Range": 1, "Row_Harvest": 16, "Weight (kg)": 1.21, "Quick Note": null, "Harvest Sequence": 385, "HarvestSource": "main", "HarvestDirection": "N_to_S", "Weight_kg_raw": 1.21, "HarvestIssue": false, "Weight_kg_analysis": 1.21, "HarvestDateTime": "2025-10-22T14:47:39", "Area_m2": 5.083654349550236 }, "geometry": { "type": "Polygon", "coordinates": [ [ [ 397135.432053063996136, 4435566.337654807604849 ], [ 397133.347221063973848, 4435566.337654807604849 ], [ 397133.347221063973848, 4435563.899254807271063 ], [ 397135.432053063996136, 4435563.899254807271063 ], [ 397135.432053063996136, 4435566.337654807604849 ] ] ] } },
{ "type": "Feature", "properties": { "Row": 7, "Col": 1, "Label": "AG36XF4", "X_start": 51.77, "Y_start": 240.0, "X_stop": 58.61, "Y_stop": 248.0, "BlockNum": 10, "Block": "B10", "PlotID": "B10_R7_C1", "Design": 4, "HarvestEW": 14, "HarvestNS": 1, "FieldPosition": "E14_N01", "Date/Time": "10/22/2025 2:24:58 PM", "Range": 1, "Row_Harvest": 15, "Weight (kg)": 0.575, "Quick Note": null, "Harvest Sequence": 338, "HarvestSource": "main", "HarvestDirection": "S_to_N", "Weight_kg_raw": 0.575, "HarvestIssue": false, "Weight_kg_analysis": 0.575, "HarvestDateTime": "2025-10-22T14:24:58", "Area_m2": 5.083654349550236 }, "geometry": { "type": "Polygon", "coordinates": [ [ [ 397133.350269064016175, 4435566.337654807604849 ], [ 397131.265437063993886, 4435566.337654807604849 ], [ 397131.265437063993886, 4435563.899254807271063 ], [ 397133.350269064016175, 4435563.899254807271063 ], [ 397133.350269064016175, 4435566.337654807604849 ] ] ] } },
{ "type": "Feature", "properties": { "Row": 7, "Col": 2, "Label": "LD21-7234", "X_start": 58.61, "Y_start": 240.0, "X_stop": 65.45, "Y_stop": 248.0, "BlockNum": 10, "Block": "B10", "PlotID": "B10_R7_C2", "Design": 4, "HarvestEW": 13, "HarvestNS": 1, "FieldPosition": "E13_N01", "Date/Time": "10/22/2025 2:23:35 PM", "Range": 1, "Row_Harvest": 14, "Weight (kg)": 0.685, "Quick Note": null, "Harvest Sequence": 337, "HarvestSource": "main", "HarvestDirection": "N_to_S", "Weight_kg_raw": 0.685, "HarvestIssue": false, "Weight_kg_analysis": 0.685, "HarvestDateTime": "2025-10-22T14:23:35", "Area_m2": 5.083654349550236 }, "geometry": { "type": "Polygon", "coordinates": [ [ [ 397131.265437063993886, 4435566.337654807604849 ], [ 397129.180605063971598, 4435566.337654807604849 ], [ 397129.180605063971598, 4435563.899254807271063 ], [ 397131.265437063993886, 4435563.899254807271063 ], [ 397131.265437063993886, 4435566.337654807604849 ] ] ] } },
{ "type": "Feature", "properties": { "Row": 7, "Col": 3, "Label": "AG40XFF5", "X_start": 65.45, "Y_start": 240.0, "X_stop": 72.29, "Y_stop": 248.0, "BlockNum": 10, "Block": "B10", "PlotID": "B10_R7_C3", "Design": 4, "HarvestEW": 12, "HarvestNS": 1, "FieldPosition": "E12_N01", "Date/Time": "10/22/2025 2:02:39 PM", "Range": 1, "Row_Harvest": 13, "Weight (kg)": 0.68, "Quick Note": null, "Harvest Sequence": 290, "HarvestSource": "main", "HarvestDirection": "S_to_N", "Weight_kg_raw": 0.68, "HarvestIssue": false, "Weight_kg_analysis": 0.68, "HarvestDateTime": "2025-10-22T14:02:39", "Area_m2": 5.0836543494083024 }, "geometry": { "type": "Polygon", "coordinates": [ [ [ 397129.180605063971598, 4435566.337654807604849 ], [ 397127.095773064007517, 4435566.337654807604849 ], [ 397127.095773064007517, 4435563.899254807271063 ], [ 397129.180605063971598, 4435563.899254807271063 ], [ 397129.180605063971598, 4435566.337654807604849 ] ] ] } },
{ "type": "Feature", "properties": { "Row": 7, "Col": 4, "Label": "LD20-11748", "X_start": 72.29, "Y_start": 240.0, "X_stop": 79.13, "Y_stop": 248.0, "BlockNum": 10, "Block": "B10", "PlotID": "B10_R7_C4", "Design": 4, "HarvestEW": 11, "HarvestNS": 1, "FieldPosition": "E11_N01", "Date/Time": "10/22/2025 2:01:06 PM", "Range": 1, "Row_Harvest": 12, "Weight (kg)": 0.77, "Quick Note": null, "Harvest Sequence": 289, "HarvestSource": "main", "HarvestDirection": "N_to_S", "Weight_kg_raw": 0.77, "HarvestIssue": false, "Weight_kg_analysis": 0.77, "HarvestDateTime": "2025-10-22T14:01:06", "Area_m2": 5.083654349550236 }, "geometry": { "type": "Polygon", "coordinates": [ [ [ 397127.095773064007517, 4435566.337654807604849 ], [ 397125.010941063985229, 4435566.337654807604849 ], [ 397125.010941063985229, 4435563.899254807271063 ], [ 397127.095773064007517, 4435563.899254807271063 ], [ 397127.095773064007517, 4435566.337654807604849 ] ] ] } },
{ "type": "Feature", "properties": { "Row": 0, "Col": 0, "Label": "AG35XF5", "X_start": 80.37, "Y_start": 170.0, "X_stop": 87.21, "Y_stop": 178.0, "BlockNum": 11, "Block": "B11", "PlotID": "B11_R0_C0", "Design": 1, "HarvestEW": 10, "HarvestNS": 8, "FieldPosition": "E10_N08", "Date/Time": "10/22/2025 12:11:14 PM", "Range": 8, "Row_Harvest": 11, "Weight (kg)": 0.93, "Quick Note": null, "Harvest Sequence": 249, "HarvestSource": "main", "HarvestDirection": "S_to_N", "Weight_kg_raw": 0.93, "HarvestIssue": false, "Weight_kg_analysis": 0.93, "HarvestDateTime": "2025-10-22T12:11:14", "Area_m2": 5.0836543494083024 }, "geometry": { "type": "Polygon", "coordinates": [ [ [ 397124.632989063975401, 4435587.673654807731509 ], [ 397122.54815706401132, 4435587.673654807731509 ], [ 397122.54815706401132, 4435585.235254807397723 ], [ 397124.632989063975401, 4435585.235254807397723 ], [ 397124.632989063975401, 4435587.673654807731509 ] ] ] } },
{ "type": "Feature", "properties": { "Row": 0, "Col": 1, "Label": "LG3216", "X_start": 87.21, "Y_start": 170.0, "X_stop": 94.05, "Y_stop": 178.0, "BlockNum": 11, "Block": "B11", "PlotID": "B11_R0_C1", "Design": 1, "HarvestEW": 9, "HarvestNS": 8, "FieldPosition": "E09_N08", "Date/Time": "10/22/2025 11:59:26 AM", "Range": 8, "Row_Harvest": 10, "Weight (kg)": 1.085, "Quick Note": null, "Harvest Sequence": 234, "HarvestSource": "main", "HarvestDirection": "N_to_S", "Weight_kg_raw": 1.085, "HarvestIssue": false, "Weight_kg_analysis": 1.085, "HarvestDateTime": "2025-10-22T11:59:26", "Area_m2": 5.083654349550236 }, "geometry": { "type": "Polygon", "coordinates": [ [ [ 397122.54815706401132, 4435587.673654807731509 ], [ 397120.463325063989032, 4435587.673654807731509 ], [ 397120.463325063989032, 4435585.235254807397723 ], [ 397122.54815706401132, 4435585.235254807397723 ], [ 397122.54815706401132, 4435587.673654807731509 ] ] ] } },
{ "type": "Feature", "properties": { "Row": 0, "Col": 2, "Label": "AG34XF6", "X_start": 94.05, "Y_start": 170.0, "X_stop": 100.89, "Y_stop": 178.0, "BlockNum": 11, "Block": "B11", "PlotID": "B11_R0_C2", "Design": 1, "HarvestEW": 8, "HarvestNS": 8, "FieldPosition": "E08_N08", "Date/Time": "10/22/2025 11:42:31 AM", "Range": 8, "Row_Harvest": 9, "Weight (kg)": 0.565, "Quick Note": null, "Harvest Sequence": 201, "HarvestSource": "main", "HarvestDirection": "S_to_N", "Weight_kg_raw": 0.565, "HarvestIssue": false, "Weight_kg_analysis": 0.565, "HarvestDateTime": "2025-10-22T11:42:31", "Area_m2": 5.083654349550236 }, "geometry": { "type": "Polygon", "coordinates": [ [ [ 397120.463325063989032, 4435587.673654807731509 ], [ 397118.378493063966744, 4435587.673654807731509 ], [ 397118.378493063966744, 4435585.235254807397723 ], [ 397120.463325063989032, 4435585.235254807397723 ], [ 397120.463325063989032, 4435587.673654807731509 ] ] ] } },
{ "type": "Feature", "properties": { "Row": 0, "Col": 3, "Label": "LG3216", "X_start": 100.89, "Y_start": 170.0, "X_stop": 107.73, "Y_stop": 178.0, "BlockNum": 11, "Block": "B11", "PlotID": "B11_R0_C3", "Design": 1, "HarvestEW": 7, "HarvestNS": 8, "FieldPosition": "E07_N08", "Date/Time": "10/22/2025 11:34:27 AM", "Range": 8, "Row_Harvest": 8, "Weight (kg)": 0.34, "Quick Note": null, "Harvest Sequence": 186, "HarvestSource": "main", "HarvestDirection": "N_to_S", "Weight_kg_raw": 0.34, "HarvestIssue": false, "Weight_kg_analysis": 0.34, "HarvestDateTime": "2025-10-22T11:34:27", "Area_m2": 5.0836543494083024 }, "geometry": { "type": "Polygon", "coordinates": [ [ [ 397118.378493063966744, 4435587.673654807731509 ], [ 397116.293661064002663, 4435587.673654807731509 ], [ 397116.293661064002663, 4435585.235254807397723 ], [ 397118.378493063966744, 4435585.235254807397723 ], [ 397118.378493063966744, 4435587.673654807731509 ] ] ] } },
{ "type": "Feature", "properties": { "Row": 0, "Col": 4, "Label": "AG36XF4", "X_start": 107.72, "Y_start": 170.0, "X_stop": 114.56, "Y_stop": 178.0, "BlockNum": 11, "Block": "B11", "PlotID": "B11_R0_C4", "Design": 1, "HarvestEW": 6, "HarvestNS": 8, "FieldPosition": "E06_N08", "Date/Time": "10/22/2025 11:16:37 AM", "Range": 8, "Row_Harvest": 7, "Weight (kg)": 1.2, "Quick Note": null, "Harvest Sequence": 153, "HarvestSource": "main", "HarvestDirection": "S_to_N", "Weight_kg_raw": 1.2, "HarvestIssue": false, "Weight_kg_analysis": 1.2, "HarvestDateTime": "2025-10-22T11:16:37", "Area_m2": 5.083654349550236 }, "geometry": { "type": "Polygon", "coordinates": [ [ [ 397116.296709063986782, 4435587.673654807731509 ], [ 397114.211877063964494, 4435587.673654807731509 ], [ 397114.211877063964494, 4435585.235254807397723 ], [ 397116.296709063986782, 4435585.235254807397723 ], [ 397116.296709063986782, 4435587.673654807731509 ] ] ] } },
{ "type": "Feature", "properties": { "Row": 1, "Col": 0, "Label": "LG3216", "X_start": 80.37, "Y_start": 180.0, "X_stop": 87.21, "Y_stop": 188.0, "BlockNum": 11, "Block": "B11", "PlotID": "B11_R1_C0", "Design": 1, "HarvestEW": 10, "HarvestNS": 7, "FieldPosition": "E10_N07", "Date/Time": "10/22/2025 12:10:44 PM", "Range": 7, "Row_Harvest": 11, "Weight (kg)": 1.225, "Quick Note": null, "Harvest Sequence": 248, "HarvestSource": "main", "HarvestDirection": "S_to_N", "Weight_kg_raw": 1.225, "HarvestIssue": false, "Weight_kg_analysis": 1.225, "HarvestDateTime": "2025-10-22T12:10:44", "Area_m2": 5.0836543494083024 }, "geometry": { "type": "Polygon", "coordinates": [ [ [ 397124.632989063975401, 4435584.625654807314277 ], [ 397122.54815706401132, 4435584.625654807314277 ], [ 397122.54815706401132, 4435582.187254806980491 ], [ 397124.632989063975401, 4435582.187254806980491 ], [ 397124.632989063975401, 4435584.625654807314277 ] ] ] } },
{ "type": "Feature", "properties": { "Row": 1, "Col": 1, "Label": "AG40XFF5", "X_start": 87.21, "Y_start": 180.0, "X_stop": 94.05, "Y_stop": 188.0, "BlockNum": 11, "Block": "B11", "PlotID": "B11_R1_C1", "Design": 1, "HarvestEW": 9, "HarvestNS": 7, "FieldPosition": "E09_N07", "Date/Time": "10/22/2025 11:59:50 AM", "Range": 7, "Row_Harvest": 10, "Weight (kg)": 0.9, "Quick Note": null, "Harvest Sequence": 235, "HarvestSource": "main", "HarvestDirection": "N_to_S", "Weight_kg_raw": 0.9, "HarvestIssue": false, "Weight_kg_analysis": 0.9, "HarvestDateTime": "2025-10-22T11:59:50", "Area_m2": 5.083654349550236 }, "geometry": { "type": "Polygon", "coordinates": [ [ [ 397122.54815706401132, 4435584.625654807314277 ], [ 397120.463325063989032, 4435584.625654807314277 ], [ 397120.463325063989032, 4435582.187254806980491 ], [ 397122.54815706401132, 4435582.187254806980491 ], [ 397122.54815706401132, 4435584.625654807314277 ] ] ] } },
{ "type": "Feature", "properties": { "Row": 1, "Col": 2, "Label": "LG3216", "X_start": 94.05, "Y_start": 180.0, "X_stop": 100.89, "Y_stop": 188.0, "BlockNum": 11, "Block": "B11", "PlotID": "B11_R1_C2", "Design": 1, "HarvestEW": 8, "HarvestNS": 7, "FieldPosition": "E08_N07", "Date/Time": "10/22/2025 11:42:07 AM", "Range": 7, "Row_Harvest": 9, "Weight (kg)": 1.08, "Quick Note": null, "Harvest Sequence": 200, "HarvestSource": "main", "HarvestDirection": "S_to_N", "Weight_kg_raw": 1.08, "HarvestIssue": false, "Weight_kg_analysis": 1.08, "HarvestDateTime": "2025-10-22T11:42:07", "Area_m2": 5.083654349550236 }, "geometry": { "type": "Polygon", "coordinates": [ [ [ 397120.463325063989032, 4435584.625654807314277 ], [ 397118.378493063966744, 4435584.625654807314277 ], [ 397118.378493063966744, 4435582.187254806980491 ], [ 397120.463325063989032, 4435582.187254806980491 ], [ 397120.463325063989032, 4435584.625654807314277 ] ] ] } },
{ "type": "Feature", "properties": { "Row": 1, "Col": 3, "Label": "AG29XF5", "X_start": 100.89, "Y_start": 180.0, "X_stop": 107.73, "Y_stop": 188.0, "BlockNum": 11, "Block": "B11", "PlotID": "B11_R1_C3", "Design": 1, "HarvestEW": 7, "HarvestNS": 7, "FieldPosition": "E07_N07", "Date/Time": "10/22/2025 11:34:53 AM", "Range": 7, "Row_Harvest": 8, "Weight (kg)": 0.495, "Quick Note": null, "Harvest Sequence": 187, "HarvestSource": "main", "HarvestDirection": "N_to_S", "Weight_kg_raw": 0.495, "HarvestIssue": false, "Weight_kg_analysis": 0.495, "HarvestDateTime": "2025-10-22T11:34:53", "Area_m2": 5.0836543494083024 }, "geometry": { "type": "Polygon", "coordinates": [ [ [ 397118.378493063966744, 4435584.625654807314277 ], [ 397116.293661064002663, 4435584.625654807314277 ], [ 397116.293661064002663, 4435582.187254806980491 ], [ 397118.378493063966744, 4435582.187254806980491 ], [ 397118.378493063966744, 4435584.625654807314277 ] ] ] } },
{ "type": "Feature", "properties": { "Row": 1, "Col": 4, "Label": "LG3216", "X_start": 107.72, "Y_start": 180.0, "X_stop": 114.56, "Y_stop": 188.0, "BlockNum": 11, "Block": "B11", "PlotID": "B11_R1_C4", "Design": 1, "HarvestEW": 6, "HarvestNS": 7, "FieldPosition": "E06_N07", "Date/Time": "10/22/2025 11:16:10 AM", "Range": 7, "Row_Harvest": 7, "Weight (kg)": 1.225, "Quick Note": null, "Harvest Sequence": 152, "HarvestSource": "main", "HarvestDirection": "S_to_N", "Weight_kg_raw": 1.225, "HarvestIssue": false, "Weight_kg_analysis": 1.225, "HarvestDateTime": "2025-10-22T11:16:10", "Area_m2": 5.083654349550236 }, "geometry": { "type": "Polygon", "coordinates": [ [ [ 397116.296709063986782, 4435584.625654807314277 ], [ 397114.211877063964494, 4435584.625654807314277 ], [ 397114.211877063964494, 4435582.187254806980491 ], [ 397116.296709063986782, 4435582.187254806980491 ], [ 397116.296709063986782, 4435584.625654807314277 ] ] ] } },
{ "type": "Feature", "properties": { "Row": 2, "Col": 0, "Label": "AG38XF6", "X_start": 80.37, "Y_start": 190.0, "X_stop": 87.21, "Y_stop": 198.0, "BlockNum": 11, "Block": "B11", "PlotID": "B11_R2_C0", "Design": 1, "HarvestEW": 10, "HarvestNS": 6, "FieldPosition": "E10_N06", "Date/Time": "10/22/2025 12:10:16 PM", "Range": 6, "Row_Harvest": 11, "Weight (kg)": 1.11, "Quick Note": null, "Harvest Sequence": 247, "HarvestSource": "main", "HarvestDirection": "S_to_N", "Weight_kg_raw": 1.11, "HarvestIssue": false, "Weight_kg_analysis": 1.11, "HarvestDateTime": "2025-10-22T12:10:16", "Area_m2": 5.0836543494083024 }, "geometry": { "type": "Polygon", "coordinates": [ [ [ 397124.632989063975401, 4435581.577654807828367 ], [ 397122.54815706401132, 4435581.577654807828367 ], [ 397122.54815706401132, 4435579.139254807494581 ], [ 397124.632989063975401, 4435579.139254807494581 ], [ 397124.632989063975401, 4435581.577654807828367 ] ] ] } },
{ "type": "Feature", "properties": { "Row": 2, "Col": 1, "Label": "LG3216", "X_start": 87.21, "Y_start": 190.0, "X_stop": 94.05, "Y_stop": 198.0, "BlockNum": 11, "Block": "B11", "PlotID": "B11_R2_C1", "Design": 1, "HarvestEW": 9, "HarvestNS": 6, "FieldPosition": "E09_N06", "Date/Time": "10/22/2025 12:00:18 PM", "Range": 6, "Row_Harvest": 10, "Weight (kg)": 0.775, "Quick Note": null, "Harvest Sequence": 236, "HarvestSource": "main", "HarvestDirection": "N_to_S", "Weight_kg_raw": 0.775, "HarvestIssue": false, "Weight_kg_analysis": 0.775, "HarvestDateTime": "2025-10-22T12:00:18", "Area_m2": 5.083654349550236 }, "geometry": { "type": "Polygon", "coordinates": [ [ [ 397122.54815706401132, 4435581.577654807828367 ], [ 397120.463325063989032, 4435581.577654807828367 ], [ 397120.463325063989032, 4435579.139254807494581 ], [ 397122.54815706401132, 4435579.139254807494581 ], [ 397122.54815706401132, 4435581.577654807828367 ] ] ] } },
{ "type": "Feature", "properties": { "Row": 2, "Col": 2, "Label": "AG29XF4", "X_start": 94.05, "Y_start": 190.0, "X_stop": 100.89, "Y_stop": 198.0, "BlockNum": 11, "Block": "B11", "PlotID": "B11_R2_C2", "Design": 1, "HarvestEW": 8, "HarvestNS": 6, "FieldPosition": "E08_N06", "Date/Time": "10/22/2025 11:41:37 AM", "Range": 6, "Row_Harvest": 9, "Weight (kg)": 0.885, "Quick Note": null, "Harvest Sequence": 199, "HarvestSource": "main", "HarvestDirection": "S_to_N", "Weight_kg_raw": 0.885, "HarvestIssue": false, "Weight_kg_analysis": 0.885, "HarvestDateTime": "2025-10-22T11:41:37", "Area_m2": 5.083654349550236 }, "geometry": { "type": "Polygon", "coordinates": [ [ [ 397120.463325063989032, 4435581.577654807828367 ], [ 397118.378493063966744, 4435581.577654807828367 ], [ 397118.378493063966744, 4435579.139254807494581 ], [ 397120.463325063989032, 4435579.139254807494581 ], [ 397120.463325063989032, 4435581.577654807828367 ] ] ] } },
{ "type": "Feature", "properties": { "Row": 2, "Col": 3, "Label": "LG3216", "X_start": 100.89, "Y_start": 190.0, "X_stop": 107.73, "Y_stop": 198.0, "BlockNum": 11, "Block": "B11", "PlotID": "B11_R2_C3", "Design": 1, "HarvestEW": 7, "HarvestNS": 6, "FieldPosition": "E07_N06", "Date/Time": "10/22/2025 11:35:16 AM", "Range": 6, "Row_Harvest": 8, "Weight (kg)": 0.39, "Quick Note": null, "Harvest Sequence": 188, "HarvestSource": "main", "HarvestDirection": "N_to_S", "Weight_kg_raw": 0.39, "HarvestIssue": false, "Weight_kg_analysis": 0.39, "HarvestDateTime": "2025-10-22T11:35:16", "Area_m2": 5.0836543494083024 }, "geometry": { "type": "Polygon", "coordinates": [ [ [ 397118.378493063966744, 4435581.577654807828367 ], [ 397116.293661064002663, 4435581.577654807828367 ], [ 397116.293661064002663, 4435579.139254807494581 ], [ 397118.378493063966744, 4435579.139254807494581 ], [ 397118.378493063966744, 4435581.577654807828367 ] ] ] } },
{ "type": "Feature", "properties": { "Row": 2, "Col": 4, "Label": "AG38XF6", "X_start": 107.72, "Y_start": 190.0, "X_stop": 114.56, "Y_stop": 198.0, "BlockNum": 11, "Block": "B11", "PlotID": "B11_R2_C4", "Design": 1, "HarvestEW": 6, "HarvestNS": 6, "FieldPosition": "E06_N06", "Date/Time": "10/22/2025 11:15:44 AM", "Range": 6, "Row_Harvest": 7, "Weight (kg)": 1.295, "Quick Note": null, "Harvest Sequence": 151, "HarvestSource": "main", "HarvestDirection": "S_to_N", "Weight_kg_raw": 1.295, "HarvestIssue": false, "Weight_kg_analysis": 1.295, "HarvestDateTime": "2025-10-22T11:15:44", "Area_m2": 5.083654349550236 }, "geometry": { "type": "Polygon", "coordinates": [ [ [ 397116.296709063986782, 4435581.577654807828367 ], [ 397114.211877063964494, 4435581.577654807828367 ], [ 397114.211877063964494, 4435579.139254807494581 ], [ 397116.296709063986782, 4435579.139254807494581 ], [ 397116.296709063986782, 4435581.577654807828367 ] ] ] } },
{ "type": "Feature", "properties": { "Row": 3, "Col": 0, "Label": "LG3216", "X_start": 80.37, "Y_start": 200.0, "X_stop": 87.21, "Y_stop": 208.0, "BlockNum": 11, "Block": "B11", "PlotID": "B11_R3_C0", "Design": 1, "HarvestEW": 10, "HarvestNS": 5, "FieldPosition": "E10_N05", "Date/Time": "10/22/2025 12:09:43 PM", "Range": 5, "Row_Harvest": 11, "Weight (kg)": 0.13, "Quick Note": null, "Harvest Sequence": 246, "HarvestSource": "main", "HarvestDirection": "S_to_N", "Weight_kg_raw": 0.13, "HarvestIssue": false, "Weight_kg_analysis": 0.13, "HarvestDateTime": "2025-10-22T12:09:43", "Area_m2": 5.0836543494083024 }, "geometry": { "type": "Polygon", "coordinates": [ [ [ 397124.632989063975401, 4435578.529654807411134 ], [ 397122.54815706401132, 4435578.529654807411134 ], [ 397122.54815706401132, 4435576.091254807077348 ], [ 397124.632989063975401, 4435576.091254807077348 ], [ 397124.632989063975401, 4435578.529654807411134 ] ] ] } },
{ "type": "Feature", "properties": { "Row": 3, "Col": 1, "Label": "AG29XF4", "X_start": 87.21, "Y_start": 200.0, "X_stop": 94.05, "Y_stop": 208.0, "BlockNum": 11, "Block": "B11", "PlotID": "B11_R3_C1", "Design": 1, "HarvestEW": 9, "HarvestNS": 5, "FieldPosition": "E09_N05", "Date/Time": "10/22/2025 12:00:49 PM", "Range": 5, "Row_Harvest": 10, "Weight (kg)": 0.795, "Quick Note": null, "Harvest Sequence": 237, "HarvestSource": "main", "HarvestDirection": "N_to_S", "Weight_kg_raw": 0.795, "HarvestIssue": false, "Weight_kg_analysis": 0.795, "HarvestDateTime": "2025-10-22T12:00:49", "Area_m2": 5.083654349550236 }, "geometry": { "type": "Polygon", "coordinates": [ [ [ 397122.54815706401132, 4435578.529654807411134 ], [ 397120.463325063989032, 4435578.529654807411134 ], [ 397120.463325063989032, 4435576.091254807077348 ], [ 397122.54815706401132, 4435576.091254807077348 ], [ 397122.54815706401132, 4435578.529654807411134 ] ] ] } },
{ "type": "Feature", "properties": { "Row": 3, "Col": 2, "Label": "LG3216", "X_start": 94.05, "Y_start": 200.0, "X_stop": 100.89, "Y_stop": 208.0, "BlockNum": 11, "Block": "B11", "PlotID": "B11_R3_C2", "Design": 1, "HarvestEW": 8, "HarvestNS": 5, "FieldPosition": "E08_N05", "Date/Time": "10/22/2025 11:40:59 AM", "Range": 5, "Row_Harvest": 9, "Weight (kg)": 0.7, "Quick Note": null, "Harvest Sequence": 198, "HarvestSource": "main", "HarvestDirection": "S_to_N", "Weight_kg_raw": 0.7, "HarvestIssue": false, "Weight_kg_analysis": 0.7, "HarvestDateTime": "2025-10-22T11:40:59", "Area_m2": 5.083654349550236 }, "geometry": { "type": "Polygon", "coordinates": [ [ [ 397120.463325063989032, 4435578.529654807411134 ], [ 397118.378493063966744, 4435578.529654807411134 ], [ 397118.378493063966744, 4435576.091254807077348 ], [ 397120.463325063989032, 4435576.091254807077348 ], [ 397120.463325063989032, 4435578.529654807411134 ] ] ] } },
{ "type": "Feature", "properties": { "Row": 3, "Col": 3, "Label": "AG40XFF5", "X_start": 100.89, "Y_start": 200.0, "X_stop": 107.73, "Y_stop": 208.0, "BlockNum": 11, "Block": "B11", "PlotID": "B11_R3_C3", "Design": 1, "HarvestEW": 7, "HarvestNS": 5, "FieldPosition": "E07_N05", "Date/Time": "10/22/2025 11:35:40 AM", "Range": 5, "Row_Harvest": 8, "Weight (kg)": 0.54, "Quick Note": null, "Harvest Sequence": 189, "HarvestSource": "main", "HarvestDirection": "N_to_S", "Weight_kg_raw": 0.54, "HarvestIssue": false, "Weight_kg_analysis": 0.54, "HarvestDateTime": "2025-10-22T11:35:40", "Area_m2": 5.0836543494083024 }, "geometry": { "type": "Polygon", "coordinates": [ [ [ 397118.378493063966744, 4435578.529654807411134 ], [ 397116.293661064002663, 4435578.529654807411134 ], [ 397116.293661064002663, 4435576.091254807077348 ], [ 397118.378493063966744, 4435576.091254807077348 ], [ 397118.378493063966744, 4435578.529654807411134 ] ] ] } },
{ "type": "Feature", "properties": { "Row": 3, "Col": 4, "Label": "LG3216", "X_start": 107.72, "Y_start": 200.0, "X_stop": 114.56, "Y_stop": 208.0, "BlockNum": 11, "Block": "B11", "PlotID": "B11_R3_C4", "Design": 1, "HarvestEW": 6, "HarvestNS": 5, "FieldPosition": "E06_N05", "Date/Time": "10/22/2025 11:15:16 AM", "Range": 5, "Row_Harvest": 7, "Weight (kg)": 1.185, "Quick Note": null, "Harvest Sequence": 150, "HarvestSource": "main", "HarvestDirection": "S_to_N", "Weight_kg_raw": 1.185, "HarvestIssue": false, "Weight_kg_analysis": 1.185, "HarvestDateTime": "2025-10-22T11:15:16", "Area_m2": 5.083654349550236 }, "geometry": { "type": "Polygon", "coordinates": [ [ [ 397116.296709063986782, 4435578.529654807411134 ], [ 397114.211877063964494, 4435578.529654807411134 ], [ 397114.211877063964494, 4435576.091254807077348 ], [ 397116.296709063986782, 4435576.091254807077348 ], [ 397116.296709063986782, 4435578.529654807411134 ] ] ] } },
{ "type": "Feature", "properties": { "Row": 4, "Col": 0, "Label": "AG34XF6", "X_start": 80.37, "Y_start": 210.0, "X_stop": 87.21, "Y_stop": 218.0, "BlockNum": 11, "Block": "B11", "PlotID": "B11_R4_C0", "Design": 1, "HarvestEW": 10, "HarvestNS": 4, "FieldPosition": "E10_N04", "Date/Time": "10/22/2025 12:09:22 PM", "Range": 4, "Row_Harvest": 11, "Weight (kg)": 0.72, "Quick Note": null, "Harvest Sequence": 245, "HarvestSource": "main", "HarvestDirection": "S_to_N", "Weight_kg_raw": 0.72, "HarvestIssue": false, "Weight_kg_analysis": 0.72, "HarvestDateTime": "2025-10-22T12:09:22", "Area_m2": 5.0836543474666511 }, "geometry": { "type": "Polygon", "coordinates": [ [ [ 397124.632989063975401, 4435575.481654806993902 ], [ 397122.54815706401132, 4435575.481654806993902 ], [ 397122.54815706401132, 4435573.043254807591438 ], [ 397124.632989063975401, 4435573.043254807591438 ], [ 397124.632989063975401, 4435575.481654806993902 ] ] ] } },
{ "type": "Feature", "properties": { "Row": 4, "Col": 1, "Label": "LG3216", "X_start": 87.21, "Y_start": 210.0, "X_stop": 94.05, "Y_stop": 218.0, "BlockNum": 11, "Block": "B11", "PlotID": "B11_R4_C1", "Design": 1, "HarvestEW": 9, "HarvestNS": 4, "FieldPosition": "E09_N04", "Date/Time": "10/22/2025 12:04:11 PM", "Range": 4, "Row_Harvest": 10, "Weight (kg)": 1.39, "Quick Note": null, "Harvest Sequence": 238, "HarvestSource": "main", "HarvestDirection": "N_to_S", "Weight_kg_raw": 1.39, "HarvestIssue": false, "Weight_kg_analysis": 1.39, "HarvestDateTime": "2025-10-22T12:04:11", "Area_m2": 5.0836543476085847 }, "geometry": { "type": "Polygon", "coordinates": [ [ [ 397122.54815706401132, 4435575.481654806993902 ], [ 397120.463325063989032, 4435575.481654806993902 ], [ 397120.463325063989032, 4435573.043254807591438 ], [ 397122.54815706401132, 4435573.043254807591438 ], [ 397122.54815706401132, 4435575.481654806993902 ] ] ] } },
{ "type": "Feature", "properties": { "Row": 4, "Col": 2, "Label": "AG35XF5", "X_start": 94.05, "Y_start": 210.0, "X_stop": 100.89, "Y_stop": 218.0, "BlockNum": 11, "Block": "B11", "PlotID": "B11_R4_C2", "Design": 1, "HarvestEW": 8, "HarvestNS": 4, "FieldPosition": "E08_N04", "Date/Time": "10/22/2025 11:40:32 AM", "Range": 4, "Row_Harvest": 9, "Weight (kg)": 0.575, "Quick Note": null, "Harvest Sequence": 197, "HarvestSource": "main", "HarvestDirection": "S_to_N", "Weight_kg_raw": 0.575, "HarvestIssue": false, "Weight_kg_analysis": 0.575, "HarvestDateTime": "2025-10-22T11:40:32", "Area_m2": 5.0836543476085847 }, "geometry": { "type": "Polygon", "coordinates": [ [ [ 397120.463325063989032, 4435575.481654806993902 ], [ 397118.378493063966744, 4435575.481654806993902 ], [ 397118.378493063966744, 4435573.043254807591438 ], [ 397120.463325063989032, 4435573.043254807591438 ], [ 397120.463325063989032, 4435575.481654806993902 ] ] ] } },
{ "type": "Feature", "properties": { "Row": 4, "Col": 3, "Label": "LG3216", "X_start": 100.89, "Y_start": 210.0, "X_stop": 107.73, "Y_stop": 218.0, "BlockNum": 11, "Block": "B11", "PlotID": "B11_R4_C3", "Design": 1, "HarvestEW": 7, "HarvestNS": 4, "FieldPosition": "E07_N04", "Date/Time": "10/22/2025 11:36:03 AM", "Range": 4, "Row_Harvest": 8, "Weight (kg)": 0.53, "Quick Note": null, "Harvest Sequence": 190, "HarvestSource": "main", "HarvestDirection": "N_to_S", "Weight_kg_raw": 0.53, "HarvestIssue": false, "Weight_kg_analysis": 0.53, "HarvestDateTime": "2025-10-22T11:36:03", "Area_m2": 5.0836543474666511 }, "geometry": { "type": "Polygon", "coordinates": [ [ [ 397118.378493063966744, 4435575.481654806993902 ], [ 397116.293661064002663, 4435575.481654806993902 ], [ 397116.293661064002663, 4435573.043254807591438 ], [ 397118.378493063966744, 4435573.043254807591438 ], [ 397118.378493063966744, 4435575.481654806993902 ] ] ] } },
{ "type": "Feature", "properties": { "Row": 4, "Col": 4, "Label": "AG29XF5", "X_start": 107.72, "Y_start": 210.0, "X_stop": 114.56, "Y_stop": 218.0, "BlockNum": 11, "Block": "B11", "PlotID": "B11_R4_C4", "Design": 1, "HarvestEW": 6, "HarvestNS": 4, "FieldPosition": "E06_N04", "Date/Time": "10/22/2025 11:14:50 AM", "Range": 4, "Row_Harvest": 7, "Weight (kg)": 1.17, "Quick Note": null, "Harvest Sequence": 149, "HarvestSource": "main", "HarvestDirection": "S_to_N", "Weight_kg_raw": 1.17, "HarvestIssue": false, "Weight_kg_analysis": 1.17, "HarvestDateTime": "2025-10-22T11:14:50", "Area_m2": 5.0836543476085847 }, "geometry": { "type": "Polygon", "coordinates": [ [ [ 397116.296709063986782, 4435575.481654806993902 ], [ 397114.211877063964494, 4435575.481654806993902 ], [ 397114.211877063964494, 4435573.043254807591438 ], [ 397116.296709063986782, 4435573.043254807591438 ], [ 397116.296709063986782, 4435575.481654806993902 ] ] ] } },
{ "type": "Feature", "properties": { "Row": 5, "Col": 0, "Label": "LG3216", "X_start": 80.37, "Y_start": 220.0, "X_stop": 87.21, "Y_stop": 228.0, "BlockNum": 11, "Block": "B11", "PlotID": "B11_R5_C0", "Design": 1, "HarvestEW": 10, "HarvestNS": 3, "FieldPosition": "E10_N03", "Date/Time": "10/22/2025 12:08:57 PM", "Range": 3, "Row_Harvest": 11, "Weight (kg)": 0.25, "Quick Note": null, "Harvest Sequence": 244, "HarvestSource": "main", "HarvestDirection": "S_to_N", "Weight_kg_raw": 0.25, "HarvestIssue": false, "Weight_kg_analysis": 0.25, "HarvestDateTime": "2025-10-22T12:08:57", "Area_m2": 5.0836543494083024 }, "geometry": { "type": "Polygon", "coordinates": [ [ [ 397124.632989063975401, 4435572.433654807507992 ], [ 397122.54815706401132, 4435572.433654807507992 ], [ 397122.54815706401132, 4435569.995254807174206 ], [ 397124.632989063975401, 4435569.995254807174206 ], [ 397124.632989063975401, 4435572.433654807507992 ] ] ] } },
{ "type": "Feature", "properties": { "Row": 5, "Col": 1, "Label": "AG36XF4", "X_start": 87.21, "Y_start": 220.0, "X_stop": 94.05, "Y_stop": 228.0, "BlockNum": 11, "Block": "B11", "PlotID": "B11_R5_C1", "Design": 1, "HarvestEW": 9, "HarvestNS": 3, "FieldPosition": "E09_N03", "Date/Time": "10/22/2025 12:04:44 PM", "Range": 3, "Row_Harvest": 10, "Weight (kg)": 1.16, "Quick Note": null, "Harvest Sequence": 239, "HarvestSource": "main", "HarvestDirection": "N_to_S", "Weight_kg_raw": 1.16, "HarvestIssue": false, "Weight_kg_analysis": 1.16, "HarvestDateTime": "2025-10-22T12:04:44", "Area_m2": 5.083654349550236 }, "geometry": { "type": "Polygon", "coordinates": [ [ [ 397122.54815706401132, 4435572.433654807507992 ], [ 397120.463325063989032, 4435572.433654807507992 ], [ 397120.463325063989032, 4435569.995254807174206 ], [ 397122.54815706401132, 4435569.995254807174206 ], [ 397122.54815706401132, 4435572.433654807507992 ] ] ] } },
{ "type": "Feature", "properties": { "Row": 5, "Col": 2, "Label": "LG3216", "X_start": 94.05, "Y_start": 220.0, "X_stop": 100.89, "Y_stop": 228.0, "BlockNum": 11, "Block": "B11", "PlotID": "B11_R5_C2", "Design": 1, "HarvestEW": 8, "HarvestNS": 3, "FieldPosition": "E08_N03", "Date/Time": "10/22/2025 11:40:06 AM", "Range": 3, "Row_Harvest": 9, "Weight (kg)": 0.91, "Quick Note": null, "Harvest Sequence": 196, "HarvestSource": "main", "HarvestDirection": "S_to_N", "Weight_kg_raw": 0.91, "HarvestIssue": false, "Weight_kg_analysis": 0.91, "HarvestDateTime": "2025-10-22T11:40:06", "Area_m2": 5.083654349550236 }, "geometry": { "type": "Polygon", "coordinates": [ [ [ 397120.463325063989032, 4435572.433654807507992 ], [ 397118.378493063966744, 4435572.433654807507992 ], [ 397118.378493063966744, 4435569.995254807174206 ], [ 397120.463325063989032, 4435569.995254807174206 ], [ 397120.463325063989032, 4435572.433654807507992 ] ] ] } },
{ "type": "Feature", "properties": { "Row": 5, "Col": 3, "Label": "AG29XF5", "X_start": 100.89, "Y_start": 220.0, "X_stop": 107.73, "Y_stop": 228.0, "BlockNum": 11, "Block": "B11", "PlotID": "B11_R5_C3", "Design": 1, "HarvestEW": 7, "HarvestNS": 3, "FieldPosition": "E07_N03", "Date/Time": "10/22/2025 11:36:27 AM", "Range": 3, "Row_Harvest": 8, "Weight (kg)": 0.39, "Quick Note": null, "Harvest Sequence": 191, "HarvestSource": "main", "HarvestDirection": "N_to_S", "Weight_kg_raw": 0.39, "HarvestIssue": false, "Weight_kg_analysis": 0.39, "HarvestDateTime": "2025-10-22T11:36:27", "Area_m2": 5.0836543494083024 }, "geometry": { "type": "Polygon", "coordinates": [ [ [ 397118.378493063966744, 4435572.433654807507992 ], [ 397116.293661064002663, 4435572.433654807507992 ], [ 397116.293661064002663, 4435569.995254807174206 ], [ 397118.378493063966744, 4435569.995254807174206 ], [ 397118.378493063966744, 4435572.433654807507992 ] ] ] } },
{ "type": "Feature", "properties": { "Row": 5, "Col": 4, "Label": "LG3216", "X_start": 107.72, "Y_start": 220.0, "X_stop": 114.56, "Y_stop": 228.0, "BlockNum": 11, "Block": "B11", "PlotID": "B11_R5_C4", "Design": 1, "HarvestEW": 6, "HarvestNS": 3, "FieldPosition": "E06_N03", "Date/Time": "10/22/2025 11:14:25 AM", "Range": 3, "Row_Harvest": 7, "Weight (kg)": 1.47, "Quick Note": null, "Harvest Sequence": 148, "HarvestSource": "main", "HarvestDirection": "S_to_N", "Weight_kg_raw": 1.47, "HarvestIssue": false, "Weight_kg_analysis": 1.47, "HarvestDateTime": "2025-10-22T11:14:25", "Area_m2": 5.083654349550236 }, "geometry": { "type": "Polygon", "coordinates": [ [ [ 397116.296709063986782, 4435572.433654807507992 ], [ 397114.211877063964494, 4435572.433654807507992 ], [ 397114.211877063964494, 4435569.995254807174206 ], [ 397116.296709063986782, 4435569.995254807174206 ], [ 397116.296709063986782, 4435572.433654807507992 ] ] ] } },
{ "type": "Feature", "properties": { "Row": 6, "Col": 0, "Label": "AG29XF4", "X_start": 80.37, "Y_start": 230.0, "X_stop": 87.21, "Y_stop": 238.0, "BlockNum": 11, "Block": "B11", "PlotID": "B11_R6_C0", "Design": 1, "HarvestEW": 10, "HarvestNS": 2, "FieldPosition": "E10_N02", "Date/Time": "10/22/2025 12:08:32 PM", "Range": 2, "Row_Harvest": 11, "Weight (kg)": 0.4, "Quick Note": null, "Harvest Sequence": 243, "HarvestSource": "main", "HarvestDirection": "S_to_N", "Weight_kg_raw": 0.4, "HarvestIssue": false, "Weight_kg_analysis": 0.4, "HarvestDateTime": "2025-10-22T12:08:32", "Area_m2": 5.0836543474666511 }, "geometry": { "type": "Polygon", "coordinates": [ [ [ 397124.632989063975401, 4435569.385654807090759 ], [ 397122.54815706401132, 4435569.385654807090759 ], [ 397122.54815706401132, 4435566.947254807688296 ], [ 397124.632989063975401, 4435566.947254807688296 ], [ 397124.632989063975401, 4435569.385654807090759 ] ] ] } },
{ "type": "Feature", "properties": { "Row": 6, "Col": 1, "Label": "LG3216", "X_start": 87.21, "Y_start": 230.0, "X_stop": 94.05, "Y_stop": 238.0, "BlockNum": 11, "Block": "B11", "PlotID": "B11_R6_C1", "Design": 1, "HarvestEW": 9, "HarvestNS": 2, "FieldPosition": "E09_N02", "Date/Time": "10/22/2025 12:05:19 PM", "Range": 2, "Row_Harvest": 10, "Weight (kg)": 0.785, "Quick Note": null, "Harvest Sequence": 240, "HarvestSource": "main", "HarvestDirection": "N_to_S", "Weight_kg_raw": 0.785, "HarvestIssue": false, "Weight_kg_analysis": 0.785, "HarvestDateTime": "2025-10-22T12:05:19", "Area_m2": 5.0836543476085847 }, "geometry": { "type": "Polygon", "coordinates": [ [ [ 397122.54815706401132, 4435569.385654807090759 ], [ 397120.463325063989032, 4435569.385654807090759 ], [ 397120.463325063989032, 4435566.947254807688296 ], [ 397122.54815706401132, 4435566.947254807688296 ], [ 397122.54815706401132, 4435569.385654807090759 ] ] ] } },
{ "type": "Feature", "properties": { "Row": 6, "Col": 2, "Label": "AG36XF4", "X_start": 94.05, "Y_start": 230.0, "X_stop": 100.89, "Y_stop": 238.0, "BlockNum": 11, "Block": "B11", "PlotID": "B11_R6_C2", "Design": 1, "HarvestEW": 8, "HarvestNS": 2, "FieldPosition": "E08_N02", "Date/Time": "10/22/2025 11:39:38 AM", "Range": 2, "Row_Harvest": 9, "Weight (kg)": 0.76, "Quick Note": null, "Harvest Sequence": 195, "HarvestSource": "main", "HarvestDirection": "S_to_N", "Weight_kg_raw": 0.76, "HarvestIssue": false, "Weight_kg_analysis": 0.76, "HarvestDateTime": "2025-10-22T11:39:38", "Area_m2": 5.0836543476085847 }, "geometry": { "type": "Polygon", "coordinates": [ [ [ 397120.463325063989032, 4435569.385654807090759 ], [ 397118.378493063966744, 4435569.385654807090759 ], [ 397118.378493063966744, 4435566.947254807688296 ], [ 397120.463325063989032, 4435566.947254807688296 ], [ 397120.463325063989032, 4435569.385654807090759 ] ] ] } },
{ "type": "Feature", "properties": { "Row": 6, "Col": 3, "Label": "LG3216", "X_start": 100.89, "Y_start": 230.0, "X_stop": 107.73, "Y_stop": 238.0, "BlockNum": 11, "Block": "B11", "PlotID": "B11_R6_C3", "Design": 1, "HarvestEW": 7, "HarvestNS": 2, "FieldPosition": "E07_N02", "Date/Time": "10/22/2025 11:36:59 AM", "Range": 2, "Row_Harvest": 8, "Weight (kg)": 1.055, "Quick Note": null, "Harvest Sequence": 192, "HarvestSource": "main", "HarvestDirection": "N_to_S", "Weight_kg_raw": 1.055, "HarvestIssue": false, "Weight_kg_analysis": 1.055, "HarvestDateTime": "2025-10-22T11:36:59", "Area_m2": 5.0836543474666511 }, "geometry": { "type": "Polygon", "coordinates": [ [ [ 397118.378493063966744, 4435569.385654807090759 ], [ 397116.293661064002663, 4435569.385654807090759 ], [ 397116.293661064002663, 4435566.947254807688296 ], [ 397118.378493063966744, 4435566.947254807688296 ], [ 397118.378493063966744, 4435569.385654807090759 ] ] ] } },
{ "type": "Feature", "properties": { "Row": 6, "Col": 4, "Label": "AG40XFF5", "X_start": 107.72, "Y_start": 230.0, "X_stop": 114.56, "Y_stop": 238.0, "BlockNum": 11, "Block": "B11", "PlotID": "B11_R6_C4", "Design": 1, "HarvestEW": 6, "HarvestNS": 2, "FieldPosition": "E06_N02", "Date/Time": "10/22/2025 11:13:58 AM", "Range": 2, "Row_Harvest": 7, "Weight (kg)": 1.185, "Quick Note": null, "Harvest Sequence": 147, "HarvestSource": "main", "HarvestDirection": "S_to_N", "Weight_kg_raw": 1.185, "HarvestIssue": false, "Weight_kg_analysis": 1.185, "HarvestDateTime": "2025-10-22T11:13:58", "Area_m2": 5.0836543476085847 }, "geometry": { "type": "Polygon", "coordinates": [ [ [ 397116.296709063986782, 4435569.385654807090759 ], [ 397114.211877063964494, 4435569.385654807090759 ], [ 397114.211877063964494, 4435566.947254807688296 ], [ 397116.296709063986782, 4435566.947254807688296 ], [ 397116.296709063986782, 4435569.385654807090759 ] ] ] } },
{ "type": "Feature", "properties": { "Row": 7, "Col": 0, "Label": "LG3216", "X_start": 80.37, "Y_start": 240.0, "X_stop": 87.21, "Y_stop": 248.0, "BlockNum": 11, "Block": "B11", "PlotID": "B11_R7_C0", "Design": 1, "HarvestEW": 10, "HarvestNS": 1, "FieldPosition": "E10_N01", "Date/Time": "10/22/2025 12:08:08 PM", "Range": 1, "Row_Harvest": 11, "Weight (kg)": 0.64, "Quick Note": null, "Harvest Sequence": 242, "HarvestSource": "main", "HarvestDirection": "S_to_N", "Weight_kg_raw": 0.64, "HarvestIssue": false, "Weight_kg_analysis": 0.64, "HarvestDateTime": "2025-10-22T12:08:08", "Area_m2": 5.0836543494083024 }, "geometry": { "type": "Polygon", "coordinates": [ [ [ 397124.632989063975401, 4435566.337654807604849 ], [ 397122.54815706401132, 4435566.337654807604849 ], [ 397122.54815706401132, 4435563.899254807271063 ], [ 397124.632989063975401, 4435563.899254807271063 ], [ 397124.632989063975401, 4435566.337654807604849 ] ] ] } },
{ "type": "Feature", "properties": { "Row": 7, "Col": 1, "Label": "AG34XF6", "X_start": 87.21, "Y_start": 240.0, "X_stop": 94.05, "Y_stop": 248.0, "BlockNum": 11, "Block": "B11", "PlotID": "B11_R7_C1", "Design": 1, "HarvestEW": 9, "HarvestNS": 1, "FieldPosition": "E09_N01", "Date/Time": "10/22/2025 12:06:04 PM", "Range": 1, "Row_Harvest": 10, "Weight (kg)": 1.115, "Quick Note": null, "Harvest Sequence": 241, "HarvestSource": "main", "HarvestDirection": "N_to_S", "Weight_kg_raw": 1.115, "HarvestIssue": false, "Weight_kg_analysis": 1.115, "HarvestDateTime": "2025-10-22T12:06:04", "Area_m2": 5.083654349550236 }, "geometry": { "type": "Polygon", "coordinates": [ [ [ 397122.54815706401132, 4435566.337654807604849 ], [ 397120.463325063989032, 4435566.337654807604849 ], [ 397120.463325063989032, 4435563.899254807271063 ], [ 397122.54815706401132, 4435563.899254807271063 ], [ 397122.54815706401132, 4435566.337654807604849 ] ] ] } },
{ "type": "Feature", "properties": { "Row": 7, "Col": 2, "Label": "LG3216", "X_start": 94.05, "Y_start": 240.0, "X_stop": 100.89, "Y_stop": 248.0, "BlockNum": 11, "Block": "B11", "PlotID": "B11_R7_C2", "Design": 1, "HarvestEW": 8, "HarvestNS": 1, "FieldPosition": "E08_N01", "Date/Time": "10/22/2025 11:39:09 AM", "Range": 1, "Row_Harvest": 9, "Weight (kg)": 0.36, "Quick Note": null, "Harvest Sequence": 194, "HarvestSource": "main", "HarvestDirection": "S_to_N", "Weight_kg_raw": 0.36, "HarvestIssue": false, "Weight_kg_analysis": 0.36, "HarvestDateTime": "2025-10-22T11:39:09", "Area_m2": 5.083654349550236 }, "geometry": { "type": "Polygon", "coordinates": [ [ [ 397120.463325063989032, 4435566.337654807604849 ], [ 397118.378493063966744, 4435566.337654807604849 ], [ 397118.378493063966744, 4435563.899254807271063 ], [ 397120.463325063989032, 4435563.899254807271063 ], [ 397120.463325063989032, 4435566.337654807604849 ] ] ] } },
{ "type": "Feature", "properties": { "Row": 7, "Col": 3, "Label": "AG38XF6", "X_start": 100.89, "Y_start": 240.0, "X_stop": 107.73, "Y_stop": 248.0, "BlockNum": 11, "Block": "B11", "PlotID": "B11_R7_C3", "Design": 1, "HarvestEW": 7, "HarvestNS": 1, "FieldPosition": "E07_N01", "Date/Time": "10/22/2025 11:37:52 AM", "Range": 1, "Row_Harvest": 8, "Weight (kg)": 0.89, "Quick Note": null, "Harvest Sequence": 193, "HarvestSource": "main", "HarvestDirection": "N_to_S", "Weight_kg_raw": 0.89, "HarvestIssue": false, "Weight_kg_analysis": 0.89, "HarvestDateTime": "2025-10-22T11:37:52", "Area_m2": 5.0836543494083024 }, "geometry": { "type": "Polygon", "coordinates": [ [ [ 397118.378493063966744, 4435566.337654807604849 ], [ 397116.293661064002663, 4435566.337654807604849 ], [ 397116.293661064002663, 4435563.899254807271063 ], [ 397118.378493063966744, 4435563.899254807271063 ], [ 397118.378493063966744, 4435566.337654807604849 ] ] ] } },
{ "type": "Feature", "properties": { "Row": 7, "Col": 4, "Label": "LG3216", "X_start": 107.72, "Y_start": 240.0, "X_stop": 114.56, "Y_stop": 248.0, "BlockNum": 11, "Block": "B11", "PlotID": "B11_R7_C4", "Design": 1, "HarvestEW": 6, "HarvestNS": 1, "FieldPosition": "E06_N01", "Date/Time": "10/22/2025 11:13:32 AM", "Range": 1, "Row_Harvest": 7, "Weight (kg)": 1.09, "Quick Note": null, "Harvest Sequence": 146, "HarvestSource": "main", "HarvestDirection": "S_to_N", "Weight_kg_raw": 1.09, "HarvestIssue": false, "Weight_kg_analysis": 1.09, "HarvestDateTime": "2025-10-22T11:13:32", "Area_m2": 5.083654349550236 }, "geometry": { "type": "Polygon", "coordinates": [ [ [ 397116.296709063986782, 4435566.337654807604849 ], [ 397114.211877063964494, 4435566.337654807604849 ], [ 397114.211877063964494, 4435563.899254807271063 ], [ 397116.296709063986782, 4435563.899254807271063 ], [ 397116.296709063986782, 4435566.337654807604849 ] ] ] } },
{ "type": "Feature", "properties": { "Row": 0, "Col": 0, "Label": "LD11-2170", "X_start": 115.81, "Y_start": 170.0, "X_stop": 122.65, "Y_stop": 178.0, "BlockNum": 12, "Block": "B12", "PlotID": "B12_R0_C0", "Design": 2, "HarvestEW": 5, "HarvestNS": 8, "FieldPosition": "E05_N08", "Date/Time": "10/22/2025 11:08:33 AM", "Range": 8, "Row_Harvest": 6, "Weight (kg)": 0.56, "Quick Note": null, "Harvest Sequence": 138, "HarvestSource": "main", "HarvestDirection": "N_to_S", "Weight_kg_raw": 0.56, "HarvestIssue": false, "Weight_kg_analysis": 0.56, "HarvestDateTime": "2025-10-22T11:08:33", "Area_m2": 5.0836543494083024 }, "geometry": { "type": "Polygon", "coordinates": [ [ [ 397113.830877063970547, 4435587.673654807731509 ], [ 397111.746045064006466, 4435587.673654807731509 ], [ 397111.746045064006466, 4435585.235254807397723 ], [ 397113.830877063970547, 4435585.235254807397723 ], [ 397113.830877063970547, 4435587.673654807731509 ] ] ] } },
{ "type": "Feature", "properties": { "Row": 0, "Col": 1, "Label": "AG29XF5", "X_start": 122.65, "Y_start": 170.0, "X_stop": 129.49, "Y_stop": 178.0, "BlockNum": 12, "Block": "B12", "PlotID": "B12_R0_C1", "Design": 2, "HarvestEW": 4, "HarvestNS": 8, "FieldPosition": "E04_N08", "Date/Time": "10/22/2025 10:51:52 AM", "Range": 8, "Row_Harvest": 5, "Weight (kg)": 0.885, "Quick Note": null, "Harvest Sequence": 105, "HarvestSource": "main", "HarvestDirection": "S_to_N", "Weight_kg_raw": 0.885, "HarvestIssue": false, "Weight_kg_analysis": 0.885, "HarvestDateTime": "2025-10-22T10:51:52", "Area_m2": 5.083654349550236 }, "geometry": { "type": "Polygon", "coordinates": [ [ [ 397111.746045064006466, 4435587.673654807731509 ], [ 397109.661213063984178, 4435587.673654807731509 ], [ 397109.661213063984178, 4435585.235254807397723 ], [ 397111.746045064006466, 4435585.235254807397723 ], [ 397111.746045064006466, 4435587.673654807731509 ] ] ] } },
{ "type": "Feature", "properties": { "Row": 0, "Col": 2, "Label": "LD21-5253", "X_start": 129.49, "Y_start": 170.0, "X_stop": 136.33, "Y_stop": 178.0, "BlockNum": 12, "Block": "B12", "PlotID": "B12_R0_C2", "Design": 2, "HarvestEW": 3, "HarvestNS": 8, "FieldPosition": "E03_N08", "Date/Time": "10/22/2025 10:43:14 AM", "Range": 8, "Row_Harvest": 4, "Weight (kg)": 0.57, "Quick Note": null, "Harvest Sequence": 90, "HarvestSource": "main", "HarvestDirection": "N_to_S", "Weight_kg_raw": 0.57, "HarvestIssue": false, "Weight_kg_analysis": 0.57, "HarvestDateTime": "2025-10-22T10:43:14", "Area_m2": 5.083654349550236 }, "geometry": { "type": "Polygon", "coordinates": [ [ [ 397109.661213063984178, 4435587.673654807731509 ], [ 397107.57638106396189, 4435587.673654807731509 ], [ 397107.57638106396189, 4435585.235254807397723 ], [ 397109.661213063984178, 4435585.235254807397723 ], [ 397109.661213063984178, 4435587.673654807731509 ] ] ] } },
{ "type": "Feature", "properties": { "Row": 0, "Col": 3, "Label": "AG29XF4", "X_start": 136.32, "Y_start": 170.0, "X_stop": 143.16, "Y_stop": 178.0, "BlockNum": 12, "Block": "B12", "PlotID": "B12_R0_C3", "Design": 2, "HarvestEW": 2, "HarvestNS": 8, "FieldPosition": "E02_N08", "Date/Time": "10/22/2025 10:24:37 AM", "Range": 8, "Row_Harvest": 3, "Weight (kg)": 1.51, "Quick Note": null, "Harvest Sequence": 57, "HarvestSource": "main", "HarvestDirection": "S_to_N", "Weight_kg_raw": 1.51, "HarvestIssue": false, "Weight_kg_analysis": 1.51, "HarvestDateTime": "2025-10-22T10:24:37", "Area_m2": 5.083654349550236 }, "geometry": { "type": "Polygon", "coordinates": [ [ [ 397107.579429064004216, 4435587.673654807731509 ], [ 397105.494597063981928, 4435587.673654807731509 ], [ 397105.494597063981928, 4435585.235254807397723 ], [ 397107.579429064004216, 4435585.235254807397723 ], [ 397107.579429064004216, 4435587.673654807731509 ] ] ] } },
{ "type": "Feature", "properties": { "Row": 0, "Col": 4, "Label": "LD20-5413", "X_start": 143.16, "Y_start": 170.0, "X_stop": 150.0, "Y_stop": 178.0, "BlockNum": 12, "Block": "B12", "PlotID": "B12_R0_C4", "Design": 2, "HarvestEW": 1, "HarvestNS": 8, "FieldPosition": "E01_N08", "Date/Time": "10/22/2025 10:14:01 AM", "Range": 8, "Row_Harvest": 2, "Weight (kg)": 1.205, "Quick Note": null, "Harvest Sequence": 42, "HarvestSource": "main", "HarvestDirection": "N_to_S", "Weight_kg_raw": 1.205, "HarvestIssue": false, "Weight_kg_analysis": 1.205, "HarvestDateTime": "2025-10-22T10:14:01", "Area_m2": 5.0836543494083024 }, "geometry": { "type": "Polygon", "coordinates": [ [ [ 397105.494597063981928, 4435587.673654807731509 ], [ 397103.409765064017847, 4435587.673654807731509 ], [ 397103.409765064017847, 4435585.235254807397723 ], [ 397105.494597063981928, 4435585.235254807397723 ], [ 397105.494597063981928, 4435587.673654807731509 ] ] ] } },
{ "type": "Feature", "properties": { "Row": 1, "Col": 0, "Label": "AG29XF5", "X_start": 115.81, "Y_start": 180.0, "X_stop": 122.65, "Y_stop": 188.0, "BlockNum": 12, "Block": "B12", "PlotID": "B12_R1_C0", "Design": 2, "HarvestEW": 5, "HarvestNS": 7, "FieldPosition": "E05_N07", "Date/Time": "10/22/2025 11:08:58 AM", "Range": 7, "Row_Harvest": 6, "Weight (kg)": 0.405, "Quick Note": null, "Harvest Sequence": 139, "HarvestSource": "main", "HarvestDirection": "N_to_S", "Weight_kg_raw": 0.405, "HarvestIssue": false, "Weight_kg_analysis": 0.405, "HarvestDateTime": "2025-10-22T11:08:58", "Area_m2": 5.0836543494083024 }, "geometry": { "type": "Polygon", "coordinates": [ [ [ 397113.830877063970547, 4435584.625654807314277 ], [ 397111.746045064006466, 4435584.625654807314277 ], [ 397111.746045064006466, 4435582.187254806980491 ], [ 397113.830877063970547, 4435582.187254806980491 ], [ 397113.830877063970547, 4435584.625654807314277 ] ] ] } },
{ "type": "Feature", "properties": { "Row": 1, "Col": 1, "Label": "LD21-7234", "X_start": 122.65, "Y_start": 180.0, "X_stop": 129.49, "Y_stop": 188.0, "BlockNum": 12, "Block": "B12", "PlotID": "B12_R1_C1", "Design": 2, "HarvestEW": 4, "HarvestNS": 7, "FieldPosition": "E04_N07", "Date/Time": "10/22/2025 10:51:24 AM", "Range": 7, "Row_Harvest": 5, "Weight (kg)": 0.565, "Quick Note": null, "Harvest Sequence": 104, "HarvestSource": "main", "HarvestDirection": "S_to_N", "Weight_kg_raw": 0.565, "HarvestIssue": false, "Weight_kg_analysis": 0.565, "HarvestDateTime": "2025-10-22T10:51:24", "Area_m2": 5.083654349550236 }, "geometry": { "type": "Polygon", "coordinates": [ [ [ 397111.746045064006466, 4435584.625654807314277 ], [ 397109.661213063984178, 4435584.625654807314277 ], [ 397109.661213063984178, 4435582.187254806980491 ], [ 397111.746045064006466, 4435582.187254806980491 ], [ 397111.746045064006466, 4435584.625654807314277 ] ] ] } },
{ "type": "Feature", "properties": { "Row": 1, "Col": 2, "Label": "AG29XF4", "X_start": 129.49, "Y_start": 180.0, "X_stop": 136.33, "Y_stop": 188.0, "BlockNum": 12, "Block": "B12", "PlotID": "B12_R1_C2", "Design": 2, "HarvestEW": 3, "HarvestNS": 7, "FieldPosition": "E03_N07", "Date/Time": "10/22/2025 10:43:42 AM", "Range": 7, "Row_Harvest": 4, "Weight (kg)": 0.975, "Quick Note": null, "Harvest Sequence": 91, "HarvestSource": "main", "HarvestDirection": "N_to_S", "Weight_kg_raw": 0.975, "HarvestIssue": false, "Weight_kg_analysis": 0.975, "HarvestDateTime": "2025-10-22T10:43:42", "Area_m2": 5.083654349550236 }, "geometry": { "type": "Polygon", "coordinates": [ [ [ 397109.661213063984178, 4435584.625654807314277 ], [ 397107.57638106396189, 4435584.625654807314277 ], [ 397107.57638106396189, 4435582.187254806980491 ], [ 397109.661213063984178, 4435582.187254806980491 ], [ 397109.661213063984178, 4435584.625654807314277 ] ] ] } },
{ "type": "Feature", "properties": { "Row": 1, "Col": 3, "Label": "LD20-4988", "X_start": 136.32, "Y_start": 180.0, "X_stop": 143.16, "Y_stop": 188.0, "BlockNum": 12, "Block": "B12", "PlotID": "B12_R1_C3", "Design": 2, "HarvestEW": 2, "HarvestNS": 7, "FieldPosition": "E02_N07", "Date/Time": "10/22/2025 10:24:01 AM", "Range": 7, "Row_Harvest": 3, "Weight (kg)": 0.625, "Quick Note": null, "Harvest Sequence": 56, "HarvestSource": "main", "HarvestDirection": "S_to_N", "Weight_kg_raw": 0.625, "HarvestIssue": false, "Weight_kg_analysis": 0.625, "HarvestDateTime": "2025-10-22T10:24:01", "Area_m2": 5.083654349550236 }, "geometry": { "type": "Polygon", "coordinates": [ [ [ 397107.579429064004216, 4435584.625654807314277 ], [ 397105.494597063981928, 4435584.625654807314277 ], [ 397105.494597063981928, 4435582.187254806980491 ], [ 397107.579429064004216, 4435582.187254806980491 ], [ 397107.579429064004216, 4435584.625654807314277 ] ] ] } },
{ "type": "Feature", "properties": { "Row": 1, "Col": 4, "Label": "AG29XF4", "X_start": 143.16, "Y_start": 180.0, "X_stop": 150.0, "Y_stop": 188.0, "BlockNum": 12, "Block": "B12", "PlotID": "B12_R1_C4", "Design": 2, "HarvestEW": 1, "HarvestNS": 7, "FieldPosition": "E01_N07", "Date/Time": "10/22/2025 10:14:40 AM", "Range": 7, "Row_Harvest": 2, "Weight (kg)": 1.185, "Quick Note": null, "Harvest Sequence": 43, "HarvestSource": "main", "HarvestDirection": "N_to_S", "Weight_kg_raw": 1.185, "HarvestIssue": false, "Weight_kg_analysis": 1.185, "HarvestDateTime": "2025-10-22T10:14:40", "Area_m2": 5.0836543494083024 }, "geometry": { "type": "Polygon", "coordinates": [ [ [ 397105.494597063981928, 4435584.625654807314277 ], [ 397103.409765064017847, 4435584.625654807314277 ], [ 397103.409765064017847, 4435582.187254806980491 ], [ 397105.494597063981928, 4435582.187254806980491 ], [ 397105.494597063981928, 4435584.625654807314277 ] ] ] } },
{ "type": "Feature", "properties": { "Row": 2, "Col": 0, "Label": "LD20-5738", "X_start": 115.81, "Y_start": 190.0, "X_stop": 122.65, "Y_stop": 198.0, "BlockNum": 12, "Block": "B12", "PlotID": "B12_R2_C0", "Design": 2, "HarvestEW": 5, "HarvestNS": 6, "FieldPosition": "E05_N06", "Date/Time": "10/22/2025 11:09:22 AM", "Range": 6, "Row_Harvest": 6, "Weight (kg)": 0.215, "Quick Note": null, "Harvest Sequence": 140, "HarvestSource": "main", "HarvestDirection": "N_to_S", "Weight_kg_raw": 0.215, "HarvestIssue": false, "Weight_kg_analysis": 0.215, "HarvestDateTime": "2025-10-22T11:09:22", "Area_m2": 5.0836543494083024 }, "geometry": { "type": "Polygon", "coordinates": [ [ [ 397113.830877063970547, 4435581.577654807828367 ], [ 397111.746045064006466, 4435581.577654807828367 ], [ 397111.746045064006466, 4435579.139254807494581 ], [ 397113.830877063970547, 4435579.139254807494581 ], [ 397113.830877063970547, 4435581.577654807828367 ] ] ] } },
{ "type": "Feature", "properties": { "Row": 2, "Col": 1, "Label": "AG29XF5", "X_start": 122.65, "Y_start": 190.0, "X_stop": 129.49, "Y_stop": 198.0, "BlockNum": 12, "Block": "B12", "PlotID": "B12_R2_C1", "Design": 2, "HarvestEW": 4, "HarvestNS": 6, "FieldPosition": "E04_N06", "Date/Time": "10/22/2025 10:50:59 AM", "Range": 6, "Row_Harvest": 5, "Weight (kg)": 0.91, "Quick Note": null, "Harvest Sequence": 103, "HarvestSource": "main", "HarvestDirection": "S_to_N", "Weight_kg_raw": 0.91, "HarvestIssue": false, "Weight_kg_analysis": 0.91, "HarvestDateTime": "2025-10-22T10:50:59", "Area_m2": 5.083654349550236 }, "geometry": { "type": "Polygon", "coordinates": [ [ [ 397111.746045064006466, 4435581.577654807828367 ], [ 397109.661213063984178, 4435581.577654807828367 ], [ 397109.661213063984178, 4435579.139254807494581 ], [ 397111.746045064006466, 4435579.139254807494581 ], [ 397111.746045064006466, 4435581.577654807828367 ] ] ] } },
{ "type": "Feature", "properties": { "Row": 2, "Col": 2, "Label": "LD20-4542", "X_start": 129.49, "Y_start": 190.0, "X_stop": 136.33, "Y_stop": 198.0, "BlockNum": 12, "Block": "B12", "PlotID": "B12_R2_C2", "Design": 2, "HarvestEW": 3, "HarvestNS": 6, "FieldPosition": "E03_N06", "Date/Time": "10/22/2025 10:44:11 AM", "Range": 6, "Row_Harvest": 4, "Weight (kg)": 0.845, "Quick Note": null, "Harvest Sequence": 92, "HarvestSource": "main", "HarvestDirection": "N_to_S", "Weight_kg_raw": 0.845, "HarvestIssue": false, "Weight_kg_analysis": 0.845, "HarvestDateTime": "2025-10-22T10:44:11", "Area_m2": 5.083654349550236 }, "geometry": { "type": "Polygon", "coordinates": [ [ [ 397109.661213063984178, 4435581.577654807828367 ], [ 397107.57638106396189, 4435581.577654807828367 ], [ 397107.57638106396189, 4435579.139254807494581 ], [ 397109.661213063984178, 4435579.139254807494581 ], [ 397109.661213063984178, 4435581.577654807828367 ] ] ] } },
{ "type": "Feature", "properties": { "Row": 2, "Col": 3, "Label": "AG29XF5", "X_start": 136.32, "Y_start": 190.0, "X_stop": 143.16, "Y_stop": 198.0, "BlockNum": 12, "Block": "B12", "PlotID": "B12_R2_C3", "Design": 2, "HarvestEW": 2, "HarvestNS": 6, "FieldPosition": "E02_N06", "Date/Time": "10/22/2025 10:23:33 AM", "Range": 6, "Row_Harvest": 3, "Weight (kg)": 0.815, "Quick Note": null, "Harvest Sequence": 55, "HarvestSource": "main", "HarvestDirection": "S_to_N", "Weight_kg_raw": 0.815, "HarvestIssue": false, "Weight_kg_analysis": 0.815, "HarvestDateTime": "2025-10-22T10:23:33", "Area_m2": 5.083654349550236 }, "geometry": { "type": "Polygon", "coordinates": [ [ [ 397107.579429064004216, 4435581.577654807828367 ], [ 397105.494597063981928, 4435581.577654807828367 ], [ 397105.494597063981928, 4435579.139254807494581 ], [ 397107.579429064004216, 4435579.139254807494581 ], [ 397107.579429064004216, 4435581.577654807828367 ] ] ] } },
{ "type": "Feature", "properties": { "Row": 2, "Col": 4, "Label": "LD22-4283", "X_start": 143.16, "Y_start": 190.0, "X_stop": 150.0, "Y_stop": 198.0, "BlockNum": 12, "Block": "B12", "PlotID": "B12_R2_C4", "Design": 2, "HarvestEW": 1, "HarvestNS": 6, "FieldPosition": "E01_N06", "Date/Time": "10/22/2025 10:15:20 AM", "Range": 6, "Row_Harvest": 2, "Weight (kg)": 0.99, "Quick Note": null, "Harvest Sequence": 44, "HarvestSource": "main", "HarvestDirection": "N_to_S", "Weight_kg_raw": 0.99, "HarvestIssue": false, "Weight_kg_analysis": 0.99, "HarvestDateTime": "2025-10-22T10:15:20", "Area_m2": 5.0836543494083024 }, "geometry": { "type": "Polygon", "coordinates": [ [ [ 397105.494597063981928, 4435581.577654807828367 ], [ 397103.409765064017847, 4435581.577654807828367 ], [ 397103.409765064017847, 4435579.139254807494581 ], [ 397105.494597063981928, 4435579.139254807494581 ], [ 397105.494597063981928, 4435581.577654807828367 ] ] ] } },
{ "type": "Feature", "properties": { "Row": 3, "Col": 0, "Label": "AG29XF4", "X_start": 115.81, "Y_start": 200.0, "X_stop": 122.65, "Y_stop": 208.0, "BlockNum": 12, "Block": "B12", "PlotID": "B12_R3_C0", "Design": 2, "HarvestEW": 5, "HarvestNS": 5, "FieldPosition": "E05_N05", "Date/Time": "10/22/2025 11:09:53 AM", "Range": 5, "Row_Harvest": 6, "Weight (kg)": 0.95, "Quick Note": null, "Harvest Sequence": 141, "HarvestSource": "main", "HarvestDirection": "N_to_S", "Weight_kg_raw": 0.95, "HarvestIssue": false, "Weight_kg_analysis": 0.95, "HarvestDateTime": "2025-10-22T11:09:53", "Area_m2": 5.0836543494083024 }, "geometry": { "type": "Polygon", "coordinates": [ [ [ 397113.830877063970547, 4435578.529654807411134 ], [ 397111.746045064006466, 4435578.529654807411134 ], [ 397111.746045064006466, 4435576.091254807077348 ], [ 397113.830877063970547, 4435576.091254807077348 ], [ 397113.830877063970547, 4435578.529654807411134 ] ] ] } },
{ "type": "Feature", "properties": { "Row": 3, "Col": 1, "Label": "LD20-4471", "X_start": 122.65, "Y_start": 200.0, "X_stop": 129.49, "Y_stop": 208.0, "BlockNum": 12, "Block": "B12", "PlotID": "B12_R3_C1", "Design": 2, "HarvestEW": 4, "HarvestNS": 5, "FieldPosition": "E04_N05", "Date/Time": "10/22/2025 10:50:27 AM", "Range": 5, "Row_Harvest": 5, "Weight (kg)": 0.96, "Quick Note": null, "Harvest Sequence": 102, "HarvestSource": "main", "HarvestDirection": "S_to_N", "Weight_kg_raw": 0.96, "HarvestIssue": false, "Weight_kg_analysis": 0.96, "HarvestDateTime": "2025-10-22T10:50:27", "Area_m2": 5.083654349550236 }, "geometry": { "type": "Polygon", "coordinates": [ [ [ 397111.746045064006466, 4435578.529654807411134 ], [ 397109.661213063984178, 4435578.529654807411134 ], [ 397109.661213063984178, 4435576.091254807077348 ], [ 397111.746045064006466, 4435576.091254807077348 ], [ 397111.746045064006466, 4435578.529654807411134 ] ] ] } },
{ "type": "Feature", "properties": { "Row": 3, "Col": 2, "Label": "AG29XF5", "X_start": 129.49, "Y_start": 200.0, "X_stop": 136.33, "Y_stop": 208.0, "BlockNum": 12, "Block": "B12", "PlotID": "B12_R3_C2", "Design": 2, "HarvestEW": 3, "HarvestNS": 5, "FieldPosition": "E03_N05", "Date/Time": "10/22/2025 10:44:40 AM", "Range": 5, "Row_Harvest": 4, "Weight (kg)": 1.305, "Quick Note": null, "Harvest Sequence": 93, "HarvestSource": "main", "HarvestDirection": "N_to_S", "Weight_kg_raw": 1.305, "HarvestIssue": false, "Weight_kg_analysis": 1.305, "HarvestDateTime": "2025-10-22T10:44:40", "Area_m2": 5.083654349550236 }, "geometry": { "type": "Polygon", "coordinates": [ [ [ 397109.661213063984178, 4435578.529654807411134 ], [ 397107.57638106396189, 4435578.529654807411134 ], [ 397107.57638106396189, 4435576.091254807077348 ], [ 397109.661213063984178, 4435576.091254807077348 ], [ 397109.661213063984178, 4435578.529654807411134 ] ] ] } },
{ "type": "Feature", "properties": { "Row": 3, "Col": 3, "Label": "LD20-4542", "X_start": 136.32, "Y_start": 200.0, "X_stop": 143.16, "Y_stop": 208.0, "BlockNum": 12, "Block": "B12", "PlotID": "B12_R3_C3", "Design": 2, "HarvestEW": 2, "HarvestNS": 5, "FieldPosition": "E02_N05", "Date/Time": "10/22/2025 10:23:05 AM", "Range": 5, "Row_Harvest": 3, "Weight (kg)": 0.54, "Quick Note": null, "Harvest Sequence": 54, "HarvestSource": "main", "HarvestDirection": "S_to_N", "Weight_kg_raw": 0.54, "HarvestIssue": false, "Weight_kg_analysis": 0.54, "HarvestDateTime": "2025-10-22T10:23:05", "Area_m2": 5.083654349550236 }, "geometry": { "type": "Polygon", "coordinates": [ [ [ 397107.579429064004216, 4435578.529654807411134 ], [ 397105.494597063981928, 4435578.529654807411134 ], [ 397105.494597063981928, 4435576.091254807077348 ], [ 397107.579429064004216, 4435576.091254807077348 ], [ 397107.579429064004216, 4435578.529654807411134 ] ] ] } },
{ "type": "Feature", "properties": { "Row": 3, "Col": 4, "Label": "AG29XF4", "X_start": 143.16, "Y_start": 200.0, "X_stop": 150.0, "Y_stop": 208.0, "BlockNum": 12, "Block": "B12", "PlotID": "B12_R3_C4", "Design": 2, "HarvestEW": 1, "HarvestNS": 5, "FieldPosition": "E01_N05", "Date/Time": "10/22/2025 10:16:56 AM", "Range": 5, "Row_Harvest": 2, "Weight (kg)": 1.21, "Quick Note": null, "Harvest Sequence": 45, "HarvestSource": "main", "HarvestDirection": "N_to_S", "Weight_kg_raw": 1.21, "HarvestIssue": false, "Weight_kg_analysis": 1.21, "HarvestDateTime": "2025-10-22T10:16:56", "Area_m2": 5.0836543494083024 }, "geometry": { "type": "Polygon", "coordinates": [ [ [ 397105.494597063981928, 4435578.529654807411134 ], [ 397103.409765064017847, 4435578.529654807411134 ], [ 397103.409765064017847, 4435576.091254807077348 ], [ 397105.494597063981928, 4435576.091254807077348 ], [ 397105.494597063981928, 4435578.529654807411134 ] ] ] } },
{ "type": "Feature", "properties": { "Row": 4, "Col": 0, "Label": "LD22-4283", "X_start": 115.81, "Y_start": 210.0, "X_stop": 122.65, "Y_stop": 218.0, "BlockNum": 12, "Block": "B12", "PlotID": "B12_R4_C0", "Design": 2, "HarvestEW": 5, "HarvestNS": 4, "FieldPosition": "E05_N04", "Date/Time": "10/22/2025 11:10:25 AM", "Range": 4, "Row_Harvest": 6, "Weight (kg)": 0.46, "Quick Note": null, "Harvest Sequence": 142, "HarvestSource": "main", "HarvestDirection": "N_to_S", "Weight_kg_raw": 0.46, "HarvestIssue": false, "Weight_kg_analysis": 0.46, "HarvestDateTime": "2025-10-22T11:10:25", "Area_m2": 5.0836543474666511 }, "geometry": { "type": "Polygon", "coordinates": [ [ [ 397113.830877063970547, 4435575.481654806993902 ], [ 397111.746045064006466, 4435575.481654806993902 ], [ 397111.746045064006466, 4435573.043254807591438 ], [ 397113.830877063970547, 4435573.043254807591438 ], [ 397113.830877063970547, 4435575.481654806993902 ] ] ] } },
{ "type": "Feature", "properties": { "Row": 4, "Col": 1, "Label": "AG29XF5", "X_start": 122.65, "Y_start": 210.0, "X_stop": 129.49, "Y_stop": 218.0, "BlockNum": 12, "Block": "B12", "PlotID": "B12_R4_C1", "Design": 2, "HarvestEW": 4, "HarvestNS": 4, "FieldPosition": "E04_N04", "Date/Time": "10/22/2025 10:49:56 AM", "Range": 4, "Row_Harvest": 5, "Weight (kg)": 0.93, "Quick Note": null, "Harvest Sequence": 101, "HarvestSource": "main", "HarvestDirection": "S_to_N", "Weight_kg_raw": 0.93, "HarvestIssue": false, "Weight_kg_analysis": 0.93, "HarvestDateTime": "2025-10-22T10:49:56", "Area_m2": 5.0836543476085847 }, "geometry": { "type": "Polygon", "coordinates": [ [ [ 397111.746045064006466, 4435575.481654806993902 ], [ 397109.661213063984178, 4435575.481654806993902 ], [ 397109.661213063984178, 4435573.043254807591438 ], [ 397111.746045064006466, 4435573.043254807591438 ], [ 397111.746045064006466, 4435575.481654806993902 ] ] ] } },
{ "type": "Feature", "properties": { "Row": 4, "Col": 2, "Label": "LD20-4988", "X_start": 129.49, "Y_start": 210.0, "X_stop": 136.33, "Y_stop": 218.0, "BlockNum": 12, "Block": "B12", "PlotID": "B12_R4_C2", "Design": 2, "HarvestEW": 3, "HarvestNS": 4, "FieldPosition": "E03_N04", "Date/Time": "10/22/2025 10:45:10 AM", "Range": 4, "Row_Harvest": 4, "Weight (kg)": 1.095, "Quick Note": null, "Harvest Sequence": 94, "HarvestSource": "main", "HarvestDirection": "N_to_S", "Weight_kg_raw": 1.095, "HarvestIssue": false, "Weight_kg_analysis": 1.095, "HarvestDateTime": "2025-10-22T10:45:10", "Area_m2": 5.0836543476085847 }, "geometry": { "type": "Polygon", "coordinates": [ [ [ 397109.661213063984178, 4435575.481654806993902 ], [ 397107.57638106396189, 4435575.481654806993902 ], [ 397107.57638106396189, 4435573.043254807591438 ], [ 397109.661213063984178, 4435573.043254807591438 ], [ 397109.661213063984178, 4435575.481654806993902 ] ] ] } },
{ "type": "Feature", "properties": { "Row": 4, "Col": 3, "Label": "AG29XF4", "X_start": 136.32, "Y_start": 210.0, "X_stop": 143.16, "Y_stop": 218.0, "BlockNum": 12, "Block": "B12", "PlotID": "B12_R4_C3", "Design": 2, "HarvestEW": 2, "HarvestNS": 4, "FieldPosition": "E02_N04", "Date/Time": "10/22/2025 10:22:36 AM", "Range": 4, "Row_Harvest": 3, "Weight (kg)": 0.7, "Quick Note": null, "Harvest Sequence": 53, "HarvestSource": "main", "HarvestDirection": "S_to_N", "Weight_kg_raw": 0.7, "HarvestIssue": false, "Weight_kg_analysis": 0.7, "HarvestDateTime": "2025-10-22T10:22:36", "Area_m2": 5.0836543476085847 }, "geometry": { "type": "Polygon", "coordinates": [ [ [ 397107.579429064004216, 4435575.481654806993902 ], [ 397105.494597063981928, 4435575.481654806993902 ], [ 397105.494597063981928, 4435573.043254807591438 ], [ 397107.579429064004216, 4435573.043254807591438 ], [ 397107.579429064004216, 4435575.481654806993902 ] ] ] } },
{ "type": "Feature", "properties": { "Row": 4, "Col": 4, "Label": "LD20-4471", "X_start": 143.16, "Y_start": 210.0, "X_stop": 150.0, "Y_stop": 218.0, "BlockNum": 12, "Block": "B12", "PlotID": "B12_R4_C4", "Design": 2, "HarvestEW": 1, "HarvestNS": 4, "FieldPosition": "E01_N04", "Date/Time": "10/22/2025 10:17:30 AM", "Range": 4, "Row_Harvest": 2, "Weight (kg)": 0.775, "Quick Note": null, "Harvest Sequence": 46, "HarvestSource": "main", "HarvestDirection": "N_to_S", "Weight_kg_raw": 0.775, "HarvestIssue": false, "Weight_kg_analysis": 0.775, "HarvestDateTime": "2025-10-22T10:17:30", "Area_m2": 5.0836543474666511 }, "geometry": { "type": "Polygon", "coordinates": [ [ [ 397105.494597063981928, 4435575.481654806993902 ], [ 397103.409765064017847, 4435575.481654806993902 ], [ 397103.409765064017847, 4435573.043254807591438 ], [ 397105.494597063981928, 4435573.043254807591438 ], [ 397105.494597063981928, 4435575.481654806993902 ] ] ] } },
{ "type": "Feature", "properties": { "Row": 5, "Col": 0, "Label": "AG29XF4", "X_start": 115.81, "Y_start": 220.0, "X_stop": 122.65, "Y_stop": 228.0, "BlockNum": 12, "Block": "B12", "PlotID": "B12_R5_C0", "Design": 2, "HarvestEW": 5, "HarvestNS": 3, "FieldPosition": "E05_N03", "Date/Time": "10/22/2025 11:10:49 AM", "Range": 3, "Row_Harvest": 6, "Weight (kg)": 0.59, "Quick Note": null, "Harvest Sequence": 143, "HarvestSource": "main", "HarvestDirection": "N_to_S", "Weight_kg_raw": 0.59, "HarvestIssue": false, "Weight_kg_analysis": 0.59, "HarvestDateTime": "2025-10-22T11:10:49", "Area_m2": 5.0836543494083024 }, "geometry": { "type": "Polygon", "coordinates": [ [ [ 397113.830877063970547, 4435572.433654807507992 ], [ 397111.746045064006466, 4435572.433654807507992 ], [ 397111.746045064006466, 4435569.995254807174206 ], [ 397113.830877063970547, 4435569.995254807174206 ], [ 397113.830877063970547, 4435572.433654807507992 ] ] ] } },
{ "type": "Feature", "properties": { "Row": 5, "Col": 1, "Label": "LD20-5413", "X_start": 122.65, "Y_start": 220.0, "X_stop": 129.49, "Y_stop": 228.0, "BlockNum": 12, "Block": "B12", "PlotID": "B12_R5_C1", "Design": 2, "HarvestEW": 4, "HarvestNS": 3, "FieldPosition": "E04_N03", "Date/Time": "10/22/2025 10:49:27 AM", "Range": 3, "Row_Harvest": 5, "Weight (kg)": 0.45, "Quick Note": null, "Harvest Sequence": 100, "HarvestSource": "main", "HarvestDirection": "S_to_N", "Weight_kg_raw": 0.45, "HarvestIssue": false, "Weight_kg_analysis": 0.45, "HarvestDateTime": "2025-10-22T10:49:27", "Area_m2": 5.083654349550236 }, "geometry": { "type": "Polygon", "coordinates": [ [ [ 397111.746045064006466, 4435572.433654807507992 ], [ 397109.661213063984178, 4435572.433654807507992 ], [ 397109.661213063984178, 4435569.995254807174206 ], [ 397111.746045064006466, 4435569.995254807174206 ], [ 397111.746045064006466, 4435572.433654807507992 ] ] ] } },
{ "type": "Feature", "properties": { "Row": 5, "Col": 2, "Label": "AG29XF5", "X_start": 129.49, "Y_start": 220.0, "X_stop": 136.33, "Y_stop": 228.0, "BlockNum": 12, "Block": "B12", "PlotID": "B12_R5_C2", "Design": 2, "HarvestEW": 3, "HarvestNS": 3, "FieldPosition": "E03_N03", "Date/Time": "10/22/2025 10:45:43 AM", "Range": 3, "Row_Harvest": 4, "Weight (kg)": 1.15, "Quick Note": null, "Harvest Sequence": 95, "HarvestSource": "main", "HarvestDirection": "N_to_S", "Weight_kg_raw": 1.15, "HarvestIssue": false, "Weight_kg_analysis": 1.15, "HarvestDateTime": "2025-10-22T10:45:43", "Area_m2": 5.083654349550236 }, "geometry": { "type": "Polygon", "coordinates": [ [ [ 397109.661213063984178, 4435572.433654807507992 ], [ 397107.57638106396189, 4435572.433654807507992 ], [ 397107.57638106396189, 4435569.995254807174206 ], [ 397109.661213063984178, 4435569.995254807174206 ], [ 397109.661213063984178, 4435572.433654807507992 ] ] ] } },
{ "type": "Feature", "properties": { "Row": 5, "Col": 3, "Label": "LD21-7234", "X_start": 136.32, "Y_start": 220.0, "X_stop": 143.16, "Y_stop": 228.0, "BlockNum": 12, "Block": "B12", "PlotID": "B12_R5_C3", "Design": 2, "HarvestEW": 2, "HarvestNS": 3, "FieldPosition": "E02_N03", "Date/Time": "10/22/2025 10:22:05 AM", "Range": 3, "Row_Harvest": 3, "Weight (kg)": 0.4, "Quick Note": null, "Harvest Sequence": 52, "HarvestSource": "main", "HarvestDirection": "S_to_N", "Weight_kg_raw": 0.4, "HarvestIssue": false, "Weight_kg_analysis": 0.4, "HarvestDateTime": "2025-10-22T10:22:05", "Area_m2": 5.083654349550236 }, "geometry": { "type": "Polygon", "coordinates": [ [ [ 397107.579429064004216, 4435572.433654807507992 ], [ 397105.494597063981928, 4435572.433654807507992 ], [ 397105.494597063981928, 4435569.995254807174206 ], [ 397107.579429064004216, 4435569.995254807174206 ], [ 397107.579429064004216, 4435572.433654807507992 ] ] ] } },
{ "type": "Feature", "properties": { "Row": 5, "Col": 4, "Label": "AG29XF4", "X_start": 143.16, "Y_start": 220.0, "X_stop": 150.0, "Y_stop": 228.0, "BlockNum": 12, "Block": "B12", "PlotID": "B12_R5_C4", "Design": 2, "HarvestEW": 1, "HarvestNS": 3, "FieldPosition": "E01_N03", "Date/Time": "10/22/2025 10:18:11 AM", "Range": 3, "Row_Harvest": 2, "Weight (kg)": 0.845, "Quick Note": null, "Harvest Sequence": 47, "HarvestSource": "main", "HarvestDirection": "N_to_S", "Weight_kg_raw": 0.845, "HarvestIssue": false, "Weight_kg_analysis": 0.845, "HarvestDateTime": "2025-10-22T10:18:11", "Area_m2": 5.0836543494083024 }, "geometry": { "type": "Polygon", "coordinates": [ [ [ 397105.494597063981928, 4435572.433654807507992 ], [ 397103.409765064017847, 4435572.433654807507992 ], [ 397103.409765064017847, 4435569.995254807174206 ], [ 397105.494597063981928, 4435569.995254807174206 ], [ 397105.494597063981928, 4435572.433654807507992 ] ] ] } },
{ "type": "Feature", "properties": { "Row": 6, "Col": 0, "Label": "LD20-5738", "X_start": 115.81, "Y_start": 230.0, "X_stop": 122.65, "Y_stop": 238.0, "BlockNum": 12, "Block": "B12", "PlotID": "B12_R6_C0", "Design": 2, "HarvestEW": 5, "HarvestNS": 2, "FieldPosition": "E05_N02", "Date/Time": "10/22/2025 11:11:11 AM", "Range": 2, "Row_Harvest": 6, "Weight (kg)": 0.355, "Quick Note": null, "Harvest Sequence": 144, "HarvestSource": "main", "HarvestDirection": "N_to_S", "Weight_kg_raw": 0.355, "HarvestIssue": false, "Weight_kg_analysis": 0.355, "HarvestDateTime": "2025-10-22T11:11:11", "Area_m2": 5.0836543474666511 }, "geometry": { "type": "Polygon", "coordinates": [ [ [ 397113.830877063970547, 4435569.385654807090759 ], [ 397111.746045064006466, 4435569.385654807090759 ], [ 397111.746045064006466, 4435566.947254807688296 ], [ 397113.830877063970547, 4435566.947254807688296 ], [ 397113.830877063970547, 4435569.385654807090759 ] ] ] } },
{ "type": "Feature", "properties": { "Row": 6, "Col": 1, "Label": "AG29XF5", "X_start": 122.65, "Y_start": 230.0, "X_stop": 129.49, "Y_stop": 238.0, "BlockNum": 12, "Block": "B12", "PlotID": "B12_R6_C1", "Design": 2, "HarvestEW": 4, "HarvestNS": 2, "FieldPosition": "E04_N02", "Date/Time": "10/22/2025 10:48:54 AM", "Range": 2, "Row_Harvest": 5, "Weight (kg)": 0.535, "Quick Note": null, "Harvest Sequence": 99, "HarvestSource": "main", "HarvestDirection": "S_to_N", "Weight_kg_raw": 0.535, "HarvestIssue": false, "Weight_kg_analysis": 0.535, "HarvestDateTime": "2025-10-22T10:48:54", "Area_m2": 5.0836543476085847 }, "geometry": { "type": "Polygon", "coordinates": [ [ [ 397111.746045064006466, 4435569.385654807090759 ], [ 397109.661213063984178, 4435569.385654807090759 ], [ 397109.661213063984178, 4435566.947254807688296 ], [ 397111.746045064006466, 4435566.947254807688296 ], [ 397111.746045064006466, 4435569.385654807090759 ] ] ] } },
{ "type": "Feature", "properties": { "Row": 6, "Col": 2, "Label": "LD21-5253", "X_start": 129.49, "Y_start": 230.0, "X_stop": 136.33, "Y_stop": 238.0, "BlockNum": 12, "Block": "B12", "PlotID": "B12_R6_C2", "Design": 2, "HarvestEW": 3, "HarvestNS": 2, "FieldPosition": "E03_N02", "Date/Time": "10/22/2025 10:46:12 AM", "Range": 2, "Row_Harvest": 4, "Weight (kg)": 1.01, "Quick Note": null, "Harvest Sequence": 96, "HarvestSource": "main", "HarvestDirection": "N_to_S", "Weight_kg_raw": 1.01, "HarvestIssue": false, "Weight_kg_analysis": 1.01, "HarvestDateTime": "2025-10-22T10:46:12", "Area_m2": 5.0836543476085847 }, "geometry": { "type": "Polygon", "coordinates": [ [ [ 397109.661213063984178, 4435569.385654807090759 ], [ 397107.57638106396189, 4435569.385654807090759 ], [ 397107.57638106396189, 4435566.947254807688296 ], [ 397109.661213063984178, 4435566.947254807688296 ], [ 397109.661213063984178, 4435569.385654807090759 ] ] ] } },
{ "type": "Feature", "properties": { "Row": 6, "Col": 3, "Label": "AG29XF5", "X_start": 136.32, "Y_start": 230.0, "X_stop": 143.16, "Y_stop": 238.0, "BlockNum": 12, "Block": "B12", "PlotID": "B12_R6_C3", "Design": 2, "HarvestEW": 2, "HarvestNS": 2, "FieldPosition": "E02_N02", "Date/Time": "10/22/2025 10:21:37 AM", "Range": 2, "Row_Harvest": 3, "Weight (kg)": 0.745, "Quick Note": null, "Harvest Sequence": 51, "HarvestSource": "main", "HarvestDirection": "S_to_N", "Weight_kg_raw": 0.745, "HarvestIssue": false, "Weight_kg_analysis": 0.745, "HarvestDateTime": "2025-10-22T10:21:37", "Area_m2": 5.0836543476085847 }, "geometry": { "type": "Polygon", "coordinates": [ [ [ 397107.579429064004216, 4435569.385654807090759 ], [ 397105.494597063981928, 4435569.385654807090759 ], [ 397105.494597063981928, 4435566.947254807688296 ], [ 397107.579429064004216, 4435566.947254807688296 ], [ 397107.579429064004216, 4435569.385654807090759 ] ] ] } },
{ "type": "Feature", "properties": { "Row": 6, "Col": 4, "Label": "LD11-2170", "X_start": 143.16, "Y_start": 230.0, "X_stop": 150.0, "Y_stop": 238.0, "BlockNum": 12, "Block": "B12", "PlotID": "B12_R6_C4", "Design": 2, "HarvestEW": 1, "HarvestNS": 2, "FieldPosition": "E01_N02", "Date/Time": "10/22/2025 10:18:54 AM", "Range": 2, "Row_Harvest": 2, "Weight (kg)": 0.875, "Quick Note": null, "Harvest Sequence": 48, "HarvestSource": "main", "HarvestDirection": "N_to_S", "Weight_kg_raw": 0.875, "HarvestIssue": false, "Weight_kg_analysis": 0.875, "HarvestDateTime": "2025-10-22T10:18:54", "Area_m2": 5.0836543474666511 }, "geometry": { "type": "Polygon", "coordinates": [ [ [ 397105.494597063981928, 4435569.385654807090759 ], [ 397103.409765064017847, 4435569.385654807090759 ], [ 397103.409765064017847, 4435566.947254807688296 ], [ 397105.494597063981928, 4435566.947254807688296 ], [ 397105.494597063981928, 4435569.385654807090759 ] ] ] } },
{ "type": "Feature", "properties": { "Row": 7, "Col": 0, "Label": "AG29XF4", "X_start": 115.81, "Y_start": 240.0, "X_stop": 122.65, "Y_stop": 248.0, "BlockNum": 12, "Block": "B12", "PlotID": "B12_R7_C0", "Design": 2, "HarvestEW": 5, "HarvestNS": 1, "FieldPosition": "E05_N01", "Date/Time": "10/22/2025 11:11:56 AM", "Range": 1, "Row_Harvest": 6, "Weight (kg)": 1.08, "Quick Note": null, "Harvest Sequence": 145, "HarvestSource": "main", "HarvestDirection": "N_to_S", "Weight_kg_raw": 1.08, "HarvestIssue": false, "Weight_kg_analysis": 1.08, "HarvestDateTime": "2025-10-22T11:11:56", "Area_m2": 5.0836543494083024 }, "geometry": { "type": "Polygon", "coordinates": [ [ [ 397113.830877063970547, 4435566.337654807604849 ], [ 397111.746045064006466, 4435566.337654807604849 ], [ 397111.746045064006466, 4435563.899254807271063 ], [ 397113.830877063970547, 4435563.899254807271063 ], [ 397113.830877063970547, 4435566.337654807604849 ] ] ] } },
{ "type": "Feature", "properties": { "Row": 7, "Col": 1, "Label": "LD20-4542", "X_start": 122.65, "Y_start": 240.0, "X_stop": 129.49, "Y_stop": 248.0, "BlockNum": 12, "Block": "B12", "PlotID": "B12_R7_C1", "Design": 2, "HarvestEW": 4, "HarvestNS": 1, "FieldPosition": "E04_N01", "Date/Time": "10/22/2025 10:48:26 AM", "Range": 1, "Row_Harvest": 5, "Weight (kg)": 0.435, "Quick Note": null, "Harvest Sequence": 98, "HarvestSource": "main", "HarvestDirection": "S_to_N", "Weight_kg_raw": 0.435, "HarvestIssue": false, "Weight_kg_analysis": 0.435, "HarvestDateTime": "2025-10-22T10:48:26", "Area_m2": 5.083654349550236 }, "geometry": { "type": "Polygon", "coordinates": [ [ [ 397111.746045064006466, 4435566.337654807604849 ], [ 397109.661213063984178, 4435566.337654807604849 ], [ 397109.661213063984178, 4435563.899254807271063 ], [ 397111.746045064006466, 4435563.899254807271063 ], [ 397111.746045064006466, 4435566.337654807604849 ] ] ] } },
{ "type": "Feature", "properties": { "Row": 7, "Col": 2, "Label": "AG29XF4", "X_start": 129.49, "Y_start": 240.0, "X_stop": 136.33, "Y_stop": 248.0, "BlockNum": 12, "Block": "B12", "PlotID": "B12_R7_C2", "Design": 2, "HarvestEW": 3, "HarvestNS": 1, "FieldPosition": "E03_N01", "Date/Time": "10/22/2025 10:46:40 AM", "Range": 1, "Row_Harvest": 4, "Weight (kg)": 1.27, "Quick Note": null, "Harvest Sequence": 97, "HarvestSource": "main", "HarvestDirection": "N_to_S", "Weight_kg_raw": 1.27, "HarvestIssue": false, "Weight_kg_analysis": 1.27, "HarvestDateTime": "2025-10-22T10:46:40", "Area_m2": 5.083654349550236 }, "geometry": { "type": "Polygon", "coordinates": [ [ [ 397109.661213063984178, 4435566.337654807604849 ], [ 397107.57638106396189, 4435566.337654807604849 ], [ 397107.57638106396189, 4435563.899254807271063 ], [ 397109.661213063984178, 4435563.899254807271063 ], [ 397109.661213063984178, 4435566.337654807604849 ] ] ] } },
{ "type": "Feature", "properties": { "Row": 7, "Col": 3, "Label": "LD20-4471", "X_start": 136.32, "Y_start": 240.0, "X_stop": 143.16, "Y_stop": 248.0, "BlockNum": 12, "Block": "B12", "PlotID": "B12_R7_C3", "Design": 2, "HarvestEW": 2, "HarvestNS": 1, "FieldPosition": "E02_N01", "Date/Time": "10/22/2025 10:20:58 AM", "Range": 1, "Row_Harvest": 3, "Weight (kg)": 0.115, "Quick Note": null, "Harvest Sequence": 50, "HarvestSource": "main", "HarvestDirection": "S_to_N", "Weight_kg_raw": 0.115, "HarvestIssue": false, "Weight_kg_analysis": 0.115, "HarvestDateTime": "2025-10-22T10:20:58", "Area_m2": 5.083654349550236 }, "geometry": { "type": "Polygon", "coordinates": [ [ [ 397107.579429064004216, 4435566.337654807604849 ], [ 397105.494597063981928, 4435566.337654807604849 ], [ 397105.494597063981928, 4435563.899254807271063 ], [ 397107.579429064004216, 4435563.899254807271063 ], [ 397107.579429064004216, 4435566.337654807604849 ] ] ] } },
{ "type": "Feature", "properties": { "Row": 7, "Col": 4, "Label": "AG29XF5", "X_start": 143.16, "Y_start": 240.0, "X_stop": 150.0, "Y_stop": 248.0, "BlockNum": 12, "Block": "B12", "PlotID": "B12_R7_C4", "Design": 2, "HarvestEW": 1, "HarvestNS": 1, "FieldPosition": "E01_N01", "Date/Time": "10/22/2025 10:19:36 AM", "Range": 1, "Row_Harvest": 2, "Weight (kg)": 1.775, "Quick Note": null, "Harvest Sequence": 49, "HarvestSource": "main", "HarvestDirection": "N_to_S", "Weight_kg_raw": 1.775, "HarvestIssue": false, "Weight_kg_analysis": 1.775, "HarvestDateTime": "2025-10-22T10:19:36", "Area_m2": 5.0836543494083024 }, "geometry": { "type": "Polygon", "coordinates": [ [ [ 397105.494597063981928, 4435566.337654807604849 ], [ 397103.409765064017847, 4435566.337654807604849 ], [ 397103.409765064017847, 4435563.899254807271063 ], [ 397105.494597063981928, 4435563.899254807271063 ], [ 397105.494597063981928, 4435566.337654807604849 ] ] ] } }
]
}
