Row,Col,Label,X_start,Y_start,X_stop,Y_stop,Block,BlockNum,PlotID,Design,HarvestEW,HarvestNS,FieldPosition,Date/Time,Range,Row_Harvest,Weight (kg),Quick Note,Harvest Sequence,HarvestSource,HarvestDirection,HarvestIssue,Weight_kg_raw,Weight_kg_analysis,HarvestDateTime,Area_m2,PlantCount,VegetationFraction,ExGThreshold,ValidPixels,VegetationPixels,Plants_per_m2
0,0,AG34XF6,9.5,10.0,16.34,18.0,B1,1,B1_R0_C0,1,20,24,E20_N24,10/23/2025 10:00:29 AM,24,1,0.595,,24,west_last_pass,S_to_N,False,0.595,0.595,2025-10-23 10:00:29,3.981443422083552,11,0.48548907201719815,0.00416666641831398,2791,1355,2.7628171077321317
0,1,LG3216,16.34,10.0,23.18,18.0,B1,1,B1_R0_C1,1,19,24,E19_N24,10/22/2025 3:42:07 PM,24,20,0.445,,458,main,N_to_S,False,0.445,0.445,2025-10-22 15:42:07,3.981443422083552,7,0.20115565185987722,0.023820482194423676,2769,557,1.7581563412840837
0,2,AG35XF5,23.17,10.0,30.01,18.0,B1,1,B1_R0_C2,1,18,24,E18_N24,10/22/2025 3:40:46 PM,24,19,0.925,,457,main,S_to_N,False,0.925,0.925,2025-10-22 15:40:46,3.9814434203796445,14,0.2855603448275862,0.0076210275292396545,2784,795,3.5163126840730166
0,3,LG3216,30.01,10.0,36.85,18.0,B1,1,B1_R0_C3,1,17,24,E17_N24,10/22/2025 3:19:37 PM,24,18,0.105,,410,main,N_to_S,False,0.105,0.105,2025-10-22 15:19:37,3.9814434203796445,1,0.08117816091954023,0.03498008847236633,2784,226,0.2511651917195012
0,4,AG36XF4,36.85,10.0,43.69,18.0,B1,1,B1_R0_C4,1,16,24,E16_N24,10/22/2025 3:18:21 PM,24,17,0.38,,409,main,S_to_N,False,0.38,0.38,2025-10-22 15:18:21,3.9814434203796445,8,0.5377632534495279,0.007689936086535454,2754,1481,2.0093215337560095
1,0,LG3216,9.5,20.0,16.34,28.0,B1,1,B1_R1_C0,1,20,23,E20_N23,10/23/2025 10:00:01 AM,23,1,1.06,,23,west_last_pass,S_to_N,False,1.06,1.06,2025-10-23 10:00:01,3.981443422147211,18,0.42592592592592593,0.007827799767255783,2754,1173,4.52097344894393
1,1,AG29XF5,16.34,20.0,23.18,28.0,B1,1,B1_R1_C1,1,19,23,E19_N23,10/22/2025 3:42:33 PM,23,20,0.72,,459,main,N_to_S,False,0.72,0.72,2025-10-22 15:42:33,3.981443422083552,16,0.4188218390804598,0.003967519849538803,2784,1166,4.018643065792191
1,2,LG3216,23.17,20.0,30.01,28.0,B1,1,B1_R1_C2,1,18,23,E18_N23,10/22/2025 3:40:23 PM,23,19,1.275,,456,main,S_to_N,False,1.275,1.275,2025-10-22 15:40:23,3.981443422084209,14,0.45026929982046676,0.0036228764802217484,2785,1254,3.5163126825675874
1,3,AG29XF4,30.01,20.0,36.85,28.0,B1,1,B1_R1_C3,1,17,23,E17_N23,10/22/2025 3:20:01 PM,23,18,0.475,,411,main,N_to_S,False,0.475,0.475,2025-10-22 15:20:01,3.9814434213061927,18,0.5021739130434782,0.003768395632505417,2760,1386,4.520973449898916
1,4,LG3216,36.85,20.0,43.69,28.0,B1,1,B1_R1_C4,1,16,23,E16_N23,10/22/2025 3:17:55 PM,23,17,0.25,,408,main,S_to_N,False,0.25,0.25,2025-10-22 15:17:55,3.9814434203796445,12,0.40987124463519314,-0.003638181835412979,2796,1146,3.0139823006340145
2,0,AG40XFF5,9.5,30.0,16.34,38.0,B1,1,B1_R2_C0,1,20,22,E20_N22,10/23/2025 9:59:32 AM,22,1,0.9,,22,west_last_pass,S_to_N,False,0.9,0.9,2025-10-23 09:59:32,3.981443422083552,18,0.4409335727109515,0.011565573513507843,2785,1228,4.520973449016215
2,1,LG3216,16.34,30.0,23.18,38.0,B1,1,B1_R2_C1,1,19,22,E19_N22,10/22/2025 3:43:04 PM,22,20,0.605,,460,main,N_to_S,False,0.605,0.605,2025-10-22 15:43:04,3.981443422083552,12,0.38458781362007166,0.007881434634327888,2790,1073,3.0139822993441436
2,2,AG38XF6,23.17,30.0,30.01,38.0,B1,1,B1_R2_C2,1,18,22,E18_N22,10/22/2025 3:39:58 PM,22,19,1.295,,455,main,S_to_N,False,1.295,1.295,2025-10-22 15:39:58,3.981443422083552,9,0.44187725631768954,0.008088234812021255,2770,1224,2.2604867245081075
2,3,LG3216,30.01,30.0,36.85,38.0,B1,1,B1_R2_C3,1,17,22,E17_N22,10/22/2025 3:20:28 PM,22,18,1.07,,412,main,N_to_S,False,1.07,1.07,2025-10-22 15:20:28,3.981443422083552,16,0.47945694891032514,0.003684110939502716,2799,1342,4.018643065792191
2,4,AG36XF4,36.85,30.0,43.69,38.0,B1,1,B1_R2_C4,1,16,22,E16_N22,10/22/2025 3:17:28 PM,22,17,0.075,,407,main,S_to_N,False,0.075,0.075,2025-10-22 15:17:28,3.981443422083552,12,0.3143979992854591,0.015548419207334518,2799,880,3.0139822993441436
3,0,LG3216,9.5,40.0,16.34,48.0,B1,1,B1_R3_C0,1,20,21,E20_N21,10/23/2025 9:59:05 AM,21,1,0.51,,21,west_last_pass,S_to_N,False,0.51,0.51,2025-10-23 09:59:05,3.9814434203796445,8,0.5669882100750268,0.00782782956957817,2799,1587,2.0093215337560095
3,1,AG38XF6,16.34,40.0,23.18,48.0,B1,1,B1_R3_C1,1,19,21,E19_N21,10/22/2025 3:43:32 PM,21,20,0.685,,461,main,N_to_S,False,0.685,0.685,2025-10-22 15:43:32,3.9814434203796445,12,0.5487585462396546,0.0036917924880981445,2779,1525,3.0139823006340145
3,2,LG3216,23.17,40.0,30.01,48.0,B1,1,B1_R3_C2,1,18,21,E18_N21,10/22/2025 3:39:29 PM,21,19,1.0,,454,main,S_to_N,False,1.0,1.0,2025-10-22 15:39:29,3.981443422083552,6,0.2895019706198495,0.008118886500597,2791,808,1.5069911496720718
3,3,AG29XF5,30.01,40.0,36.85,48.0,B1,1,B1_R3_C3,1,17,21,E17_N21,10/22/2025 3:20:56 PM,21,18,1.025,,413,main,N_to_S,False,1.025,1.025,2025-10-22 15:20:56,3.981443422083552,13,0.5076813147552698,0.0038220062851905823,2799,1421,3.2651474909561555
3,4,LG3216,36.85,40.0,43.69,48.0,B1,1,B1_R3_C4,1,16,21,E16_N21,10/22/2025 3:17:06 PM,21,17,0.23,,406,main,S_to_N,False,0.23,0.23,2025-10-22 15:17:06,3.981443422083552,14,0.5380200860832137,0.0038832705467939377,2788,1500,3.5163126825681674
4,0,AG29XF4,9.5,50.0,16.34,58.0,B1,1,B1_R4_C0,1,20,20,E20_N20,10/23/2025 9:58:37 AM,20,1,0.8,,20,west_last_pass,S_to_N,False,0.8,0.8,2025-10-23 09:58:37,3.9814434203796445,14,0.33393113342898134,0.004151340574026108,2788,931,3.5163126840730166
4,1,LG3216,16.34,50.0,23.18,58.0,B1,1,B1_R4_C1,1,19,20,E19_N20,10/22/2025 3:43:53 PM,20,20,0.455,,462,main,N_to_S,False,0.455,0.455,2025-10-22 15:43:53,3.981443420443304,11,0.32422717469446444,0.008049927651882172,2782,902,2.7628171088703386
4,2,AG34XF6,23.17,50.0,30.01,58.0,B1,1,B1_R4_C2,1,18,20,E18_N20,10/22/2025 3:39:05 PM,20,19,1.33,,453,main,S_to_N,False,1.33,1.33,2025-10-22 15:39:05,3.981443422083552,12,0.35834226509467665,0.007904421538114548,2799,1003,3.0139822993441436
4,3,LG3216,30.01,50.0,36.85,58.0,B1,1,B1_R4_C3,1,17,20,E17_N20,10/22/2025 3:21:19 PM,20,18,0.99,,414,main,N_to_S,False,0.99,0.99,2025-10-22 15:21:19,3.9814434221472115,17,0.44404719342152305,0.007804855704307556,2797,1242,4.269808257335933
4,4,AG40XFF5,36.85,50.0,43.69,58.0,B1,1,B1_R4_C4,1,16,20,E16_N20,10/22/2025 3:16:43 PM,20,17,0.505,,405,main,S_to_N,False,0.505,0.505,2025-10-22 15:16:43,3.981443422147211,15,0.4667630057803468,0.007705286145210266,2768,1292,3.7674778741199417
5,0,LG3216,9.5,60.0,16.34,68.0,B1,1,B1_R5_C0,1,20,19,E20_N19,10/23/2025 9:58:09 AM,19,1,0.7,,19,west_last_pass,S_to_N,False,0.7,0.7,2025-10-23 09:58:09,3.981443422083552,12,0.46231518211323475,0.011994484812021255,2773,1282,3.0139822993441436
5,1,AG35XF5,16.34,60.0,23.18,68.0,B1,1,B1_R5_C1,1,19,19,E19_N19,10/22/2025 3:44:20 PM,19,20,0.545,,463,main,N_to_S,False,0.545,0.545,2025-10-22 15:44:20,3.981443421242533,15,0.3236870310825295,0.012040454894304276,2799,906,3.767477874976002
5,2,LG3216,23.17,60.0,30.01,68.0,B1,1,B1_R5_C2,1,18,19,E18_N19,10/22/2025 3:38:37 PM,19,19,1.6,,452,main,S_to_N,False,1.6,1.6,2025-10-22 15:38:37,3.981443422083552,10,0.46736011477761835,0.011711101979017258,2788,1303,2.5116519161201194
5,3,AG36XF4,30.01,60.0,36.85,68.0,B1,1,B1_R5_C3,1,17,19,E17_N19,10/22/2025 3:21:42 PM,19,18,0.585,,415,main,N_to_S,False,0.585,0.585,2025-10-22 15:21:42,3.981443422083552,10,0.4625998547567175,0.003852628171443939,2754,1274,2.5116519161201194
5,4,LG3216,36.85,60.0,43.69,68.0,B1,1,B1_R5_C4,1,16,19,E16_N19,10/22/2025 3:16:20 PM,19,17,0.575,,404,main,S_to_N,False,0.575,0.575,2025-10-22 15:16:20,3.981443422083552,10,0.6540948275862069,0.007766537368297577,2784,1821,2.5116519161201194
6,0,AG35XF5,9.5,70.0,16.34,78.0,B1,1,B1_R6_C0,1,20,18,E20_N18,10/23/2025 9:57:41 AM,18,1,0.72,,18,west_last_pass,S_to_N,False,0.72,0.72,2025-10-23 09:57:41,3.981443422083552,11,0.44296987087517936,0.01567096635699272,2788,1235,2.7628171077321317
6,1,LG3216,16.34,70.0,23.18,78.0,B1,1,B1_R6_C1,1,19,18,E19_N18,10/22/2025 3:44:40 PM,18,20,0.165,,464,main,N_to_S,False,0.165,0.165,2025-10-22 15:44:40,3.981443422083552,11,0.3793103448275862,0.015540752559900284,2784,1056,2.7628171077321317
6,2,AG34XF6,23.17,70.0,30.01,78.0,B1,1,B1_R6_C2,1,18,18,E18_N18,10/22/2025 3:38:13 PM,18,19,0.85,,451,main,S_to_N,False,0.85,0.85,2025-10-22 15:38:13,3.981443422147211,10,0.46804647785039943,0.007689956575632095,2754,1289,2.5116519160799613
6,3,LG3216,30.01,70.0,36.85,78.0,B1,1,B1_R6_C3,1,17,18,E17_N18,10/22/2025 3:22:07 PM,18,18,0.665,,416,main,N_to_S,False,0.665,0.665,2025-10-22 15:22:07,3.981443422083552,11,0.3229166666666667,0.01223193109035492,2784,899,2.7628171077321317
6,4,AG29XF5,36.85,70.0,43.69,78.0,B1,1,B1_R6_C4,1,16,18,E16_N18,10/22/2025 3:15:55 PM,18,17,0.76,,403,main,S_to_N,False,0.76,0.76,2025-10-22 15:15:55,3.981443422083552,4,0.1603299856527977,0.05885416641831398,2788,447,1.0046607664480478
7,0,LG3216,9.5,80.0,16.34,88.0,B1,1,B1_R7_C0,1,20,17,E20_N17,10/23/2025 9:57:11 AM,17,1,0.675,,17,west_last_pass,S_to_N,False,0.675,0.675,2025-10-23 09:57:11,3.981443422083552,13,0.36386494252873564,0.011488951742649078,2784,1013,3.2651474909561555
7,1,AG40XFF5,16.34,80.0,23.18,88.0,B1,1,B1_R7_C1,1,19,17,E19_N17,10/22/2025 3:45:05 PM,17,20,0.455,,465,main,N_to_S,False,0.455,0.455,2025-10-22 15:45:05,3.981443422083552,19,0.5806451612903226,-0.00015318766236305237,2759,1602,4.772138640628227
7,2,LG3216,23.17,80.0,30.01,88.0,B1,1,B1_R7_C2,1,18,17,E18_N17,10/22/2025 3:37:49 PM,17,19,1.145,,450,main,S_to_N,False,1.145,1.145,2025-10-22 15:37:49,3.9814434203796445,9,0.4165472779369627,0.0002068113535642624,2792,1163,2.2604867254755105
7,3,AG38XF6,30.01,80.0,36.85,88.0,B1,1,B1_R7_C3,1,17,17,E17_N17,10/22/2025 3:22:30 PM,17,18,1.095,,417,main,N_to_S,False,1.095,1.095,2025-10-22 15:22:30,3.9814434203796445,10,0.3626295105394784,0.011450663208961487,2799,1015,2.511651917195012
7,4,LG3216,36.85,80.0,43.69,88.0,B1,1,B1_R7_C4,1,16,17,E16_N17,10/22/2025 3:15:33 PM,17,17,1.05,,402,main,S_to_N,False,1.05,1.05,2025-10-22 15:15:33,3.981443421242533,12,0.45849802371541504,0.011649811640381813,2783,1276,3.0139822999808015
0,0,LD20-4542,44.94,10.0,51.78,18.0,B2,2,B2_R0_C0,2,15,24,E15_N24,10/22/2025 2:36:18 PM,24,16,1.085,,362,main,N_to_S,False,1.085,1.085,2025-10-22 14:36:18,3.981443422083552,13,0.5213032581453634,0.0075903721153736115,2793,1456,3.2651474909561555
0,1,AG29XF5,51.77,10.0,58.61,18.0,B2,2,B2_R0_C1,2,14,24,E14_N24,10/22/2025 2:34:47 PM,24,15,0.48,,361,main,S_to_N,False,0.48,0.48,2025-10-22 14:34:47,3.981443422083552,12,0.5344827586206896,0.007751224562525749,2784,1488,3.0139822993441436
0,2,LD11-2170,58.61,10.0,65.45,18.0,B2,2,B2_R0_C2,2,13,24,E13_N24,10/22/2025 2:13:44 PM,24,14,0.57,,314,main,N_to_S,False,0.57,0.57,2025-10-22 14:13:44,3.981443422083552,9,0.4059549745824256,0.015533097088336945,2754,1118,2.2604867245081075
0,3,AG29XF4,65.45,10.0,72.29,18.0,B2,2,B2_R0_C3,2,12,24,E12_N24,10/22/2025 2:12:23 PM,24,13,0.66,,313,main,S_to_N,False,0.66,0.66,2025-10-22 14:12:23,3.981443422083552,14,0.4561781609195402,0.008019302040338516,2784,1270,3.5163126825681674
0,4,LD20-4471,72.29,10.0,79.13,18.0,B2,2,B2_R0_C4,2,11,24,E11_N24,10/22/2025 1:50:47 PM,24,12,0.74,,266,main,N_to_S,False,0.74,0.74,2025-10-22 13:50:47,3.981443422083552,6,0.509698275862069,0.015571366995573044,2784,1419,1.5069911496720718
1,0,AG29XF4,44.94,20.0,51.78,28.0,B2,2,B2_R1_C0,2,15,23,E15_N23,10/22/2025 2:36:47 PM,23,16,1.72,,363,main,N_to_S,False,1.72,1.72,2025-10-22 14:36:47,3.9814434204433042,10,0.35811781609195403,0.004212636500597,2784,997,2.511651917154853
1,1,LD20-5413,51.77,20.0,58.61,28.0,B2,2,B2_R1_C1,2,14,23,E14_N23,10/22/2025 2:34:21 PM,23,15,0.815,,360,main,S_to_N,False,0.815,0.815,2025-10-22 14:34:21,3.9814434221472115,12,0.4455337690631808,0.01155025139451027,2754,1227,3.013982299295953
1,2,AG29XF5,58.61,20.0,65.45,28.0,B2,2,B2_R1_C2,2,13,23,E13_N23,10/22/2025 2:14:04 PM,23,14,0.47,,315,main,N_to_S,False,0.47,0.47,2025-10-22 14:14:04,3.981443422147211,4,0.8082437275985663,-0.0001225508749485016,2790,2255,1.0046607664319844
1,3,LD22-4283,65.45,20.0,72.29,28.0,B2,2,B2_R1_C3,2,12,23,E12_N23,10/22/2025 2:12:01 PM,23,13,0.84,,312,main,S_to_N,False,0.84,0.84,2025-10-22 14:12:01,3.981443422083552,16,0.44150268336314846,0.00786612555384636,2795,1234,4.018643065792191
1,4,AG29XF5,72.29,20.0,79.13,28.0,B2,2,B2_R1_C4,2,11,23,E11_N23,10/22/2025 1:51:15 PM,23,12,1.775,,267,main,N_to_S,False,1.775,1.775,2025-10-22 13:51:15,3.981443422083552,1,0.16028880866425993,0.08291976153850555,2770,444,0.25116519161201195
2,0,LD20-5738,44.94,30.0,51.78,38.0,B2,2,B2_R2_C0,2,15,22,E15_N22,10/22/2025 2:37:15 PM,22,16,1.135,,364,main,N_to_S,False,1.135,1.135,2025-10-22 14:37:15,3.9814434203796445,9,0.29384057971014493,0.00811886414885521,2760,811,2.2604867254755105
2,1,AG29XF4,51.77,30.0,58.61,38.0,B2,2,B2_R2_C1,2,14,22,E14_N22,10/22/2025 2:33:52 PM,22,15,0.43,,359,main,S_to_N,False,0.43,0.43,2025-10-22 14:33:52,3.981443422083552,17,0.4533762057877814,0.007942715659737587,2799,1269,4.269808257404203
2,2,LD21-5253,58.61,30.0,65.45,38.0,B2,2,B2_R2_C2,2,13,22,E13_N22,10/22/2025 2:14:27 PM,22,14,0.66,,316,main,N_to_S,False,0.66,0.66,2025-10-22 14:14:27,3.981443422083552,11,0.3858520900321543,0.01989123225212097,2799,1080,2.7628171077321317
2,3,AG29XF4,65.45,30.0,72.29,38.0,B2,2,B2_R2_C3,2,12,22,E12_N22,10/22/2025 2:11:35 PM,22,13,1.195,,311,main,S_to_N,False,1.195,1.195,2025-10-22 14:11:35,3.981443422083552,12,0.5199712126664268,0.0115961953997612,2779,1445,3.0139822993441436
2,4,LD20-4988,72.29,30.0,79.13,38.0,B2,2,B2_R2_C4,2,11,22,E11_N22,10/22/2025 1:51:43 PM,22,12,1.155,,268,main,N_to_S,False,1.155,1.155,2025-10-22 13:51:43,3.981443422083552,12,0.3858831959871014,0.011818310245871544,2791,1077,3.0139822993441436
3,0,AG29XF5,44.94,40.0,51.78,48.0,B2,2,B2_R3_C0,2,15,21,E15_N21,10/22/2025 2:37:44 PM,21,16,2.28,,365,main,N_to_S,False,2.28,2.28,2025-10-22 14:37:44,3.981443422083552,15,0.5922608384091723,0.0037837065756320953,2791,1653,3.7674778741801793
3,1,LD21-7234,51.77,40.0,58.61,48.0,B2,2,B2_R3_C1,2,14,21,E14_N21,10/22/2025 2:33:27 PM,21,15,1.01,,358,main,S_to_N,False,1.01,1.01,2025-10-22 14:33:27,3.981443422083552,11,0.5401929260450161,0.011611517518758774,2799,1512,2.7628171077321317
3,2,AG29XF4,58.61,40.0,65.45,48.0,B2,2,B2_R3_C2,2,13,21,E13_N21,10/22/2025 2:14:50 PM,21,14,0.85,,317,main,N_to_S,False,0.85,0.85,2025-10-22 14:14:50,3.981443422083552,15,0.5670731707317073,0.011749353259801865,2788,1581,3.7674778741801793
3,3,LD20-4471,65.45,40.0,72.29,48.0,B2,2,B2_R3_C3,2,12,21,E12_N21,10/22/2025 2:11:09 PM,21,13,1.08,,310,main,S_to_N,False,1.08,1.08,2025-10-22 14:11:09,3.981443422083552,11,0.400431344356578,0.019523583352565765,2782,1114,2.7628171077321317
3,4,AG29XF5,72.29,40.0,79.13,48.0,B2,2,B2_R3_C4,2,11,21,E11_N21,10/22/2025 1:52:13 PM,21,12,1.345,,269,main,N_to_S,False,1.345,1.345,2025-10-22 13:52:13,3.981443422083552,11,0.3115398356555913,0.016023296862840652,2799,872,2.7628171077321317
4,0,LD11-2170,44.94,50.0,51.78,58.0,B2,2,B2_R4_C0,2,15,20,E15_N20,10/22/2025 2:38:11 PM,20,16,1.415,,366,main,N_to_S,False,1.415,1.415,2025-10-22 14:38:11,3.981443422083552,11,0.5262593783494105,0.01152726635336876,2799,1473,2.7628171077321317
4,1,AG29XF5,51.77,50.0,58.61,58.0,B2,2,B2_R4_C1,2,14,20,E14_N20,10/22/2025 2:33:03 PM,20,15,0.935,,357,main,S_to_N,False,0.935,0.935,2025-10-22 14:33:03,3.981443421242533,18,0.5005362888809438,0.007958035916090012,2797,1400,4.520973449971202
4,2,LD20-5738,58.61,50.0,65.45,58.0,B2,2,B2_R4_C2,2,13,20,E13_N20,10/22/2025 2:15:20 PM,20,14,1.125,,318,main,N_to_S,False,1.125,1.125,2025-10-22 14:15:20,3.981443422083552,11,0.3840605842048323,0.011833636090159416,2773,1065,2.7628171077321317
4,3,AG29XF4,65.45,50.0,72.29,58.0,B2,2,B2_R4_C3,2,12,20,E12_N20,10/22/2025 2:10:41 PM,20,13,1.045,,309,main,S_to_N,False,1.045,1.045,2025-10-22 14:10:41,3.9814434221472115,11,0.5105545617173524,0.0076669566333293915,2795,1427,2.762817107687957
4,4,LD20-4542,72.29,50.0,79.13,58.0,B2,2,B2_R4_C4,2,11,20,E11_N20,10/22/2025 1:52:39 PM,20,12,1.11,,270,main,N_to_S,False,1.11,1.11,2025-10-22 13:52:39,3.981443422147211,1,0.03118279569892473,0.07421875,2790,87,0.2511651916079961
5,0,AG29XF4,44.94,60.0,51.78,68.0,B2,2,B2_R5_C0,2,15,19,E15_N19,10/22/2025 2:38:38 PM,19,16,1.26,,367,main,N_to_S,False,1.26,1.26,2025-10-22 14:38:38,3.981443422083552,11,0.4430153626295105,0.011672787368297577,2799,1240,2.7628171077321317
5,1,LD20-4988,51.77,60.0,58.61,68.0,B2,2,B2_R5_C1,2,14,19,E14_N19,10/22/2025 2:32:35 PM,19,15,0.815,,356,main,S_to_N,False,0.815,0.815,2025-10-22 14:32:35,3.9814434203796445,9,0.5833937635968093,0.007728267461061478,2758,1609,2.2604867254755105
5,2,AG29XF5,58.61,60.0,65.45,68.0,B2,2,B2_R5_C2,2,13,19,E13_N19,10/22/2025 2:15:42 PM,19,14,0.715,,319,main,N_to_S,False,0.715,0.715,2025-10-22 14:15:42,3.9814434203796445,12,0.41271551724137934,0.00798100233078003,2784,1149,3.0139823006340145
5,3,LD22-4283,65.45,60.0,72.29,68.0,B2,2,B2_R5_C3,2,12,19,E12_N19,10/22/2025 2:10:15 PM,19,13,0.93,,308,main,S_to_N,False,0.93,0.93,2025-10-22 14:10:15,3.9814434203796445,14,0.4191810344827586,0.015594344586133957,2784,1167,3.5163126840730166
5,4,AG29XF4,72.29,60.0,79.13,68.0,B2,2,B2_R5_C4,2,11,19,E11_N19,10/22/2025 1:53:05 PM,19,12,1.275,,271,main,N_to_S,False,1.275,1.275,2025-10-22 13:53:05,3.981443421242533,11,0.3166303558460421,0.02364429086446762,2754,872,2.7628171083157347
6,0,LD20-5413,44.94,70.0,51.78,78.0,B2,2,B2_R6_C0,2,15,18,E15_N18,10/22/2025 2:39:05 PM,18,16,1.635,,368,main,N_to_S,False,1.635,1.635,2025-10-22 14:39:05,3.981443422083552,17,0.5134350036310821,-0.003668811172246933,2754,1414,4.269808257404203
6,1,AG29XF5,51.77,70.0,58.61,78.0,B2,2,B2_R6_C1,2,14,18,E14_N18,10/22/2025 2:32:06 PM,18,15,0.83,,355,main,S_to_N,False,0.83,0.83,2025-10-22 14:32:06,3.981443420443304,13,0.4260057471264368,0.003936883062124252,2784,1186,3.2651474923013093
6,2,LD21-5253,58.61,70.0,65.45,78.0,B2,2,B2_R6_C2,2,13,18,E13_N18,10/22/2025 2:16:05 PM,18,14,1.21,,320,main,N_to_S,False,1.21,1.21,2025-10-22 14:16:05,3.9814434204433042,16,0.3760775862068966,0.019676772877573967,2784,1047,4.018643067447765
6,3,AG29XF5,65.45,70.0,72.29,78.0,B2,2,B2_R6_C3,2,12,18,E12_N18,10/22/2025 2:09:48 PM,18,13,1.01,,307,main,S_to_N,False,1.01,1.01,2025-10-22 14:09:48,3.9814434203796445,8,0.3772628530050688,0.01945466175675392,2762,1042,2.0093215337560095
6,4,LD21-7234,72.29,70.0,79.13,78.0,B2,2,B2_R6_C4,2,11,18,E11_N18,10/22/2025 1:53:37 PM,18,12,1.385,,272,main,N_to_S,False,1.385,1.385,2025-10-22 13:53:37,3.9814434203796445,12,0.3258064516129032,0.023537062108516693,2790,909,3.0139823006340145
7,0,AG29XF4,44.94,80.0,51.78,88.0,B2,2,B2_R7_C0,2,15,17,E15_N17,10/22/2025 2:39:30 PM,17,16,1.945,,369,main,N_to_S,False,1.945,1.945,2025-10-22 14:39:30,3.981443422083552,14,0.5406182602444285,0.004059428349137306,2782,1504,3.5163126825681674
7,1,LD20-5738,51.77,80.0,58.61,88.0,B2,2,B2_R7_C1,2,14,17,E14_N17,10/22/2025 2:31:39 PM,17,15,0.745,,354,main,S_to_N,False,0.745,0.745,2025-10-22 14:31:39,3.981443422083552,7,0.7269148174659986,0.003898579627275467,2794,2031,1.7581563412840837
7,2,AG29XF5,58.61,80.0,65.45,88.0,B2,2,B2_R7_C2,2,13,17,E13_N17,10/22/2025 2:16:32 PM,17,14,0.61,,321,main,N_to_S,False,0.61,0.61,2025-10-22 14:16:32,3.981443422083552,11,0.5526410348544736,0.011695753782987595,2783,1538,2.7628171077321317
7,3,LD20-4471,65.45,80.0,72.29,88.0,B2,2,B2_R7_C3,2,12,17,E12_N17,10/22/2025 2:09:22 PM,17,13,1.295,,306,main,S_to_N,False,1.295,1.295,2025-10-22 14:09:22,3.981443421242533,15,0.40365984930032295,0.019515933468937874,2787,1125,3.767477874976002
7,4,AG29XF4,72.29,80.0,79.13,88.0,B2,2,B2_R7_C4,2,11,17,E11_N17,10/22/2025 1:54:03 PM,17,12,1.395,,273,main,N_to_S,False,1.395,1.395,2025-10-22 13:54:03,3.9814434203796445,11,0.34941050375133975,0.0234987735748291,2799,978,2.762817108914513
0,0,LD21-5944,80.37,10.0,87.21,18.0,B3,3,B3_R0_C0,3,10,24,E10_N24,10/22/2025 12:20:09 PM,24,11,1.465,,265,main,S_to_N,False,1.465,1.465,2025-10-22 12:20:09,3.981443422083552,5,0.09549745824255629,0.0630897581577301,2754,263,1.2558259580600597
0,1,LG3216,87.21,10.0,94.05,18.0,B3,3,B3_R0_C1,3,9,24,E09_N24,10/22/2025 11:52:10 AM,24,10,0.545,,218,main,N_to_S,False,0.545,0.545,2025-10-22 11:52:10,3.981443422083552,7,0.22701149425287356,0.027198240160942078,2784,632,1.7581563412840837
0,2,LD11-2170,94.05,10.0,100.89,18.0,B3,3,B3_R0_C2,3,8,24,E08_N24,10/22/2025 11:50:32 AM,24,9,1.075,,217,main,S_to_N,False,1.075,1.075,2025-10-22 11:50:32,3.981443422083552,6,0.12176724137931035,0.04715075343847275,2784,339,1.5069911496720718
0,3,LG3216,100.89,10.0,107.73,18.0,B3,3,B3_R0_C3,3,7,24,E07_N24,10/22/2025 11:27:27 AM,24,8,0.41,,170,main,N_to_S,False,0.41,0.41,2025-10-22 11:27:27,3.981443422083552,5,0.13580246913580246,0.04303005337715149,2754,374,1.2558259580600597
0,4,LD20-11748,107.72,10.0,114.56,18.0,B3,3,B3_R0_C4,3,6,24,E06_N24,10/22/2025 11:24:04 AM,24,7,1.35,,169,main,S_to_N,False,1.35,1.35,2025-10-22 11:24:04,3.9814434203796445,11,0.3216457960644007,0.011986806988716125,2795,899,2.762817108914513
1,0,LG3216,80.37,20.0,87.21,28.0,B3,3,B3_R1_C0,3,10,23,E10_N23,10/22/2025 12:19:34 PM,23,11,1.525,,264,main,S_to_N,False,1.525,1.525,2025-10-22 12:19:34,3.981443422083552,2,0.10596264367816093,0.07414983958005905,2784,295,0.5023303832240239
1,1,LD22-4283,87.21,20.0,94.05,28.0,B3,3,B3_R1_C1,3,9,23,E09_N23,10/22/2025 11:52:34 AM,23,10,0.985,,219,main,N_to_S,False,0.985,0.985,2025-10-22 11:52:34,3.9814434221472115,11,0.2093940480458946,0.011902570724487305,2789,584,2.762817107687957
1,2,LG3216,94.05,20.0,100.89,28.0,B3,3,B3_R1_C2,3,8,23,E08_N23,10/22/2025 11:50:03 AM,23,9,1.18,,216,main,S_to_N,False,1.18,1.18,2025-10-22 11:50:03,3.981443422147211,13,0.3312839059674503,0.012247256934642792,2765,916,3.2651474909039493
1,3,LD17-10473F,100.89,20.0,107.73,28.0,B3,3,B3_R1_C3,3,7,23,E07_N23,10/22/2025 11:27:51 AM,23,8,1.19,,171,main,N_to_S,False,1.19,1.19,2025-10-22 11:27:51,3.981443422083552,8,0.22543765630582352,0.015663303434848785,2799,631,2.0093215328960956
1,4,LG3216,107.72,20.0,114.56,28.0,B3,3,B3_R1_C4,3,6,23,E06_N23,10/22/2025 11:23:33 AM,23,7,2.075,,168,main,S_to_N,False,2.075,2.075,2025-10-22 11:23:33,3.9814434221472115,8,0.48624508753126117,0.00011486001312732697,2799,1361,2.009321532863969
2,0,LD20-4542,80.37,30.0,87.21,38.0,B3,3,B3_R2_C0,3,10,22,E10_N22,10/22/2025 12:18:48 PM,22,11,1.64,,263,main,S_to_N,False,1.64,1.64,2025-10-22 12:18:48,3.9814434203796445,1,0.05144694533762058,0.08596816658973694,2799,144,0.2511651917195012
2,1,LG3216,87.21,30.0,94.05,38.0,B3,3,B3_R2_C1,3,9,22,E09_N22,10/22/2025 11:53:01 AM,22,10,0.98,,220,main,N_to_S,False,0.98,0.98,2025-10-22 11:53:01,3.9814434203796445,3,0.13422094278517452,0.08997394889593124,2779,373,0.7534955751585036
2,2,LD21-3090,94.05,30.0,100.89,38.0,B3,3,B3_R2_C2,3,8,22,E08_N22,10/22/2025 11:49:33 AM,22,9,1.21,,215,main,S_to_N,False,1.21,1.21,2025-10-22 11:49:33,3.981443421242533,5,0.17341454675743462,0.08590685576200485,2791,484,1.255825958325334
2,3,LG3216,100.89,30.0,107.73,38.0,B3,3,B3_R2_C3,3,7,22,E07_N22,10/22/2025 11:28:15 AM,22,8,1.19,,172,main,N_to_S,False,1.19,1.19,2025-10-22 11:28:15,3.981443422083552,11,0.3687031082529475,0.011611513793468475,2799,1032,2.7628171077321317
2,4,LD00-2817P,107.72,30.0,114.56,38.0,B3,3,B3_R2_C4,3,6,22,E06_N22,10/22/2025 11:23:08 AM,22,7,1.755,,167,main,S_to_N,False,1.755,1.755,2025-10-22 11:23:08,3.981443422083552,13,0.415351506456241,0.007919717580080032,2788,1158,3.2651474909561555
3,0,LG3216,80.37,40.0,87.21,48.0,B3,3,B3_R3_C0,3,10,21,E10_N21,10/22/2025 12:18:16 PM,21,11,1.385,,262,main,S_to_N,False,1.385,1.385,2025-10-22 12:18:16,3.9814434204433042,9,0.2266857962697274,0.038939956575632095,2788,632,2.2604867254393675
3,1,LD21-5253,87.21,40.0,94.05,48.0,B3,3,B3_R3_C1,3,9,21,E09_N21,10/22/2025 11:53:32 AM,21,10,1.56,,221,main,N_to_S,False,1.56,1.56,2025-10-22 11:53:32,3.9814434203796445,11,0.34363767074047447,0.015517763793468475,2782,956,2.762817108914513
3,2,LG3216,94.05,40.0,100.89,48.0,B3,3,B3_R3_C2,3,8,21,E08_N21,10/22/2025 11:49:07 AM,21,9,1.73,,214,main,S_to_N,False,1.73,1.73,2025-10-22 11:49:07,3.9814434203796445,15,0.518399428367274,-0.00014553777873516083,2799,1451,3.767477875792518
3,3,LD07-3395bf,100.89,40.0,107.73,48.0,B3,3,B3_R3_C3,3,7,21,E07_N21,10/22/2025 11:28:47 AM,21,8,0.97,,173,main,N_to_S,False,0.97,0.97,2025-10-22 11:28:47,3.9814434203796445,11,0.2627815516624955,0.004113052040338516,2797,735,2.762817108914513
3,4,LG3216,107.72,40.0,114.56,48.0,B3,3,B3_R3_C4,3,6,21,E06_N21,10/22/2025 11:22:36 AM,21,7,2.045,,166,main,S_to_N,False,2.045,2.045,2025-10-22 11:22:36,3.981443422083552,7,0.228602383531961,0.015954338014125824,2769,633,1.7581563412840837
4,0,LD20-5738,80.37,50.0,87.21,58.0,B3,3,B3_R4_C0,3,10,20,E10_N20,10/22/2025 12:17:42 PM,20,11,1.405,,261,main,S_to_N,False,1.405,1.405,2025-10-22 12:17:42,3.981443422083552,6,0.2545979084024522,0.01940103992819786,2773,706,1.5069911496720718
4,1,LG3216,87.21,50.0,94.05,58.0,B3,3,B3_R4_C1,3,9,20,E09_N20,10/22/2025 11:53:58 AM,20,10,0.8,,222,main,N_to_S,False,0.8,0.8,2025-10-22 11:53:58,3.981443421242533,13,0.2422293676312969,0.027052707970142365,2799,678,3.2651474916458683
4,2,LD20-4471,94.05,50.0,100.89,58.0,B3,3,B3_R4_C2,3,8,20,E08_N20,10/22/2025 11:48:39 AM,20,9,1.095,,213,main,S_to_N,False,1.095,1.095,2025-10-22 11:48:39,3.9814434203796445,5,0.2550071530758226,0.035087309777736664,2796,713,1.255825958597506
4,3,LG3216,100.89,50.0,107.73,58.0,B3,3,B3_R4_C3,3,7,20,E07_N20,10/22/2025 11:29:14 AM,20,8,0.425,,174,main,N_to_S,False,0.425,0.425,2025-10-22 11:29:14,3.981443420443304,5,0.26521739130434785,0.008057598024606705,2760,732,1.2558259585774265
4,4,LD20-4988,107.72,50.0,114.56,58.0,B3,3,B3_R4_C4,3,6,20,E06_N20,10/22/2025 11:22:07 AM,20,7,1.83,,165,main,S_to_N,False,1.83,1.83,2025-10-22 11:22:07,3.981443422083552,1,0.24892241379310345,0.14849111437797546,2784,693,0.25116519161201195
5,0,LG3216,80.37,60.0,87.21,68.0,B3,3,B3_R5_C0,3,10,19,E10_N19,10/22/2025 12:17:10 PM,19,11,1.635,,260,main,S_to_N,False,1.635,1.635,2025-10-22 12:17:10,3.981443422083552,13,0.3664395840803155,0.0160309299826622,2789,1022,3.2651474909561555
5,1,LD21-7234,87.21,60.0,94.05,68.0,B3,3,B3_R5_C1,3,9,19,E09_N19,10/22/2025 11:54:24 AM,19,10,0.555,,223,main,N_to_S,False,0.555,0.555,2025-10-22 11:54:24,3.981443422083552,12,0.19719827586206898,0.039230991154909134,2784,549,3.0139822993441436
5,2,LG3216,94.05,60.0,100.89,68.0,B3,3,B3_R5_C2,3,8,19,E08_N19,10/22/2025 11:48:06 AM,19,9,1.495,,212,main,S_to_N,False,1.495,1.495,2025-10-22 11:48:06,3.981443422083552,5,0.2933914306463326,0.011573206633329391,2754,808,1.2558259580600597
5,3,LD21-5665,100.89,60.0,107.73,68.0,B3,3,B3_R5_C3,3,7,19,E07_N19,10/22/2025 11:29:46 AM,19,8,1.28,,175,main,N_to_S,False,1.28,1.28,2025-10-22 11:29:46,3.981443421242533,10,0.2711925287356322,0.015785865485668182,2784,755,2.511651916650668
5,4,LG3216,107.72,60.0,114.56,68.0,B3,3,B3_R5_C4,3,6,19,E06_N19,10/22/2025 11:21:40 AM,19,7,2.165,,164,main,S_to_N,False,2.165,2.165,2025-10-22 11:21:40,3.981443422083552,13,0.39325439540724794,0.004051785916090012,2787,1096,3.2651474909561555
6,0,LD19-10244,80.37,70.0,87.21,78.0,B3,3,B3_R6_C0,3,10,18,E10_N18,10/22/2025 12:16:34 PM,18,11,1.67,,259,main,S_to_N,False,1.67,1.67,2025-10-22 12:16:34,3.981443422083552,5,0.23635057471264367,0.13720892369747162,2784,658,1.2558259580600597
6,1,LG3216,87.21,70.0,94.05,78.0,B3,3,B3_R6_C1,3,9,18,E09_N18,10/22/2025 11:54:49 AM,18,10,1.035,,224,main,N_to_S,False,1.035,1.035,2025-10-22 11:54:49,3.9814434221472115,5,0.12504530627038782,0.05840993672609329,2759,345,1.2558259580399804
6,2,LD19-10076,94.05,70.0,100.89,78.0,B3,3,B3_R6_C2,3,8,18,E08_N18,10/22/2025 11:47:33 AM,18,9,1.06,,211,main,S_to_N,False,1.06,1.06,2025-10-22 11:47:33,3.981443422147211,4,0.08369252873563218,0.08556985855102539,2784,233,1.0046607664319844
6,3,LG3216,100.89,70.0,107.73,78.0,B3,3,B3_R6_C3,3,7,18,E07_N18,10/22/2025 11:30:13 AM,18,8,0.925,,176,main,N_to_S,False,0.925,0.925,2025-10-22 11:30:13,3.981443422083552,5,0.19197707736389685,0.09354317933320999,2792,536,1.2558259580600597
6,4,LD21-5991,107.72,70.0,114.56,78.0,B3,3,B3_R6_C4,3,6,18,E06_N18,10/22/2025 11:21:12 AM,18,7,1.555,,163,main,S_to_N,False,1.555,1.555,2025-10-22 11:21:12,3.9814434213061927,4,0.14049586776859505,0.04708945006132126,2783,391,1.0046607666442036
7,0,LG3216,80.37,80.0,87.21,88.0,B3,3,B3_R7_C0,3,10,17,E10_N17,10/22/2025 12:15:53 PM,17,11,1.58,,258,main,S_to_N,False,1.58,1.58,2025-10-22 12:15:53,3.981443422083552,9,0.3966138328530259,0.015709243714809418,2776,1101,2.2604867245081075
7,1,LD17-10473L,87.21,80.0,94.05,88.0,B3,3,B3_R7_C1,3,9,17,E09_N17,10/22/2025 11:55:19 AM,17,10,1.275,,225,main,N_to_S,False,1.275,1.275,2025-10-22 11:55:19,3.981443422083552,8,0.19131371141421394,0.038733161985874176,2786,533,2.0093215328960956
7,2,LG3216,94.05,80.0,100.89,88.0,B3,3,B3_R7_C2,3,8,17,E08_N17,10/22/2025 11:46:55 AM,17,9,1.1,,210,main,S_to_N,False,1.1,1.1,2025-10-22 11:46:55,3.981443422083552,2,0.033940693104680245,0.03563113883137703,2799,95,0.5023303832240239
7,3,LD20-5413,100.89,80.0,107.73,88.0,B3,3,B3_R7_C3,3,7,17,E07_N17,10/22/2025 11:30:43 AM,17,8,1.165,,177,main,N_to_S,False,1.165,1.165,2025-10-22 11:30:43,3.981443422083552,1,0.05766475644699141,0.07897516340017319,2792,161,0.25116519161201195
7,4,LG3216,107.72,80.0,114.56,88.0,B3,3,B3_R7_C4,3,6,17,E06_N17,10/22/2025 11:20:47 AM,17,7,1.535,,162,main,S_to_N,False,1.535,1.535,2025-10-22 11:20:47,3.9814434203796445,11,0.435565154787617,0.0074295178055763245,2778,1210,2.762817108914513
0,0,AG34XF6,115.81,10.0,122.65,18.0,B4,4,B4_R0_C0,4,5,24,E05_N24,10/22/2025 11:01:50 AM,24,6,0.49,,122,main,N_to_S,False,0.49,0.49,2025-10-22 11:01:50,3.9814434203796445,2,0.11997126436781609,0.050551459193229675,2784,334,0.5023303834390024
0,1,LD17-10473F,122.65,10.0,129.49,18.0,B4,4,B4_R0_C1,4,4,24,E04_N24,10/22/2025 11:00:13 AM,24,5,0.965,,121,main,S_to_N,False,0.965,0.965,2025-10-22 11:00:13,3.9814434203796445,5,0.17066085693536673,0.09777112305164337,2754,470,1.255825958597506
0,2,AG35XF5,129.49,10.0,136.33,18.0,B4,4,B4_R0_C2,4,3,24,E03_N24,10/22/2025 10:35:39 AM,24,4,0.715,,74,main,N_to_S,False,0.715,0.715,2025-10-22 10:35:39,3.981443421242533,4,0.16056034482758622,0.03116574138402939,2784,447,1.0046607666602672
0,3,LD21-3090,136.32,10.0,143.16,18.0,B4,4,B4_R0_C3,4,2,24,E02_N24,10/22/2025 10:34:02 AM,24,3,0.525,,73,main,S_to_N,False,0.525,0.525,2025-10-22 10:34:02,3.981443422083552,5,0.14387974230493916,0.06297487020492554,2794,402,1.2558259580600597
0,4,AG40XFF5,143.16,10.0,150.0,18.0,B4,4,B4_R0_C4,4,1,24,E01_N24,10/22/2025 10:01:32 AM,24,2,0.58,,26,main,N_to_S,False,0.58,0.58,2025-10-22 10:01:32,3.981443422083552,5,0.1523465703971119,0.07425706833600998,2770,422,1.2558259580600597
1,0,LD21-7234,115.81,20.0,122.65,28.0,B4,4,B4_R1_C0,4,5,23,E05_N23,10/22/2025 11:02:14 AM,23,6,0.895,,123,main,N_to_S,False,0.895,0.895,2025-10-22 11:02:14,3.9814434203796445,15,0.37803552011598407,0.007766544818878174,2759,1043,3.767477875792518
1,1,AG36XF4,122.65,20.0,129.49,28.0,B4,4,B4_R1_C1,4,4,23,E04_N23,10/22/2025 10:59:43 AM,23,5,1.11,,120,main,S_to_N,False,1.11,1.11,2025-10-22 10:59:43,3.981443420443304,6,0.21689334287759485,0.031449154019355774,2794,606,1.5069911502929119
1,2,LD21-5665,129.49,20.0,136.33,28.0,B4,4,B4_R1_C2,4,3,23,E03_N23,10/22/2025 10:36:06 AM,23,4,1.19,,75,main,N_to_S,False,1.19,1.19,2025-10-22 10:36:06,3.9814434204433042,5,0.17077527688460165,0.07011334598064423,2799,478,1.2558259585774265
1,3,AG38XF6,136.32,20.0,143.16,28.0,B4,4,B4_R1_C3,4,2,23,E02_N23,10/22/2025 10:33:33 AM,23,3,1.15,,72,main,S_to_N,False,1.15,1.15,2025-10-22 10:33:33,3.981443422083552,9,0.31594098596617487,0.031969957053661346,2779,878,2.2604867245081075
1,4,LD21-5253,143.16,20.0,150.0,28.0,B4,4,B4_R1_C4,4,1,23,E01_N23,10/22/2025 10:02:15 AM,23,2,0.685,,27,main,N_to_S,False,0.685,0.685,2025-10-22 10:02:15,3.9814434221472115,6,0.2070942314582587,0.06642156094312668,2791,578,1.5069911496479764
2,0,AG34XF6,115.81,30.0,122.65,38.0,B4,4,B4_R2_C0,4,5,22,E05_N22,10/22/2025 11:02:41 AM,22,6,1.065,,124,main,N_to_S,False,1.065,1.065,2025-10-22 11:02:41,3.981443422083552,9,0.2977427445360086,0.01954658329486847,2791,831,2.2604867245081075
2,1,LD07-3395bf,122.65,30.0,129.49,38.0,B4,4,B4_R2_C1,4,4,22,E04_N22,10/22/2025 10:59:14 AM,22,5,1.365,,119,main,S_to_N,False,1.365,1.365,2025-10-22 10:59:14,3.981443421242533,3,0.10182207931404073,0.07073374092578888,2799,285,0.7534955749952004
2,2,AG38XF6,129.49,30.0,136.33,38.0,B4,4,B4_R2_C2,4,3,22,E03_N22,10/22/2025 10:36:32 AM,22,4,0.96,,76,main,N_to_S,False,0.96,0.96,2025-10-22 10:36:32,3.9814434203796445,8,0.24103299856527977,0.03932290896773338,2788,672,2.0093215337560095
2,3,LD20-11748,136.32,30.0,143.16,38.0,B4,4,B4_R2_C3,4,2,22,E02_N22,10/22/2025 10:33:02 AM,22,3,1.165,,71,main,S_to_N,False,1.165,1.165,2025-10-22 10:33:02,3.981443422083552,3,0.1811646297627606,0.06246171146631241,2782,504,0.7534955748360359
2,4,AG35XF5,143.16,30.0,150.0,38.0,B4,4,B4_R2_C4,4,1,22,E01_N22,10/22/2025 10:03:00 AM,22,2,0.96,,28,main,N_to_S,False,0.96,0.96,2025-10-22 10:03:00,3.981443422083552,10,0.4030010718113612,0.039031870663166046,2799,1128,2.5116519161201194
3,0,LD21-5944,115.81,40.0,122.65,48.0,B4,4,B4_R3_C0,4,5,21,E05_N21,10/22/2025 11:03:06 AM,21,6,0.98,,125,main,N_to_S,False,0.98,0.98,2025-10-22 11:03:06,3.981443422147211,3,0.03751339764201501,0.08568473160266876,2799,105,0.7534955748239883
3,1,AG36XF4,122.65,40.0,129.49,48.0,B4,4,B4_R3_C1,4,4,21,E04_N21,10/22/2025 10:58:42 AM,21,5,1.16,,118,main,S_to_N,False,1.16,1.16,2025-10-22 10:58:42,3.981443422083552,3,0.10010725777618877,0.07818629592657089,2797,280,0.7534955748360359
3,2,LD17-10473F,129.49,40.0,136.33,48.0,B4,4,B4_R3_C2,4,3,21,E03_N21,10/22/2025 10:37:02 AM,21,4,1.595,,77,main,N_to_S,False,1.595,1.595,2025-10-22 10:37:02,3.981443422083552,9,0.3299675441759827,0.050758253782987595,2773,915,2.2604867245081075
3,3,AG40XFF5,136.32,40.0,143.16,48.0,B4,4,B4_R3_C3,4,2,21,E02_N21,10/22/2025 10:32:32 AM,21,3,1.355,,70,main,S_to_N,False,1.355,1.355,2025-10-22 10:32:32,3.981443422083552,11,0.3594420600858369,0.023062191903591156,2796,1005,2.7628171077321317
3,4,LD21-5944,143.16,40.0,150.0,48.0,B4,4,B4_R3_C4,4,1,21,E01_N21,10/22/2025 10:03:42 AM,21,2,1.26,,29,main,N_to_S,False,1.26,1.26,2025-10-22 10:03:42,3.981443422083552,7,0.15012540308133285,0.06287531554698944,2791,419,1.7581563412840837
4,0,AG40XFF5,115.81,50.0,122.65,58.0,B4,4,B4_R4_C0,4,5,20,E05_N20,10/22/2025 11:03:33 AM,20,6,0.795,,126,main,N_to_S,False,0.795,0.795,2025-10-22 11:03:33,3.981443422083552,4,0.16291532690246516,0.10202206671237946,2799,456,1.0046607664480478
4,1,LD21-5665,122.65,50.0,129.49,58.0,B4,4,B4_R4_C1,4,4,20,E04_N20,10/22/2025 10:58:13 AM,20,5,1.185,,117,main,S_to_N,False,1.185,1.185,2025-10-22 10:58:13,3.981443422083552,2,0.1012292118582791,0.08570007234811783,2766,280,0.5023303832240239
4,2,AG36XF4,129.49,50.0,136.33,58.0,B4,4,B4_R4_C2,4,3,20,E03_N20,10/22/2025 10:37:27 AM,20,4,1.01,,78,main,N_to_S,False,1.01,1.01,2025-10-22 10:37:27,3.981443422083552,3,0.07595843783590112,0.08240655064582825,2791,212,0.7534955748360359
4,3,LD21-7234,136.32,50.0,143.16,58.0,B4,4,B4_R4_C3,4,2,20,E02_N20,10/22/2025 10:32:02 AM,20,3,1.475,,69,main,S_to_N,False,1.475,1.475,2025-10-22 10:32:02,3.9814434203796445,7,0.2819683908045977,0.0859375,2784,785,1.7581563420365083
4,4,AG35XF5,143.16,50.0,150.0,58.0,B4,4,B4_R4_C4,4,1,20,E01_N20,10/22/2025 10:04:28 AM,20,2,1.455,,30,main,N_to_S,False,1.455,1.455,2025-10-22 10:04:28,3.981443421242533,9,0.2726942628903413,0.09805452078580856,2754,751,2.260486724985601
5,0,LD21-3090,115.81,60.0,122.65,68.0,B4,4,B4_R5_C0,4,5,19,E05_N19,10/22/2025 11:03:58 AM,19,6,1.3,,127,main,N_to_S,False,1.3,1.3,2025-10-22 11:03:58,3.981443422083552,9,0.2018881626724764,0.03908547759056091,2754,556,2.2604867245081075
5,1,AG34XF6,122.65,60.0,129.49,68.0,B4,4,B4_R5_C1,4,4,19,E04_N19,10/22/2025 10:57:48 AM,19,5,0.84,,116,main,S_to_N,False,0.84,0.84,2025-10-22 10:57:48,3.981443422083552,4,0.23599137931034483,0.05079657584428787,2784,657,1.0046607664480478
5,2,LD07-3395bf,129.49,60.0,136.33,68.0,B4,4,B4_R5_C2,4,3,19,E03_N19,10/22/2025 10:37:56 AM,19,4,1.41,,79,main,N_to_S,False,1.41,1.41,2025-10-22 10:37:56,3.981443422083552,8,0.4274425287356322,0.03507198765873909,2784,1190,2.0093215328960956
5,3,AG38XF6,136.32,60.0,143.16,68.0,B4,4,B4_R5_C3,4,2,19,E02_N19,10/22/2025 10:31:33 AM,19,3,1.295,,68,main,S_to_N,False,1.295,1.295,2025-10-22 10:31:33,3.9814434203796445,5,0.16081130025353133,0.054174307733774185,2761,444,1.255825958597506
5,4,LD20-11748,143.16,60.0,150.0,68.0,B4,4,B4_R5_C4,4,1,19,E01_N19,10/22/2025 10:05:08 AM,19,2,1.325,,31,main,N_to_S,False,1.325,1.325,2025-10-22 10:05:08,3.9814434203796445,3,0.2757260666905701,0.09454655647277832,2789,769,0.7534955751585036
6,0,AG38XF6,115.81,70.0,122.65,78.0,B4,4,B4_R6_C0,4,5,18,E05_N18,10/22/2025 11:04:20 AM,18,6,0.66,,128,main,N_to_S,False,0.66,0.66,2025-10-22 11:04:20,3.981443422083552,5,0.19446441409058232,0.07869178801774979,2782,541,1.2558259580600597
6,1,LD21-5253,122.65,70.0,129.49,78.0,B4,4,B4_R6_C1,4,4,18,E04_N18,10/22/2025 10:57:20 AM,18,5,1.13,,115,main,S_to_N,False,1.13,1.13,2025-10-22 10:57:20,3.9814434221472115,10,0.23079684134960518,0.01948530599474907,2786,643,2.511651916079961
6,2,AG34XF6,129.49,70.0,136.33,78.0,B4,4,B4_R6_C2,4,3,18,E03_N18,10/22/2025 10:38:30 AM,18,4,1.12,,80,main,N_to_S,False,1.12,1.12,2025-10-22 10:38:30,3.981443422147211,9,0.3233597692862293,0.03157167136669159,2774,897,2.260486724471965
6,3,LD21-5253,136.32,70.0,143.16,78.0,B4,4,B4_R6_C3,4,2,18,E02_N18,10/22/2025 10:30:57 AM,18,3,1.005,,67,main,S_to_N,False,1.005,1.005,2025-10-22 10:30:57,3.981443421306193,7,0.302475780409042,0.04679073765873909,2787,843,1.758156341627356
6,4,AG40XFF5,143.16,70.0,150.0,78.0,B4,4,B4_R6_C4,4,1,18,E01_N18,10/22/2025 10:05:50 AM,18,2,1.3,,32,main,N_to_S,False,1.3,1.3,2025-10-22 10:05:50,3.9814434204433042,7,0.2801000357270454,0.0469132736325264,2799,784,1.758156342008397
7,0,LD20-11748,115.81,80.0,122.65,88.0,B4,4,B4_R7_C0,4,5,17,E05_N17,10/22/2025 11:04:43 AM,17,6,0.635,,129,main,N_to_S,False,0.635,0.635,2025-10-22 11:04:43,3.981443422083552,3,0.07686807293528782,0.06230854243040085,2797,215,0.7534955748360359
7,1,AG35XF5,122.65,80.0,129.49,88.0,B4,4,B4_R7_C1,4,4,17,E04_N17,10/22/2025 10:56:47 AM,17,5,1.305,,114,main,S_to_N,False,1.305,1.305,2025-10-22 10:56:47,3.981443422083552,5,0.18875358166189113,0.04703585058450699,2792,527,1.2558259580600597
7,2,LD21-7234,129.49,80.0,136.33,88.0,B4,4,B4_R7_C2,4,3,17,E03_N17,10/22/2025 10:38:58 AM,17,4,1.205,,81,main,N_to_S,False,1.205,1.205,2025-10-22 10:38:58,3.981443422083552,6,0.21490280777537796,0.02001378685235977,2778,597,1.5069911496720718
7,3,AG36XF4,136.32,80.0,143.16,88.0,B4,4,B4_R7_C3,4,2,17,E02_N17,10/22/2025 10:30:21 AM,17,3,1.035,,66,main,S_to_N,False,1.035,1.035,2025-10-22 10:30:21,3.981443422083552,7,0.19506966773847803,0.05464918166399002,2799,546,1.7581563412840837
7,4,LD21-3090,143.16,80.0,150.0,88.0,B4,4,B4_R7_C4,4,1,17,E01_N17,10/22/2025 10:06:31 AM,17,2,1.62,,33,main,N_to_S,False,1.62,1.62,2025-10-22 10:06:31,3.981443422083552,4,0.1279028224365845,0.10987286269664764,2799,358,1.0046607664480478
0,0,AG36XF4,9.5,90.0,16.34,98.0,B5,5,B5_R0_C0,4,20,16,E20_N16,10/23/2025 9:56:43 AM,16,1,0.495,,16,west_last_pass,S_to_N,False,0.495,0.495,2025-10-23 09:56:43,3.981443422083552,2,0.056515478761699066,0.08995098620653152,2778,157,0.5023303832240239
0,1,LD21-5665,16.34,90.0,23.18,98.0,B5,5,B5_R0_C1,4,19,16,E19_N16,10/22/2025 3:45:27 PM,16,20,0.195,,466,main,N_to_S,False,0.195,0.195,2025-10-22 15:45:27,3.981443422083552,9,0.317545748116254,0.06266084313392639,2787,885,2.2604867245081075
0,2,AG38XF6,23.17,90.0,30.01,98.0,B5,5,B5_R0_C2,4,18,16,E18_N16,10/22/2025 3:37:24 PM,16,19,0.775,,449,main,S_to_N,False,0.775,0.775,2025-10-22 15:37:24,3.9814434203796445,6,0.24151482672382993,0.0901884213089943,2799,676,1.5069911503170073
0,3,LD07-3395bf,30.01,90.0,36.85,98.0,B5,5,B5_R0_C3,4,17,16,E17_N16,10/22/2025 3:22:56 PM,16,18,1.045,,418,main,N_to_S,False,1.045,1.045,2025-10-22 15:22:56,3.9814434203796445,3,0.3431232091690544,0.09736518561840057,2792,958,0.7534955751585036
0,4,AG35XF5,36.85,90.0,43.69,98.0,B5,5,B5_R0_C4,4,16,16,E16_N16,10/22/2025 3:15:07 PM,16,17,0.71,,401,main,S_to_N,False,0.71,0.71,2025-10-22 15:15:07,3.9814434203796445,2,0.2386609071274298,0.09868260473012924,2778,663,0.5023303834390024
1,0,LD21-7234,9.5,100.0,16.34,108.0,B5,5,B5_R1_C0,4,20,15,E20_N15,10/23/2025 9:56:17 AM,15,1,0.495,,15,west_last_pass,S_to_N,False,0.495,0.495,2025-10-23 09:56:17,3.9814434221472115,7,0.18214542836573075,0.04331342130899429,2778,506,1.7581563412559726
1,1,AG34XF6,16.34,100.0,23.18,108.0,B5,5,B5_R1_C1,4,19,15,E19_N15,10/22/2025 3:46:04 PM,15,20,0.565,,467,main,N_to_S,False,0.565,0.565,2025-10-22 15:46:04,3.981443422147211,10,0.28795998570918185,0.02751992642879486,2799,806,2.5116519160799613
1,2,LD20-11748,23.17,100.0,30.01,108.0,B5,5,B5_R1_C2,4,18,15,E18_N15,10/22/2025 3:36:55 PM,15,19,0.84,,448,main,S_to_N,False,0.84,0.84,2025-10-22 15:36:55,3.9814434221472115,3,0.03429796355841372,0.10613511502742767,2799,96,0.7534955748239882
1,3,AG40XFF5,30.01,100.0,36.85,108.0,B5,5,B5_R1_C3,4,17,15,E17_N15,10/22/2025 3:23:18 PM,15,18,0.81,,419,main,N_to_S,False,0.81,0.81,2025-10-22 15:23:18,3.9814434212431906,9,0.3087757313109426,0.03898591548204422,2769,855,2.2604867249852276
1,4,LD21-5253,36.85,100.0,43.69,108.0,B5,5,B5_R1_C4,4,16,15,E16_N15,10/22/2025 3:14:41 PM,15,17,0.135,,400,main,S_to_N,False,0.135,0.135,2025-10-22 15:14:41,3.9814434204433042,6,0.13147552697391926,0.05471046641469002,2799,368,1.5069911502929116
2,0,AG35XF5,9.5,110.0,16.34,118.0,B5,5,B5_R2_C0,4,20,14,E20_N14,10/23/2025 9:55:50 AM,14,1,0.495,,14,west_last_pass,S_to_N,False,0.495,0.495,2025-10-23 09:55:50,3.981443422083552,10,0.2918899607002501,0.027290120720863342,2799,817,2.5116519161201194
2,1,LD21-5944,16.34,110.0,23.18,118.0,B5,5,B5_R2_C1,4,19,14,E19_N14,10/22/2025 3:46:29 PM,14,20,0.72,,468,main,N_to_S,False,0.72,0.72,2025-10-22 15:46:29,3.981443422083552,11,0.23115398356555913,0.03874079883098602,2799,647,2.7628171077321317
2,2,AG36XF4,23.17,110.0,30.01,118.0,B5,5,B5_R2_C2,4,18,14,E18_N14,10/22/2025 3:36:32 PM,14,19,1.035,,447,main,S_to_N,False,1.035,1.035,2025-10-22 15:36:32,3.981443422083552,7,0.19783001808318265,0.027290120720863342,2765,547,1.7581563412840837
2,3,LD21-3090,30.01,110.0,36.85,118.0,B5,5,B5_R2_C3,4,17,14,E17_N14,10/22/2025 3:23:42 PM,14,18,0.735,,420,main,N_to_S,False,0.735,0.735,2025-10-22 15:23:42,3.981443422083552,15,0.385663082437276,0.023322615772485733,2790,1076,3.7674778741801793
2,4,AG38XF6,36.85,110.0,43.69,118.0,B5,5,B5_R2_C4,4,16,14,E16_N14,10/22/2025 3:14:14 PM,14,17,0.555,,399,main,S_to_N,False,0.555,0.555,2025-10-22 15:14:14,3.981443422083552,3,0.1281867145421903,0.10590533912181854,2785,357,0.7534955748360359
3,0,LD17-10473F,9.5,120.0,16.34,128.0,B5,5,B5_R3_C0,4,20,13,E20_N13,10/23/2025 9:55:23 AM,13,1,0.585,,13,west_last_pass,S_to_N,False,0.585,0.585,2025-10-23 09:55:23,3.9814434203796445,13,0.4438483547925608,0.02773437276482582,2796,1241,3.2651474923535155
3,1,AG40XFF5,16.34,120.0,23.18,128.0,B5,5,B5_R3_C1,4,19,13,E19_N13,10/22/2025 3:46:54 PM,13,20,0.975,,469,main,N_to_S,False,0.975,0.975,2025-10-22 15:46:54,3.9814434203796445,10,0.35289855072463766,0.03151041269302368,2760,974,2.511651917195012
3,2,LD21-5665,23.17,120.0,30.01,128.0,B5,5,B5_R3_C2,4,18,13,E18_N13,10/22/2025 3:36:03 PM,13,19,1.35,,446,main,S_to_N,False,1.35,1.35,2025-10-22 15:36:03,3.981443422083552,10,0.38685344827586204,0.01940872147679329,2784,1077,2.5116519161201194
3,3,AG34XF6,30.01,120.0,36.85,128.0,B5,5,B5_R3_C3,4,17,13,E17_N13,10/22/2025 3:24:09 PM,13,18,0.665,,421,main,N_to_S,False,0.665,0.665,2025-10-22 15:24:09,3.981443422083552,10,0.31501436781609193,0.03126532956957817,2784,877,2.5116519161201194
3,4,LD21-5253,36.85,120.0,43.69,128.0,B5,5,B5_R3_C4,4,16,13,E16_N13,10/22/2025 3:13:48 PM,13,17,0.625,,398,main,S_to_N,False,0.625,0.625,2025-10-22 15:13:48,3.981443422083552,6,0.2710821570756424,0.043290428817272186,2763,749,1.5069911496720718
4,0,AG35XF5,9.5,130.0,16.34,138.0,B5,5,B5_R4_C0,4,20,12,E20_N12,10/23/2025 9:54:58 AM,12,1,0.895,,12,west_last_pass,S_to_N,False,0.895,0.895,2025-10-23 09:54:58,3.9814434203796445,10,0.3630112196887441,0.02378218248486519,2763,1003,2.511651917195012
4,1,LD20-11748,16.34,130.0,23.18,138.0,B5,5,B5_R4_C1,4,19,12,E19_N12,10/22/2025 3:47:24 PM,12,20,0.365,machine issue plot weight likely incorrect,470,main,N_to_S,True,0.365,,2025-10-22 15:47:24,3.9814434203796445,9,0.31389488840892726,0.02748926728963852,2778,872,2.2604867254755105
4,2,AG36XF4,23.17,130.0,30.01,138.0,B5,5,B5_R4_C2,4,18,12,E18_N12,10/22/2025 3:35:39 PM,12,19,1.015,,445,main,S_to_N,False,1.015,1.015,2025-10-22 15:35:39,3.981443422083552,9,0.3223259152907394,0.04710477963089943,2786,898,2.2604867245081075
4,3,LD07-3395bf,30.01,130.0,36.85,138.0,B5,5,B5_R4_C3,4,17,12,E17_N12,10/22/2025 3:24:33 PM,12,18,0.78,,422,main,N_to_S,False,0.78,0.78,2025-10-22 15:24:33,3.981443422083552,6,0.318100035984167,0.07097885757684708,2779,884,1.5069911496720718
4,4,AG40XFF5,36.85,130.0,43.69,138.0,B5,5,B5_R4_C4,4,16,12,E16_N12,10/22/2025 3:13:24 PM,12,17,0.62,,397,main,S_to_N,False,0.62,0.62,2025-10-22 15:13:24,3.9814434221472115,12,0.24523552678892485,0.035378359258174896,2781,682,3.013982299295953
5,0,LD21-5944,9.5,140.0,16.34,148.0,B5,5,B5_R5_C0,4,20,11,E20_N11,10/23/2025 9:54:32 AM,11,1,0.71,,11,west_last_pass,S_to_N,False,0.71,0.71,2025-10-23 09:54:32,3.981443421242533,10,0.25342960288808664,0.01993720233440399,2770,702,2.511651916650668
5,1,AG38XF6,16.34,140.0,23.18,148.0,B5,5,B5_R5_C1,4,19,11,E19_N11,10/23/2025 9:42:07 AM,11,20,0.44,,471,main,N_to_S,False,0.44,0.44,2025-10-23 09:42:07,3.9814434203796445,3,0.05911859548548907,0.08242185413837433,2791,165,0.7534955751585036
5,2,LD17-10473F,23.17,140.0,30.01,148.0,B5,5,B5_R5_C2,4,18,11,E18_N11,10/22/2025 3:35:14 PM,11,19,1.21,,444,main,S_to_N,False,1.21,1.21,2025-10-22 15:35:14,3.981443422083552,9,0.38626609442060084,0.0393688827753067,2796,1080,2.2604867245081075
5,3,AG34XF6,30.01,140.0,36.85,148.0,B5,5,B5_R5_C3,4,17,11,E17_N11,10/22/2025 3:24:58 PM,11,18,0.75,,423,main,N_to_S,False,0.75,0.75,2025-10-22 15:24:58,3.981443422083552,10,0.32840663302090844,0.0428231880068779,2774,911,2.5116519161201194
5,4,LD21-3090,36.85,140.0,43.69,148.0,B5,5,B5_R5_C4,4,16,11,E16_N11,10/22/2025 3:12:57 PM,11,17,1.255,,396,main,S_to_N,False,1.255,1.255,2025-10-22 15:12:57,3.981443422083552,2,0.14040728831725616,0.06632198393344879,2799,393,0.5023303832240239
6,0,AG34XF6,9.5,150.0,16.34,158.0,B5,5,B5_R6_C0,4,20,10,E20_N10,10/23/2025 9:54:01 AM,10,1,0.41,,10,west_last_pass,S_to_N,False,0.41,0.41,2025-10-23 09:54:01,3.981443422147211,12,0.2872454448017149,0.08210784196853638,2799,804,3.0139822992959533
6,1,LD21-7234,16.34,150.0,23.18,158.0,B5,5,B5_R6_C1,4,19,10,E19_N10,10/23/2025 9:42:48 AM,10,20,0.345,,472,main,N_to_S,False,0.345,0.345,2025-10-23 09:42:48,3.981443422083552,8,0.35012504465880673,0.10525429248809814,2799,980,2.0093215328960956
6,2,AG36XF4,23.17,150.0,30.01,158.0,B5,5,B5_R6_C2,4,18,10,E18_N10,10/22/2025 3:34:50 PM,10,19,0.62,,443,main,S_to_N,False,0.62,0.62,2025-10-22 15:34:50,3.9814434221472115,11,0.3020231213872832,0.09841452538967133,2768,836,2.762817107687957
6,3,LD21-3090,30.01,150.0,36.85,158.0,B5,5,B5_R6_C3,4,17,10,E17_N10,10/22/2025 3:25:23 PM,10,18,0.855,,424,main,N_to_S,False,0.855,0.855,2025-10-22 15:25:23,3.981443422147211,8,0.3747767059664166,0.10255055874586105,2799,1049,2.009321532863969
6,4,AG35XF5,36.85,150.0,43.69,158.0,B5,5,B5_R6_C4,4,16,10,E16_N10,10/22/2025 3:12:33 PM,10,17,0.665,,395,main,S_to_N,False,0.665,0.665,2025-10-22 15:12:33,3.981443422083552,12,0.34512325830653806,0.023713238537311554,2799,966,3.0139822993441436
7,0,LD17-10473F,9.5,160.0,16.34,168.0,B5,5,B5_R7_C0,4,20,9,E20_N09,10/23/2025 9:53:34 AM,9,1,0.565,,9,west_last_pass,S_to_N,False,0.565,0.565,2025-10-23 09:53:34,3.981443422083552,8,0.2883172561629153,0.06608454883098602,2799,807,2.0093215328960956
7,1,AG40XFF5,16.34,160.0,23.18,168.0,B5,5,B5_R7_C1,4,19,9,E19_N09,10/23/2025 9:43:18 AM,9,20,0.18,,473,main,N_to_S,False,0.18,0.18,2025-10-23 09:43:18,3.981443422083552,6,0.16329479768786126,0.06243106722831726,2768,452,1.5069911496720718
7,2,LD21-7234,23.17,160.0,30.01,168.0,B5,5,B5_R7_C2,4,18,9,E18_N09,10/22/2025 3:34:28 PM,9,19,1.275,,442,main,S_to_N,False,1.275,1.275,2025-10-22 15:34:28,3.9814434203796445,14,0.2861736334405145,0.019523601979017258,2799,801,3.5163126840730166
7,3,AG38XF6,30.01,160.0,36.85,168.0,B5,5,B5_R7_C3,4,17,9,E17_N09,10/22/2025 3:25:48 PM,9,18,0.46,,425,main,N_to_S,False,0.46,0.46,2025-10-22 15:25:48,3.9814434203796445,10,0.2658092175777063,0.08170956373214722,2799,744,2.511651917195012
7,4,LD21-5665,36.85,160.0,43.69,168.0,B5,5,B5_R7_C4,4,16,9,E16_N09,10/22/2025 3:12:09 PM,9,17,0.16,,394,main,S_to_N,False,0.16,0.16,2025-10-22 15:12:09,3.981443421242533,8,0.32634622334658475,0.09388019889593124,2767,903,2.0093215333205343
0,0,AG36XF4,44.94,90.0,51.78,98.0,B6,6,B6_R0_C0,1,15,16,E15_N16,10/22/2025 2:39:56 PM,16,16,1.09,,370,main,N_to_S,False,1.09,1.09,2025-10-22 14:39:56,3.981443422083552,15,0.5471765546819156,0.007582720369100571,2798,1531,3.7674778741801793
0,1,LG3216,51.77,90.0,58.61,98.0,B6,6,B6_R0_C1,1,14,16,E14_N16,10/22/2025 2:31:18 PM,16,15,0.905,,353,main,S_to_N,False,0.905,0.905,2025-10-22 14:31:18,3.981443422083552,3,0.16726361031518625,0.0469132736325264,2792,467,0.7534955748360359
0,2,AG29XF4,58.61,90.0,65.45,98.0,B6,6,B6_R0_C2,1,13,16,E13_N16,10/22/2025 2:16:59 PM,16,14,0.96,,322,main,N_to_S,False,0.96,0.96,2025-10-22 14:16:59,3.981443422083552,5,0.3390928725701944,0.12129287421703339,2778,942,1.2558259580600597
0,3,LG3216,65.45,90.0,72.29,98.0,B6,6,B6_R0_C3,1,12,16,E12_N16,10/22/2025 2:08:58 PM,16,13,1.14,,305,main,S_to_N,False,1.14,1.14,2025-10-22 14:08:58,3.981443422083552,1,0.09360485887817077,0.03935354948043823,2799,262,0.25116519161201195
0,4,AG40XFF5,72.29,90.0,79.13,98.0,B6,6,B6_R0_C4,1,11,16,E11_N16,10/22/2025 1:54:28 PM,16,12,1.245,,274,main,N_to_S,False,1.245,1.245,2025-10-22 13:54:28,3.981443422083552,3,0.17434798142193642,0.07006741315126419,2799,488,0.7534955748360359
1,0,LG3216,44.94,100.0,51.78,108.0,B6,6,B6_R1_C0,1,15,15,E15_N15,10/22/2025 2:40:24 PM,15,16,1.56,,371,main,N_to_S,False,1.56,1.56,2025-10-22 14:40:24,3.981443420443304,9,0.22579492675955698,0.023445136845111847,2799,632,2.260486725439368
1,1,AG38XF6,51.77,100.0,58.61,108.0,B6,6,B6_R1_C1,1,14,15,E14_N15,10/22/2025 2:30:55 PM,15,15,0.965,,352,main,S_to_N,False,0.965,0.965,2025-10-22 14:30:55,3.981443422083552,10,0.2535211267605634,0.023023895919322968,2769,702,2.5116519161201194
1,2,LG3216,58.61,100.0,65.45,108.0,B6,6,B6_R1_C2,1,13,15,E13_N15,10/22/2025 2:17:24 PM,15,14,0.91,,323,main,N_to_S,False,0.91,0.91,2025-10-22 14:17:24,3.9814434221472115,11,0.3769203286888174,0.0276271253824234,2799,1055,2.762817107687957
1,3,AG29XF5,65.45,100.0,72.29,108.0,B6,6,B6_R1_C3,1,12,15,E12_N15,10/22/2025 2:08:33 PM,15,13,0.61,,304,main,S_to_N,False,0.61,0.61,2025-10-22 14:08:33,3.981443422084209,9,0.4165773490532333,0.031089145690202713,2799,1166,2.260486724507735
1,4,LG3216,72.29,100.0,79.13,108.0,B6,6,B6_R1_C4,1,11,15,E11_N15,10/22/2025 1:54:55 PM,15,12,1.68,,275,main,N_to_S,False,1.68,1.68,2025-10-22 13:54:55,3.981443422147211,14,0.35128297795446334,0.023812826722860336,2767,972,3.5163126825119457
2,0,AG34XF6,44.94,110.0,51.78,118.0,B6,6,B6_R2_C0,1,15,14,E15_N14,10/22/2025 2:40:52 PM,14,16,1.585,,372,main,N_to_S,False,1.585,1.585,2025-10-22 14:40:52,3.9814434203796445,9,0.3236994219653179,0.043550871312618256,2768,896,2.2604867254755105
2,1,LG3216,51.77,110.0,58.61,118.0,B6,6,B6_R2_C1,1,14,14,E14_N14,10/22/2025 2:30:30 PM,14,15,0.925,,351,main,S_to_N,False,0.925,0.925,2025-10-22 14:30:30,3.981443422083552,2,0.046137339055793994,0.06243104487657547,2796,129,0.5023303832240239
2,2,AG35XF5,58.61,110.0,65.45,118.0,B6,6,B6_R2_C2,1,13,14,E13_N14,10/22/2025 2:17:50 PM,14,14,0.905,,324,main,N_to_S,False,0.905,0.905,2025-10-22 14:17:50,3.981443422083552,3,0.15155858115370835,0.07089459896087646,2791,423,0.7534955748360359
2,3,LG3216,65.45,110.0,72.29,118.0,B6,6,B6_R2_C3,1,12,14,E12_N14,10/22/2025 2:08:06 PM,14,13,0.885,,303,main,S_to_N,False,0.885,0.885,2025-10-22 14:08:06,3.981443422083552,9,0.3508708272859216,0.03926163166761398,2756,967,2.2604867245081075
2,4,AG40XFF5,72.29,110.0,79.13,118.0,B6,6,B6_R2_C4,1,11,14,E11_N14,10/22/2025 1:55:24 PM,14,12,1.73,,276,main,N_to_S,False,1.73,1.73,2025-10-22 13:55:24,3.981443422083552,5,0.20474137931034483,0.08583029359579086,2784,570,1.2558259580600597
3,0,LG3216,44.94,120.0,51.78,128.0,B6,6,B6_R3_C0,1,15,13,E15_N13,10/22/2025 2:41:15 PM,13,16,0.84,,373,main,N_to_S,False,0.84,0.84,2025-10-22 14:41:15,3.981443422083552,7,0.20773638968481375,0.04730390012264252,2792,580,1.7581563412840837
3,1,AG35XF5,51.77,120.0,58.61,128.0,B6,6,B6_R3_C1,1,14,13,E14_N13,10/22/2025 2:30:05 PM,13,15,1.405,,350,main,S_to_N,False,1.405,1.405,2025-10-22 14:30:05,3.981443422147211,10,0.28735632183908044,0.01972273178398609,2784,800,2.5116519160799613
3,2,LG3216,58.61,120.0,65.45,128.0,B6,6,B6_R3_C2,1,13,13,E13_N13,10/22/2025 2:18:21 PM,13,14,0.99,,325,main,N_to_S,False,0.99,0.99,2025-10-22 14:18:21,3.981443422083552,7,0.18096272167933405,0.07817096263170242,2763,500,1.7581563412840837
3,3,AG36XF4,65.45,120.0,72.29,128.0,B6,6,B6_R3_C3,1,12,13,E12_N13,10/22/2025 2:07:43 PM,13,13,1.2,,302,main,S_to_N,False,1.2,1.2,2025-10-22 14:07:43,3.981443422083552,6,0.2570194384449244,0.07073377072811127,2778,714,1.5069911496720718
3,4,LG3216,72.29,120.0,79.13,128.0,B6,6,B6_R3_C4,1,11,13,E11_N13,10/22/2025 1:55:50 PM,13,12,1.115,,277,main,N_to_S,False,1.115,1.115,2025-10-22 13:55:50,3.981443422083552,4,0.13757183908045978,0.09861365705728531,2784,383,1.0046607664480478
4,0,AG29XF4,44.94,130.0,51.78,138.0,B6,6,B6_R4_C0,1,15,12,E15_N12,10/22/2025 2:41:42 PM,12,16,1.365,,374,main,N_to_S,False,1.365,1.365,2025-10-22 14:41:42,3.981443422083552,10,0.3333333333333333,0.027627136558294296,2784,928,2.5116519161201194
4,1,LG3216,51.77,130.0,58.61,138.0,B6,6,B6_R4_C1,1,14,12,E14_N12,10/22/2025 2:29:41 PM,12,15,0.795,,349,main,S_to_N,False,0.795,0.795,2025-10-22 14:29:41,3.981443421242533,8,0.5304724125495853,0.01940106227993965,2773,1471,2.0093215333205343
4,2,AG29XF5,58.61,130.0,65.45,138.0,B6,6,B6_R4_C2,1,13,12,E13_N12,10/22/2025 2:18:47 PM,12,14,1.185,,326,main,N_to_S,False,1.185,1.185,2025-10-22 14:18:47,3.981443422083552,3,0.06666666666666667,0.13630515336990356,2775,185,0.7534955748360359
4,3,LG3216,65.45,130.0,72.29,138.0,B6,6,B6_R4_C3,1,12,12,E12_N12,10/22/2025 2:07:18 PM,12,13,1.355,,301,main,S_to_N,False,1.355,1.355,2025-10-22 14:07:18,3.981443422083552,2,0.20958512160228898,0.12120097875595093,2796,586,0.5023303832240239
4,4,AG38XF6,72.29,130.0,79.13,138.0,B6,6,B6_R4_C4,1,11,12,E11_N12,10/22/2025 1:56:17 PM,12,12,1.14,,278,main,N_to_S,False,1.14,1.14,2025-10-22 13:56:17,3.9814434221472115,9,0.2804005722460658,0.05860140547156334,2796,784,2.260486724471965
5,0,LG3216,44.94,140.0,51.78,148.0,B6,6,B6_R5_C0,1,15,11,E15_N11,10/22/2025 2:42:11 PM,11,16,1.125,,375,main,N_to_S,False,1.125,1.125,2025-10-22 14:42:11,3.981443422083552,18,0.48152134912091854,0.02321537584066391,2787,1342,4.520973449016215
5,1,AG34XF6,51.77,140.0,58.61,148.0,B6,6,B6_R5_C1,1,14,11,E14_N11,10/22/2025 2:29:18 PM,11,15,1.2,,348,main,S_to_N,False,1.2,1.2,2025-10-22 14:29:18,3.9814434203796445,8,0.29884643114635906,0.04672183841466904,2774,829,2.0093215337560095
5,2,LG3216,58.61,140.0,65.45,148.0,B6,6,B6_R5_C2,1,13,11,E13_N11,10/22/2025 2:19:12 PM,11,14,1.03,,327,main,N_to_S,False,1.03,1.03,2025-10-22 14:19:12,3.9814434203796445,4,0.2361557699178278,0.10651041567325592,2799,661,1.0046607668780048
5,3,AG29XF5,65.45,140.0,72.29,148.0,B6,6,B6_R5_C3,1,12,11,E12_N11,10/22/2025 2:06:53 PM,11,13,1.63,,300,main,S_to_N,False,1.63,1.63,2025-10-22 14:06:53,3.9814434203796445,6,0.3054662379421222,0.07793350517749786,2799,855,1.5069911503170073
5,4,LG3216,72.29,140.0,79.13,148.0,B6,6,B6_R5_C4,1,11,11,E11_N11,10/22/2025 1:56:46 PM,11,12,1.29,,279,main,N_to_S,False,1.29,1.29,2025-10-22 13:56:46,3.981443421242533,3,0.22290462427745664,0.14891238510608673,2768,617,0.7534955749952004
6,0,AG35XF5,44.94,150.0,51.78,158.0,B6,6,B6_R6_C0,1,15,10,E15_N10,10/22/2025 2:42:34 PM,10,16,1.035,,376,main,N_to_S,False,1.035,1.035,2025-10-22 14:42:34,3.981443422147211,12,0.502528901734104,0.02725185453891754,2768,1391,3.0139822992959533
6,1,LG3216,51.77,150.0,58.61,158.0,B6,6,B6_R6_C1,1,14,10,E14_N10,10/22/2025 2:28:53 PM,10,15,0.87,,347,main,S_to_N,False,0.87,0.87,2025-10-22 14:28:53,3.9814434203796445,13,0.36513040371561273,0.02375151962041855,2799,1022,3.2651474923535155
6,2,AG36XF4,58.61,150.0,65.45,158.0,B6,6,B6_R6_C2,1,13,10,E13_N10,10/22/2025 2:19:47 PM,10,14,0.84,,328,main,N_to_S,False,0.84,0.84,2025-10-22 14:19:47,3.981443420443304,5,0.19614147909967847,0.06290595233440399,2799,549,1.2558259585774265
6,3,LG3216,65.45,150.0,72.29,158.0,B6,6,B6_R6_C3,1,12,10,E12_N10,10/22/2025 2:06:27 PM,10,13,1.1,,299,main,S_to_N,False,1.1,1.1,2025-10-22 14:06:27,3.9814434204433042,6,0.2239075478512098,0.10238969326019287,2769,620,1.5069911502929116
6,4,AG34XF6,72.29,150.0,79.13,158.0,B6,6,B6_R6_C4,1,11,10,E11_N10,10/22/2025 1:57:12 PM,10,12,1.05,,280,main,N_to_S,False,1.05,1.05,2025-10-22 13:57:12,3.9814434203796445,7,0.3294033583422651,0.05880056321620941,2799,922,1.7581563420365083
7,0,LG3216,44.94,160.0,51.78,168.0,B6,6,B6_R7_C0,1,15,9,E15_N09,10/22/2025 2:43:01 PM,9,16,1.21,,377,main,N_to_S,False,1.21,1.21,2025-10-22 14:43:01,3.981443422083552,5,0.19685602000714542,0.10647977143526077,2799,551,1.2558259580600597
7,1,AG38XF6,51.77,160.0,58.61,168.0,B6,6,B6_R7_C1,1,14,9,E14_N09,10/22/2025 2:28:28 PM,9,15,0.91,,346,main,S_to_N,False,0.91,0.91,2025-10-22 14:28:28,3.981443422083552,5,0.21257591997141836,0.04723498970270157,2799,595,1.2558259580600597
7,2,LG3216,58.61,160.0,65.45,168.0,B6,6,B6_R7_C2,1,13,9,E13_N09,10/22/2025 2:20:14 PM,9,14,0.885,,329,main,N_to_S,False,0.885,0.885,2025-10-22 14:20:14,3.981443422083552,12,0.2925685425685426,0.023613691329956055,2772,811,3.0139822993441436
7,3,AG40XFF5,65.45,160.0,72.29,168.0,B6,6,B6_R7_C3,1,12,9,E12_N09,10/22/2025 2:06:02 PM,9,13,0.96,,298,main,S_to_N,False,0.96,0.96,2025-10-22 14:06:02,3.981443421242533,2,0.12960973863229502,0.07486213743686676,2793,362,0.5023303833301336
7,4,LG3216,72.29,160.0,79.13,168.0,B6,6,B6_R7_C4,1,11,9,E11_N09,10/22/2025 1:57:41 PM,9,12,1.24,,281,main,N_to_S,False,1.24,1.24,2025-10-22 13:57:41,3.9814434203796445,5,0.460021513087128,0.1562500149011612,2789,1283,1.255825958597506
0,0,LD20-4471,80.37,90.0,87.21,98.0,B7,7,B7_R0_C0,2,10,16,E10_N16,10/22/2025 12:15:25 PM,16,11,0.88,,257,main,S_to_N,False,0.88,0.88,2025-10-22 12:15:25,3.981443422083552,10,0.4064074874010079,0.007981017231941223,2778,1129,2.5116519161201194
0,1,AG29XF5,87.21,90.0,94.05,98.0,B7,7,B7_R0_C1,2,9,16,E09_N16,10/22/2025 11:55:43 AM,16,10,0.735,,226,main,N_to_S,False,0.735,0.735,2025-10-22 11:55:43,3.981443422083552,13,0.5023222579492675,0.007774185389280319,2799,1406,3.2651474909561555
0,2,LD20-4542,94.05,90.0,100.89,98.0,B7,7,B7_R0_C2,2,8,16,E08_N16,10/22/2025 11:46:29 AM,16,9,0.705,,209,main,S_to_N,False,0.705,0.705,2025-10-22 11:46:29,3.981443422083552,5,0.18756698821007503,0.043313413858413696,2799,525,1.2558259580600597
0,3,AG29XF4,100.89,90.0,107.73,98.0,B7,7,B7_R0_C3,2,7,16,E07_N16,10/22/2025 11:31:09 AM,16,8,0.87,,178,main,N_to_S,False,0.87,0.87,2025-10-22 11:31:09,3.981443422083552,10,0.2437703141928494,0.011818312108516693,2769,675,2.5116519161201194
0,4,LD20-5413,107.72,90.0,114.56,98.0,B7,7,B7_R0_C4,2,6,16,E06_N16,10/22/2025 11:20:20 AM,16,7,1.245,,161,main,S_to_N,False,1.245,1.245,2025-10-22 11:20:20,3.9814434203796445,8,0.2390139335476956,0.019738059490919113,2799,669,2.0093215337560095
1,0,AG29XF4,80.37,100.0,87.21,108.0,B7,7,B7_R1_C0,2,10,15,E10_N15,10/22/2025 12:14:58 PM,15,11,1.405,,256,main,S_to_N,False,1.405,1.405,2025-10-22 12:14:58,3.981443422083552,12,0.3519113969274741,0.01984528824687004,2799,985,3.0139822993441436
1,1,LD21-7234,87.21,100.0,94.05,108.0,B7,7,B7_R1_C1,2,9,15,E09_N15,10/22/2025 11:56:06 AM,15,10,0.78,,227,main,N_to_S,False,0.78,0.78,2025-10-22 11:56:06,3.981443422083552,12,0.3115398356555913,0.023897036910057068,2799,872,3.0139822993441436
1,2,AG29XF5,94.05,100.0,100.89,108.0,B7,7,B7_R1_C2,2,8,15,E08_N15,10/22/2025 11:46:00 AM,15,9,1.305,,208,main,S_to_N,False,1.305,1.305,2025-10-22 11:46:00,3.9814434221472115,10,0.4194364161849711,0.0039751846343278885,2768,1161,2.511651916079961
1,3,LD20-5738,100.89,100.0,107.73,108.0,B7,7,B7_R1_C3,2,7,15,E07_N15,10/22/2025 11:31:32 AM,15,8,0.635,,179,main,N_to_S,False,0.635,0.635,2025-10-22 11:31:32,3.981443422147211,14,0.3259471050750536,0.015517748892307281,2798,912,3.5163126825119457
1,4,AG29XF5,107.72,100.0,114.56,108.0,B7,7,B7_R1_C4,2,6,15,E06_N15,10/22/2025 11:19:54 AM,15,7,1.79,,160,main,S_to_N,False,1.79,1.79,2025-10-22 11:19:54,3.981443422083552,15,0.49156799425905995,0.007728245109319687,2787,1370,3.7674778741801793
2,0,LD22-4283,80.37,110.0,87.21,118.0,B7,7,B7_R2_C0,2,10,14,E10_N14,10/22/2025 12:14:27 PM,14,11,1.52,,255,main,S_to_N,False,1.52,1.52,2025-10-22 12:14:27,3.9814434203796445,9,0.32344531808434596,0.019615501165390015,2798,905,2.2604867254755105
2,1,AG29XF4,87.21,110.0,94.05,118.0,B7,7,B7_R2_C1,2,9,14,E09_N14,10/22/2025 11:56:30 AM,14,10,0.375,,228,main,N_to_S,False,0.375,0.375,2025-10-22 11:56:30,3.9814434203796445,9,0.4102099927588704,0.019523579627275467,2762,1133,2.2604867254755105
2,2,LD11-2170,94.05,110.0,100.89,118.0,B7,7,B7_R2_C2,2,8,14,E08_N14,10/22/2025 11:45:27 AM,14,9,0.78,,207,main,S_to_N,False,0.78,0.78,2025-10-22 11:45:27,3.981443421242533,10,0.4739863652673125,0.007628675550222397,2787,1321,2.511651916650668
2,3,AG29XF4,100.89,110.0,107.73,118.0,B7,7,B7_R2_C3,2,7,14,E07_N14,10/22/2025 11:31:59 AM,14,8,1.385,,180,main,N_to_S,False,1.385,1.385,2025-10-22 11:31:59,3.981443422083552,11,0.36314655172413796,0.01183365285396576,2784,1011,2.7628171077321317
2,4,LD21-5253,107.72,110.0,114.56,118.0,B7,7,B7_R2_C4,2,6,14,E06_N14,10/22/2025 11:19:21 AM,14,7,1.62,,159,main,S_to_N,False,1.62,1.62,2025-10-22 11:19:21,3.981443422083552,14,0.44770177343467243,0.015502477064728737,2763,1237,3.5163126825681674
3,0,AG29XF5,80.37,120.0,87.21,128.0,B7,7,B7_R3_C0,2,10,13,E10_N13,10/22/2025 12:13:45 PM,13,11,1.11,,254,main,S_to_N,False,1.11,1.11,2025-10-22 12:13:45,3.981443420443304,10,0.41404270720231634,0.019669149070978165,2763,1144,2.511651917154853
3,1,LD20-4988,87.21,120.0,94.05,128.0,B7,7,B7_R3_C1,2,9,13,E09_N13,10/22/2025 11:56:55 AM,13,10,0.9,,229,main,N_to_S,False,0.9,0.9,2025-10-22 11:56:55,3.9814434204433042,15,0.404247660187185,0.019807007163763046,2778,1123,3.767477875732279
3,2,AG29XF4,94.05,120.0,100.89,128.0,B7,7,B7_R3_C2,2,8,13,E08_N13,10/22/2025 11:45:04 AM,13,9,1.115,,206,main,S_to_N,False,1.115,1.115,2025-10-22 11:45:04,3.9814434203796445,12,0.3900862068965517,0.01947764866054058,2784,1086,3.0139823006340145
3,3,LD22-4283,100.89,120.0,107.73,128.0,B7,7,B7_R3_C3,2,7,13,E07_N13,10/22/2025 11:32:24 AM,13,8,0.675,,181,main,N_to_S,False,0.675,0.675,2025-10-22 11:32:24,3.9814434203796445,10,0.4246031746031746,0.01575520448386669,2772,1177,2.511651917195012
3,4,AG29XF5,107.72,120.0,114.56,128.0,B7,7,B7_R3_C4,2,6,13,E06_N13,10/22/2025 11:18:50 AM,13,7,2.025,,158,main,S_to_N,False,2.025,2.025,2025-10-22 11:18:50,3.981443422083552,8,0.46654676258992805,0.015571413561701775,2780,1297,2.0093215328960956
4,0,LD20-4542,80.37,130.0,87.21,138.0,B7,7,B7_R4_C0,2,10,12,E10_N12,10/22/2025 12:13:08 PM,12,11,1.075,,253,main,S_to_N,False,1.075,1.075,2025-10-22 12:13:08,3.981443421242533,14,0.3719754423979776,0.02770373225212097,2769,1030,3.516312683310935
4,1,AG29XF4,87.21,130.0,94.05,138.0,B7,7,B7_R4_C1,2,9,12,E09_N12,10/22/2025 11:57:30 AM,12,10,1.165,,230,main,N_to_S,False,1.165,1.165,2025-10-22 11:57:30,3.9814434203796445,8,0.2992831541218638,0.019944842904806137,2790,835,2.0093215337560095
4,2,LD11-2170,94.05,130.0,100.89,138.0,B7,7,B7_R4_C2,2,8,12,E08_N12,10/22/2025 11:44:34 AM,12,9,0.865,,205,main,S_to_N,False,0.865,0.865,2025-10-22 11:44:34,3.9814434203796445,9,0.4237106017191977,0.01948528364300728,2792,1183,2.2604867254755105
4,3,AG29XF5,100.89,130.0,107.73,138.0,B7,7,B7_R4_C3,2,7,12,E07_N12,10/22/2025 11:32:50 AM,12,8,1.005,,182,main,N_to_S,False,1.005,1.005,2025-10-22 11:32:50,3.9814434203796445,2,0.042177361211247294,0.08654261380434036,2774,117,0.5023303834390024
4,4,LD20-5413,107.72,130.0,114.56,138.0,B7,7,B7_R4_C4,2,6,12,E06_N12,10/22/2025 11:18:23 AM,12,7,1.545,,157,main,S_to_N,False,1.545,1.545,2025-10-22 11:18:23,3.981443422083552,13,0.4423008217220436,0.015517767518758774,2799,1238,3.2651474909561555
5,0,AG29XF5,80.37,140.0,87.21,148.0,B7,7,B7_R5_C0,2,10,11,E10_N11,10/22/2025 12:12:44 PM,11,11,1.495,,252,main,S_to_N,False,1.495,1.495,2025-10-22 12:12:44,3.981443422083552,9,0.24151482672382993,0.050551459193229675,2799,676,2.2604867245081075
5,1,LD20-4988,87.21,140.0,94.05,148.0,B7,7,B7_R5_C1,2,9,11,E09_N11,10/22/2025 11:57:55 AM,11,10,0.74,,231,main,N_to_S,False,0.74,0.74,2025-10-22 11:57:55,3.981443422083552,11,0.24580207216863165,0.031204048544168472,2799,688,2.7628171077321317
5,2,AG29XF4,94.05,140.0,100.89,148.0,B7,7,B7_R5_C2,2,8,11,E08_N11,10/22/2025 11:44:04 AM,11,9,0.755,,204,main,S_to_N,False,0.755,0.755,2025-10-22 11:44:04,3.981443422083552,7,0.4949421965317919,0.00788143277168274,2768,1370,1.7581563412840837
5,3,LD21-5253,100.89,140.0,107.73,148.0,B7,7,B7_R5_C3,2,7,11,E07_N11,10/22/2025 11:33:12 AM,11,8,0.62,,183,main,N_to_S,False,0.62,0.62,2025-10-22 11:33:12,3.981443421242533,10,0.5062522329403358,0.011649828404188156,2799,1417,2.511651916650668
5,4,AG29XF5,107.72,140.0,114.56,148.0,B7,7,B7_R5_C4,2,6,11,E06_N11,10/22/2025 11:17:55 AM,11,7,2.02,,156,main,S_to_N,False,2.02,2.02,2025-10-22 11:17:55,3.981443422083552,5,0.2686673812075741,0.015939030796289444,2799,752,1.2558259580600597
6,0,LD20-5738,80.37,150.0,87.21,158.0,B7,7,B7_R6_C0,2,10,10,E10_N10,10/22/2025 12:12:13 PM,10,11,0.865,,251,main,S_to_N,False,0.865,0.865,2025-10-22 12:12:13,3.981443422083552,11,0.3707142857142857,0.03132659196853638,2800,1038,2.7628171077321317
6,1,AG29XF4,87.21,150.0,94.05,158.0,B7,7,B7_R6_C1,2,9,10,E09_N10,10/22/2025 11:58:25 AM,10,10,1.76,,232,main,N_to_S,False,1.76,1.76,2025-10-22 11:58:25,3.981443422083552,7,0.44689306358381503,0.02700674533843994,2768,1237,1.7581563412840837
6,2,LD20-4471,94.05,150.0,100.89,158.0,B7,7,B7_R6_C2,2,8,10,E08_N10,10/22/2025 11:43:33 AM,10,9,1.065,,203,main,S_to_N,False,1.065,1.065,2025-10-22 11:43:33,3.9814434221472115,9,0.29260450160771706,0.019692111760377884,2799,819,2.260486724471965
6,3,AG29XF5,100.89,150.0,107.73,158.0,B7,7,B7_R6_C3,2,7,10,E07_N10,10/22/2025 11:33:36 AM,10,8,1.05,,184,main,N_to_S,False,1.05,1.05,2025-10-22 11:33:36,3.981443422147211,7,0.3461950696677385,0.01940102130174637,2799,969,1.7581563412559729
6,4,LD21-7234,107.72,150.0,114.56,158.0,B7,7,B7_R6_C4,2,6,10,E06_N10,10/22/2025 11:17:29 AM,10,7,1.44,,155,main,S_to_N,False,1.44,1.44,2025-10-22 11:17:29,3.981443421306193,5,0.3063583815028902,0.03105083853006363,2768,848,1.2558259583052542
7,0,AG29XF4,80.37,160.0,87.21,168.0,B7,7,B7_R7_C0,2,10,9,E10_N09,10/22/2025 12:11:43 PM,9,11,0.965,,250,main,S_to_N,False,0.965,0.965,2025-10-22 12:11:43,3.981443422083552,6,0.08297258297258298,0.10213694721460342,2772,230,1.5069911496720718
7,1,LD11-2170,87.21,160.0,94.05,168.0,B7,7,B7_R7_C1,2,9,9,E09_N09,10/22/2025 11:58:57 AM,9,10,0.645,,233,main,N_to_S,False,0.645,0.645,2025-10-22 11:58:57,3.981443422083552,9,0.27662616154395997,0.027152255177497864,2798,774,2.2604867245081075
7,2,AG29XF5,94.05,160.0,100.89,168.0,B7,7,B7_R7_C2,2,8,9,E08_N09,10/22/2025 11:43:07 AM,9,9,0.77,,202,main,S_to_N,False,0.77,0.77,2025-10-22 11:43:07,3.981443422083552,16,0.36601073345259394,0.015456516295671463,2795,1023,4.018643065792191
7,3,LD20-5413,100.89,160.0,107.73,168.0,B7,7,B7_R7_C3,2,7,9,E07_N09,10/22/2025 11:33:59 AM,9,8,0.66,,185,main,N_to_S,False,0.66,0.66,2025-10-22 11:33:59,3.981443422083552,9,0.4098124098124098,0.019424032419919968,2772,1136,2.2604867245081075
7,4,AG29XF4,107.72,160.0,114.56,168.0,B7,7,B7_R7_C4,2,6,9,E06_N09,10/22/2025 11:17:04 AM,9,7,1.825,,154,main,S_to_N,False,1.825,1.825,2025-10-22 11:17:04,3.9814434203796445,3,0.19574621485219898,0.05453430861234665,2774,543,0.7534955751585036
0,0,LD17-10473L,115.81,90.0,122.65,98.0,B8,8,B8_R0_C0,3,5,16,E05_N16,10/22/2025 11:05:11 AM,16,6,1.1,,130,main,N_to_S,False,1.1,1.1,2025-10-22 11:05:11,3.9814434203796445,7,0.21900678813862093,0.035454973578453064,2799,613,1.7581563420365083
0,1,LG3216,122.65,90.0,129.49,98.0,B8,8,B8_R0_C1,3,4,16,E04_N16,10/22/2025 10:56:14 AM,16,5,0.965,,113,main,S_to_N,False,0.965,0.965,2025-10-22 10:56:14,3.9814434203796445,2,0.36475261827374506,0.11332723498344421,2769,1010,0.5023303834390024
0,2,LD20-4988,129.49,90.0,136.33,98.0,B8,8,B8_R0_C2,3,3,16,E03_N16,10/22/2025 10:39:29 AM,16,4,1.15,,82,main,N_to_S,False,1.15,1.15,2025-10-22 10:39:29,3.981443421242533,5,0.24687388352983208,0.046660542488098145,2799,691,1.255825958325334
0,3,LG3216,136.32,90.0,143.16,98.0,B8,8,B8_R0_C3,3,2,16,E02_N16,10/22/2025 10:29:42 AM,16,3,1.41,,65,main,S_to_N,False,1.41,1.41,2025-10-22 10:29:42,3.981443422083552,6,0.23937120400142908,0.04745710641145706,2799,670,1.5069911496720718
0,4,LD20-5738,143.16,90.0,150.0,98.0,B8,8,B8_R0_C4,3,1,16,E01_N16,10/22/2025 10:07:17 AM,16,2,1.33,,34,main,N_to_S,False,1.33,1.33,2025-10-22 10:07:17,3.981443422083552,3,0.27890173410404623,0.14513635635375977,2768,772,0.7534955748360359
1,0,LG3216,115.81,100.0,122.65,108.0,B8,8,B8_R1_C0,3,5,15,E05_N15,10/22/2025 11:05:39 AM,15,6,1.135,,131,main,N_to_S,False,1.135,1.135,2025-10-22 11:05:39,3.9814434203796445,5,0.07478323699421965,0.06297488510608673,2768,207,1.255825958597506
1,1,LD19-10076,122.65,100.0,129.49,108.0,B8,8,B8_R1_C1,3,4,15,E04_N15,10/22/2025 10:55:43 AM,15,5,1.42,,112,main,S_to_N,False,1.42,1.42,2025-10-22 10:55:43,3.9814434203796445,7,0.1396927474097892,0.06660538166761398,2799,391,1.7581563420365083
1,2,LG3216,129.49,100.0,136.33,108.0,B8,8,B8_R1_C2,3,3,15,E03_N15,10/22/2025 10:39:57 AM,15,4,1.89,,83,main,N_to_S,False,1.89,1.89,2025-10-22 10:39:57,3.981443420443304,4,0.2522329403358342,0.08199296146631241,2799,706,1.0046607668619412
1,3,LD20-11748,136.32,100.0,143.16,108.0,B8,8,B8_R1_C3,3,2,15,E02_N15,10/22/2025 10:29:08 AM,15,3,1.135,,64,main,S_to_N,False,1.135,1.135,2025-10-22 10:29:08,3.981443422083552,3,0.07979688066739209,0.07823991030454636,2757,220,0.7534955748360359
1,4,LG3216,143.16,100.0,150.0,108.0,B8,8,B8_R1_C4,3,1,15,E01_N15,10/22/2025 10:07:56 AM,15,2,1.58,,35,main,N_to_S,False,1.58,1.58,2025-10-22 10:07:56,3.981443422083552,1,0.036637931034482756,0.12639401853084564,2784,102,0.25116519161201195
2,0,LD21-5991,115.81,110.0,122.65,118.0,B8,8,B8_R2_C0,3,5,14,E05_N14,10/22/2025 11:06:07 AM,14,6,1.27,,132,main,N_to_S,False,1.27,1.27,2025-10-22 11:06:07,3.981443422083552,4,0.158968850698174,0.043336424976587296,2793,444,1.0046607664480478
2,1,LG3216,122.65,110.0,129.49,118.0,B8,8,B8_R2_C1,3,4,14,E04_N14,10/22/2025 10:54:59 AM,14,5,1.2,,111,main,S_to_N,False,1.2,1.2,2025-10-22 10:54:59,3.981443421242533,8,0.17682926829268292,0.03508732467889786,2788,493,2.0093215333205343
2,2,LD21-5253,129.49,110.0,136.33,118.0,B8,8,B8_R2_C2,3,3,14,E03_N14,10/22/2025 10:40:29 AM,14,4,1.245,,84,main,N_to_S,False,1.245,1.245,2025-10-22 10:40:29,3.9814434203796445,5,0.26167209554831705,0.027374379336833954,2763,723,1.255825958597506
2,3,LG3216,136.32,110.0,143.16,118.0,B8,8,B8_R2_C3,3,2,14,E02_N14,10/22/2025 10:28:26 AM,14,3,1.01,,63,main,S_to_N,False,1.01,1.01,2025-10-22 10:28:26,3.981443422083552,5,0.11123110151187905,0.031548693776130676,2778,309,1.2558259580600597
2,4,LD17-10473F,143.16,110.0,150.0,118.0,B8,8,B8_R2_C4,3,1,14,E01_N14,10/22/2025 10:09:11 AM,14,2,1.33,,36,main,N_to_S,False,1.33,1.33,2025-10-22 10:09:11,3.981443422083552,1,0.023706896551724137,0.0987745150923729,2784,66,0.25116519161201195
3,0,LG3216,115.81,120.0,122.65,128.0,B8,8,B8_R3_C0,3,5,13,E05_N13,10/22/2025 11:06:32 AM,13,6,1.305,,133,main,N_to_S,False,1.305,1.305,2025-10-22 11:06:32,3.9814434221472115,4,0.31788793103448276,0.051409292966127396,2784,885,1.0046607664319844
3,1,LD21-3090,122.65,120.0,129.49,128.0,B8,8,B8_R3_C1,3,4,13,E04_N13,10/22/2025 10:54:28 AM,13,5,1.255,,110,main,S_to_N,False,1.255,1.255,2025-10-22 10:54:28,3.981443422147211,6,0.12626262626262627,0.06640627980232239,2772,350,1.5069911496479766
3,2,LG3216,129.49,120.0,136.33,128.0,B8,8,B8_R3_C2,3,3,13,E03_N13,10/22/2025 10:40:53 AM,13,4,0.97,,85,main,N_to_S,False,0.97,0.97,2025-10-22 10:40:53,3.981443422083552,4,0.2163235825207656,0.07400426268577576,2769,599,1.0046607664480478
3,3,LD21-5665,136.32,120.0,143.16,128.0,B8,8,B8_R3_C3,3,2,13,E02_N13,10/22/2025 10:27:50 AM,13,3,1.145,,62,main,S_to_N,False,1.145,1.145,2025-10-22 10:27:50,3.981443422147211,15,0.3774597495527728,0.031456805765628815,2795,1055,3.7674778741199417
3,4,LG3216,143.16,120.0,150.0,128.0,B8,8,B8_R3_C4,3,1,13,E01_N13,10/22/2025 10:10:26 AM,13,2,1.525,,37,main,N_to_S,False,1.525,1.525,2025-10-22 10:10:26,3.981443422083552,8,0.15736766809728184,0.03153340145945549,2796,440,2.0093215328960956
4,0,LD20-4471,115.81,130.0,122.65,138.0,B8,8,B8_R4_C0,3,5,12,E05_N12,10/22/2025 11:06:56 AM,12,6,1.27,,134,main,N_to_S,False,1.27,1.27,2025-10-22 11:06:56,3.981443422083552,3,0.1037329504666188,0.10538451373577118,2786,289,0.7534955748360359
4,1,LG3216,122.65,130.0,129.49,138.0,B8,8,B8_R4_C1,3,4,12,E04_N12,10/22/2025 10:54:00 AM,12,5,0.735,,109,main,S_to_N,False,0.735,0.735,2025-10-22 10:54:00,3.981443422083552,6,0.2592057761732852,0.08995095640420914,2770,718,1.5069911496720718
4,2,LD20-4542,129.49,130.0,136.33,138.0,B8,8,B8_R4_C2,3,3,12,E03_N12,10/22/2025 10:41:20 AM,12,4,1.16,,86,main,N_to_S,False,1.16,1.16,2025-10-22 10:41:20,3.981443422083552,4,0.23222579492675954,0.07044269889593124,2799,650,1.0046607664480478
4,3,LG3216,136.32,130.0,143.16,138.0,B8,8,B8_R4_C3,3,2,12,E02_N12,10/22/2025 10:27:15 AM,12,3,0.98,,61,main,S_to_N,False,0.98,0.98,2025-10-22 10:27:15,3.9814434203796445,10,0.26402286530903896,0.043627455830574036,2799,739,2.511651917195012
4,4,LD21-5944,143.16,130.0,150.0,138.0,B8,8,B8_R4_C4,3,1,12,E01_N12,10/22/2025 10:11:02 AM,12,2,0.86,,38,main,N_to_S,False,0.86,0.86,2025-10-22 10:11:02,3.981443421242533,11,0.30527456647398843,0.04288450628519058,2768,845,2.7628171083157347
5,0,LG3216,115.81,140.0,122.65,148.0,B8,8,B8_R5_C0,3,5,11,E05_N11,10/22/2025 11:07:22 AM,11,6,0.93,,135,main,N_to_S,False,0.93,0.93,2025-10-22 11:07:22,3.981443422083552,2,0.20917630057803469,0.1014399528503418,2768,579,0.5023303832240239
5,1,LD20-5413,122.65,140.0,129.49,148.0,B8,8,B8_R5_C1,3,4,11,E04_N11,10/22/2025 10:53:23 AM,11,5,1.485,,108,main,S_to_N,False,1.485,1.485,2025-10-22 10:53:23,3.981443422083552,2,0.27152554483744196,0.09034161269664764,2799,760,0.5023303832240239
5,2,LG3216,129.49,140.0,136.33,148.0,B8,8,B8_R5_C2,3,3,11,E03_N11,10/22/2025 10:41:45 AM,11,4,1.805,,87,main,N_to_S,False,1.805,1.805,2025-10-22 10:41:45,3.981443422083552,13,0.4340836012861736,0.03495711088180542,2799,1215,3.2651474909561555
5,3,LD11-2170,136.32,140.0,143.16,148.0,B8,8,B8_R5_C3,3,2,11,E02_N11,10/22/2025 10:26:35 AM,11,3,1.265,,60,main,S_to_N,False,1.265,1.265,2025-10-22 10:26:35,3.9814434203796445,9,0.19111271676300579,0.04715074971318245,2768,529,2.2604867254755105
5,4,LG3216,143.16,140.0,150.0,148.0,B8,8,B8_R5_C4,3,1,11,E01_N11,10/22/2025 10:11:47 AM,11,2,1.33,,39,main,N_to_S,False,1.33,1.33,2025-10-22 10:11:47,3.9814434203796445,8,0.17399071096820293,0.10547640919685364,2799,487,2.0093215337560095
6,0,LD22-4283,115.81,150.0,122.65,158.0,B8,8,B8_R6_C0,3,5,10,E05_N10,10/22/2025 11:07:48 AM,10,6,1.125,,136,main,N_to_S,False,1.125,1.125,2025-10-22 11:07:48,3.981443422083552,6,0.2436584494462308,0.07045803219079971,2799,682,1.5069911496720718
6,1,LG3216,122.65,150.0,129.49,158.0,B8,8,B8_R6_C1,3,4,10,E04_N10,10/22/2025 10:52:52 AM,10,5,1.23,,107,main,S_to_N,False,1.23,1.23,2025-10-22 10:52:52,3.981443422083552,3,0.05680600214362272,0.05471046641469002,2799,159,0.7534955748360359
6,2,LD21-7234,129.49,150.0,136.33,158.0,B8,8,B8_R6_C2,3,3,10,E03_N10,10/22/2025 10:42:17 AM,10,4,1.43,,88,main,N_to_S,False,1.43,1.43,2025-10-22 10:42:17,3.9814434221472115,15,0.4264069264069264,0.011642154306173325,2772,1182,3.7674778741199413
6,3,LG3216,136.32,150.0,143.16,158.0,B8,8,B8_R6_C3,3,2,10,E02_N10,10/22/2025 10:25:45 AM,10,3,1.325,,59,main,S_to_N,False,1.325,1.325,2025-10-22 10:25:45,3.981443421242533,5,0.0898353614889048,0.07480087131261826,2794,251,1.255825958325334
6,4,LD19-10244,143.16,150.0,150.0,158.0,B8,8,B8_R6_C4,3,1,10,E01_N10,10/22/2025 10:12:29 AM,10,2,1.27,,40,main,N_to_S,False,1.27,1.27,2025-10-22 10:12:29,3.981443420443304,5,0.1917562724014337,0.06269912421703339,2790,535,1.2558259585774265
7,0,LG3216,115.81,160.0,122.65,168.0,B8,8,B8_R7_C0,3,5,9,E05_N09,10/22/2025 11:08:10 AM,9,6,0.435,,137,main,N_to_S,False,0.435,0.435,2025-10-22 11:08:10,3.981443422083552,4,0.37227581279028227,0.12918201088905334,2799,1042,1.0046607664480478
7,1,LD07-3395bf,122.65,160.0,129.49,168.0,B8,8,B8_R7_C1,3,4,9,E04_N09,10/22/2025 10:52:22 AM,9,5,0.975,,106,main,S_to_N,False,0.975,0.975,2025-10-22 10:52:22,3.981443422083552,6,0.20122390208783297,0.09041820466518402,2778,559,1.5069911496720718
7,2,LG3216,129.49,160.0,136.33,168.0,B8,8,B8_R7_C2,3,3,9,E03_N09,10/22/2025 10:42:48 AM,9,4,1.105,,89,main,N_to_S,False,1.105,1.105,2025-10-22 10:42:48,3.981443422083552,8,0.34388489208633094,0.019370373338460922,2780,956,2.0093215328960956
7,3,LD00-2817P,136.32,160.0,143.16,168.0,B8,8,B8_R7_C3,3,2,9,E02_N09,10/22/2025 10:25:08 AM,9,3,1.23,,58,main,S_to_N,False,1.23,1.23,2025-10-22 10:25:08,3.981443422083552,2,0.05064655172413793,0.07813265174627304,2784,141,0.5023303832240239
7,4,LG3216,143.16,160.0,150.0,168.0,B8,8,B8_R7_C4,3,1,9,E01_N09,10/22/2025 10:13:24 AM,9,2,1.705,,41,main,N_to_S,False,1.705,1.705,2025-10-22 10:13:24,3.981443422083552,2,0.09726224783861671,0.08176318556070328,2776,270,0.5023303832240239
0,0,LD20-11748,9.5,170.0,16.34,178.0,B9,9,B9_R0_C0,3,20,8,E20_N08,10/23/2025 9:53:08 AM,8,1,0.96,,8,west_last_pass,S_to_N,False,0.96,0.96,2025-10-23 09:53:08,3.981443422083552,8,0.16955266955266957,0.03158701956272125,2772,470,2.0093215328960956
0,1,LG3216,16.34,170.0,23.18,178.0,B9,9,B9_R0_C1,3,19,8,E19_N08,10/23/2025 9:43:52 AM,8,20,0.69,,474,main,N_to_S,False,0.69,0.69,2025-10-23 09:43:52,3.981443422083552,10,0.19621157969978556,0.05497090891003609,2798,549,2.5116519161201194
0,2,LD20-4542,23.17,170.0,30.01,178.0,B9,9,B9_R0_C2,3,18,8,E18_N08,10/22/2025 3:34:05 PM,8,19,0.945,,441,main,S_to_N,False,0.945,0.945,2025-10-22 15:34:05,3.9814434203796445,5,0.16146393972012918,0.07104013860225677,2787,450,1.255825958597506
0,3,LG3216,30.01,170.0,36.85,178.0,B9,9,B9_R0_C3,3,17,8,E17_N08,10/22/2025 3:26:16 PM,8,18,0.785,,426,main,N_to_S,False,0.785,0.785,2025-10-22 15:26:16,3.9814434203796445,9,0.4232020238525479,0.13321079313755035,2767,1171,2.2604867254755105
0,4,LD21-3090,36.85,170.0,43.69,178.0,B9,9,B9_R0_C4,3,16,8,E16_N08,10/22/2025 3:11:42 PM,8,17,0.58,,393,main,S_to_N,False,0.58,0.58,2025-10-22 15:11:42,3.9814434203796445,9,0.4178082191780822,0.007866095751523972,2774,1159,2.2604867254755105
1,0,LG3216,9.5,180.0,16.34,188.0,B9,9,B9_R1_C0,3,20,7,E20_N07,10/23/2025 9:52:44 AM,7,1,1.53,,7,west_last_pass,S_to_N,False,1.53,1.53,2025-10-23 09:52:44,3.981443422083552,13,0.29060136838314726,0.02785693109035492,2777,807,3.2651474909561555
1,1,LD20-5413,16.34,180.0,23.18,188.0,B9,9,B9_R1_C1,3,19,7,E19_N07,10/23/2025 9:44:29 AM,7,20,0.58,,475,main,N_to_S,False,0.58,0.58,2025-10-23 09:44:29,3.9814434221472115,11,0.2848419540229885,0.023613665252923965,2784,793,2.762817107687957
1,2,LG3216,23.17,180.0,30.01,188.0,B9,9,B9_R1_C2,3,18,7,E18_N07,10/22/2025 3:33:43 PM,7,19,1.07,,440,main,S_to_N,False,1.07,1.07,2025-10-22 15:33:43,3.981443422083552,13,0.2935878962536023,0.019914226606488228,2776,815,3.2651474909561555
1,3,LD21-5944,30.01,180.0,36.85,188.0,B9,9,B9_R1_C3,3,17,7,E17_N07,10/22/2025 3:26:41 PM,7,18,0.73,,427,main,N_to_S,False,0.73,0.73,2025-10-22 15:26:41,3.981443421242533,12,0.31790235081374324,0.01942402869462967,2765,879,3.0139822999808015
1,4,LG3216,36.85,180.0,43.69,188.0,B9,9,B9_R1_C4,3,16,7,E16_N07,10/22/2025 3:11:14 PM,7,17,0.2,,392,main,S_to_N,False,0.2,0.2,2025-10-22 15:11:14,3.981443420443304,5,0.3101470060953747,0.10946693271398544,2789,865,1.2558259585774265
2,0,LD21-5991,9.5,190.0,16.34,198.0,B9,9,B9_R2_C0,3,20,6,E20_N06,10/23/2025 9:52:16 AM,6,1,0.87,,6,west_last_pass,S_to_N,False,0.87,0.87,2025-10-23 09:52:16,3.981443422083552,16,0.3239942528735632,0.023452818393707275,2784,902,4.018643065792191
2,1,LG3216,16.34,190.0,23.18,198.0,B9,9,B9_R2_C1,3,19,6,E19_N06,10/23/2025 9:45:05 AM,6,20,1.025,,476,main,N_to_S,False,1.025,1.025,2025-10-23 09:45:05,3.981443422083552,13,0.32219827586206895,0.019592519849538803,2784,897,3.2651474909561555
2,2,LD00-2817P,23.17,190.0,30.01,198.0,B9,9,B9_R2_C2,3,18,6,E18_N06,10/22/2025 3:33:19 PM,6,19,1.39,,439,main,S_to_N,False,1.39,1.39,2025-10-22 15:33:19,3.981443422083552,11,0.40693892302132273,0.02334558218717575,2767,1126,2.7628171077321317
2,3,LG3216,30.01,190.0,36.85,198.0,B9,9,B9_R2_C3,3,17,6,E17_N06,10/22/2025 3:27:07 PM,6,18,0.925,,428,main,N_to_S,False,0.925,0.925,2025-10-22 15:27:07,3.981443422083552,4,0.06895319757056091,0.04285385459661484,2799,193,1.0046607664480478
2,4,LD22-4283,36.85,190.0,43.69,198.0,B9,9,B9_R2_C4,3,16,6,E16_N06,10/22/2025 3:10:48 PM,6,17,1.02,,391,main,S_to_N,False,1.02,1.02,2025-10-22 15:10:48,3.981443422083552,1,0.07324044301536263,0.11397057771682739,2799,205,0.25116519161201195
3,0,LG3216,9.5,200.0,16.34,208.0,B9,9,B9_R3_C0,3,20,5,E20_N05,10/23/2025 9:51:46 AM,5,1,1.015,,5,west_last_pass,S_to_N,False,1.015,1.015,2025-10-23 09:51:46,3.9814434203796445,13,0.4855098389982111,0.019554227590560913,2795,1357,3.2651474923535155
3,1,LD17-10473F,16.34,200.0,23.18,208.0,B9,9,B9_R3_C1,3,19,5,E19_N05,10/23/2025 9:45:34 AM,5,20,1.155,,477,main,N_to_S,False,1.155,1.155,2025-10-23 09:45:34,3.981443421242533,9,0.34284682080924855,0.027619481086730957,2768,949,2.260486724985601
3,2,LG3216,23.17,200.0,30.01,208.0,B9,9,B9_R3_C2,3,18,5,E18_N05,10/22/2025 3:32:53 PM,5,19,1.37,,438,main,S_to_N,False,1.37,1.37,2025-10-22 15:32:53,3.981443422147211,6,0.18756698821007503,0.06233149394392967,2799,525,1.5069911496479766
3,3,LD19-10076,30.01,200.0,36.85,208.0,B9,9,B9_R3_C3,3,17,5,E17_N05,10/22/2025 3:27:33 PM,5,18,0.685,,429,main,N_to_S,False,0.685,0.685,2025-10-22 15:27:33,3.981443422083552,10,0.30903894247945696,0.023705586791038513,2799,865,2.5116519161201194
3,4,LG3216,36.85,200.0,43.69,208.0,B9,9,B9_R3_C4,3,16,5,E16_N05,10/22/2025 3:10:24 PM,5,17,1.26,,390,main,S_to_N,False,1.26,1.26,2025-10-22 15:10:24,3.981443422083552,7,0.23157514450867053,0.07829349488019943,2768,641,1.7581563412840837
4,0,LD11-2170,9.5,210.0,16.34,218.0,B9,9,B9_R4_C0,3,20,4,E20_N04,10/23/2025 9:51:21 AM,4,1,1.56,,4,west_last_pass,S_to_N,False,1.56,1.56,2025-10-23 09:51:21,3.9814434203796445,1,0.07695086705202313,0.1575520783662796,2768,213,0.2511651917195012
4,1,LG3216,16.34,210.0,23.18,218.0,B9,9,B9_R4_C1,3,19,4,E19_N04,10/23/2025 9:46:03 AM,4,20,1.165,,478,main,N_to_S,False,1.165,1.165,2025-10-23 09:46:03,3.9814434203796445,3,0.15291175419792782,0.11050856113433838,2799,428,0.7534955751585036
4,2,LD21-7234,23.17,210.0,30.01,218.0,B9,9,B9_R4_C2,3,18,4,E18_N04,10/22/2025 3:32:26 PM,4,19,1.615,,437,main,S_to_N,False,1.615,1.615,2025-10-22 15:32:26,3.981443422083552,8,0.2522329403358342,0.055009204894304276,2799,706,2.0093215328960956
4,3,LG3216,30.01,210.0,36.85,218.0,B9,9,B9_R4_C3,3,17,4,E17_N04,10/22/2025 3:27:57 PM,4,18,1.19,,430,main,N_to_S,False,1.19,1.19,2025-10-22 15:27:57,3.981443422083552,4,0.17038904899135446,0.10121782124042511,2776,473,1.0046607664480478
4,4,LD21-5253,36.85,210.0,43.69,218.0,B9,9,B9_R4_C4,3,16,4,E16_N04,10/22/2025 3:10:01 PM,4,17,0.68,,389,main,S_to_N,False,0.68,0.68,2025-10-22 15:10:01,3.981443422083552,6,0.3235504652827487,0.07038141787052155,2794,904,1.5069911496720718
5,0,LG3216,9.5,220.0,16.34,228.0,B9,9,B9_R5_C0,3,20,3,E20_N03,10/23/2025 9:50:55 AM,3,1,1.39,,3,west_last_pass,S_to_N,False,1.39,1.39,2025-10-23 09:50:55,3.981443421242533,4,0.16893342877594847,0.09800858050584793,2794,472,1.0046607666602672
5,1,LD07-3395bf,16.34,220.0,23.18,228.0,B9,9,B9_R5_C1,3,19,3,E19_N03,10/23/2025 9:46:33 AM,3,20,0.69,,479,main,N_to_S,False,0.69,0.69,2025-10-23 09:46:33,3.9814434203796445,3,0.28867452661664883,0.10928308963775635,2799,808,0.7534955751585036
5,2,LG3216,23.17,220.0,30.01,228.0,B9,9,B9_R5_C2,3,18,3,E18_N03,10/22/2025 3:32:01 PM,3,19,1.175,,436,main,S_to_N,False,1.175,1.175,2025-10-22 15:32:01,3.981443422083552,9,0.33620999640417115,0.05447303503751755,2781,935,2.2604867245081075
5,3,LD20-5738,30.01,220.0,36.85,228.0,B9,9,B9_R5_C3,3,17,3,E17_N03,10/22/2025 3:28:20 PM,3,18,0.92,,431,main,N_to_S,False,0.92,0.92,2025-10-22 15:28:20,3.981443422083552,6,0.23207207207207206,0.08291973173618317,2775,644,1.5069911496720718
5,4,LG3216,36.85,220.0,43.69,228.0,B9,9,B9_R5_C4,3,16,3,E16_N03,10/22/2025 3:09:31 PM,3,17,1.08,,388,main,S_to_N,False,1.08,1.08,2025-10-22 15:09:31,3.981443422083552,4,0.2521551724137931,0.1688036173582077,2784,702,1.0046607664480478
6,0,LD20-4471,9.5,230.0,16.34,238.0,B9,9,B9_R6_C0,3,20,2,E20_N02,10/23/2025 9:50:27 AM,2,1,0.865,,2,west_last_pass,S_to_N,False,0.865,0.865,2025-10-23 09:50:27,3.9814434221472115,5,0.34311270125223614,0.09803157299757004,2795,959,1.2558259580399804
6,1,LG3216,16.34,230.0,23.18,238.0,B9,9,B9_R6_C1,3,19,2,E19_N02,10/23/2025 9:46:58 AM,2,20,0.7,,480,main,N_to_S,False,0.7,0.7,2025-10-23 09:46:58,3.981443422147211,1,0.02800718132854578,0.11037071794271469,2785,78,0.2511651916079961
6,2,LD19-10244,23.17,230.0,30.01,238.0,B9,9,B9_R6_C2,3,18,2,E18_N02,10/22/2025 3:31:32 PM,2,19,1.29,,435,main,S_to_N,False,1.29,1.29,2025-10-22 15:31:32,3.981443422083552,7,0.22419413256066642,0.09037221968173981,2761,619,1.7581563412840837
6,3,LG3216,30.01,230.0,36.85,238.0,B9,9,B9_R6_C3,3,17,2,E17_N02,10/22/2025 3:28:46 PM,2,18,1.31,,432,main,N_to_S,False,1.31,1.31,2025-10-22 15:28:46,3.9814434221472115,9,0.4188218390804598,0.03894761949777603,2784,1166,2.260486724471965
6,4,LD17-10473L,36.85,230.0,43.69,238.0,B9,9,B9_R6_C4,3,16,2,E16_N02,10/22/2025 3:09:04 PM,2,17,0.595,,387,main,S_to_N,False,0.595,0.595,2025-10-22 15:09:04,3.981443422147211,3,0.3487787356321839,0.16960786283016205,2784,971,0.7534955748239883
7,0,LG3216,9.5,240.0,16.34,248.0,B9,9,B9_R7_C0,3,20,1,E20_N01,10/23/2025 9:49:57 AM,1,1,0.42,,1,west_last_pass,S_to_N,False,0.42,0.42,2025-10-23 09:49:57,3.981443422083552,11,0.2848419540229885,0.03511027991771698,2784,793,2.7628171077321317
7,1,LD20-4988,16.34,240.0,23.18,248.0,B9,9,B9_R7_C1,3,19,1,E19_N01,10/23/2025 9:47:26 AM,1,20,1.66,,481,main,N_to_S,False,1.66,1.66,2025-10-23 09:47:26,3.981443422083552,10,0.3129992737835875,0.023613646626472473,2754,862,2.5116519161201194
7,2,LG3216,23.17,240.0,30.01,248.0,B9,9,B9_R7_C2,3,18,1,E18_N01,10/22/2025 3:31:03 PM,1,19,0.81,,434,main,S_to_N,False,0.81,0.81,2025-10-22 15:31:03,3.9814434203796445,10,0.2181557229996412,0.04696691408753395,2787,608,2.511651917195012
7,3,LD21-5665,30.01,240.0,36.85,248.0,B9,9,B9_R7_C3,3,17,1,E17_N01,10/22/2025 3:29:14 PM,1,18,1.075,,433,main,N_to_S,False,1.075,1.075,2025-10-22 15:29:14,3.9814434203796445,11,0.4462750716332378,0.12104779481887817,2792,1246,2.762817108914513
7,4,LG3216,36.85,240.0,43.69,248.0,B9,9,B9_R7_C4,3,16,1,E16_N01,10/22/2025 3:08:38 PM,1,17,0.48,,386,main,S_to_N,False,0.48,0.48,2025-10-22 15:08:38,3.981443421242533,10,0.308637513552584,0.04310663416981697,2767,854,2.511651916650668
0,0,AG36XF4,44.94,170.0,51.78,178.0,B10,10,B10_R0_C0,4,15,8,E15_N08,10/22/2025 2:44:51 PM,8,16,0.54,,378,main,N_to_S,False,0.54,0.54,2025-10-22 14:44:51,3.981443422083552,6,0.21078956770275098,0.038993578404188156,2799,590,1.5069911496720718
0,1,LD21-7234,51.77,170.0,58.61,178.0,B10,10,B10_R0_C1,4,14,8,E14_N08,10/22/2025 2:28:02 PM,8,15,1.235,,345,main,S_to_N,False,1.235,1.235,2025-10-22 14:28:02,3.981443422083552,4,0.22346570397111915,0.10235139727592468,2770,619,1.0046607664480478
0,2,AG38XF6,58.61,170.0,65.45,178.0,B10,10,B10_R0_C2,4,13,8,E13_N08,10/22/2025 2:20:38 PM,8,14,0.02,,330,main,N_to_S,False,0.02,0.02,2025-10-22 14:20:38,3.981443422083552,12,0.3038932948810382,0.04346660524606705,2774,843,3.0139822993441436
0,3,LD21-5944,65.45,170.0,72.29,178.0,B10,10,B10_R0_C3,4,12,8,E12_N08,10/22/2025 2:05:38 PM,8,13,1.39,,297,main,S_to_N,False,1.39,1.39,2025-10-22 14:05:38,3.981443422083552,12,0.41487068965517243,0.01541055366396904,2784,1155,3.0139822993441436
0,4,AG35XF5,72.29,170.0,79.13,178.0,B10,10,B10_R0_C4,4,11,8,E11_N08,10/22/2025 1:58:09 PM,8,12,1.09,,282,main,N_to_S,False,1.09,1.09,2025-10-22 13:58:09,3.981443422083552,7,0.29430835734870314,0.04711243137717247,2776,817,1.7581563412840837
1,0,LD21-3090,44.94,180.0,51.78,188.0,B10,10,B10_R1_C0,4,15,7,E15_N07,10/22/2025 2:45:15 PM,7,16,1.665,,379,main,N_to_S,False,1.665,1.665,2025-10-22 14:45:15,3.9814434203796445,4,0.3061959654178674,0.10531555861234665,2776,850,1.0046607668780048
1,1,AG34XF6,51.77,180.0,58.61,188.0,B10,10,B10_R1_C1,4,14,7,E14_N07,10/22/2025 2:27:37 PM,7,15,0.885,,344,main,S_to_N,False,0.885,0.885,2025-10-22 14:27:37,3.981443422083552,5,0.36491862567811933,0.027213532477617264,2765,1009,1.2558259580600597
1,2,LD20-11748,58.61,180.0,65.45,188.0,B10,10,B10_R1_C2,4,13,7,E13_N07,10/22/2025 2:21:03 PM,7,14,0.325,,331,main,N_to_S,False,0.325,0.325,2025-10-22 14:21:03,3.981443422083552,9,0.336566091954023,0.10965073108673096,2784,937,2.2604867245081075
1,3,AG40XFF5,65.45,180.0,72.29,188.0,B10,10,B10_R1_C3,4,12,7,E12_N07,10/22/2025 2:05:11 PM,7,13,0.945,,296,main,S_to_N,False,0.945,0.945,2025-10-22 14:05:11,3.9814434221472115,6,0.14311334289813488,0.05916820093989372,2788,399,1.5069911496479764
1,4,LD21-5665,72.29,180.0,79.13,188.0,B10,10,B10_R1_C4,4,11,7,E11_N07,10/22/2025 1:58:37 PM,7,12,1.27,,283,main,N_to_S,False,1.27,1.27,2025-10-22 13:58:37,3.981443422084209,6,0.21446654611211574,0.06692706048488617,2765,593,1.5069911496718231
2,0,AG38XF6,44.94,190.0,51.78,198.0,B10,10,B10_R2_C0,4,15,6,E15_N06,10/22/2025 2:45:41 PM,6,16,1.375,,380,main,N_to_S,False,1.375,1.375,2025-10-22 14:45:41,3.9814434203796445,13,0.22714078374455732,0.0825827568769455,2756,626,3.2651474923535155
2,1,LD07-3395bf,51.77,190.0,58.61,198.0,B10,10,B10_R2_C1,4,14,6,E14_N06,10/22/2025 2:27:10 PM,6,15,1.475,,343,main,S_to_N,False,1.475,1.475,2025-10-22 14:27:10,3.981443422083552,5,0.3341681574239714,0.12092526257038116,2795,934,1.2558259580600597
2,2,AG36XF4,58.61,190.0,65.45,198.0,B10,10,B10_R2_C2,4,13,6,E13_N06,10/22/2025 2:21:24 PM,6,14,0.5,,332,main,N_to_S,False,0.5,0.5,2025-10-22 14:21:24,3.981443422083552,6,0.3904966059306895,0.15630359947681427,2799,1093,1.5069911496720718
2,3,LD21-5253,65.45,190.0,72.29,198.0,B10,10,B10_R2_C3,4,12,6,E12_N06,10/22/2025 2:04:46 PM,6,13,1.625,,295,main,S_to_N,False,1.625,1.625,2025-10-22 14:04:46,3.981443422083552,3,0.3412784398699892,0.15998774766921997,2769,945,0.7534955748360359
2,4,AG34XF6,72.29,190.0,79.13,198.0,B10,10,B10_R2_C4,4,11,6,E11_N06,10/22/2025 1:59:04 PM,6,12,1.045,,284,main,N_to_S,False,1.045,1.045,2025-10-22 13:59:04,3.981443422083552,8,0.2826009289031797,0.03926929086446762,2799,791,2.0093215328960956
3,0,LD17-10473F,44.94,200.0,51.78,208.0,B10,10,B10_R3_C0,4,15,5,E15_N05,10/22/2025 2:46:04 PM,5,16,1.03,,381,main,N_to_S,False,1.03,1.03,2025-10-22 14:46:04,3.981443422083552,4,0.13933547695605572,0.07065717875957489,2799,390,1.0046607664480478
3,1,AG40XFF5,51.77,200.0,58.61,208.0,B10,10,B10_R3_C1,4,14,5,E14_N05,10/22/2025 2:26:43 PM,5,15,1.205,,342,main,S_to_N,False,1.205,1.205,2025-10-22 14:26:43,3.9814434221472115,6,0.21043229724901752,0.09363511204719543,2799,589,1.5069911496479764
3,2,LD21-5253,58.61,200.0,65.45,208.0,B10,10,B10_R3_C2,4,13,5,E13_N05,10/22/2025 2:21:50 PM,5,14,0.705,,333,main,N_to_S,False,0.705,0.705,2025-10-22 14:21:50,3.981443422147211,4,0.25758670520231214,0.1532016098499298,2768,713,1.0046607664319844
3,3,AG35XF5,65.45,200.0,72.29,208.0,B10,10,B10_R3_C3,4,12,5,E12_N05,10/22/2025 2:04:21 PM,5,13,0.825,,294,main,S_to_N,False,0.825,0.825,2025-10-22 14:04:21,3.981443422083552,7,0.21757770632368703,0.12075674533843994,2799,609,1.7581563412840837
3,4,LD21-5944,72.29,200.0,79.13,208.0,B10,10,B10_R3_C4,4,11,5,E11_N05,10/22/2025 1:59:31 PM,5,12,0.595,,285,main,N_to_S,False,0.595,0.595,2025-10-22 13:59:31,3.981443422083552,6,0.25794926759556985,0.0976562350988388,2799,722,1.5069911496720718
4,0,AG38XF6,44.94,210.0,51.78,218.0,B10,10,B10_R4_C0,4,15,4,E15_N04,10/22/2025 2:46:27 PM,4,16,1.57,,382,main,N_to_S,False,1.57,1.57,2025-10-22 14:46:27,3.981443422083552,3,0.17327617006073598,0.10525429248809814,2799,485,0.7534955748360359
4,1,LD21-3090,51.77,210.0,58.61,218.0,B10,10,B10_R4_C1,4,14,4,E14_N04,10/22/2025 2:26:12 PM,4,15,0.615,,341,main,S_to_N,False,0.615,0.615,2025-10-22 14:26:12,3.981443421242533,5,0.30871757925072046,0.14065562188625336,2776,857,1.255825958325334
4,2,AG35XF5,58.61,210.0,65.45,218.0,B10,10,B10_R4_C2,4,13,4,E13_N04,10/22/2025 2:22:15 PM,4,14,0.835,,334,main,N_to_S,False,0.835,0.835,2025-10-22 14:22:15,3.981443422083552,7,0.2465998568360773,0.14875155687332153,2794,689,1.7581563412840837
4,3,LD21-7234,65.45,210.0,72.29,218.0,B10,10,B10_R4_C3,4,12,4,E12_N04,10/22/2025 2:03:56 PM,4,13,0.8,,293,main,S_to_N,False,0.8,0.8,2025-10-22 14:03:56,3.981443422083552,5,0.20471596998928188,0.09754136949777603,2799,573,1.2558259580600597
4,4,AG34XF6,72.29,210.0,79.13,218.0,B10,10,B10_R4_C4,4,11,4,E11_N04,10/22/2025 1:59:58 PM,4,12,0.9,,286,main,N_to_S,False,0.9,0.9,2025-10-22 13:59:58,3.981443422083552,3,0.1433704635285663,0.12159160524606705,2783,399,0.7534955748360359
5,0,LD20-11748,44.94,220.0,51.78,228.0,B10,10,B10_R5_C0,4,15,3,E15_N03,10/22/2025 2:46:52 PM,3,16,1.14,,383,main,N_to_S,False,1.14,1.14,2025-10-22 14:46:52,3.981443422083552,9,0.3059245960502693,0.09414829313755035,2785,852,2.2604867245081075
5,1,AG36XF4,51.77,220.0,58.61,228.0,B10,10,B10_R5_C1,4,14,3,E14_N03,10/22/2025 2:25:47 PM,3,15,1.27,,340,main,S_to_N,False,1.27,1.27,2025-10-22 14:25:47,3.9814434203796445,4,0.2405609492988134,0.1484757959842682,2781,669,1.0046607668780048
5,2,LD17-10473F,58.61,220.0,65.45,228.0,B10,10,B10_R5_C2,4,13,3,E13_N03,10/22/2025 2:22:42 PM,3,14,1.19,,335,main,N_to_S,False,1.19,1.19,2025-10-22 14:22:42,3.9814434203796445,11,0.31362007168458783,0.10530789196491241,2790,875,2.762817108914513
5,3,AG40XFF5,65.45,220.0,72.29,228.0,B10,10,B10_R5_C3,4,12,3,E12_N03,10/22/2025 2:03:30 PM,3,13,0.43,,292,main,S_to_N,False,0.43,0.43,2025-10-22 14:03:30,3.9814434203796445,6,0.35899280575539566,0.12123927474021912,2780,998,1.5069911503170073
5,4,LD07-3395bf,72.29,220.0,79.13,228.0,B10,10,B10_R5_C4,4,11,3,E11_N03,10/22/2025 2:00:18 PM,3,12,0.225,,287,main,N_to_S,False,0.225,0.225,2025-10-22 14:00:18,3.981443421242533,2,0.13871785584932994,0.1332414150238037,2761,383,0.5023303833301336
6,0,AG35XF5,44.94,230.0,51.78,238.0,B10,10,B10_R6_C0,4,15,2,E15_N02,10/22/2025 2:47:15 PM,2,16,0.935,,384,main,N_to_S,False,0.935,0.935,2025-10-22 14:47:15,3.9814434221472115,8,0.20484104046242774,0.12086395919322968,2768,567,2.009321532863969
6,1,LD21-5665,51.77,230.0,58.61,238.0,B10,10,B10_R6_C1,4,14,2,E14_N02,10/22/2025 2:25:21 PM,2,15,1.32,,339,main,S_to_N,False,1.32,1.32,2025-10-22 14:25:21,3.9814434203796445,7,0.34985632183908044,0.12181373685598373,2784,974,1.7581563420365083
6,2,AG34XF6,58.61,230.0,65.45,238.0,B10,10,B10_R6_C2,4,13,2,E13_N02,10/22/2025 2:23:09 PM,2,14,0.685,,336,main,N_to_S,False,0.685,0.685,2025-10-22 14:23:09,3.9814434203796445,8,0.2988505747126437,0.04341296851634979,2784,832,2.0093215337560095
6,3,LD21-5944,65.45,230.0,72.29,238.0,B10,10,B10_R6_C3,4,12,2,E12_N02,10/22/2025 2:03:09 PM,2,13,0.635,,291,main,S_to_N,False,0.635,0.635,2025-10-22 14:03:09,3.981443420443304,5,0.48002904865649965,0.07405022531747818,2754,1322,1.2558259585774265
6,4,AG38XF6,72.29,230.0,79.13,238.0,B10,10,B10_R6_C4,4,11,2,E11_N02,10/22/2025 2:00:43 PM,2,12,0.635,,288,main,N_to_S,False,0.635,0.635,2025-10-22 14:00:43,3.9814434204433042,2,0.41220825852782766,0.11708025634288788,2785,1148,0.5023303834309706
7,0,LD21-5665,44.94,240.0,51.78,248.0,B10,10,B10_R7_C0,4,15,1,E15_N01,10/22/2025 2:47:39 PM,1,16,1.21,,385,main,N_to_S,False,1.21,1.21,2025-10-22 14:47:39,3.981443422083552,4,0.5919540229885057,0.11299018561840057,2784,1648,1.0046607664480478
7,1,AG36XF4,51.77,240.0,58.61,248.0,B10,10,B10_R7_C1,4,14,1,E14_N01,10/22/2025 2:24:58 PM,1,15,0.575,,338,main,S_to_N,False,0.575,0.575,2025-10-22 14:24:58,3.981443422083552,8,0.44795405599425697,0.17180606722831726,2786,1248,2.0093215328960956
7,2,LD21-7234,58.61,240.0,65.45,248.0,B10,10,B10_R7_C2,4,13,1,E13_N01,10/22/2025 2:23:35 PM,1,14,0.685,,337,main,N_to_S,False,0.685,0.685,2025-10-22 14:23:35,3.981443422083552,8,0.4639623324882289,0.05075061321258545,2761,1281,2.0093215328960956
7,3,AG40XFF5,65.45,240.0,72.29,248.0,B10,10,B10_R7_C3,4,12,1,E12_N01,10/22/2025 2:02:39 PM,1,13,0.68,,290,main,S_to_N,False,0.68,0.68,2025-10-22 14:02:39,3.981443421242533,4,0.4057919199141938,0.10554534941911697,2797,1135,1.0046607666602672
7,4,LD20-11748,72.29,240.0,79.13,248.0,B10,10,B10_R7_C4,4,11,1,E11_N01,10/22/2025 2:01:06 PM,1,12,0.77,,289,main,N_to_S,False,0.77,0.77,2025-10-22 14:01:06,3.9814434203796445,7,0.21936405859235442,0.07804840803146362,2799,614,1.7581563420365083
0,0,AG35XF5,80.37,170.0,87.21,178.0,B11,11,B11_R0_C0,1,10,8,E10_N08,10/22/2025 12:11:14 PM,8,11,0.93,,249,main,S_to_N,False,0.93,0.93,2025-10-22 12:11:14,3.981443422147211,11,0.4748020158387329,0.019370388239622116,2778,1319,2.7628171076879573
0,1,LG3216,87.21,170.0,94.05,178.0,B11,11,B11_R0_C1,1,9,8,E09_N08,10/22/2025 11:59:26 AM,8,10,1.085,,234,main,N_to_S,False,1.085,1.085,2025-10-22 11:59:26,3.981443422083552,14,0.41271551724137934,0.027136962860822678,2784,1149,3.5163126825681674
0,2,AG34XF6,94.05,170.0,100.89,178.0,B11,11,B11_R0_C2,1,8,8,E08_N08,10/22/2025 11:42:31 AM,8,9,0.565,,201,main,S_to_N,False,0.565,0.565,2025-10-22 11:42:31,3.981443422083552,15,0.3368155619596542,0.019784007221460342,2776,935,3.7674778741801793
0,3,LG3216,100.89,170.0,107.73,178.0,B11,11,B11_R0_C3,1,7,8,E07_N08,10/22/2025 11:34:27 AM,8,8,0.34,,186,main,N_to_S,False,0.34,0.34,2025-10-22 11:34:27,3.981443422083552,16,0.3992766726943942,0.015571389347314835,2765,1104,4.018643065792191
0,4,AG36XF4,107.72,170.0,114.56,178.0,B11,11,B11_R0_C4,1,6,8,E06_N08,10/22/2025 11:16:37 AM,8,7,1.2,,153,main,S_to_N,False,1.2,1.2,2025-10-22 11:16:37,3.9814434203796445,8,0.22560975609756098,0.03135724365711212,2788,629,2.0093215337560095
1,0,LG3216,80.37,180.0,87.21,188.0,B11,11,B11_R1_C0,1,10,7,E10_N07,10/22/2025 12:10:44 PM,7,11,1.225,,248,main,S_to_N,False,1.225,1.225,2025-10-22 12:10:44,3.981443422083552,8,0.28951149425287354,0.1457490772008896,2784,806,2.0093215328960956
1,1,AG40XFF5,87.21,180.0,94.05,188.0,B11,11,B11_R1_C1,1,9,7,E09_N07,10/22/2025 11:59:50 AM,7,10,0.9,,235,main,N_to_S,False,0.9,0.9,2025-10-22 11:59:50,3.981443422083552,6,0.18893678160919541,0.07801777869462967,2784,526,1.5069911496720718
1,2,LG3216,94.05,180.0,100.89,188.0,B11,11,B11_R1_C2,1,8,7,E08_N07,10/22/2025 11:42:07 AM,7,9,1.08,,200,main,S_to_N,False,1.08,1.08,2025-10-22 11:42:07,3.981443422083552,13,0.35266400869880393,0.011795353144407272,2759,973,3.2651474909561555
1,3,AG29XF5,100.89,180.0,107.73,188.0,B11,11,B11_R1_C3,1,7,7,E07_N07,10/22/2025 11:34:53 AM,7,8,0.495,,187,main,N_to_S,False,0.495,0.495,2025-10-22 11:34:53,3.9814434221472115,5,0.17758682420336555,0.03156403452157974,2793,496,1.2558259580399804
1,4,LG3216,107.72,180.0,114.56,188.0,B11,11,B11_R1_C4,1,6,7,E06_N07,10/22/2025 11:16:10 AM,7,7,1.225,,152,main,S_to_N,False,1.225,1.225,2025-10-22 11:16:10,3.981443422083552,7,0.19685602000714542,0.04658395051956177,2799,551,1.7581563412840837
2,0,AG38XF6,80.37,190.0,87.21,198.0,B11,11,B11_R2_C0,1,10,6,E10_N06,10/22/2025 12:10:16 PM,6,11,1.11,,247,main,S_to_N,False,1.11,1.11,2025-10-22 12:10:16,3.9814434203796445,13,0.35683607730851824,0.04682135209441185,2794,997,3.2651474923535155
2,1,LG3216,87.21,190.0,94.05,198.0,B11,11,B11_R2_C1,1,9,6,E09_N06,10/22/2025 12:00:18 PM,6,10,0.775,,236,main,N_to_S,False,0.775,0.775,2025-10-22 12:00:18,3.981443421242533,2,0.08092485549132948,0.08234529197216034,2768,224,0.5023303833301336
2,2,AG29XF4,94.05,190.0,100.89,198.0,B11,11,B11_R2_C2,1,8,6,E08_N06,10/22/2025 11:41:37 AM,6,9,0.885,,199,main,S_to_N,False,0.885,0.885,2025-10-22 11:41:37,3.981443422083552,6,0.20971775634155054,0.058930788189172745,2799,587,1.5069911496720718
2,3,LG3216,100.89,190.0,107.73,198.0,B11,11,B11_R2_C3,1,7,6,E07_N06,10/22/2025 11:35:16 AM,6,8,0.39,,188,main,N_to_S,False,0.39,0.39,2025-10-22 11:35:16,3.981443422083552,3,0.1879242586638085,0.08290442079305649,2799,526,0.7534955748360359
2,4,AG38XF6,107.72,190.0,114.56,198.0,B11,11,B11_R2_C4,1,6,6,E06_N06,10/22/2025 11:15:44 AM,6,7,1.295,,151,main,S_to_N,False,1.295,1.295,2025-10-22 11:15:44,3.981443422083552,9,0.2745664739884393,0.04286918789148331,2768,760,2.2604867245081075
3,0,LG3216,80.37,200.0,87.21,208.0,B11,11,B11_R3_C0,1,10,5,E10_N05,10/22/2025 12:09:43 PM,5,11,0.13,,246,main,S_to_N,False,0.13,0.13,2025-10-22 12:09:43,3.9814434203796445,10,0.2658959537572254,0.03932293504476547,2768,736,2.511651917195012
3,1,AG29XF4,87.21,200.0,94.05,208.0,B11,11,B11_R3_C1,1,9,5,E09_N05,10/22/2025 12:00:49 PM,5,10,0.795,,237,main,N_to_S,False,0.795,0.795,2025-10-22 12:00:49,3.981443420443304,7,0.1561271882815291,0.08992801606655121,2799,437,1.7581563420083972
3,2,LG3216,94.05,200.0,100.89,208.0,B11,11,B11_R3_C2,1,8,5,E08_N05,10/22/2025 11:40:59 AM,5,9,0.7,,198,main,S_to_N,False,0.7,0.7,2025-10-22 11:40:59,3.9814434204433042,8,0.21579135405501965,0.043206166476011276,2799,604,2.0093215337238823
3,3,AG40XFF5,100.89,200.0,107.73,208.0,B11,11,B11_R3_C3,1,7,5,E07_N05,10/22/2025 11:35:40 AM,5,8,0.54,,189,main,N_to_S,False,0.54,0.54,2025-10-22 11:35:40,3.9814434203796445,8,0.20353025936599423,0.035516224801540375,2776,565,2.0093215337560095
3,4,LG3216,107.72,200.0,114.56,208.0,B11,11,B11_R3_C4,1,6,5,E06_N05,10/22/2025 11:15:16 AM,5,7,1.185,,150,main,S_to_N,False,1.185,1.185,2025-10-22 11:15:16,3.981443422147211,5,0.19040801717967074,0.062308505177497864,2794,532,1.2558259580399806
4,0,AG34XF6,80.37,210.0,87.21,218.0,B11,11,B11_R4_C0,1,10,4,E10_N04,10/22/2025 12:09:22 PM,4,11,0.72,,245,main,S_to_N,False,0.72,0.72,2025-10-22 12:09:22,3.981443421242533,8,0.3185397279885469,0.035309430211782455,2794,890,2.0093215333205343
4,1,LG3216,87.21,210.0,94.05,218.0,B11,11,B11_R4_C1,1,9,4,E09_N04,10/22/2025 12:04:11 PM,4,10,1.39,,238,main,N_to_S,False,1.39,1.39,2025-10-22 12:04:11,3.9814434203796445,4,0.13469096105752054,0.10269607603549957,2799,377,1.0046607668780048
4,2,AG35XF5,94.05,210.0,100.89,218.0,B11,11,B11_R4_C2,1,8,4,E08_N04,10/22/2025 11:40:32 AM,4,9,0.575,,197,main,S_to_N,False,0.575,0.575,2025-10-22 11:40:32,3.9814434203796445,5,0.15691202872531418,0.03933821991086006,2785,437,1.255825958597506
4,3,LG3216,100.89,210.0,107.73,218.0,B11,11,B11_R4_C3,1,7,4,E07_N04,10/22/2025 11:36:03 AM,4,8,0.53,,190,main,N_to_S,False,0.53,0.53,2025-10-22 11:36:03,3.9814434203796445,10,0.38375853395616244,0.007866118103265762,2783,1068,2.511651917195012
4,4,AG29XF5,107.72,210.0,114.56,218.0,B11,11,B11_R4_C4,1,6,4,E06_N04,10/22/2025 11:14:50 AM,4,7,1.17,,149,main,S_to_N,False,1.17,1.17,2025-10-22 11:14:50,3.981443422083552,2,0.13244795405599424,0.07797180116176605,2786,369,0.5023303832240239
5,0,LG3216,80.37,220.0,87.21,228.0,B11,11,B11_R5_C0,1,10,3,E10_N03,10/22/2025 12:08:57 PM,3,11,0.25,,244,main,S_to_N,False,0.25,0.25,2025-10-22 12:08:57,3.981443422083552,6,0.1688125894134478,0.10989583283662796,2796,472,1.5069911496720718
5,1,AG36XF4,87.21,220.0,94.05,228.0,B11,11,B11_R5_C1,1,9,3,E09_N03,10/22/2025 12:04:44 PM,3,10,1.16,,239,main,N_to_S,False,1.16,1.16,2025-10-22 12:04:44,3.981443422083552,3,0.23537854323645496,0.13347883522510529,2787,656,0.7534955748360359
5,2,LG3216,94.05,220.0,100.89,228.0,B11,11,B11_R5_C2,1,8,3,E08_N03,10/22/2025 11:40:06 AM,3,9,0.91,,196,main,S_to_N,False,0.91,0.91,2025-10-22 11:40:06,3.981443422083552,8,0.21208830980817953,0.03900887072086334,2763,586,2.0093215328960956
5,3,AG29XF5,100.89,220.0,107.73,228.0,B11,11,B11_R5_C3,1,7,3,E07_N03,10/22/2025 11:36:27 AM,3,8,0.39,,191,main,N_to_S,False,0.39,0.39,2025-10-22 11:36:27,3.981443421242533,13,0.5341235632183908,0.011557914316654205,2784,1487,3.2651474916458683
5,4,LG3216,107.72,220.0,114.56,228.0,B11,11,B11_R5_C4,1,6,3,E06_N03,10/22/2025 11:14:25 AM,3,7,1.47,,148,main,S_to_N,False,1.47,1.47,2025-10-22 11:14:25,3.981443422083552,6,0.24317528735632185,0.027213551104068756,2784,677,1.5069911496720718
6,0,AG29XF4,80.37,230.0,87.21,238.0,B11,11,B11_R6_C0,1,10,2,E10_N02,10/22/2025 12:08:32 PM,2,11,0.4,,243,main,S_to_N,False,0.4,0.4,2025-10-22 12:08:32,3.981443422083552,10,0.3541666666666667,0.07833945006132126,2784,986,2.5116519161201194
6,1,LG3216,87.21,230.0,94.05,238.0,B11,11,B11_R6_C1,1,9,2,E09_N02,10/22/2025 12:05:19 PM,2,10,0.785,,240,main,N_to_S,False,0.785,0.785,2025-10-22 12:05:19,3.981443422083552,8,0.24909222948438633,0.03151041269302368,2754,686,2.0093215328960956
6,2,AG36XF4,94.05,230.0,100.89,238.0,B11,11,B11_R6_C2,1,8,2,E08_N02,10/22/2025 11:39:38 AM,2,9,0.76,,195,main,S_to_N,False,0.76,0.76,2025-10-22 11:39:38,3.981443422083552,5,0.14260057471264367,0.054434746503829956,2784,397,1.2558259580600597
6,3,LG3216,100.89,230.0,107.73,238.0,B11,11,B11_R6_C3,1,7,2,E07_N02,10/22/2025 11:36:59 AM,2,8,1.055,,192,main,N_to_S,False,1.055,1.055,2025-10-22 11:36:59,3.9814434221472115,10,0.3024425287356322,0.03153339400887489,2784,842,2.511651916079961
6,4,AG40XFF5,107.72,230.0,114.56,238.0,B11,11,B11_R6_C4,1,6,2,E06_N02,10/22/2025 11:13:58 AM,2,7,1.185,,147,main,S_to_N,False,1.185,1.185,2025-10-22 11:13:58,3.981443421242533,10,0.32827187274041936,0.023812774568796158,2766,908,2.511651916650668
7,0,LG3216,80.37,240.0,87.21,248.0,B11,11,B11_R7_C0,1,10,1,E10_N01,10/22/2025 12:08:08 PM,1,11,0.64,,242,main,S_to_N,False,0.64,0.64,2025-10-22 12:08:08,3.981443422083552,9,0.2656987295825771,0.050651028752326965,2755,732,2.2604867245081075
7,1,AG34XF6,87.21,240.0,94.05,248.0,B11,11,B11_R7_C1,1,9,1,E09_N01,10/22/2025 12:06:04 PM,1,10,1.115,,241,main,N_to_S,False,1.115,1.115,2025-10-22 12:06:04,3.981443422083552,9,0.3041920458616983,0.051210176199674606,2791,849,2.2604867245081075
7,2,LG3216,94.05,240.0,100.89,248.0,B11,11,B11_R7_C2,1,8,1,E08_N01,10/22/2025 11:39:09 AM,1,9,0.36,,194,main,S_to_N,False,0.36,0.36,2025-10-22 11:39:09,3.981443422083552,6,0.28898426323319026,0.03129594027996063,2796,808,1.5069911496720718
7,3,AG38XF6,100.89,240.0,107.73,248.0,B11,11,B11_R7_C3,1,7,1,E07_N01,10/22/2025 11:37:52 AM,1,8,0.89,,193,main,N_to_S,False,0.89,0.89,2025-10-22 11:37:52,3.981443422083552,5,0.18513172140021653,0.09388021379709244,2771,513,1.2558259580600597
7,4,LG3216,107.72,240.0,114.56,248.0,B11,11,B11_R7_C4,1,6,1,E06_N01,10/22/2025 11:13:32 AM,1,7,1.09,,146,main,S_to_N,False,1.09,1.09,2025-10-22 11:13:32,3.9814434203796445,5,0.13504823151125403,0.1056143045425415,2799,378,1.255825958597506
0,0,LD11-2170,115.81,170.0,122.65,178.0,B12,12,B12_R0_C0,2,5,8,E05_N08,10/22/2025 11:08:33 AM,8,6,0.56,,138,main,N_to_S,False,0.56,0.56,2025-10-22 11:08:33,3.9814434204433042,6,0.2903458213256484,0.035286445170640945,2776,806,1.5069911502929116
0,1,AG29XF5,122.65,170.0,129.49,178.0,B12,12,B12_R0_C1,2,4,8,E04_N08,10/22/2025 10:51:52 AM,8,5,0.885,,105,main,S_to_N,False,0.885,0.885,2025-10-22 10:51:52,3.9814434203796445,5,0.22278481012658227,0.07830117642879486,2765,616,1.255825958597506
0,2,LD21-5253,129.49,170.0,136.33,178.0,B12,12,B12_R0_C2,2,3,8,E03_N08,10/22/2025 10:43:14 AM,8,4,0.57,,90,main,N_to_S,False,0.57,0.57,2025-10-22 10:43:14,3.981443421242533,6,0.30064655172413796,0.10252758860588074,2784,837,1.5069911499904007
0,3,AG29XF4,136.32,170.0,143.16,178.0,B12,12,B12_R0_C3,2,2,8,E02_N08,10/22/2025 10:24:37 AM,8,3,1.51,,57,main,S_to_N,False,1.51,1.51,2025-10-22 10:24:37,3.981443422147211,5,0.08324363114459993,0.08967523276805878,2787,232,1.2558259580399806
0,4,LD20-5413,143.16,170.0,150.0,178.0,B12,12,B12_R0_C4,2,1,8,E01_N08,10/22/2025 10:14:01 AM,8,2,1.205,,42,main,N_to_S,False,1.205,1.205,2025-10-22 10:14:01,3.981443422083552,5,0.15593342981186686,0.10904566943645477,2764,431,1.2558259580600597
1,0,AG29XF5,115.81,180.0,122.65,188.0,B12,12,B12_R1_C0,2,5,7,E05_N07,10/22/2025 11:08:58 AM,7,6,0.405,,139,main,N_to_S,False,0.405,0.405,2025-10-22 11:08:58,3.9814434203796445,8,0.10849056603773585,0.031089145690202713,2756,299,2.0093215337560095
1,1,LD21-7234,122.65,180.0,129.49,188.0,B12,12,B12_R1_C1,2,4,7,E04_N07,10/22/2025 10:51:24 AM,7,5,0.565,,104,main,S_to_N,False,0.565,0.565,2025-10-22 10:51:24,3.9814434203796445,2,0.13957660566917832,0.07418811321258545,2787,389,0.5023303834390024
1,2,AG29XF4,129.49,180.0,136.33,188.0,B12,12,B12_R1_C2,2,3,7,E03_N07,10/22/2025 10:43:42 AM,7,4,0.975,,91,main,N_to_S,False,0.975,0.975,2025-10-22 10:43:42,3.9814434203796445,6,0.18911174785100288,0.023805178701877594,2792,528,1.5069911503170073
1,3,LD20-4988,136.32,180.0,143.16,188.0,B12,12,B12_R1_C3,2,2,7,E02_N07,10/22/2025 10:24:01 AM,7,3,0.625,,56,main,S_to_N,False,0.625,0.625,2025-10-22 10:24:01,3.981443422083552,5,0.085621387283237,0.04291512817144394,2768,237,1.2558259580600597
1,4,AG29XF4,143.16,180.0,150.0,188.0,B12,12,B12_R1_C4,2,1,7,E01_N07,10/22/2025 10:14:40 AM,7,2,1.185,,43,main,N_to_S,False,1.185,1.185,2025-10-22 10:14:40,3.981443422083552,6,0.20435869953554842,0.011557888239622116,2799,572,1.5069911496720718
2,0,LD20-5738,115.81,190.0,122.65,198.0,B12,12,B12_R2_C0,2,5,6,E05_N06,10/22/2025 11:09:22 AM,6,6,0.215,,140,main,N_to_S,False,0.215,0.215,2025-10-22 11:09:22,3.981443422083552,5,0.1390278770550393,0.027113966643810272,2798,389,1.2558259580600597
2,1,AG29XF5,122.65,190.0,129.49,198.0,B12,12,B12_R2_C1,2,4,6,E04_N06,10/22/2025 10:50:59 AM,6,5,0.91,,103,main,S_to_N,False,0.91,0.91,2025-10-22 10:50:59,3.981443421242533,3,0.12075741336191496,0.035585179924964905,2799,338,0.7534955749952004
2,2,LD20-4542,129.49,190.0,136.33,198.0,B12,12,B12_R2_C2,2,3,6,E03_N06,10/22/2025 10:44:11 AM,6,4,0.845,,92,main,N_to_S,False,0.845,0.845,2025-10-22 10:44:11,3.9814434203796445,9,0.20989884393063585,0.023812808096408844,2768,581,2.2604867254755105
2,3,AG29XF5,136.32,190.0,143.16,198.0,B12,12,B12_R2_C3,2,2,6,E02_N06,10/22/2025 10:23:33 AM,6,3,0.815,,55,main,S_to_N,False,0.815,0.815,2025-10-22 10:23:33,3.981443422083552,8,0.263308324401572,0.023537088185548782,2799,737,2.0093215328960956
2,4,LD22-4283,143.16,190.0,150.0,198.0,B12,12,B12_R2_C4,2,1,6,E01_N06,10/22/2025 10:15:20 AM,6,2,0.99,,44,main,N_to_S,False,0.99,0.99,2025-10-22 10:15:20,3.981443422083552,6,0.14612361557699177,0.03939950466156006,2799,409,1.5069911496720718
3,0,AG29XF4,115.81,200.0,122.65,208.0,B12,12,B12_R3_C0,2,5,5,E05_N05,10/22/2025 11:09:53 AM,5,6,0.95,,141,main,N_to_S,False,0.95,0.95,2025-10-22 11:09:53,3.981443422083552,11,0.16720257234726688,0.047273289412260056,2799,468,2.7628171077321317
3,1,LD20-4471,122.65,200.0,129.49,208.0,B12,12,B12_R3_C1,2,4,5,E04_N05,10/22/2025 10:50:27 AM,5,5,0.96,,102,main,S_to_N,False,0.96,0.96,2025-10-22 10:50:27,3.9814434221472115,4,0.23811239193083575,0.10993413627147675,2776,661,1.0046607664319844
3,2,AG29XF5,129.49,200.0,136.33,208.0,B12,12,B12_R3_C2,2,3,5,E03_N05,10/22/2025 10:44:40 AM,5,4,1.305,,93,main,N_to_S,False,1.305,1.305,2025-10-22 10:44:40,3.981443422147211,9,0.25053686471009307,0.03926929831504822,2794,700,2.260486724471965
3,3,LD20-4542,136.32,200.0,143.16,208.0,B12,12,B12_R3_C3,2,2,5,E02_N05,10/22/2025 10:23:05 AM,5,3,0.54,,54,main,S_to_N,False,0.54,0.54,2025-10-22 10:23:05,3.9814434221472115,2,0.052161486245087534,0.08182445168495178,2799,146,0.5023303832159922
3,4,AG29XF4,143.16,200.0,150.0,208.0,B12,12,B12_R3_C4,2,1,5,E01_N05,10/22/2025 10:16:56 AM,5,2,1.21,,45,main,N_to_S,False,1.21,1.21,2025-10-22 10:16:56,3.981443422147211,8,0.19360632183908047,0.03927693888545036,2784,539,2.009321532863969
4,0,LD22-4283,115.81,210.0,122.65,218.0,B12,12,B12_R4_C0,2,5,4,E05_N04,10/22/2025 11:10:25 AM,4,6,0.46,,142,main,N_to_S,False,0.46,0.46,2025-10-22 11:10:25,3.981443422083552,3,0.07935368043087972,0.05848652869462967,2785,221,0.7534955748360359
4,1,AG29XF5,122.65,210.0,129.49,218.0,B12,12,B12_R4_C1,2,4,4,E04_N04,10/22/2025 10:49:56 AM,4,5,0.93,,101,main,S_to_N,False,0.93,0.93,2025-10-22 10:49:56,3.981443422083552,7,0.1741472172351885,0.023606009781360626,2785,485,1.7581563412840837
4,2,LD20-4988,129.49,210.0,136.33,218.0,B12,12,B12_R4_C2,2,3,4,E03_N04,10/22/2025 10:45:10 AM,4,4,1.095,,94,main,N_to_S,False,1.095,1.095,2025-10-22 10:45:10,3.981443422083552,11,0.23865666309396213,0.0272211991250515,2799,668,2.7628171077321317
4,3,AG29XF4,136.32,210.0,143.16,218.0,B12,12,B12_R4_C3,2,2,4,E02_N04,10/22/2025 10:22:36 AM,4,3,0.7,,53,main,S_to_N,False,0.7,0.7,2025-10-22 10:22:36,3.9814434203796445,8,0.14737598849748382,0.03938419371843338,2782,410,2.0093215337560095
4,4,LD20-4471,143.16,210.0,150.0,218.0,B12,12,B12_R4_C4,2,1,4,E01_N04,10/22/2025 10:17:30 AM,4,2,0.775,,46,main,N_to_S,False,0.775,0.775,2025-10-22 10:17:30,3.981443421242533,9,0.1593625498007968,0.020021475851535797,2761,440,2.260486724985601
5,0,AG29XF4,115.81,220.0,122.65,228.0,B12,12,B12_R5_C0,2,5,3,E05_N03,10/22/2025 11:10:49 AM,3,6,0.59,,143,main,N_to_S,False,0.59,0.59,2025-10-22 11:10:49,3.981443422083552,5,0.1773203322499097,0.02389705553650856,2769,491,1.2558259580600597
5,1,LD20-5413,122.65,220.0,129.49,228.0,B12,12,B12_R5_C1,2,4,3,E04_N03,10/22/2025 10:49:27 AM,3,5,0.45,,100,main,S_to_N,False,0.45,0.45,2025-10-22 10:49:27,3.981443422083552,2,0.06458557588805167,0.058915432542562485,2787,180,0.5023303832240239
5,2,AG29XF5,129.49,220.0,136.33,228.0,B12,12,B12_R5_C2,2,3,3,E03_N03,10/22/2025 10:45:43 AM,3,4,1.15,,95,main,N_to_S,False,1.15,1.15,2025-10-22 10:45:43,3.981443422083552,8,0.2252155172413793,0.015923727303743362,2784,627,2.0093215328960956
5,3,LD21-7234,136.32,220.0,143.16,228.0,B12,12,B12_R5_C3,2,2,3,E02_N03,10/22/2025 10:22:05 AM,3,3,0.4,,52,main,S_to_N,False,0.4,0.4,2025-10-22 10:22:05,3.9814434203796445,14,0.3638344226579521,0.012117043137550354,2754,1002,3.5163126840730166
5,4,AG29XF4,143.16,220.0,150.0,228.0,B12,12,B12_R5_C4,2,1,3,E01_N03,10/22/2025 10:18:11 AM,3,2,0.845,,47,main,N_to_S,False,0.845,0.845,2025-10-22 10:18:11,3.9814434203796445,4,0.09482758620689655,0.06341910362243652,2784,264,1.0046607668780048
6,0,LD20-5738,115.81,230.0,122.65,238.0,B12,12,B12_R6_C0,2,5,2,E05_N02,10/22/2025 11:11:11 AM,2,6,0.355,,144,main,N_to_S,False,0.355,0.355,2025-10-22 11:11:11,3.981443422083552,4,0.1221264367816092,0.05441940948367119,2784,340,1.0046607664480478
6,1,AG29XF5,122.65,230.0,129.49,238.0,B12,12,B12_R6_C1,2,4,2,E04_N02,10/22/2025 10:48:54 AM,2,5,0.535,,99,main,S_to_N,False,0.535,0.535,2025-10-22 10:48:54,3.981443422083552,7,0.2180316091954023,0.054725803434848785,2784,607,1.7581563412840837
6,2,LD21-5253,129.49,230.0,136.33,238.0,B12,12,B12_R6_C2,2,3,2,E03_N02,10/22/2025 10:46:12 AM,2,4,1.01,,96,main,N_to_S,False,1.01,1.01,2025-10-22 10:46:12,3.981443422083552,10,0.24074074074074073,0.031242340803146362,2754,663,2.5116519161201194
6,3,AG29XF5,136.32,230.0,143.16,238.0,B12,12,B12_R6_C3,2,2,2,E02_N02,10/22/2025 10:21:37 AM,2,3,0.745,,51,main,S_to_N,False,0.745,0.745,2025-10-22 10:21:37,3.981443421242533,8,0.4241773962804006,0.02738969773054123,2796,1186,2.0093215333205343
6,4,LD11-2170,143.16,230.0,150.0,238.0,B12,12,B12_R6_C4,2,1,2,E01_N02,10/22/2025 10:18:54 AM,2,2,0.875,,48,main,N_to_S,False,0.875,0.875,2025-10-22 10:18:54,3.9814434203796445,8,0.19185423365487675,0.051294416189193726,2799,537,2.0093215337560095
7,0,AG29XF4,115.81,240.0,122.65,248.0,B12,12,B12_R7_C0,2,5,1,E05_N01,10/22/2025 11:11:56 AM,1,6,1.08,,145,main,N_to_S,False,1.08,1.08,2025-10-22 11:11:56,3.981443422083552,3,0.1064516129032258,0.07447151839733124,2790,297,0.7534955748360359
7,1,LD20-4542,122.65,240.0,129.49,248.0,B12,12,B12_R7_C1,2,4,1,E04_N01,10/22/2025 10:48:26 AM,1,5,0.435,,98,main,S_to_N,False,0.435,0.435,2025-10-22 10:48:26,3.981443422083552,6,0.19443440549331406,0.027688421308994293,2767,538,1.5069911496720718
7,2,AG29XF4,129.49,240.0,136.33,248.0,B12,12,B12_R7_C2,2,3,1,E03_N01,10/22/2025 10:46:40 AM,1,4,1.27,,97,main,N_to_S,False,1.27,1.27,2025-10-22 10:46:40,3.981443422083552,12,0.22901036084315826,0.027910567820072174,2799,641,3.0139822993441436
7,3,LD20-4471,136.32,240.0,143.16,248.0,B12,12,B12_R7_C3,2,2,1,E02_N01,10/22/2025 10:20:58 AM,1,3,0.115,,50,main,S_to_N,False,0.115,0.115,2025-10-22 10:20:58,3.981443422083552,8,0.13147552697391926,0.035424359142780304,2799,368,2.0093215328960956
7,4,AG29XF5,143.16,240.0,150.0,248.0,B12,12,B12_R7_C4,2,1,1,E01_N01,10/22/2025 10:19:36 AM,1,2,1.775,,49,main,N_to_S,False,1.775,1.775,2025-10-22 10:19:36,3.981443422083552,1,0.16762589928057553,0.10999539494514465,2780,466,0.25116519161201195
